v2_frame,v3_frame,deleted
0,0,False
1,1,False
2,2,False
3,3,False
4,4,False
5,5,False
6,6,False
7,7,False
8,8,False
9,9,False
10,10,False
11,11,False
12,12,False
13,13,False
14,14,False
15,15,False
16,16,False
17,17,False
18,18,False
19,19,False
20,20,False
21,21,False
22,22,False
23,23,False
24,24,False
25,25,False
26,26,False
27,27,False
28,28,False
29,29,False
30,30,False
31,31,False
32,32,False
33,33,False
34,34,False
35,35,False
36,36,False
37,37,False
38,38,False
39,39,False
40,40,False
41,41,False
42,42,False
43,43,False
44,44,False
45,45,False
46,46,False
47,47,False
48,48,False
49,49,False
50,50,False
51,51,False
52,52,False
53,53,False
54,54,False
55,55,False
56,56,False
57,57,False
58,58,False
59,59,False
60,60,False
61,61,False
62,62,False
63,63,False
64,64,False
65,65,False
66,66,False
67,67,False
68,68,False
69,69,False
70,,True
71,,True
72,,True
73,,True
74,,True
75,,True
76,,True
77,,True
78,,True
79,,True
80,,True
81,,True
82,,True
83,,True
84,,True
85,,True
86,,True
87,,True
88,,True
89,,True
90,,True
91,,True
92,,True
93,,True
94,,True
95,,True
96,,True
97,,True
98,,True
99,,True
100,,True
101,,True
102,,True
103,,True
104,,True
105,,True
106,,True
107,70,False
108,71,False
109,72,False
110,73,False
111,74,False
112,75,False
113,76,False
114,77,False
115,78,False
116,79,False
117,80,False
118,81,False
119,82,False
120,83,False
121,84,False
122,85,False
123,86,False
124,87,False
125,88,False
126,89,False
127,90,False
128,91,False
129,92,False
130,93,False
131,94,False
132,95,False
133,96,False
134,97,False
135,98,False
136,99,False
137,100,False
138,101,False
139,102,False
140,103,False
141,104,False
142,105,False
143,106,False
144,107,False
145,,True
146,,True
147,,True
148,,True
149,,True
150,,True
151,,True
152,,True
153,,True
154,,True
155,,True
156,,True
157,,True
158,,True
159,,True
160,,True
161,,True
162,,True
163,,True
164,,True
165,,True
166,,True
167,,True
168,,True
169,,True
170,,True
171,,True
172,,True
173,,True
174,,True
175,,True
176,,True
177,,True
178,,True
179,,True
180,108,False
181,109,False
182,110,False
183,111,False
184,112,False
185,113,False
186,114,False
187,115,False
188,116,False
189,117,False
190,118,False
191,119,False
192,120,False
193,121,False
194,122,False
195,123,False
196,124,False
197,125,False
198,126,False
199,127,False
200,128,False
201,129,False
202,130,False
203,131,False
204,132,False
205,133,False
206,134,False
207,135,False
208,136,False
209,137,False
210,138,False
211,139,False
212,140,False
213,141,False
214,142,False
215,143,False
216,144,False
217,145,False
218,146,False
219,147,False
220,148,False
221,149,False
222,150,False
223,151,False
224,152,False
225,153,False
226,154,False
227,155,False
228,156,False
229,157,False
230,158,False
231,159,False
232,160,False
233,161,False
234,162,False
235,163,False
236,164,False
237,165,False
238,166,False
239,167,False
240,168,False
241,169,False
242,170,False
243,171,False
244,172,False
245,173,False
246,174,False
247,175,False
248,176,False
249,177,False
250,178,False
251,179,False
252,180,False
253,181,False
254,182,False
255,183,False
256,184,False
257,185,False
258,186,False
259,187,False
260,188,False
261,189,False
262,190,False
263,191,False
264,192,False
265,193,False
266,194,False
267,195,False
268,196,False
269,197,False
270,198,False
271,199,False
272,200,False
273,201,False
274,202,False
275,203,False
276,204,False
277,205,False
278,206,False
279,207,False
280,208,False
281,209,False
282,210,False
283,211,False
284,212,False
285,213,False
286,214,False
287,215,False
288,216,False
289,217,False
290,218,False
291,219,False
292,220,False
293,221,False
294,222,False
295,223,False
296,224,False
297,225,False
298,226,False
299,227,False
300,228,False
301,229,False
302,230,False
303,231,False
304,232,False
305,233,False
306,234,False
307,235,False
308,236,False
309,237,False
310,238,False
311,239,False
312,240,False
313,241,False
314,242,False
315,243,False
316,244,False
317,245,False
318,246,False
319,247,False
320,248,False
321,249,False
322,250,False
323,251,False
324,252,False
325,253,False
326,254,False
327,255,False
328,256,False
329,257,False
330,258,False
331,259,False
332,260,False
333,261,False
334,262,False
335,263,False
336,264,False
337,265,False
338,266,False
339,267,False
340,268,False
341,269,False
342,270,False
343,271,False
344,272,False
345,273,False
346,274,False
347,275,False
348,276,False
349,277,False
350,278,False
351,279,False
352,280,False
353,281,False
354,282,False
355,283,False
356,284,False
357,285,False
358,286,False
359,287,False
360,288,False
361,289,False
362,290,False
363,291,False
364,292,False
365,293,False
366,294,False
367,295,False
368,296,False
369,297,False
370,298,False
371,299,False
372,300,False
373,301,False
374,302,False
375,303,False
376,304,False
377,305,False
378,306,False
379,307,False
380,308,False
381,309,False
382,310,False
383,311,False
384,312,False
385,313,False
386,314,False
387,315,False
388,316,False
389,317,False
390,318,False
391,319,False
392,320,False
393,321,False
394,322,False
395,323,False
396,324,False
397,325,False
398,326,False
399,327,False
400,328,False
401,329,False
402,330,False
403,331,False
404,332,False
405,333,False
406,334,False
407,335,False
408,336,False
409,337,False
410,338,False
411,339,False
412,340,False
413,341,False
414,342,False
415,343,False
416,344,False
417,345,False
418,346,False
419,347,False
420,348,False
421,349,False
422,350,False
423,351,False
424,352,False
425,353,False
426,354,False
427,355,False
428,356,False
429,357,False
430,358,False
431,359,False
432,360,False
433,361,False
434,362,False
435,363,False
436,364,False
437,365,False
438,366,False
439,367,False
440,368,False
441,369,False
442,370,False
443,371,False
444,372,False
445,373,False
446,374,False
447,375,False
448,376,False
449,377,False
450,378,False
451,379,False
452,380,False
453,381,False
454,382,False
455,383,False
456,384,False
457,385,False
458,386,False
459,387,False
460,388,False
461,389,False
462,390,False
463,391,False
464,392,False
465,393,False
466,394,False
467,395,False
468,396,False
469,397,False
470,398,False
471,399,False
472,400,False
473,401,False
474,402,False
475,403,False
476,404,False
477,405,False
478,406,False
479,407,False
480,408,False
481,409,False
482,410,False
483,411,False
484,412,False
485,413,False
486,414,False
487,415,False
488,416,False
489,417,False
490,418,False
491,419,False
492,420,False
493,421,False
494,422,False
495,423,False
496,424,False
497,425,False
498,426,False
499,427,False
500,428,False
501,429,False
502,430,False
503,431,False
504,432,False
505,433,False
506,434,False
507,435,False
508,436,False
509,437,False
510,438,False
511,439,False
512,440,False
513,441,False
514,442,False
515,443,False
516,444,False
517,445,False
518,446,False
519,447,False
520,448,False
521,449,False
522,450,False
523,451,False
524,452,False
525,453,False
526,454,False
527,455,False
528,456,False
529,457,False
530,458,False
531,459,False
532,460,False
533,461,False
534,462,False
535,463,False
536,464,False
537,465,False
538,466,False
539,467,False
540,468,False
541,469,False
542,470,False
543,471,False
544,472,False
545,473,False
546,474,False
547,475,False
548,476,False
549,477,False
550,478,False
551,479,False
552,480,False
553,481,False
554,482,False
555,483,False
556,484,False
557,485,False
558,486,False
559,487,False
560,488,False
561,489,False
562,490,False
563,491,False
564,492,False
565,493,False
566,494,False
567,495,False
568,496,False
569,497,False
570,498,False
571,499,False
572,500,False
573,501,False
574,502,False
575,503,False
576,504,False
577,505,False
578,506,False
579,507,False
580,508,False
581,509,False
582,510,False
583,511,False
584,512,False
585,513,False
586,514,False
587,515,False
588,516,False
589,517,False
590,518,False
591,519,False
592,520,False
593,521,False
594,522,False
595,523,False
596,524,False
597,525,False
598,526,False
599,527,False
600,528,False
601,529,False
602,530,False
603,531,False
604,532,False
605,533,False
606,534,False
607,535,False
608,536,False
609,537,False
610,538,False
611,539,False
612,540,False
613,541,False
614,542,False
615,543,False
616,544,False
617,545,False
618,546,False
619,547,False
620,548,False
621,549,False
622,550,False
623,551,False
624,552,False
625,553,False
626,554,False
627,555,False
628,556,False
629,557,False
630,,True
631,,True
632,,True
633,,True
634,,True
635,,True
636,,True
637,,True
638,,True
639,,True
640,,True
641,,True
642,,True
643,,True
644,,True
645,,True
646,,True
647,,True
648,,True
649,,True
650,,True
651,,True
652,,True
653,,True
654,,True
655,,True
656,,True
657,,True
658,,True
659,,True
660,,True
661,,True
662,,True
663,,True
664,,True
665,,True
666,,True
667,558,False
668,559,False
669,560,False
670,561,False
671,562,False
672,563,False
673,564,False
674,565,False
675,566,False
676,567,False
677,568,False
678,569,False
679,570,False
680,571,False
681,572,False
682,573,False
683,574,False
684,575,False
685,576,False
686,577,False
687,578,False
688,579,False
689,580,False
690,581,False
691,582,False
692,583,False
693,584,False
694,585,False
695,586,False
696,587,False
697,588,False
698,589,False
699,590,False
700,591,False
701,592,False
702,593,False
703,594,False
704,595,False
705,596,False
706,597,False
707,598,False
708,599,False
709,600,False
710,601,False
711,602,False
712,603,False
713,604,False
714,605,False
715,606,False
716,607,False
717,608,False
718,609,False
719,610,False
720,611,False
721,612,False
722,613,False
723,614,False
724,615,False
725,616,False
726,617,False
727,618,False
728,619,False
729,620,False
730,621,False
731,622,False
732,623,False
733,624,False
734,625,False
735,626,False
736,627,False
737,628,False
738,629,False
739,630,False
740,631,False
741,632,False
742,633,False
743,634,False
744,635,False
745,636,False
746,637,False
747,638,False
748,639,False
749,640,False
750,641,False
751,642,False
752,643,False
753,644,False
754,645,False
755,646,False
756,647,False
757,648,False
758,649,False
759,650,False
760,651,False
761,652,False
762,653,False
763,654,False
764,655,False
765,656,False
766,657,False
767,658,False
768,659,False
769,660,False
770,661,False
771,662,False
772,663,False
773,664,False
774,665,False
775,666,False
776,667,False
777,668,False
778,669,False
779,670,False
780,671,False
781,672,False
782,673,False
783,674,False
784,675,False
785,676,False
786,677,False
787,678,False
788,679,False
789,680,False
790,681,False
791,682,False
792,683,False
793,684,False
794,685,False
795,686,False
796,687,False
797,688,False
798,689,False
799,690,False
800,691,False
801,692,False
802,693,False
803,694,False
804,695,False
805,696,False
806,697,False
807,698,False
808,699,False
809,700,False
810,701,False
811,702,False
812,703,False
813,704,False
814,705,False
815,706,False
816,707,False
817,708,False
818,709,False
819,710,False
820,711,False
821,712,False
822,713,False
823,714,False
824,715,False
825,716,False
826,717,False
827,718,False
828,719,False
829,720,False
830,721,False
831,722,False
832,723,False
833,724,False
834,725,False
835,726,False
836,727,False
837,728,False
838,729,False
839,730,False
840,731,False
841,732,False
842,733,False
843,734,False
844,735,False
845,736,False
846,737,False
847,738,False
848,739,False
849,740,False
850,741,False
851,742,False
852,743,False
853,744,False
854,745,False
855,746,False
856,747,False
857,748,False
858,749,False
859,750,False
860,751,False
861,752,False
862,753,False
863,754,False
864,755,False
865,756,False
866,757,False
867,758,False
868,759,False
869,760,False
870,761,False
871,762,False
872,763,False
873,764,False
874,765,False
875,766,False
876,767,False
877,768,False
878,769,False
879,770,False
880,771,False
881,772,False
882,773,False
883,774,False
884,775,False
885,776,False
886,777,False
887,778,False
888,779,False
889,780,False
890,781,False
891,782,False
892,783,False
893,784,False
894,785,False
895,786,False
896,787,False
897,788,False
898,789,False
899,790,False
900,791,False
901,792,False
902,793,False
903,794,False
904,795,False
905,796,False
906,797,False
907,798,False
908,799,False
909,800,False
910,801,False
911,802,False
912,803,False
913,804,False
914,805,False
915,806,False
916,807,False
917,808,False
918,809,False
919,810,False
920,811,False
921,812,False
922,813,False
923,814,False
924,815,False
925,816,False
926,817,False
927,818,False
928,819,False
929,820,False
930,821,False
931,822,False
932,823,False
933,824,False
934,825,False
935,826,False
936,827,False
937,828,False
938,829,False
939,830,False
940,831,False
941,832,False
942,833,False
943,834,False
944,835,False
945,836,False
946,837,False
947,838,False
948,839,False
949,840,False
950,841,False
951,842,False
952,843,False
953,844,False
954,845,False
955,846,False
956,847,False
957,848,False
958,849,False
959,850,False
960,851,False
961,852,False
962,853,False
963,854,False
964,855,False
965,856,False
966,857,False
967,858,False
968,859,False
969,860,False
970,861,False
971,862,False
972,863,False
973,864,False
974,865,False
975,866,False
976,867,False
977,868,False
978,869,False
979,870,False
980,871,False
981,872,False
982,873,False
983,874,False
984,875,False
985,876,False
986,877,False
987,878,False
988,879,False
989,880,False
990,881,False
991,882,False
992,883,False
993,884,False
994,885,False
995,886,False
996,887,False
997,888,False
998,889,False
999,890,False
1000,891,False
1001,892,False
1002,893,False
1003,894,False
1004,895,False
1005,896,False
1006,897,False
1007,898,False
1008,899,False
1009,900,False
1010,901,False
1011,902,False
1012,903,False
1013,904,False
1014,905,False
1015,906,False
1016,907,False
1017,908,False
1018,909,False
1019,910,False
1020,,True
1021,,True
1022,,True
1023,,True
1024,,True
1025,,True
1026,,True
1027,,True
1028,,True
1029,,True
1030,,True
1031,,True
1032,,True
1033,,True
1034,,True
1035,,True
1036,,True
1037,,True
1038,,True
1039,,True
1040,,True
1041,,True
1042,,True
1043,,True
1044,,True
1045,,True
1046,,True
1047,,True
1048,,True
1049,,True
1050,,True
1051,,True
1052,,True
1053,,True
1054,,True
1055,,True
1056,911,False
1057,912,False
1058,913,False
1059,914,False
1060,915,False
1061,916,False
1062,917,False
1063,918,False
1064,919,False
1065,920,False
1066,921,False
1067,922,False
1068,923,False
1069,924,False
1070,925,False
1071,926,False
1072,927,False
1073,928,False
1074,929,False
1075,930,False
1076,931,False
1077,932,False
1078,933,False
1079,934,False
1080,935,False
1081,936,False
1082,937,False
1083,938,False
1084,939,False
1085,940,False
1086,941,False
1087,942,False
1088,943,False
1089,944,False
1090,945,False
1091,946,False
1092,947,False
1093,948,False
1094,949,False
1095,950,False
1096,951,False
1097,952,False
1098,953,False
1099,954,False
1100,955,False
1101,956,False
1102,957,False
1103,958,False
1104,959,False
1105,960,False
1106,961,False
1107,962,False
1108,963,False
1109,964,False
1110,965,False
1111,966,False
1112,967,False
1113,968,False
1114,969,False
1115,970,False
1116,971,False
1117,972,False
1118,973,False
1119,974,False
1120,975,False
1121,976,False
1122,977,False
1123,978,False
1124,979,False
1125,980,False
1126,981,False
1127,982,False
1128,983,False
1129,984,False
1130,985,False
1131,986,False
1132,987,False
1133,988,False
1134,989,False
1135,990,False
1136,991,False
1137,992,False
1138,993,False
1139,994,False
1140,995,False
1141,996,False
1142,997,False
1143,998,False
1144,999,False
1145,1000,False
1146,1001,False
1147,1002,False
1148,1003,False
1149,1004,False
1150,1005,False
1151,1006,False
1152,1007,False
1153,1008,False
1154,1009,False
1155,1010,False
1156,1011,False
1157,1012,False
1158,1013,False
1159,1014,False
1160,1015,False
1161,1016,False
1162,1017,False
1163,1018,False
1164,1019,False
1165,1020,False
1166,1021,False
1167,1022,False
1168,1023,False
1169,1024,False
1170,1025,False
1171,1026,False
1172,1027,False
1173,1028,False
1174,1029,False
1175,1030,False
1176,1031,False
1177,1032,False
1178,1033,False
1179,1034,False
1180,1035,False
1181,1036,False
1182,1037,False
1183,1038,False
1184,1039,False
1185,1040,False
1186,1041,False
1187,1042,False
1188,1043,False
1189,1044,False
1190,1045,False
1191,1046,False
1192,1047,False
1193,1048,False
1194,1049,False
1195,1050,False
1196,1051,False
1197,1052,False
1198,1053,False
1199,1054,False
1200,1055,False
1201,1056,False
1202,1057,False
1203,1058,False
1204,1059,False
1205,1060,False
1206,1061,False
1207,1062,False
1208,1063,False
1209,1064,False
1210,1065,False
1211,1066,False
1212,1067,False
1213,1068,False
1214,1069,False
1215,1070,False
1216,1071,False
1217,1072,False
1218,1073,False
1219,1074,False
1220,1075,False
1221,1076,False
1222,1077,False
1223,1078,False
1224,1079,False
1225,1080,False
1226,1081,False
1227,1082,False
1228,1083,False
1229,1084,False
1230,1085,False
1231,1086,False
1232,1087,False
1233,1088,False
1234,1089,False
1235,1090,False
1236,1091,False
1237,1092,False
1238,1093,False
1239,1094,False
1240,1095,False
1241,1096,False
1242,1097,False
1243,1098,False
1244,1099,False
1245,1100,False
1246,1101,False
1247,1102,False
1248,1103,False
1249,1104,False
1250,,True
1251,,True
1252,,True
1253,,True
1254,,True
1255,,True
1256,,True
1257,,True
1258,,True
1259,,True
1260,,True
1261,,True
1262,,True
1263,,True
1264,,True
1265,,True
1266,,True
1267,,True
1268,,True
1269,,True
1270,,True
1271,,True
1272,,True
1273,,True
1274,,True
1275,,True
1276,,True
1277,,True
1278,,True
1279,,True
1280,,True
1281,,True
1282,,True
1283,,True
1284,,True
1285,,True
1286,,True
1287,,True
1288,,True
1289,,True
1290,,True
1291,,True
1292,,True
1293,,True
1294,,True
1295,1105,False
1296,1106,False
1297,1107,False
1298,1108,False
1299,1109,False
1300,1110,False
1301,1111,False
1302,1112,False
1303,1113,False
1304,1114,False
1305,1115,False
1306,1116,False
1307,1117,False
1308,1118,False
1309,1119,False
1310,1120,False
1311,1121,False
1312,1122,False
1313,1123,False
1314,1124,False
1315,1125,False
1316,1126,False
1317,1127,False
1318,1128,False
1319,1129,False
1320,1130,False
1321,1131,False
1322,1132,False
1323,1133,False
1324,1134,False
1325,1135,False
1326,1136,False
1327,1137,False
1328,1138,False
1329,1139,False
1330,1140,False
1331,1141,False
1332,1142,False
1333,1143,False
1334,1144,False
1335,1145,False
1336,1146,False
1337,1147,False
1338,1148,False
1339,1149,False
1340,1150,False
1341,1151,False
1342,1152,False
1343,1153,False
1344,1154,False
1345,1155,False
1346,1156,False
1347,1157,False
1348,1158,False
1349,1159,False
1350,1160,False
1351,1161,False
1352,1162,False
1353,1163,False
1354,1164,False
1355,1165,False
1356,1166,False
1357,1167,False
1358,1168,False
1359,1169,False
1360,1170,False
1361,1171,False
1362,1172,False
1363,1173,False
1364,1174,False
1365,1175,False
1366,1176,False
1367,1177,False
1368,1178,False
1369,1179,False
1370,1180,False
1371,1181,False
1372,1182,False
1373,1183,False
1374,1184,False
1375,1185,False
1376,1186,False
1377,1187,False
1378,1188,False
1379,1189,False
1380,1190,False
1381,1191,False
1382,1192,False
1383,1193,False
1384,1194,False
1385,1195,False
1386,1196,False
1387,1197,False
1388,1198,False
1389,1199,False
1390,1200,False
1391,1201,False
1392,1202,False
1393,1203,False
1394,1204,False
1395,1205,False
1396,1206,False
1397,1207,False
1398,1208,False
1399,1209,False
1400,1210,False
1401,1211,False
1402,1212,False
1403,1213,False
1404,1214,False
1405,1215,False
1406,1216,False
1407,1217,False
1408,1218,False
1409,1219,False
1410,1220,False
1411,1221,False
1412,1222,False
1413,1223,False
1414,1224,False
1415,1225,False
1416,1226,False
1417,1227,False
1418,1228,False
1419,1229,False
1420,1230,False
1421,1231,False
1422,1232,False
1423,1233,False
1424,1234,False
1425,1235,False
1426,1236,False
1427,1237,False
1428,1238,False
1429,1239,False
1430,1240,False
1431,1241,False
1432,1242,False
1433,1243,False
1434,1244,False
1435,1245,False
1436,1246,False
1437,1247,False
1438,1248,False
1439,1249,False
1440,1250,False
1441,1251,False
1442,1252,False
1443,1253,False
1444,1254,False
1445,1255,False
1446,1256,False
1447,1257,False
1448,1258,False
1449,1259,False
1450,1260,False
1451,1261,False
1452,1262,False
1453,1263,False
1454,1264,False
1455,1265,False
1456,1266,False
1457,1267,False
1458,1268,False
1459,1269,False
1460,1270,False
1461,1271,False
1462,1272,False
1463,1273,False
1464,1274,False
1465,1275,False
1466,1276,False
1467,1277,False
1468,1278,False
1469,1279,False
1470,1280,False
1471,1281,False
1472,1282,False
1473,1283,False
1474,1284,False
1475,1285,False
1476,1286,False
1477,1287,False
1478,1288,False
1479,1289,False
1480,1290,False
1481,1291,False
1482,1292,False
1483,1293,False
1484,1294,False
1485,1295,False
1486,1296,False
1487,1297,False
1488,1298,False
1489,1299,False
1490,1300,False
1491,1301,False
1492,1302,False
1493,1303,False
1494,1304,False
1495,1305,False
1496,1306,False
1497,1307,False
1498,1308,False
1499,1309,False
1500,1310,False
1501,1311,False
1502,1312,False
1503,1313,False
1504,1314,False
1505,1315,False
1506,1316,False
1507,1317,False
1508,1318,False
1509,1319,False
1510,1320,False
1511,1321,False
1512,1322,False
1513,1323,False
1514,1324,False
1515,1325,False
1516,1326,False
1517,1327,False
1518,1328,False
1519,1329,False
1520,1330,False
1521,1331,False
1522,1332,False
1523,1333,False
1524,1334,False
1525,1335,False
1526,1336,False
1527,1337,False
1528,1338,False
1529,1339,False
1530,1340,False
1531,1341,False
1532,1342,False
1533,1343,False
1534,1344,False
1535,1345,False
1536,1346,False
1537,1347,False
1538,1348,False
1539,1349,False
1540,1350,False
1541,1351,False
1542,1352,False
1543,1353,False
1544,1354,False
1545,1355,False
1546,1356,False
1547,1357,False
1548,1358,False
1549,1359,False
1550,1360,False
1551,1361,False
1552,1362,False
1553,1363,False
1554,1364,False
1555,1365,False
1556,1366,False
1557,1367,False
1558,1368,False
1559,1369,False
1560,1370,False
1561,1371,False
1562,1372,False
1563,1373,False
1564,1374,False
1565,1375,False
1566,1376,False
1567,1377,False
1568,1378,False
1569,1379,False
1570,1380,False
1571,1381,False
1572,1382,False
1573,1383,False
1574,1384,False
1575,1385,False
1576,1386,False
1577,1387,False
1578,1388,False
1579,1389,False
1580,1390,False
1581,1391,False
1582,1392,False
1583,1393,False
1584,1394,False
1585,1395,False
1586,1396,False
1587,1397,False
1588,1398,False
1589,1399,False
1590,1400,False
1591,1401,False
1592,1402,False
1593,1403,False
1594,1404,False
1595,1405,False
1596,1406,False
1597,1407,False
1598,1408,False
1599,1409,False
1600,1410,False
1601,1411,False
1602,1412,False
1603,1413,False
1604,1414,False
1605,1415,False
1606,1416,False
1607,1417,False
1608,1418,False
1609,1419,False
1610,1420,False
1611,1421,False
1612,1422,False
1613,1423,False
1614,1424,False
1615,1425,False
1616,1426,False
1617,1427,False
1618,1428,False
1619,1429,False
1620,1430,False
1621,1431,False
1622,1432,False
1623,1433,False
1624,1434,False
1625,1435,False
1626,1436,False
1627,1437,False
1628,1438,False
1629,1439,False
1630,1440,False
1631,1441,False
1632,1442,False
1633,1443,False
1634,1444,False
1635,1445,False
1636,1446,False
1637,1447,False
1638,1448,False
1639,1449,False
1640,1450,False
1641,1451,False
1642,1452,False
1643,1453,False
1644,1454,False
1645,1455,False
1646,1456,False
1647,1457,False
1648,1458,False
1649,1459,False
1650,1460,False
1651,1461,False
1652,1462,False
1653,1463,False
1654,1464,False
1655,1465,False
1656,1466,False
1657,1467,False
1658,1468,False
1659,1469,False
1660,1470,False
1661,1471,False
1662,1472,False
1663,1473,False
1664,1474,False
1665,1475,False
1666,1476,False
1667,1477,False
1668,1478,False
1669,1479,False
1670,1480,False
1671,1481,False
1672,1482,False
1673,1483,False
1674,1484,False
1675,1485,False
1676,1486,False
1677,1487,False
1678,1488,False
1679,1489,False
1680,1490,False
1681,1491,False
1682,1492,False
1683,1493,False
1684,1494,False
1685,1495,False
1686,1496,False
1687,1497,False
1688,1498,False
1689,1499,False
1690,1500,False
1691,1501,False
1692,1502,False
1693,1503,False
1694,1504,False
1695,1505,False
1696,1506,False
1697,1507,False
1698,1508,False
1699,1509,False
1700,1510,False
1701,1511,False
1702,1512,False
1703,1513,False
1704,1514,False
1705,1515,False
1706,1516,False
1707,1517,False
1708,1518,False
1709,1519,False
1710,,True
1711,,True
1712,,True
1713,,True
1714,,True
1715,,True
1716,,True
1717,,True
1718,,True
1719,,True
1720,,True
1721,,True
1722,,True
1723,,True
1724,,True
1725,,True
1726,,True
1727,,True
1728,,True
1729,,True
1730,,True
1731,,True
1732,,True
1733,,True
1734,,True
1735,,True
1736,,True
1737,,True
1738,,True
1739,,True
1740,,True
1741,,True
1742,,True
1743,,True
1744,,True
1745,,True
1746,,True
1747,,True
1748,,True
1749,,True
1750,,True
1751,,True
1752,,True
1753,,True
1754,,True
1755,,True
1756,,True
1757,,True
1758,,True
1759,,True
1760,,True
1761,,True
1762,,True
1763,,True
1764,,True
1765,,True
1766,,True
1767,,True
1768,,True
1769,,True
1770,,True
1771,,True
1772,,True
1773,,True
1774,,True
1775,,True
1776,,True
1777,,True
1778,,True
1779,,True
1780,,True
1781,,True
1782,,True
1783,,True
1784,,True
1785,,True
1786,,True
1787,,True
1788,,True
1789,,True
1790,,True
1791,,True
1792,,True
1793,,True
1794,,True
1795,,True
1796,,True
1797,,True
1798,,True
1799,,True
1800,,True
1801,,True
1802,,True
1803,,True
1804,,True
1805,,True
1806,,True
1807,,True
1808,,True
1809,,True
1810,,True
1811,,True
1812,,True
1813,,True
1814,,True
1815,,True
1816,,True
1817,,True
1818,,True
1819,,True
1820,,True
1821,,True
1822,,True
1823,,True
1824,,True
1825,,True
1826,,True
1827,,True
1828,,True
1829,,True
1830,,True
1831,,True
1832,,True
1833,,True
1834,,True
1835,,True
1836,,True
1837,,True
1838,,True
1839,,True
1840,,True
1841,,True
1842,,True
1843,,True
1844,,True
1845,,True
1846,,True
1847,,True
1848,,True
1849,,True
1850,,True
1851,,True
1852,,True
1853,,True
1854,,True
1855,,True
1856,,True
1857,,True
1858,,True
1859,,True
1860,,True
1861,,True
1862,,True
1863,1520,False
1864,1521,False
1865,1522,False
1866,1523,False
1867,1524,False
1868,1525,False
1869,1526,False
1870,1527,False
1871,1528,False
1872,1529,False
1873,1530,False
1874,1531,False
1875,1532,False
1876,1533,False
1877,1534,False
1878,1535,False
1879,1536,False
1880,1537,False
1881,1538,False
1882,1539,False
1883,1540,False
1884,1541,False
1885,1542,False
1886,1543,False
1887,1544,False
1888,1545,False
1889,1546,False
1890,1547,False
1891,1548,False
1892,1549,False
1893,1550,False
1894,1551,False
1895,1552,False
1896,1553,False
1897,1554,False
1898,1555,False
1899,1556,False
1900,1557,False
1901,1558,False
1902,1559,False
1903,1560,False
1904,1561,False
1905,1562,False
1906,1563,False
1907,1564,False
1908,1565,False
1909,1566,False
1910,1567,False
1911,1568,False
1912,1569,False
1913,1570,False
1914,1571,False
1915,1572,False
1916,1573,False
1917,1574,False
1918,1575,False
1919,1576,False
1920,1577,False
1921,1578,False
1922,1579,False
1923,1580,False
1924,1581,False
1925,1582,False
1926,1583,False
1927,1584,False
1928,1585,False
1929,1586,False
1930,1587,False
1931,1588,False
1932,1589,False
1933,1590,False
1934,1591,False
1935,1592,False
1936,1593,False
1937,1594,False
1938,1595,False
1939,1596,False
1940,1597,False
1941,1598,False
1942,1599,False
1943,1600,False
1944,1601,False
1945,1602,False
1946,1603,False
1947,1604,False
1948,1605,False
1949,1606,False
1950,1607,False
1951,1608,False
1952,1609,False
1953,1610,False
1954,1611,False
1955,1612,False
1956,1613,False
1957,1614,False
1958,1615,False
1959,1616,False
1960,1617,False
1961,1618,False
1962,1619,False
1963,1620,False
1964,1621,False
1965,1622,False
1966,1623,False
1967,1624,False
1968,1625,False
1969,1626,False
1970,,True
1971,,True
1972,,True
1973,,True
1974,,True
1975,,True
1976,,True
1977,,True
1978,,True
1979,,True
1980,,True
1981,,True
1982,,True
1983,,True
1984,,True
1985,1627,False
1986,1628,False
1987,1629,False
1988,1630,False
1989,1631,False
1990,1632,False
1991,1633,False
1992,1634,False
1993,1635,False
1994,1636,False
1995,1637,False
1996,1638,False
1997,1639,False
1998,1640,False
1999,1641,False
2000,1642,False
2001,1643,False
2002,1644,False
2003,1645,False
2004,1646,False
2005,1647,False
2006,1648,False
2007,1649,False
2008,1650,False
2009,1651,False
2010,1652,False
2011,1653,False
2012,1654,False
2013,1655,False
2014,1656,False
2015,1657,False
2016,1658,False
2017,1659,False
2018,1660,False
2019,1661,False
2020,1662,False
2021,1663,False
2022,1664,False
2023,1665,False
2024,1666,False
2025,1667,False
2026,1668,False
2027,1669,False
2028,1670,False
2029,1671,False
2030,1672,False
2031,1673,False
2032,1674,False
2033,1675,False
2034,1676,False
2035,1677,False
2036,1678,False
2037,1679,False
2038,1680,False
2039,1681,False
2040,1682,False
2041,1683,False
2042,1684,False
2043,1685,False
2044,1686,False
2045,1687,False
2046,1688,False
2047,1689,False
2048,1690,False
2049,1691,False
2050,1692,False
2051,1693,False
2052,1694,False
2053,1695,False
2054,1696,False
2055,1697,False
2056,1698,False
2057,1699,False
2058,1700,False
2059,1701,False
2060,1702,False
2061,1703,False
2062,1704,False
2063,1705,False
2064,1706,False
2065,1707,False
2066,1708,False
2067,1709,False
2068,1710,False
2069,1711,False
2070,1712,False
2071,1713,False
2072,1714,False
2073,1715,False
2074,1716,False
2075,1717,False
2076,1718,False
2077,1719,False
2078,1720,False
2079,1721,False
2080,1722,False
2081,1723,False
2082,1724,False
2083,1725,False
2084,1726,False
2085,1727,False
2086,1728,False
2087,1729,False
2088,1730,False
2089,1731,False
2090,1732,False
2091,1733,False
2092,1734,False
2093,1735,False
2094,1736,False
2095,1737,False
2096,1738,False
2097,1739,False
2098,1740,False
2099,1741,False
2100,1742,False
2101,1743,False
2102,1744,False
2103,1745,False
2104,1746,False
2105,1747,False
2106,1748,False
2107,1749,False
2108,1750,False
2109,1751,False
2110,1752,False
2111,1753,False
2112,1754,False
2113,1755,False
2114,1756,False
2115,1757,False
2116,1758,False
2117,1759,False
2118,1760,False
2119,1761,False
2120,1762,False
2121,1763,False
2122,1764,False
2123,1765,False
2124,1766,False
2125,1767,False
2126,1768,False
2127,1769,False
2128,1770,False
2129,1771,False
2130,1772,False
2131,1773,False
2132,1774,False
2133,1775,False
2134,1776,False
2135,1777,False
2136,1778,False
2137,1779,False
2138,1780,False
2139,1781,False
2140,1782,False
2141,1783,False
2142,1784,False
2143,1785,False
2144,1786,False
2145,1787,False
2146,1788,False
2147,1789,False
2148,1790,False
2149,1791,False
2150,1792,False
2151,1793,False
2152,1794,False
2153,1795,False
2154,1796,False
2155,1797,False
2156,1798,False
2157,1799,False
2158,1800,False
2159,1801,False
2160,1802,False
2161,1803,False
2162,1804,False
2163,1805,False
2164,1806,False
2165,1807,False
2166,1808,False
2167,1809,False
2168,1810,False
2169,1811,False
2170,1812,False
2171,1813,False
2172,1814,False
2173,1815,False
2174,1816,False
2175,1817,False
2176,1818,False
2177,1819,False
2178,1820,False
2179,1821,False
2180,1822,False
2181,1823,False
2182,1824,False
2183,1825,False
2184,1826,False
2185,1827,False
2186,1828,False
2187,1829,False
2188,1830,False
2189,1831,False
2190,1832,False
2191,1833,False
2192,1834,False
2193,1835,False
2194,1836,False
2195,1837,False
2196,1838,False
2197,1839,False
2198,1840,False
2199,1841,False
2200,1842,False
2201,1843,False
2202,1844,False
2203,1845,False
2204,1846,False
2205,1847,False
2206,1848,False
2207,1849,False
2208,1850,False
2209,1851,False
2210,1852,False
2211,1853,False
2212,1854,False
2213,1855,False
2214,1856,False
2215,1857,False
2216,1858,False
2217,1859,False
2218,1860,False
2219,1861,False
2220,1862,False
2221,1863,False
2222,1864,False
2223,1865,False
2224,1866,False
2225,1867,False
2226,1868,False
2227,1869,False
2228,1870,False
2229,1871,False
2230,1872,False
2231,1873,False
2232,1874,False
2233,1875,False
2234,1876,False
2235,1877,False
2236,1878,False
2237,1879,False
2238,1880,False
2239,1881,False
2240,1882,False
2241,1883,False
2242,1884,False
2243,1885,False
2244,1886,False
2245,1887,False
2246,1888,False
2247,1889,False
2248,1890,False
2249,1891,False
2250,1892,False
2251,1893,False
2252,1894,False
2253,1895,False
2254,1896,False
2255,1897,False
2256,1898,False
2257,1899,False
2258,1900,False
2259,1901,False
2260,1902,False
2261,1903,False
2262,1904,False
2263,1905,False
2264,1906,False
2265,1907,False
2266,1908,False
2267,1909,False
2268,1910,False
2269,1911,False
2270,1912,False
2271,1913,False
2272,1914,False
2273,1915,False
2274,1916,False
2275,1917,False
2276,1918,False
2277,1919,False
2278,1920,False
2279,1921,False
2280,1922,False
2281,1923,False
2282,1924,False
2283,1925,False
2284,1926,False
2285,1927,False
2286,1928,False
2287,1929,False
2288,1930,False
2289,1931,False
2290,1932,False
2291,1933,False
2292,1934,False
2293,1935,False
2294,1936,False
2295,1937,False
2296,1938,False
2297,1939,False
2298,1940,False
2299,1941,False
2300,1942,False
2301,1943,False
2302,1944,False
2303,1945,False
2304,1946,False
2305,1947,False
2306,1948,False
2307,1949,False
2308,1950,False
2309,1951,False
2310,1952,False
2311,1953,False
2312,1954,False
2313,1955,False
2314,1956,False
2315,1957,False
2316,1958,False
2317,1959,False
2318,1960,False
2319,1961,False
2320,1962,False
2321,1963,False
2322,1964,False
2323,1965,False
2324,1966,False
2325,1967,False
2326,1968,False
2327,1969,False
2328,1970,False
2329,1971,False
2330,1972,False
2331,1973,False
2332,1974,False
2333,1975,False
2334,1976,False
2335,1977,False
2336,1978,False
2337,1979,False
2338,1980,False
2339,1981,False
2340,1982,False
2341,1983,False
2342,1984,False
2343,1985,False
2344,1986,False
2345,1987,False
2346,1988,False
2347,1989,False
2348,1990,False
2349,1991,False
2350,1992,False
2351,1993,False
2352,1994,False
2353,1995,False
2354,1996,False
2355,1997,False
2356,1998,False
2357,1999,False
2358,2000,False
2359,2001,False
2360,2002,False
2361,2003,False
2362,2004,False
2363,2005,False
2364,2006,False
2365,2007,False
2366,2008,False
2367,2009,False
2368,2010,False
2369,2011,False
2370,2012,False
2371,2013,False
2372,2014,False
2373,2015,False
2374,2016,False
2375,2017,False
2376,2018,False
2377,2019,False
2378,2020,False
2379,2021,False
2380,2022,False
2381,2023,False
2382,2024,False
2383,2025,False
2384,2026,False
2385,2027,False
2386,2028,False
2387,2029,False
2388,2030,False
2389,2031,False
2390,2032,False
2391,2033,False
2392,2034,False
2393,2035,False
2394,2036,False
2395,2037,False
2396,2038,False
2397,2039,False
2398,2040,False
2399,2041,False
2400,2042,False
2401,2043,False
2402,2044,False
2403,2045,False
2404,2046,False
2405,2047,False
2406,2048,False
2407,2049,False
2408,2050,False
2409,2051,False
2410,2052,False
2411,2053,False
2412,2054,False
2413,2055,False
2414,2056,False
2415,,True
2416,,True
2417,,True
2418,,True
2419,,True
2420,,True
2421,,True
2422,,True
2423,,True
2424,,True
2425,,True
2426,,True
2427,,True
2428,2057,False
2429,2058,False
2430,2059,False
2431,2060,False
2432,2061,False
2433,2062,False
2434,2063,False
2435,2064,False
2436,2065,False
2437,2066,False
2438,2067,False
2439,2068,False
2440,2069,False
2441,2070,False
2442,2071,False
2443,2072,False
2444,2073,False
2445,2074,False
2446,2075,False
2447,2076,False
2448,2077,False
2449,2078,False
2450,2079,False
2451,2080,False
2452,2081,False
2453,2082,False
2454,2083,False
2455,2084,False
2456,2085,False
2457,2086,False
2458,2087,False
2459,2088,False
2460,2089,False
2461,2090,False
2462,2091,False
2463,2092,False
2464,2093,False
2465,2094,False
2466,2095,False
2467,2096,False
2468,2097,False
2469,2098,False
2470,2099,False
2471,2100,False
2472,2101,False
2473,2102,False
2474,2103,False
2475,2104,False
2476,2105,False
2477,2106,False
2478,2107,False
2479,2108,False
2480,2109,False
2481,2110,False
2482,2111,False
2483,2112,False
2484,2113,False
2485,2114,False
2486,2115,False
2487,2116,False
2488,2117,False
2489,2118,False
2490,2119,False
2491,2120,False
2492,2121,False
2493,2122,False
2494,2123,False
2495,2124,False
2496,2125,False
2497,2126,False
2498,2127,False
2499,2128,False
2500,2129,False
2501,2130,False
2502,2131,False
2503,2132,False
2504,2133,False
2505,2134,False
2506,2135,False
2507,2136,False
2508,2137,False
2509,2138,False
2510,2139,False
2511,2140,False
2512,2141,False
2513,2142,False
2514,2143,False
2515,2144,False
2516,2145,False
2517,2146,False
2518,2147,False
2519,2148,False
2520,2149,False
2521,2150,False
2522,2151,False
2523,2152,False
2524,2153,False
2525,2154,False
2526,2155,False
2527,2156,False
2528,2157,False
2529,2158,False
2530,2159,False
2531,2160,False
2532,2161,False
2533,2162,False
2534,2163,False
2535,2164,False
2536,2165,False
2537,2166,False
2538,2167,False
2539,2168,False
2540,2169,False
2541,2170,False
2542,2171,False
2543,2172,False
2544,2173,False
2545,2174,False
2546,2175,False
2547,2176,False
2548,2177,False
2549,2178,False
2550,2179,False
2551,2180,False
2552,2181,False
2553,2182,False
2554,2183,False
2555,2184,False
2556,2185,False
2557,2186,False
2558,2187,False
2559,2188,False
2560,2189,False
2561,2190,False
2562,2191,False
2563,2192,False
2564,2193,False
2565,2194,False
2566,2195,False
2567,2196,False
2568,2197,False
2569,2198,False
2570,2199,False
2571,2200,False
2572,2201,False
2573,2202,False
2574,2203,False
2575,2204,False
2576,2205,False
2577,2206,False
2578,2207,False
2579,2208,False
2580,2209,False
2581,2210,False
2582,2211,False
2583,2212,False
2584,2213,False
2585,2214,False
2586,2215,False
2587,2216,False
2588,2217,False
2589,2218,False
2590,2219,False
2591,2220,False
2592,2221,False
2593,2222,False
2594,2223,False
2595,2224,False
2596,2225,False
2597,2226,False
2598,2227,False
2599,2228,False
2600,2229,False
2601,2230,False
2602,2231,False
2603,2232,False
2604,2233,False
2605,2234,False
2606,2235,False
2607,2236,False
2608,2237,False
2609,2238,False
2610,2239,False
2611,2240,False
2612,2241,False
2613,2242,False
2614,2243,False
2615,2244,False
2616,2245,False
2617,2246,False
2618,2247,False
2619,2248,False
2620,2249,False
2621,2250,False
2622,2251,False
2623,2252,False
2624,2253,False
2625,2254,False
2626,2255,False
2627,2256,False
2628,2257,False
2629,2258,False
2630,2259,False
2631,2260,False
2632,2261,False
2633,2262,False
2634,2263,False
2635,2264,False
2636,2265,False
2637,2266,False
2638,2267,False
2639,2268,False
2640,2269,False
2641,2270,False
2642,2271,False
2643,2272,False
2644,2273,False
2645,2274,False
2646,2275,False
2647,2276,False
2648,2277,False
2649,2278,False
2650,2279,False
2651,2280,False
2652,2281,False
2653,2282,False
2654,2283,False
2655,2284,False
2656,2285,False
2657,2286,False
2658,2287,False
2659,2288,False
2660,2289,False
2661,2290,False
2662,2291,False
2663,2292,False
2664,2293,False
2665,2294,False
2666,2295,False
2667,2296,False
2668,2297,False
2669,2298,False
2670,2299,False
2671,2300,False
2672,2301,False
2673,2302,False
2674,2303,False
2675,2304,False
2676,2305,False
2677,2306,False
2678,2307,False
2679,2308,False
2680,,True
2681,,True
2682,,True
2683,,True
2684,,True
2685,,True
2686,,True
2687,,True
2688,,True
2689,,True
2690,,True
2691,,True
2692,,True
2693,,True
2694,,True
2695,,True
2696,,True
2697,,True
2698,,True
2699,,True
2700,2309,False
2701,2310,False
2702,2311,False
2703,2312,False
2704,2313,False
2705,2314,False
2706,2315,False
2707,2316,False
2708,2317,False
2709,2318,False
2710,2319,False
2711,2320,False
2712,2321,False
2713,2322,False
2714,2323,False
2715,2324,False
2716,2325,False
2717,2326,False
2718,2327,False
2719,2328,False
2720,2329,False
2721,2330,False
2722,2331,False
2723,2332,False
2724,2333,False
2725,2334,False
2726,2335,False
2727,2336,False
2728,2337,False
2729,2338,False
2730,2339,False
2731,2340,False
2732,2341,False
2733,2342,False
2734,2343,False
2735,2344,False
2736,2345,False
2737,2346,False
2738,2347,False
2739,2348,False
2740,2349,False
2741,2350,False
2742,2351,False
2743,2352,False
2744,2353,False
2745,2354,False
2746,2355,False
2747,2356,False
2748,2357,False
2749,2358,False
2750,2359,False
2751,2360,False
2752,2361,False
2753,2362,False
2754,2363,False
2755,2364,False
2756,2365,False
2757,2366,False
2758,2367,False
2759,2368,False
2760,2369,False
2761,2370,False
2762,2371,False
2763,2372,False
2764,2373,False
2765,2374,False
2766,2375,False
2767,2376,False
2768,2377,False
2769,2378,False
2770,2379,False
2771,2380,False
2772,2381,False
2773,2382,False
2774,2383,False
2775,2384,False
2776,2385,False
2777,2386,False
2778,2387,False
2779,2388,False
2780,2389,False
2781,2390,False
2782,2391,False
2783,2392,False
2784,2393,False
2785,2394,False
2786,2395,False
2787,2396,False
2788,2397,False
2789,2398,False
2790,2399,False
2791,2400,False
2792,2401,False
2793,2402,False
2794,2403,False
2795,2404,False
2796,2405,False
2797,2406,False
2798,2407,False
2799,2408,False
2800,2409,False
2801,2410,False
2802,2411,False
2803,2412,False
2804,2413,False
2805,2414,False
2806,2415,False
2807,2416,False
2808,2417,False
2809,2418,False
2810,2419,False
2811,2420,False
2812,2421,False
2813,2422,False
2814,2423,False
2815,2424,False
2816,2425,False
2817,2426,False
2818,2427,False
2819,2428,False
2820,2429,False
2821,2430,False
2822,2431,False
2823,2432,False
2824,2433,False
2825,2434,False
2826,2435,False
2827,2436,False
2828,2437,False
2829,2438,False
2830,2439,False
2831,2440,False
2832,2441,False
2833,2442,False
2834,2443,False
2835,2444,False
2836,2445,False
2837,2446,False
2838,2447,False
2839,2448,False
2840,2449,False
2841,2450,False
2842,2451,False
2843,2452,False
2844,2453,False
2845,2454,False
2846,2455,False
2847,2456,False
2848,2457,False
2849,2458,False
2850,2459,False
2851,2460,False
2852,2461,False
2853,2462,False
2854,2463,False
2855,2464,False
2856,2465,False
2857,2466,False
2858,2467,False
2859,2468,False
2860,2469,False
2861,2470,False
2862,2471,False
2863,2472,False
2864,2473,False
2865,2474,False
2866,2475,False
2867,2476,False
2868,2477,False
2869,2478,False
2870,2479,False
2871,2480,False
2872,2481,False
2873,2482,False
2874,2483,False
2875,2484,False
2876,2485,False
2877,2486,False
2878,2487,False
2879,2488,False
2880,2489,False
2881,2490,False
2882,2491,False
2883,2492,False
2884,2493,False
2885,2494,False
2886,2495,False
2887,2496,False
2888,2497,False
2889,2498,False
2890,2499,False
2891,2500,False
2892,2501,False
2893,2502,False
2894,2503,False
2895,2504,False
2896,2505,False
2897,2506,False
2898,2507,False
2899,2508,False
2900,2509,False
2901,2510,False
2902,2511,False
2903,2512,False
2904,2513,False
2905,2514,False
2906,2515,False
2907,2516,False
2908,2517,False
2909,2518,False
2910,2519,False
2911,2520,False
2912,2521,False
2913,2522,False
2914,2523,False
2915,2524,False
2916,2525,False
2917,2526,False
2918,2527,False
2919,2528,False
2920,2529,False
2921,2530,False
2922,2531,False
2923,2532,False
2924,2533,False
2925,2534,False
2926,2535,False
2927,2536,False
2928,2537,False
2929,2538,False
2930,2539,False
2931,2540,False
2932,2541,False
2933,2542,False
2934,2543,False
2935,2544,False
2936,2545,False
2937,2546,False
2938,2547,False
2939,2548,False
2940,,True
2941,,True
2942,,True
2943,,True
2944,,True
2945,,True
2946,,True
2947,,True
2948,,True
2949,,True
2950,,True
2951,,True
2952,,True
2953,,True
2954,,True
2955,2549,False
2956,2550,False
2957,2551,False
2958,2552,False
2959,2553,False
2960,2554,False
2961,2555,False
2962,2556,False
2963,2557,False
2964,2558,False
2965,2559,False
2966,2560,False
2967,2561,False
2968,2562,False
2969,2563,False
2970,2564,False
2971,2565,False
2972,2566,False
2973,2567,False
2974,2568,False
2975,2569,False
2976,2570,False
2977,2571,False
2978,2572,False
2979,2573,False
2980,2574,False
2981,2575,False
2982,2576,False
2983,2577,False
2984,2578,False
2985,2579,False
2986,2580,False
2987,2581,False
2988,2582,False
2989,2583,False
2990,2584,False
2991,2585,False
2992,2586,False
2993,2587,False
2994,2588,False
2995,2589,False
2996,2590,False
2997,2591,False
2998,2592,False
2999,2593,False
3000,2594,False
3001,2595,False
3002,2596,False
3003,2597,False
3004,2598,False
3005,2599,False
3006,2600,False
3007,2601,False
3008,2602,False
3009,2603,False
3010,2604,False
3011,2605,False
3012,2606,False
3013,2607,False
3014,2608,False
3015,2609,False
3016,2610,False
3017,2611,False
3018,2612,False
3019,2613,False
3020,2614,False
3021,2615,False
3022,2616,False
3023,2617,False
3024,2618,False
3025,2619,False
3026,2620,False
3027,2621,False
3028,2622,False
3029,2623,False
3030,2624,False
3031,2625,False
3032,2626,False
3033,2627,False
3034,2628,False
3035,2629,False
3036,2630,False
3037,2631,False
3038,2632,False
3039,2633,False
3040,2634,False
3041,2635,False
3042,2636,False
3043,2637,False
3044,2638,False
3045,2639,False
3046,2640,False
3047,2641,False
3048,2642,False
3049,2643,False
3050,2644,False
3051,2645,False
3052,2646,False
3053,2647,False
3054,2648,False
3055,2649,False
3056,2650,False
3057,2651,False
3058,2652,False
3059,2653,False
3060,2654,False
3061,2655,False
3062,2656,False
3063,2657,False
3064,2658,False
3065,2659,False
3066,2660,False
3067,2661,False
3068,2662,False
3069,2663,False
3070,2664,False
3071,2665,False
3072,2666,False
3073,2667,False
3074,2668,False
3075,2669,False
3076,2670,False
3077,2671,False
3078,2672,False
3079,2673,False
3080,2674,False
3081,2675,False
3082,2676,False
3083,2677,False
3084,2678,False
3085,2679,False
3086,2680,False
3087,2681,False
3088,2682,False
3089,2683,False
3090,2684,False
3091,2685,False
3092,2686,False
3093,2687,False
3094,2688,False
3095,2689,False
3096,2690,False
3097,2691,False
3098,2692,False
3099,2693,False
3100,2694,False
3101,2695,False
3102,2696,False
3103,2697,False
3104,2698,False
3105,2699,False
3106,2700,False
3107,2701,False
3108,2702,False
3109,2703,False
3110,2704,False
3111,2705,False
3112,2706,False
3113,2707,False
3114,2708,False
3115,2709,False
3116,2710,False
3117,2711,False
3118,2712,False
3119,2713,False
3120,2714,False
3121,2715,False
3122,2716,False
3123,2717,False
3124,2718,False
3125,2719,False
3126,2720,False
3127,2721,False
3128,2722,False
3129,2723,False
3130,2724,False
3131,2725,False
3132,2726,False
3133,2727,False
3134,2728,False
3135,2729,False
3136,2730,False
3137,2731,False
3138,2732,False
3139,2733,False
3140,2734,False
3141,2735,False
3142,2736,False
3143,2737,False
3144,2738,False
3145,2739,False
3146,2740,False
3147,2741,False
3148,2742,False
3149,2743,False
3150,2744,False
3151,2745,False
3152,2746,False
3153,2747,False
3154,2748,False
3155,2749,False
3156,2750,False
3157,2751,False
3158,2752,False
3159,2753,False
3160,2754,False
3161,2755,False
3162,2756,False
3163,2757,False
3164,2758,False
3165,2759,False
3166,2760,False
3167,2761,False
3168,2762,False
3169,2763,False
3170,2764,False
3171,2765,False
3172,2766,False
3173,2767,False
3174,2768,False
3175,2769,False
3176,2770,False
3177,2771,False
3178,2772,False
3179,2773,False
3180,2774,False
3181,2775,False
3182,2776,False
3183,2777,False
3184,2778,False
3185,2779,False
3186,2780,False
3187,2781,False
3188,2782,False
3189,2783,False
3190,2784,False
3191,2785,False
3192,2786,False
3193,2787,False
3194,2788,False
3195,2789,False
3196,2790,False
3197,2791,False
3198,2792,False
3199,2793,False
3200,2794,False
3201,2795,False
3202,2796,False
3203,2797,False
3204,2798,False
3205,2799,False
3206,2800,False
3207,2801,False
3208,2802,False
3209,2803,False
3210,2804,False
3211,2805,False
3212,2806,False
3213,2807,False
3214,2808,False
3215,2809,False
3216,2810,False
3217,2811,False
3218,2812,False
3219,2813,False
3220,2814,False
3221,2815,False
3222,2816,False
3223,2817,False
3224,2818,False
3225,2819,False
3226,2820,False
3227,2821,False
3228,2822,False
3229,2823,False
3230,2824,False
3231,2825,False
3232,2826,False
3233,2827,False
3234,2828,False
3235,2829,False
3236,2830,False
3237,2831,False
3238,2832,False
3239,2833,False
3240,2834,False
3241,2835,False
3242,2836,False
3243,2837,False
3244,2838,False
3245,2839,False
3246,2840,False
3247,2841,False
3248,2842,False
3249,2843,False
3250,2844,False
3251,2845,False
3252,2846,False
3253,2847,False
3254,2848,False
3255,2849,False
3256,2850,False
3257,2851,False
3258,2852,False
3259,2853,False
3260,2854,False
3261,2855,False
3262,2856,False
3263,2857,False
3264,2858,False
3265,2859,False
3266,2860,False
3267,2861,False
3268,2862,False
3269,2863,False
3270,2864,False
3271,2865,False
3272,2866,False
3273,2867,False
3274,2868,False
3275,2869,False
3276,2870,False
3277,2871,False
3278,2872,False
3279,2873,False
3280,2874,False
3281,2875,False
3282,2876,False
3283,2877,False
3284,2878,False
3285,2879,False
3286,2880,False
3287,2881,False
3288,2882,False
3289,2883,False
3290,2884,False
3291,2885,False
3292,2886,False
3293,2887,False
3294,2888,False
3295,2889,False
3296,2890,False
3297,2891,False
3298,2892,False
3299,2893,False
3300,2894,False
3301,2895,False
3302,2896,False
3303,2897,False
3304,2898,False
3305,2899,False
3306,2900,False
3307,2901,False
3308,2902,False
3309,2903,False
3310,2904,False
3311,2905,False
3312,2906,False
3313,2907,False
3314,2908,False
3315,2909,False
3316,2910,False
3317,2911,False
3318,2912,False
3319,2913,False
3320,2914,False
3321,2915,False
3322,2916,False
3323,2917,False
3324,2918,False
3325,2919,False
3326,2920,False
3327,2921,False
3328,2922,False
3329,2923,False
3330,2924,False
3331,2925,False
3332,2926,False
3333,2927,False
3334,2928,False
3335,2929,False
3336,2930,False
3337,2931,False
3338,2932,False
3339,2933,False
3340,2934,False
3341,2935,False
3342,2936,False
3343,2937,False
3344,2938,False
3345,2939,False
3346,2940,False
3347,2941,False
3348,2942,False
3349,2943,False
3350,2944,False
3351,2945,False
3352,2946,False
3353,2947,False
3354,2948,False
3355,2949,False
3356,2950,False
3357,2951,False
3358,2952,False
3359,2953,False
3360,2954,False
3361,2955,False
3362,2956,False
3363,2957,False
3364,2958,False
3365,2959,False
3366,2960,False
3367,2961,False
3368,2962,False
3369,2963,False
3370,2964,False
3371,2965,False
3372,2966,False
3373,2967,False
3374,2968,False
3375,2969,False
3376,2970,False
3377,2971,False
3378,2972,False
3379,2973,False
3380,2974,False
3381,2975,False
3382,2976,False
3383,2977,False
3384,2978,False
3385,2979,False
3386,2980,False
3387,2981,False
3388,2982,False
3389,2983,False
3390,2984,False
3391,2985,False
3392,2986,False
3393,2987,False
3394,2988,False
3395,2989,False
3396,2990,False
3397,2991,False
3398,2992,False
3399,2993,False
3400,2994,False
3401,2995,False
3402,2996,False
3403,2997,False
3404,2998,False
3405,2999,False
3406,3000,False
3407,3001,False
3408,3002,False
3409,3003,False
3410,3004,False
3411,3005,False
3412,3006,False
3413,3007,False
3414,3008,False
3415,3009,False
3416,3010,False
3417,3011,False
3418,3012,False
3419,3013,False
3420,3014,False
3421,3015,False
3422,3016,False
3423,3017,False
3424,3018,False
3425,3019,False
3426,3020,False
3427,3021,False
3428,3022,False
3429,3023,False
3430,3024,False
3431,3025,False
3432,3026,False
3433,3027,False
3434,3028,False
3435,3029,False
3436,3030,False
3437,3031,False
3438,3032,False
3439,3033,False
3440,3034,False
3441,3035,False
3442,3036,False
3443,3037,False
3444,3038,False
3445,3039,False
3446,3040,False
3447,3041,False
3448,3042,False
3449,3043,False
3450,3044,False
3451,3045,False
3452,3046,False
3453,3047,False
3454,3048,False
3455,3049,False
3456,3050,False
3457,3051,False
3458,3052,False
3459,3053,False
3460,3054,False
3461,3055,False
3462,3056,False
3463,3057,False
3464,3058,False
3465,3059,False
3466,3060,False
3467,3061,False
3468,3062,False
3469,3063,False
3470,3064,False
3471,3065,False
3472,3066,False
3473,3067,False
3474,3068,False
3475,3069,False
3476,3070,False
3477,3071,False
3478,3072,False
3479,3073,False
3480,3074,False
3481,3075,False
3482,3076,False
3483,3077,False
3484,3078,False
3485,3079,False
3486,3080,False
3487,3081,False
3488,3082,False
3489,3083,False
3490,3084,False
3491,3085,False
3492,3086,False
3493,3087,False
3494,3088,False
3495,3089,False
3496,3090,False
3497,3091,False
3498,3092,False
3499,3093,False
3500,3094,False
3501,3095,False
3502,3096,False
3503,3097,False
3504,3098,False
3505,3099,False
3506,3100,False
3507,3101,False
3508,3102,False
3509,3103,False
3510,3104,False
3511,3105,False
3512,3106,False
3513,3107,False
3514,3108,False
3515,3109,False
3516,3110,False
3517,3111,False
3518,3112,False
3519,3113,False
3520,3114,False
3521,3115,False
3522,3116,False
3523,3117,False
3524,3118,False
3525,3119,False
3526,3120,False
3527,3121,False
3528,3122,False
3529,3123,False
3530,3124,False
3531,3125,False
3532,3126,False
3533,3127,False
3534,3128,False
3535,3129,False
3536,3130,False
3537,3131,False
3538,3132,False
3539,3133,False
3540,3134,False
3541,3135,False
3542,3136,False
3543,3137,False
3544,3138,False
3545,3139,False
3546,3140,False
3547,3141,False
3548,3142,False
3549,3143,False
3550,3144,False
3551,3145,False
3552,3146,False
3553,3147,False
3554,3148,False
3555,3149,False
3556,3150,False
3557,3151,False
3558,3152,False
3559,3153,False
3560,3154,False
3561,3155,False
3562,3156,False
3563,3157,False
3564,3158,False
3565,3159,False
3566,3160,False
3567,3161,False
3568,3162,False
3569,3163,False
3570,3164,False
3571,3165,False
3572,3166,False
3573,3167,False
3574,3168,False
3575,3169,False
3576,3170,False
3577,3171,False
3578,3172,False
3579,3173,False
3580,3174,False
3581,3175,False
3582,3176,False
3583,3177,False
3584,3178,False
3585,3179,False
3586,3180,False
3587,3181,False
3588,3182,False
3589,3183,False
3590,3184,False
3591,3185,False
3592,3186,False
3593,3187,False
3594,3188,False
3595,3189,False
3596,3190,False
3597,3191,False
3598,3192,False
3599,3193,False
3600,3194,False
3601,3195,False
3602,3196,False
3603,3197,False
3604,3198,False
3605,3199,False
3606,3200,False
3607,3201,False
3608,3202,False
3609,3203,False
3610,3204,False
3611,3205,False
3612,3206,False
3613,3207,False
3614,3208,False
3615,3209,False
3616,3210,False
3617,3211,False
3618,3212,False
3619,3213,False
3620,3214,False
3621,3215,False
3622,3216,False
3623,3217,False
3624,3218,False
3625,3219,False
3626,3220,False
3627,3221,False
3628,3222,False
3629,3223,False
3630,3224,False
3631,3225,False
3632,3226,False
3633,3227,False
3634,3228,False
3635,3229,False
3636,3230,False
3637,3231,False
3638,3232,False
3639,3233,False
3640,3234,False
3641,3235,False
3642,3236,False
3643,3237,False
3644,3238,False
3645,3239,False
3646,3240,False
3647,3241,False
3648,3242,False
3649,3243,False
3650,3244,False
3651,3245,False
3652,3246,False
3653,3247,False
3654,3248,False
3655,3249,False
3656,3250,False
3657,3251,False
3658,3252,False
3659,3253,False
3660,3254,False
3661,3255,False
3662,3256,False
3663,3257,False
3664,3258,False
3665,3259,False
3666,3260,False
3667,3261,False
3668,3262,False
3669,3263,False
3670,3264,False
3671,3265,False
3672,3266,False
3673,3267,False
3674,3268,False
3675,3269,False
3676,3270,False
3677,3271,False
3678,3272,False
3679,3273,False
3680,3274,False
3681,3275,False
3682,3276,False
3683,3277,False
3684,3278,False
3685,3279,False
3686,3280,False
3687,3281,False
3688,3282,False
3689,3283,False
3690,3284,False
3691,3285,False
3692,3286,False
3693,3287,False
3694,3288,False
3695,3289,False
3696,3290,False
3697,3291,False
3698,3292,False
3699,3293,False
3700,3294,False
3701,3295,False
3702,3296,False
3703,3297,False
3704,3298,False
3705,3299,False
3706,3300,False
3707,3301,False
3708,3302,False
3709,3303,False
3710,3304,False
3711,3305,False
3712,3306,False
3713,3307,False
3714,3308,False
3715,3309,False
3716,3310,False
3717,3311,False
3718,3312,False
3719,3313,False
3720,3314,False
3721,3315,False
3722,3316,False
3723,3317,False
3724,3318,False
3725,3319,False
3726,3320,False
3727,3321,False
3728,3322,False
3729,3323,False
3730,3324,False
3731,3325,False
3732,3326,False
3733,3327,False
3734,3328,False
3735,3329,False
3736,3330,False
3737,3331,False
3738,3332,False
3739,3333,False
3740,3334,False
3741,3335,False
3742,3336,False
3743,3337,False
3744,3338,False
3745,3339,False
3746,3340,False
3747,3341,False
3748,3342,False
3749,3343,False
3750,3344,False
3751,3345,False
3752,3346,False
3753,3347,False
3754,3348,False
3755,3349,False
3756,3350,False
3757,3351,False
3758,3352,False
3759,3353,False
3760,3354,False
3761,3355,False
3762,3356,False
3763,3357,False
3764,3358,False
3765,3359,False
3766,3360,False
3767,3361,False
3768,3362,False
3769,3363,False
3770,3364,False
3771,3365,False
3772,3366,False
3773,3367,False
3774,3368,False
3775,3369,False
3776,3370,False
3777,3371,False
3778,3372,False
3779,3373,False
3780,3374,False
3781,3375,False
3782,3376,False
3783,3377,False
3784,3378,False
3785,3379,False
3786,3380,False
3787,3381,False
3788,3382,False
3789,3383,False
3790,3384,False
3791,3385,False
3792,3386,False
3793,3387,False
3794,3388,False
3795,3389,False
3796,3390,False
3797,3391,False
3798,3392,False
3799,3393,False
3800,3394,False
3801,3395,False
3802,3396,False
3803,3397,False
3804,3398,False
3805,3399,False
3806,3400,False
3807,3401,False
3808,3402,False
3809,3403,False
3810,3404,False
3811,3405,False
3812,3406,False
3813,3407,False
3814,3408,False
3815,3409,False
3816,3410,False
3817,3411,False
3818,3412,False
3819,3413,False
3820,3414,False
3821,3415,False
3822,3416,False
3823,3417,False
3824,3418,False
3825,3419,False
3826,3420,False
3827,3421,False
3828,3422,False
3829,3423,False
3830,3424,False
3831,3425,False
3832,3426,False
3833,3427,False
3834,3428,False
3835,3429,False
3836,3430,False
3837,3431,False
3838,3432,False
3839,3433,False
3840,3434,False
3841,3435,False
3842,3436,False
3843,3437,False
3844,3438,False
3845,3439,False
3846,3440,False
3847,3441,False
3848,3442,False
3849,3443,False
3850,3444,False
3851,3445,False
3852,3446,False
3853,3447,False
3854,3448,False
3855,3449,False
3856,3450,False
3857,3451,False
3858,3452,False
3859,3453,False
3860,3454,False
3861,3455,False
3862,3456,False
3863,3457,False
3864,3458,False
3865,3459,False
3866,3460,False
3867,3461,False
3868,3462,False
3869,3463,False
3870,3464,False
3871,3465,False
3872,3466,False
3873,3467,False
3874,3468,False
3875,3469,False
3876,3470,False
3877,3471,False
3878,3472,False
3879,3473,False
3880,3474,False
3881,3475,False
3882,3476,False
3883,3477,False
3884,3478,False
3885,3479,False
3886,3480,False
3887,3481,False
3888,3482,False
3889,3483,False
3890,3484,False
3891,3485,False
3892,3486,False
3893,3487,False
3894,3488,False
3895,3489,False
3896,3490,False
3897,3491,False
3898,3492,False
3899,3493,False
3900,3494,False
3901,3495,False
3902,3496,False
3903,3497,False
3904,3498,False
3905,3499,False
3906,3500,False
3907,3501,False
3908,3502,False
3909,3503,False
3910,,True
3911,,True
3912,,True
3913,,True
3914,,True
3915,,True
3916,,True
3917,,True
3918,,True
3919,,True
3920,,True
3921,,True
3922,,True
3923,,True
3924,,True
3925,,True
3926,,True
3927,,True
3928,,True
3929,,True
3930,,True
3931,,True
3932,,True
3933,,True
3934,,True
3935,,True
3936,,True
3937,,True
3938,,True
3939,,True
3940,,True
3941,,True
3942,,True
3943,,True
3944,,True
3945,,True
3946,,True
3947,,True
3948,,True
3949,,True
3950,,True
3951,,True
3952,,True
3953,,True
3954,,True
3955,,True
3956,,True
3957,,True
3958,,True
3959,,True
3960,,True
3961,,True
3962,,True
3963,,True
3964,,True
3965,,True
3966,,True
3967,,True
3968,,True
3969,,True
3970,,True
3971,,True
3972,3504,False
3973,3505,False
3974,3506,False
3975,3507,False
3976,3508,False
3977,3509,False
3978,3510,False
3979,3511,False
3980,3512,False
3981,3513,False
3982,3514,False
3983,3515,False
3984,3516,False
3985,3517,False
3986,3518,False
3987,3519,False
3988,3520,False
3989,3521,False
3990,3522,False
3991,3523,False
3992,3524,False
3993,3525,False
3994,3526,False
3995,3527,False
3996,3528,False
3997,3529,False
3998,3530,False
3999,3531,False
4000,3532,False
4001,3533,False
4002,3534,False
4003,3535,False
4004,3536,False
4005,3537,False
4006,3538,False
4007,3539,False
4008,3540,False
4009,3541,False
4010,3542,False
4011,3543,False
4012,3544,False
4013,3545,False
4014,3546,False
4015,3547,False
4016,3548,False
4017,3549,False
4018,3550,False
4019,3551,False
4020,3552,False
4021,3553,False
4022,3554,False
4023,3555,False
4024,3556,False
4025,3557,False
4026,3558,False
4027,3559,False
4028,3560,False
4029,3561,False
4030,3562,False
4031,3563,False
4032,3564,False
4033,3565,False
4034,3566,False
4035,3567,False
4036,3568,False
4037,3569,False
4038,3570,False
4039,3571,False
4040,3572,False
4041,3573,False
4042,3574,False
4043,3575,False
4044,3576,False
4045,3577,False
4046,3578,False
4047,3579,False
4048,3580,False
4049,3581,False
4050,3582,False
4051,3583,False
4052,3584,False
4053,3585,False
4054,3586,False
4055,3587,False
4056,3588,False
4057,3589,False
4058,3590,False
4059,3591,False
4060,3592,False
4061,3593,False
4062,3594,False
4063,3595,False
4064,3596,False
4065,3597,False
4066,3598,False
4067,3599,False
4068,3600,False
4069,3601,False
4070,3602,False
4071,3603,False
4072,3604,False
4073,3605,False
4074,3606,False
4075,3607,False
4076,3608,False
4077,3609,False
4078,3610,False
4079,3611,False
4080,3612,False
4081,3613,False
4082,3614,False
4083,3615,False
4084,3616,False
4085,3617,False
4086,3618,False
4087,3619,False
4088,3620,False
4089,3621,False
4090,3622,False
4091,3623,False
4092,3624,False
4093,3625,False
4094,3626,False
4095,3627,False
4096,3628,False
4097,3629,False
4098,3630,False
4099,3631,False
4100,3632,False
4101,3633,False
4102,3634,False
4103,3635,False
4104,3636,False
4105,3637,False
4106,3638,False
4107,3639,False
4108,3640,False
4109,3641,False
4110,3642,False
4111,3643,False
4112,3644,False
4113,3645,False
4114,3646,False
4115,3647,False
4116,3648,False
4117,3649,False
4118,3650,False
4119,3651,False
4120,3652,False
4121,3653,False
4122,3654,False
4123,3655,False
4124,3656,False
4125,3657,False
4126,3658,False
4127,3659,False
4128,3660,False
4129,3661,False
4130,3662,False
4131,3663,False
4132,3664,False
4133,3665,False
4134,3666,False
4135,3667,False
4136,3668,False
4137,3669,False
4138,3670,False
4139,3671,False
4140,3672,False
4141,3673,False
4142,3674,False
4143,3675,False
4144,3676,False
4145,3677,False
4146,3678,False
4147,3679,False
4148,3680,False
4149,3681,False
4150,3682,False
4151,3683,False
4152,3684,False
4153,3685,False
4154,3686,False
4155,3687,False
4156,3688,False
4157,3689,False
4158,3690,False
4159,3691,False
4160,3692,False
4161,3693,False
4162,3694,False
4163,3695,False
4164,3696,False
4165,3697,False
4166,3698,False
4167,3699,False
4168,3700,False
4169,3701,False
4170,3702,False
4171,3703,False
4172,3704,False
4173,3705,False
4174,3706,False
4175,3707,False
4176,3708,False
4177,3709,False
4178,3710,False
4179,3711,False
4180,3712,False
4181,3713,False
4182,3714,False
4183,3715,False
4184,3716,False
4185,3717,False
4186,3718,False
4187,3719,False
4188,3720,False
4189,3721,False
4190,3722,False
4191,3723,False
4192,3724,False
4193,3725,False
4194,3726,False
4195,3727,False
4196,3728,False
4197,3729,False
4198,3730,False
4199,3731,False
4200,3732,False
4201,3733,False
4202,3734,False
4203,3735,False
4204,3736,False
4205,3737,False
4206,3738,False
4207,3739,False
4208,3740,False
4209,3741,False
4210,3742,False
4211,3743,False
4212,3744,False
4213,3745,False
4214,3746,False
4215,3747,False
4216,3748,False
4217,3749,False
4218,3750,False
4219,3751,False
4220,3752,False
4221,3753,False
4222,3754,False
4223,3755,False
4224,3756,False
4225,3757,False
4226,3758,False
4227,3759,False
4228,3760,False
4229,3761,False
4230,3762,False
4231,3763,False
4232,3764,False
4233,3765,False
4234,3766,False
4235,3767,False
4236,3768,False
4237,3769,False
4238,3770,False
4239,3771,False
4240,3772,False
4241,3773,False
4242,3774,False
4243,3775,False
4244,3776,False
4245,3777,False
4246,3778,False
4247,3779,False
4248,3780,False
4249,3781,False
4250,3782,False
4251,3783,False
4252,3784,False
4253,3785,False
4254,3786,False
4255,3787,False
4256,3788,False
4257,3789,False
4258,3790,False
4259,3791,False
4260,3792,False
4261,3793,False
4262,3794,False
4263,3795,False
4264,3796,False
4265,3797,False
4266,3798,False
4267,3799,False
4268,3800,False
4269,3801,False
4270,3802,False
4271,3803,False
4272,3804,False
4273,3805,False
4274,3806,False
4275,3807,False
4276,3808,False
4277,3809,False
4278,3810,False
4279,3811,False
4280,3812,False
4281,3813,False
4282,3814,False
4283,3815,False
4284,3816,False
4285,3817,False
4286,3818,False
4287,3819,False
4288,3820,False
4289,3821,False
4290,3822,False
4291,3823,False
4292,3824,False
4293,3825,False
4294,3826,False
4295,3827,False
4296,3828,False
4297,3829,False
4298,3830,False
4299,3831,False
4300,3832,False
4301,3833,False
4302,3834,False
4303,3835,False
4304,3836,False
4305,3837,False
4306,3838,False
4307,3839,False
4308,3840,False
4309,3841,False
4310,3842,False
4311,3843,False
4312,3844,False
4313,3845,False
4314,3846,False
4315,3847,False
4316,3848,False
4317,3849,False
4318,3850,False
4319,3851,False
4320,3852,False
4321,3853,False
4322,3854,False
4323,3855,False
4324,3856,False
4325,3857,False
4326,3858,False
4327,3859,False
4328,3860,False
4329,3861,False
4330,3862,False
4331,3863,False
4332,3864,False
4333,3865,False
4334,3866,False
4335,3867,False
4336,3868,False
4337,3869,False
4338,3870,False
4339,3871,False
4340,3872,False
4341,3873,False
4342,3874,False
4343,3875,False
4344,3876,False
4345,3877,False
4346,3878,False
4347,3879,False
4348,3880,False
4349,3881,False
4350,3882,False
4351,3883,False
4352,3884,False
4353,3885,False
4354,3886,False
4355,3887,False
4356,3888,False
4357,3889,False
4358,3890,False
4359,3891,False
4360,3892,False
4361,3893,False
4362,3894,False
4363,3895,False
4364,3896,False
4365,3897,False
4366,3898,False
4367,3899,False
4368,3900,False
4369,3901,False
4370,3902,False
4371,3903,False
4372,3904,False
4373,3905,False
4374,3906,False
4375,3907,False
4376,3908,False
4377,3909,False
4378,3910,False
4379,3911,False
4380,3912,False
4381,3913,False
4382,3914,False
4383,3915,False
4384,3916,False
4385,3917,False
4386,3918,False
4387,3919,False
4388,3920,False
4389,3921,False
4390,3922,False
4391,3923,False
4392,3924,False
4393,3925,False
4394,3926,False
4395,3927,False
4396,3928,False
4397,3929,False
4398,3930,False
4399,3931,False
4400,3932,False
4401,3933,False
4402,3934,False
4403,3935,False
4404,3936,False
4405,3937,False
4406,3938,False
4407,3939,False
4408,3940,False
4409,3941,False
4410,3942,False
4411,3943,False
4412,3944,False
4413,3945,False
4414,3946,False
4415,3947,False
4416,3948,False
4417,3949,False
4418,3950,False
4419,3951,False
4420,3952,False
4421,3953,False
4422,3954,False
4423,3955,False
4424,3956,False
4425,3957,False
4426,3958,False
4427,3959,False
4428,3960,False
4429,3961,False
4430,3962,False
4431,3963,False
4432,3964,False
4433,3965,False
4434,3966,False
4435,3967,False
4436,3968,False
4437,3969,False
4438,3970,False
4439,3971,False
4440,3972,False
4441,3973,False
4442,3974,False
4443,3975,False
4444,3976,False
4445,3977,False
4446,3978,False
4447,3979,False
4448,3980,False
4449,3981,False
4450,3982,False
4451,3983,False
4452,3984,False
4453,3985,False
4454,3986,False
4455,3987,False
4456,3988,False
4457,3989,False
4458,3990,False
4459,3991,False
4460,3992,False
4461,3993,False
4462,3994,False
4463,3995,False
4464,3996,False
4465,3997,False
4466,3998,False
4467,3999,False
4468,4000,False
4469,4001,False
4470,4002,False
4471,4003,False
4472,4004,False
4473,4005,False
4474,4006,False
4475,4007,False
4476,4008,False
4477,4009,False
4478,4010,False
4479,4011,False
4480,4012,False
4481,4013,False
4482,4014,False
4483,4015,False
4484,4016,False
4485,4017,False
4486,4018,False
4487,4019,False
4488,4020,False
4489,4021,False
4490,4022,False
4491,4023,False
4492,4024,False
4493,4025,False
4494,4026,False
4495,4027,False
4496,4028,False
4497,4029,False
4498,4030,False
4499,4031,False
4500,4032,False
4501,4033,False
4502,4034,False
4503,4035,False
4504,4036,False
4505,4037,False
4506,4038,False
4507,4039,False
4508,4040,False
4509,4041,False
4510,4042,False
4511,4043,False
4512,4044,False
4513,4045,False
4514,4046,False
4515,4047,False
4516,4048,False
4517,4049,False
4518,4050,False
4519,4051,False
4520,4052,False
4521,4053,False
4522,4054,False
4523,4055,False
4524,4056,False
4525,4057,False
4526,4058,False
4527,4059,False
4528,4060,False
4529,4061,False
4530,,True
4531,,True
4532,,True
4533,,True
4534,,True
4535,,True
4536,,True
4537,,True
4538,,True
4539,,True
4540,,True
4541,,True
4542,,True
4543,,True
4544,,True
4545,,True
4546,,True
4547,,True
4548,,True
4549,,True
4550,,True
4551,,True
4552,,True
4553,,True
4554,,True
4555,,True
4556,,True
4557,,True
4558,,True
4559,,True
4560,,True
4561,,True
4562,,True
4563,,True
4564,,True
4565,,True
4566,,True
4567,,True
4568,,True
4569,,True
4570,,True
4571,,True
4572,,True
4573,,True
4574,,True
4575,,True
4576,,True
4577,,True
4578,,True
4579,,True
4580,,True
4581,,True
4582,,True
4583,,True
4584,,True
4585,,True
4586,,True
4587,,True
4588,,True
4589,,True
4590,,True
4591,,True
4592,,True
4593,,True
4594,,True
4595,,True
4596,,True
4597,,True
4598,,True
4599,,True
4600,,True
4601,,True
4602,,True
4603,,True
4604,,True
4605,,True
4606,,True
4607,,True
4608,,True
4609,,True
4610,,True
4611,,True
4612,,True
4613,,True
4614,,True
4615,,True
4616,,True
4617,,True
4618,,True
4619,,True
4620,,True
4621,,True
4622,,True
4623,,True
4624,,True
4625,,True
4626,,True
4627,,True
4628,,True
4629,,True
4630,,True
4631,,True
4632,,True
4633,,True
4634,,True
4635,,True
4636,,True
4637,,True
4638,,True
4639,,True
4640,,True
4641,,True
4642,,True
4643,,True
4644,,True
4645,,True
4646,,True
4647,,True
4648,,True
4649,,True
4650,,True
4651,,True
4652,,True
4653,,True
4654,,True
4655,,True
4656,,True
4657,,True
4658,,True
4659,,True
4660,,True
4661,,True
4662,,True
4663,,True
4664,,True
4665,,True
4666,,True
4667,,True
4668,,True
4669,,True
4670,,True
4671,,True
4672,,True
4673,,True
4674,,True
4675,,True
4676,,True
4677,,True
4678,,True
4679,,True
4680,,True
4681,,True
4682,,True
4683,,True
4684,,True
4685,,True
4686,,True
4687,,True
4688,,True
4689,,True
4690,,True
4691,,True
4692,,True
4693,,True
4694,,True
4695,,True
4696,,True
4697,,True
4698,,True
4699,,True
4700,,True
4701,,True
4702,,True
4703,,True
4704,,True
4705,,True
4706,,True
4707,,True
4708,,True
4709,,True
4710,,True
4711,,True
4712,,True
4713,,True
4714,,True
4715,,True
4716,,True
4717,,True
4718,,True
4719,,True
4720,,True
4721,,True
4722,,True
4723,,True
4724,,True
4725,,True
4726,,True
4727,,True
4728,,True
4729,,True
4730,,True
4731,,True
4732,,True
4733,,True
4734,,True
4735,,True
4736,,True
4737,,True
4738,,True
4739,,True
4740,,True
4741,,True
4742,,True
4743,,True
4744,,True
4745,,True
4746,,True
4747,,True
4748,,True
4749,,True
4750,,True
4751,,True
4752,,True
4753,,True
4754,,True
4755,,True
4756,,True
4757,,True
4758,,True
4759,,True
4760,,True
4761,,True
4762,,True
4763,,True
4764,,True
4765,,True
4766,,True
4767,,True
4768,,True
4769,,True
4770,,True
4771,,True
4772,,True
4773,,True
4774,,True
4775,4062,False
4776,4063,False
4777,4064,False
4778,4065,False
4779,4066,False
4780,4067,False
4781,4068,False
4782,4069,False
4783,4070,False
4784,4071,False
4785,4072,False
4786,4073,False
4787,4074,False
4788,4075,False
4789,4076,False
4790,4077,False
4791,4078,False
4792,4079,False
4793,4080,False
4794,4081,False
4795,4082,False
4796,4083,False
4797,4084,False
4798,4085,False
4799,4086,False
4800,4087,False
4801,4088,False
4802,4089,False
4803,4090,False
4804,4091,False
4805,4092,False
4806,4093,False
4807,4094,False
4808,4095,False
4809,4096,False
4810,4097,False
4811,4098,False
4812,4099,False
4813,4100,False
4814,4101,False
4815,4102,False
4816,4103,False
4817,4104,False
4818,4105,False
4819,4106,False
4820,4107,False
4821,4108,False
4822,4109,False
4823,4110,False
4824,4111,False
4825,4112,False
4826,4113,False
4827,4114,False
4828,4115,False
4829,4116,False
4830,4117,False
4831,4118,False
4832,4119,False
4833,4120,False
4834,4121,False
4835,4122,False
4836,4123,False
4837,4124,False
4838,4125,False
4839,4126,False
4840,4127,False
4841,4128,False
4842,4129,False
4843,4130,False
4844,4131,False
4845,4132,False
4846,4133,False
4847,4134,False
4848,4135,False
4849,4136,False
4850,4137,False
4851,4138,False
4852,4139,False
4853,4140,False
4854,4141,False
4855,4142,False
4856,4143,False
4857,4144,False
4858,4145,False
4859,4146,False
4860,4147,False
4861,4148,False
4862,4149,False
4863,4150,False
4864,4151,False
4865,4152,False
4866,4153,False
4867,4154,False
4868,4155,False
4869,4156,False
4870,4157,False
4871,4158,False
4872,4159,False
4873,4160,False
4874,4161,False
4875,4162,False
4876,4163,False
4877,4164,False
4878,4165,False
4879,4166,False
4880,4167,False
4881,4168,False
4882,4169,False
4883,4170,False
4884,4171,False
4885,4172,False
4886,4173,False
4887,4174,False
4888,4175,False
4889,4176,False
4890,4177,False
4891,4178,False
4892,4179,False
4893,4180,False
4894,4181,False
4895,4182,False
4896,4183,False
4897,4184,False
4898,4185,False
4899,4186,False
4900,4187,False
4901,4188,False
4902,4189,False
4903,4190,False
4904,4191,False
4905,4192,False
4906,4193,False
4907,4194,False
4908,4195,False
4909,4196,False
4910,4197,False
4911,4198,False
4912,4199,False
4913,4200,False
4914,4201,False
4915,4202,False
4916,4203,False
4917,4204,False
4918,4205,False
4919,4206,False
4920,4207,False
4921,4208,False
4922,4209,False
4923,4210,False
4924,4211,False
4925,4212,False
4926,4213,False
4927,4214,False
4928,4215,False
4929,4216,False
4930,4217,False
4931,4218,False
4932,4219,False
4933,4220,False
4934,4221,False
4935,4222,False
4936,4223,False
4937,4224,False
4938,4225,False
4939,4226,False
4940,4227,False
4941,4228,False
4942,4229,False
4943,4230,False
4944,4231,False
4945,4232,False
4946,4233,False
4947,4234,False
4948,4235,False
4949,4236,False
4950,4237,False
4951,4238,False
4952,4239,False
4953,4240,False
4954,4241,False
4955,4242,False
4956,4243,False
4957,4244,False
4958,4245,False
4959,4246,False
4960,4247,False
4961,4248,False
4962,4249,False
4963,4250,False
4964,4251,False
4965,4252,False
4966,4253,False
4967,4254,False
4968,4255,False
4969,4256,False
4970,4257,False
4971,4258,False
4972,4259,False
4973,4260,False
4974,4261,False
4975,4262,False
4976,4263,False
4977,4264,False
4978,4265,False
4979,4266,False
4980,4267,False
4981,4268,False
4982,4269,False
4983,4270,False
4984,4271,False
4985,4272,False
4986,4273,False
4987,4274,False
4988,4275,False
4989,4276,False
4990,4277,False
4991,4278,False
4992,4279,False
4993,4280,False
4994,4281,False
4995,4282,False
4996,4283,False
4997,4284,False
4998,4285,False
4999,4286,False
5000,4287,False
5001,4288,False
5002,4289,False
5003,4290,False
5004,4291,False
5005,4292,False
5006,4293,False
5007,4294,False
5008,4295,False
5009,4296,False
5010,4297,False
5011,4298,False
5012,4299,False
5013,4300,False
5014,4301,False
5015,4302,False
5016,4303,False
5017,4304,False
5018,4305,False
5019,4306,False
5020,4307,False
5021,4308,False
5022,4309,False
5023,4310,False
5024,4311,False
5025,4312,False
5026,4313,False
5027,4314,False
5028,4315,False
5029,4316,False
5030,4317,False
5031,4318,False
5032,4319,False
5033,4320,False
5034,4321,False
5035,4322,False
5036,4323,False
5037,4324,False
5038,4325,False
5039,4326,False
5040,4327,False
5041,4328,False
5042,4329,False
5043,4330,False
5044,4331,False
5045,4332,False
5046,4333,False
5047,4334,False
5048,4335,False
5049,4336,False
5050,4337,False
5051,4338,False
5052,4339,False
5053,4340,False
5054,4341,False
5055,4342,False
5056,4343,False
5057,4344,False
5058,4345,False
5059,4346,False
5060,4347,False
5061,4348,False
5062,4349,False
5063,4350,False
5064,4351,False
5065,4352,False
5066,4353,False
5067,4354,False
5068,4355,False
5069,4356,False
5070,4357,False
5071,4358,False
5072,4359,False
5073,4360,False
5074,4361,False
5075,4362,False
5076,4363,False
5077,4364,False
5078,4365,False
5079,4366,False
5080,4367,False
5081,4368,False
5082,4369,False
5083,4370,False
5084,4371,False
5085,4372,False
5086,4373,False
5087,4374,False
5088,4375,False
5089,4376,False
5090,4377,False
5091,4378,False
5092,4379,False
5093,4380,False
5094,4381,False
5095,4382,False
5096,4383,False
5097,4384,False
5098,4385,False
5099,4386,False
5100,4387,False
5101,4388,False
5102,4389,False
5103,4390,False
5104,4391,False
5105,4392,False
5106,4393,False
5107,4394,False
5108,4395,False
5109,4396,False
5110,4397,False
5111,4398,False
5112,4399,False
5113,4400,False
5114,4401,False
5115,4402,False
5116,4403,False
5117,4404,False
5118,4405,False
5119,4406,False
5120,4407,False
5121,4408,False
5122,4409,False
5123,4410,False
5124,4411,False
5125,4412,False
5126,4413,False
5127,4414,False
5128,4415,False
5129,4416,False
5130,4417,False
5131,4418,False
5132,4419,False
5133,4420,False
5134,4421,False
5135,4422,False
5136,4423,False
5137,4424,False
5138,4425,False
5139,4426,False
5140,4427,False
5141,4428,False
5142,4429,False
5143,4430,False
5144,4431,False
5145,4432,False
5146,4433,False
5147,4434,False
5148,4435,False
5149,4436,False
5150,4437,False
5151,4438,False
5152,4439,False
5153,4440,False
5154,4441,False
5155,4442,False
5156,4443,False
5157,4444,False
5158,4445,False
5159,4446,False
5160,4447,False
5161,4448,False
5162,4449,False
5163,4450,False
5164,4451,False
5165,4452,False
5166,4453,False
5167,4454,False
5168,4455,False
5169,4456,False
5170,4457,False
5171,4458,False
5172,4459,False
5173,4460,False
5174,4461,False
5175,4462,False
5176,4463,False
5177,4464,False
5178,4465,False
5179,4466,False
5180,4467,False
5181,4468,False
5182,4469,False
5183,4470,False
5184,4471,False
5185,4472,False
5186,4473,False
5187,4474,False
5188,4475,False
5189,4476,False
5190,4477,False
5191,4478,False
5192,4479,False
5193,4480,False
5194,4481,False
5195,4482,False
5196,4483,False
5197,4484,False
5198,4485,False
5199,4486,False
5200,4487,False
5201,4488,False
5202,4489,False
5203,4490,False
5204,4491,False
5205,4492,False
5206,4493,False
5207,4494,False
5208,4495,False
5209,4496,False
5210,4497,False
5211,4498,False
5212,4499,False
5213,4500,False
5214,4501,False
5215,4502,False
5216,4503,False
5217,4504,False
5218,4505,False
5219,4506,False
5220,4507,False
5221,4508,False
5222,4509,False
5223,4510,False
5224,4511,False
5225,4512,False
5226,4513,False
5227,4514,False
5228,4515,False
5229,4516,False
5230,4517,False
5231,4518,False
5232,4519,False
5233,4520,False
5234,4521,False
5235,4522,False
5236,4523,False
5237,4524,False
5238,4525,False
5239,4526,False
5240,4527,False
5241,4528,False
5242,4529,False
5243,4530,False
5244,4531,False
5245,4532,False
5246,4533,False
5247,4534,False
5248,4535,False
5249,4536,False
5250,4537,False
5251,4538,False
5252,4539,False
5253,4540,False
5254,4541,False
5255,4542,False
5256,4543,False
5257,4544,False
5258,4545,False
5259,4546,False
5260,4547,False
5261,4548,False
5262,4549,False
5263,4550,False
5264,4551,False
5265,4552,False
5266,4553,False
5267,4554,False
5268,4555,False
5269,4556,False
5270,4557,False
5271,4558,False
5272,4559,False
5273,4560,False
5274,4561,False
5275,4562,False
5276,4563,False
5277,4564,False
5278,4565,False
5279,4566,False
5280,4567,False
5281,4568,False
5282,4569,False
5283,4570,False
5284,4571,False
5285,4572,False
5286,4573,False
5287,4574,False
5288,4575,False
5289,4576,False
5290,4577,False
5291,4578,False
5292,4579,False
5293,4580,False
5294,4581,False
5295,4582,False
5296,4583,False
5297,4584,False
5298,4585,False
5299,4586,False
5300,4587,False
5301,4588,False
5302,4589,False
5303,4590,False
5304,4591,False
5305,4592,False
5306,4593,False
5307,4594,False
5308,4595,False
5309,4596,False
5310,4597,False
5311,4598,False
5312,4599,False
5313,4600,False
5314,4601,False
5315,4602,False
5316,4603,False
5317,4604,False
5318,4605,False
5319,4606,False
5320,4607,False
5321,4608,False
5322,4609,False
5323,4610,False
5324,4611,False
5325,4612,False
5326,4613,False
5327,4614,False
5328,4615,False
5329,4616,False
5330,4617,False
5331,4618,False
5332,4619,False
5333,4620,False
5334,4621,False
5335,4622,False
5336,4623,False
5337,4624,False
5338,4625,False
5339,4626,False
5340,4627,False
5341,4628,False
5342,4629,False
5343,4630,False
5344,4631,False
5345,4632,False
5346,4633,False
5347,4634,False
5348,4635,False
5349,4636,False
5350,4637,False
5351,4638,False
5352,4639,False
5353,4640,False
5354,4641,False
5355,4642,False
5356,4643,False
5357,4644,False
5358,4645,False
5359,4646,False
5360,4647,False
5361,4648,False
5362,4649,False
5363,4650,False
5364,4651,False
5365,4652,False
5366,4653,False
5367,4654,False
5368,4655,False
5369,4656,False
5370,4657,False
5371,4658,False
5372,4659,False
5373,4660,False
5374,4661,False
5375,4662,False
5376,4663,False
5377,4664,False
5378,4665,False
5379,4666,False
5380,4667,False
5381,4668,False
5382,4669,False
5383,4670,False
5384,4671,False
5385,4672,False
5386,4673,False
5387,4674,False
5388,4675,False
5389,4676,False
5390,4677,False
5391,4678,False
5392,4679,False
5393,4680,False
5394,4681,False
5395,4682,False
5396,4683,False
5397,4684,False
5398,4685,False
5399,4686,False
5400,4687,False
5401,4688,False
5402,4689,False
5403,4690,False
5404,4691,False
5405,4692,False
5406,4693,False
5407,4694,False
5408,4695,False
5409,4696,False
5410,4697,False
5411,4698,False
5412,4699,False
5413,4700,False
5414,4701,False
5415,4702,False
5416,4703,False
5417,4704,False
5418,4705,False
5419,4706,False
5420,4707,False
5421,4708,False
5422,4709,False
5423,4710,False
5424,4711,False
5425,4712,False
5426,4713,False
5427,4714,False
5428,4715,False
5429,4716,False
5430,4717,False
5431,4718,False
5432,4719,False
5433,4720,False
5434,4721,False
5435,4722,False
5436,4723,False
5437,4724,False
5438,4725,False
5439,4726,False
5440,4727,False
5441,4728,False
5442,4729,False
5443,4730,False
5444,4731,False
5445,4732,False
5446,4733,False
5447,4734,False
5448,4735,False
5449,4736,False
5450,4737,False
5451,4738,False
5452,4739,False
5453,4740,False
5454,4741,False
5455,4742,False
5456,4743,False
5457,4744,False
5458,4745,False
5459,4746,False
5460,4747,False
5461,4748,False
5462,4749,False
5463,4750,False
5464,4751,False
5465,4752,False
5466,4753,False
5467,4754,False
5468,4755,False
5469,4756,False
5470,4757,False
5471,4758,False
5472,4759,False
5473,4760,False
5474,4761,False
5475,4762,False
5476,4763,False
5477,4764,False
5478,4765,False
5479,4766,False
5480,4767,False
5481,4768,False
5482,4769,False
5483,4770,False
5484,4771,False
5485,4772,False
5486,4773,False
5487,4774,False
5488,4775,False
5489,4776,False
5490,4777,False
5491,4778,False
5492,4779,False
5493,4780,False
5494,4781,False
5495,4782,False
5496,4783,False
5497,4784,False
5498,4785,False
5499,4786,False
5500,4787,False
5501,4788,False
5502,4789,False
5503,4790,False
5504,4791,False
5505,4792,False
5506,4793,False
5507,4794,False
5508,4795,False
5509,4796,False
5510,4797,False
5511,4798,False
5512,4799,False
5513,4800,False
5514,4801,False
5515,4802,False
5516,4803,False
5517,4804,False
5518,4805,False
5519,4806,False
5520,4807,False
5521,4808,False
5522,4809,False
5523,4810,False
5524,4811,False
5525,4812,False
5526,4813,False
5527,4814,False
5528,4815,False
5529,4816,False
5530,4817,False
5531,4818,False
5532,4819,False
5533,4820,False
5534,4821,False
5535,4822,False
5536,4823,False
5537,4824,False
5538,4825,False
5539,4826,False
5540,4827,False
5541,4828,False
5542,4829,False
5543,4830,False
5544,4831,False
5545,4832,False
5546,4833,False
5547,4834,False
5548,4835,False
5549,4836,False
5550,4837,False
5551,4838,False
5552,4839,False
5553,4840,False
5554,4841,False
5555,4842,False
5556,4843,False
5557,4844,False
5558,4845,False
5559,4846,False
5560,4847,False
5561,4848,False
5562,4849,False
5563,4850,False
5564,4851,False
5565,4852,False
5566,4853,False
5567,4854,False
5568,4855,False
5569,4856,False
5570,4857,False
5571,4858,False
5572,4859,False
5573,4860,False
5574,4861,False
5575,4862,False
5576,4863,False
5577,4864,False
5578,4865,False
5579,4866,False
5580,4867,False
5581,4868,False
5582,4869,False
5583,4870,False
5584,4871,False
5585,4872,False
5586,4873,False
5587,4874,False
5588,4875,False
5589,4876,False
5590,4877,False
5591,4878,False
5592,4879,False
5593,4880,False
5594,4881,False
5595,4882,False
5596,4883,False
5597,4884,False
5598,4885,False
5599,4886,False
5600,4887,False
5601,4888,False
5602,4889,False
5603,4890,False
5604,4891,False
5605,4892,False
5606,4893,False
5607,4894,False
5608,4895,False
5609,4896,False
5610,4897,False
5611,4898,False
5612,4899,False
5613,4900,False
5614,4901,False
5615,4902,False
5616,4903,False
5617,4904,False
5618,4905,False
5619,4906,False
5620,4907,False
5621,4908,False
5622,4909,False
5623,4910,False
5624,4911,False
5625,4912,False
5626,4913,False
5627,4914,False
5628,4915,False
5629,4916,False
5630,4917,False
5631,4918,False
5632,4919,False
5633,4920,False
5634,4921,False
5635,4922,False
5636,4923,False
5637,4924,False
5638,4925,False
5639,4926,False
5640,4927,False
5641,4928,False
5642,4929,False
5643,4930,False
5644,4931,False
5645,4932,False
5646,4933,False
5647,4934,False
5648,4935,False
5649,4936,False
5650,4937,False
5651,4938,False
5652,4939,False
5653,4940,False
5654,4941,False
5655,4942,False
5656,4943,False
5657,4944,False
5658,4945,False
5659,4946,False
5660,4947,False
5661,4948,False
5662,4949,False
5663,4950,False
5664,4951,False
5665,4952,False
5666,4953,False
5667,4954,False
5668,4955,False
5669,4956,False
5670,4957,False
5671,4958,False
5672,4959,False
5673,4960,False
5674,4961,False
5675,4962,False
5676,4963,False
5677,4964,False
5678,4965,False
5679,4966,False
5680,4967,False
5681,4968,False
5682,4969,False
5683,4970,False
5684,4971,False
5685,4972,False
5686,4973,False
5687,4974,False
5688,4975,False
5689,4976,False
5690,4977,False
5691,4978,False
5692,4979,False
5693,4980,False
5694,4981,False
5695,4982,False
5696,4983,False
5697,4984,False
5698,4985,False
5699,4986,False
5700,4987,False
5701,4988,False
5702,4989,False
5703,4990,False
5704,4991,False
5705,4992,False
5706,4993,False
5707,4994,False
5708,4995,False
5709,4996,False
5710,4997,False
5711,4998,False
5712,4999,False
5713,5000,False
5714,5001,False
5715,5002,False
5716,5003,False
5717,5004,False
5718,5005,False
5719,5006,False
5720,5007,False
5721,5008,False
5722,5009,False
5723,5010,False
5724,5011,False
5725,5012,False
5726,5013,False
5727,5014,False
5728,5015,False
5729,5016,False
5730,5017,False
5731,5018,False
5732,5019,False
5733,5020,False
5734,5021,False
5735,5022,False
5736,5023,False
5737,5024,False
5738,5025,False
5739,5026,False
5740,5027,False
5741,5028,False
5742,5029,False
5743,5030,False
5744,5031,False
5745,5032,False
5746,5033,False
5747,5034,False
5748,5035,False
5749,5036,False
5750,5037,False
5751,5038,False
5752,5039,False
5753,5040,False
5754,5041,False
5755,5042,False
5756,5043,False
5757,5044,False
5758,5045,False
5759,5046,False
5760,5047,False
5761,5048,False
5762,5049,False
5763,5050,False
5764,5051,False
5765,5052,False
5766,5053,False
5767,5054,False
5768,5055,False
5769,5056,False
5770,5057,False
5771,5058,False
5772,5059,False
5773,5060,False
5774,5061,False
5775,5062,False
5776,5063,False
5777,5064,False
5778,5065,False
5779,5066,False
5780,5067,False
5781,5068,False
5782,5069,False
5783,5070,False
5784,5071,False
5785,5072,False
5786,5073,False
5787,5074,False
5788,5075,False
5789,5076,False
5790,5077,False
5791,5078,False
5792,5079,False
5793,5080,False
5794,5081,False
5795,5082,False
5796,5083,False
5797,5084,False
5798,5085,False
5799,5086,False
5800,5087,False
5801,5088,False
5802,5089,False
5803,5090,False
5804,5091,False
5805,5092,False
5806,5093,False
5807,5094,False
5808,5095,False
5809,5096,False
5810,5097,False
5811,5098,False
5812,5099,False
5813,5100,False
5814,5101,False
5815,5102,False
5816,5103,False
5817,5104,False
5818,5105,False
5819,5106,False
5820,5107,False
5821,5108,False
5822,5109,False
5823,5110,False
5824,5111,False
5825,5112,False
5826,5113,False
5827,5114,False
5828,5115,False
5829,5116,False
5830,5117,False
5831,5118,False
5832,5119,False
5833,5120,False
5834,5121,False
5835,5122,False
5836,5123,False
5837,5124,False
5838,5125,False
5839,5126,False
5840,5127,False
5841,5128,False
5842,5129,False
5843,5130,False
5844,5131,False
5845,5132,False
5846,5133,False
5847,5134,False
5848,5135,False
5849,5136,False
5850,5137,False
5851,5138,False
5852,5139,False
5853,5140,False
5854,5141,False
5855,5142,False
5856,5143,False
5857,5144,False
5858,5145,False
5859,5146,False
5860,5147,False
5861,5148,False
5862,5149,False
5863,5150,False
5864,5151,False
5865,5152,False
5866,5153,False
5867,5154,False
5868,5155,False
5869,5156,False
5870,5157,False
5871,5158,False
5872,5159,False
5873,5160,False
5874,5161,False
5875,5162,False
5876,5163,False
5877,5164,False
5878,5165,False
5879,5166,False
5880,5167,False
5881,5168,False
5882,5169,False
5883,5170,False
5884,5171,False
5885,5172,False
5886,5173,False
5887,5174,False
5888,5175,False
5889,5176,False
5890,5177,False
5891,5178,False
5892,5179,False
5893,5180,False
5894,5181,False
5895,5182,False
5896,5183,False
5897,5184,False
5898,5185,False
5899,5186,False
5900,5187,False
5901,5188,False
5902,5189,False
5903,5190,False
5904,5191,False
5905,5192,False
5906,5193,False
5907,5194,False
5908,5195,False
5909,5196,False
5910,5197,False
5911,5198,False
5912,5199,False
5913,5200,False
5914,5201,False
5915,5202,False
5916,5203,False
5917,5204,False
5918,5205,False
5919,5206,False
5920,5207,False
5921,5208,False
5922,5209,False
5923,5210,False
5924,5211,False
5925,5212,False
5926,5213,False
5927,5214,False
5928,5215,False
5929,5216,False
5930,5217,False
5931,5218,False
5932,5219,False
5933,5220,False
5934,5221,False
5935,5222,False
5936,5223,False
5937,5224,False
5938,5225,False
5939,5226,False
5940,5227,False
5941,5228,False
5942,5229,False
5943,5230,False
5944,5231,False
5945,5232,False
5946,5233,False
5947,5234,False
5948,5235,False
5949,5236,False
5950,5237,False
5951,5238,False
5952,5239,False
5953,5240,False
5954,5241,False
5955,5242,False
5956,5243,False
5957,5244,False
5958,5245,False
5959,5246,False
5960,5247,False
5961,5248,False
5962,5249,False
5963,5250,False
5964,5251,False
5965,5252,False
5966,5253,False
5967,5254,False
5968,5255,False
5969,5256,False
5970,5257,False
5971,5258,False
5972,5259,False
5973,5260,False
5974,5261,False
5975,5262,False
5976,5263,False
5977,5264,False
5978,5265,False
5979,5266,False
5980,5267,False
5981,5268,False
5982,5269,False
5983,5270,False
5984,5271,False
5985,5272,False
5986,5273,False
5987,5274,False
5988,5275,False
5989,5276,False
5990,5277,False
5991,5278,False
5992,5279,False
5993,5280,False
5994,5281,False
5995,5282,False
5996,5283,False
5997,5284,False
5998,5285,False
5999,5286,False
6000,5287,False
6001,5288,False
6002,5289,False
6003,5290,False
6004,5291,False
6005,5292,False
6006,5293,False
6007,5294,False
6008,5295,False
6009,5296,False
6010,5297,False
6011,5298,False
6012,5299,False
6013,5300,False
6014,5301,False
6015,5302,False
6016,5303,False
6017,5304,False
6018,5305,False
6019,5306,False
6020,5307,False
6021,5308,False
6022,5309,False
6023,5310,False
6024,5311,False
6025,5312,False
6026,5313,False
6027,5314,False
6028,5315,False
6029,5316,False
6030,5317,False
6031,5318,False
6032,5319,False
6033,5320,False
6034,5321,False
6035,5322,False
6036,5323,False
6037,5324,False
6038,5325,False
6039,5326,False
6040,5327,False
6041,5328,False
6042,5329,False
6043,5330,False
6044,5331,False
6045,5332,False
6046,5333,False
6047,5334,False
6048,5335,False
6049,5336,False
6050,5337,False
6051,5338,False
6052,5339,False
6053,5340,False
6054,5341,False
6055,5342,False
6056,5343,False
6057,5344,False
6058,5345,False
6059,5346,False
6060,5347,False
6061,5348,False
6062,5349,False
6063,5350,False
6064,5351,False
6065,5352,False
6066,5353,False
6067,5354,False
6068,5355,False
6069,5356,False
6070,5357,False
6071,5358,False
6072,5359,False
6073,5360,False
6074,5361,False
6075,5362,False
6076,5363,False
6077,5364,False
6078,5365,False
6079,5366,False
6080,5367,False
6081,5368,False
6082,5369,False
6083,5370,False
6084,5371,False
6085,5372,False
6086,5373,False
6087,5374,False
6088,5375,False
6089,5376,False
6090,5377,False
6091,5378,False
6092,5379,False
6093,5380,False
6094,5381,False
6095,5382,False
6096,5383,False
6097,5384,False
6098,5385,False
6099,5386,False
6100,5387,False
6101,5388,False
6102,5389,False
6103,5390,False
6104,5391,False
6105,5392,False
6106,5393,False
6107,5394,False
6108,5395,False
6109,5396,False
6110,5397,False
6111,5398,False
6112,5399,False
6113,5400,False
6114,5401,False
6115,5402,False
6116,5403,False
6117,5404,False
6118,5405,False
6119,5406,False
6120,5407,False
6121,5408,False
6122,5409,False
6123,5410,False
6124,5411,False
6125,5412,False
6126,5413,False
6127,5414,False
6128,5415,False
6129,5416,False
6130,5417,False
6131,5418,False
6132,5419,False
6133,5420,False
6134,5421,False
6135,5422,False
6136,5423,False
6137,5424,False
6138,5425,False
6139,5426,False
6140,5427,False
6141,5428,False
6142,5429,False
6143,5430,False
6144,5431,False
6145,5432,False
6146,5433,False
6147,5434,False
6148,5435,False
6149,5436,False
6150,5437,False
6151,5438,False
6152,5439,False
6153,5440,False
6154,5441,False
6155,5442,False
6156,5443,False
6157,5444,False
6158,5445,False
6159,5446,False
6160,5447,False
6161,5448,False
6162,5449,False
6163,5450,False
6164,5451,False
6165,5452,False
6166,5453,False
6167,5454,False
6168,5455,False
6169,5456,False
6170,5457,False
6171,5458,False
6172,5459,False
6173,5460,False
6174,5461,False
6175,5462,False
6176,5463,False
6177,5464,False
6178,5465,False
6179,5466,False
6180,5467,False
6181,5468,False
6182,5469,False
6183,5470,False
6184,5471,False
6185,5472,False
6186,5473,False
6187,5474,False
6188,5475,False
6189,5476,False
6190,5477,False
6191,5478,False
6192,5479,False
6193,5480,False
6194,5481,False
6195,5482,False
6196,5483,False
6197,5484,False
6198,5485,False
6199,5486,False
6200,5487,False
6201,5488,False
6202,5489,False
6203,5490,False
6204,5491,False
6205,5492,False
6206,5493,False
6207,5494,False
6208,5495,False
6209,5496,False
6210,5497,False
6211,5498,False
6212,5499,False
6213,5500,False
6214,5501,False
6215,5502,False
6216,5503,False
6217,5504,False
6218,5505,False
6219,5506,False
6220,5507,False
6221,5508,False
6222,5509,False
6223,5510,False
6224,5511,False
6225,5512,False
6226,5513,False
6227,5514,False
6228,5515,False
6229,5516,False
6230,5517,False
6231,5518,False
6232,5519,False
6233,5520,False
6234,5521,False
6235,5522,False
6236,5523,False
6237,5524,False
6238,5525,False
6239,5526,False
6240,5527,False
6241,5528,False
6242,5529,False
6243,5530,False
6244,5531,False
6245,5532,False
6246,5533,False
6247,5534,False
6248,5535,False
6249,5536,False
6250,5537,False
6251,5538,False
6252,5539,False
6253,5540,False
6254,5541,False
6255,5542,False
6256,5543,False
6257,5544,False
6258,5545,False
6259,5546,False
6260,5547,False
6261,5548,False
6262,5549,False
6263,5550,False
6264,5551,False
6265,5552,False
6266,5553,False
6267,5554,False
6268,5555,False
6269,5556,False
6270,5557,False
6271,5558,False
6272,5559,False
6273,5560,False
6274,5561,False
6275,5562,False
6276,5563,False
6277,5564,False
6278,5565,False
6279,5566,False
6280,5567,False
6281,5568,False
6282,5569,False
6283,5570,False
6284,5571,False
6285,5572,False
6286,5573,False
6287,5574,False
6288,5575,False
6289,5576,False
6290,5577,False
6291,5578,False
6292,5579,False
6293,5580,False
6294,5581,False
6295,5582,False
6296,5583,False
6297,5584,False
6298,5585,False
6299,5586,False
6300,5587,False
6301,5588,False
6302,5589,False
6303,5590,False
6304,5591,False
6305,5592,False
6306,5593,False
6307,5594,False
6308,5595,False
6309,5596,False
6310,5597,False
6311,5598,False
6312,5599,False
6313,5600,False
6314,5601,False
6315,5602,False
6316,5603,False
6317,5604,False
6318,5605,False
6319,5606,False
6320,5607,False
6321,5608,False
6322,5609,False
6323,5610,False
6324,5611,False
6325,5612,False
6326,5613,False
6327,5614,False
6328,5615,False
6329,5616,False
6330,5617,False
6331,5618,False
6332,5619,False
6333,5620,False
6334,5621,False
6335,5622,False
6336,5623,False
6337,5624,False
6338,5625,False
6339,5626,False
6340,5627,False
6341,5628,False
6342,5629,False
6343,5630,False
6344,5631,False
6345,5632,False
6346,5633,False
6347,5634,False
6348,5635,False
6349,5636,False
6350,5637,False
6351,5638,False
6352,5639,False
6353,5640,False
6354,5641,False
6355,5642,False
6356,5643,False
6357,5644,False
6358,5645,False
6359,5646,False
6360,5647,False
6361,5648,False
6362,5649,False
6363,5650,False
6364,5651,False
6365,5652,False
6366,5653,False
6367,5654,False
6368,5655,False
6369,5656,False
6370,5657,False
6371,5658,False
6372,5659,False
6373,5660,False
6374,5661,False
6375,5662,False
6376,5663,False
6377,5664,False
6378,5665,False
6379,5666,False
6380,5667,False
6381,5668,False
6382,5669,False
6383,5670,False
6384,5671,False
6385,5672,False
6386,5673,False
6387,5674,False
6388,5675,False
6389,5676,False
6390,5677,False
6391,5678,False
6392,5679,False
6393,5680,False
6394,5681,False
6395,5682,False
6396,5683,False
6397,5684,False
6398,5685,False
6399,5686,False
6400,5687,False
6401,5688,False
6402,5689,False
6403,5690,False
6404,5691,False
6405,5692,False
6406,5693,False
6407,5694,False
6408,5695,False
6409,5696,False
6410,5697,False
6411,5698,False
6412,5699,False
6413,5700,False
6414,5701,False
6415,5702,False
6416,5703,False
6417,5704,False
6418,5705,False
6419,5706,False
6420,5707,False
6421,5708,False
6422,5709,False
6423,5710,False
6424,5711,False
6425,5712,False
6426,5713,False
6427,5714,False
6428,5715,False
6429,5716,False
6430,5717,False
6431,5718,False
6432,5719,False
6433,5720,False
6434,5721,False
6435,5722,False
6436,5723,False
6437,5724,False
6438,5725,False
6439,5726,False
6440,5727,False
6441,5728,False
6442,5729,False
6443,5730,False
6444,5731,False
6445,5732,False
6446,5733,False
6447,5734,False
6448,5735,False
6449,5736,False
6450,5737,False
6451,5738,False
6452,5739,False
6453,5740,False
6454,5741,False
6455,5742,False
6456,5743,False
6457,5744,False
6458,5745,False
6459,5746,False
6460,5747,False
6461,5748,False
6462,5749,False
6463,5750,False
6464,5751,False
6465,5752,False
6466,5753,False
6467,5754,False
6468,5755,False
6469,5756,False
6470,5757,False
6471,5758,False
6472,5759,False
6473,5760,False
6474,5761,False
6475,5762,False
6476,5763,False
6477,5764,False
6478,5765,False
6479,5766,False
6480,5767,False
6481,5768,False
6482,5769,False
6483,5770,False
6484,5771,False
6485,5772,False
6486,5773,False
6487,5774,False
6488,5775,False
6489,5776,False
6490,5777,False
6491,5778,False
6492,5779,False
6493,5780,False
6494,5781,False
6495,5782,False
6496,5783,False
6497,5784,False
6498,5785,False
6499,5786,False
6500,5787,False
6501,5788,False
6502,5789,False
6503,5790,False
6504,5791,False
6505,5792,False
6506,5793,False
6507,5794,False
6508,5795,False
6509,5796,False
6510,5797,False
6511,5798,False
6512,5799,False
6513,5800,False
6514,5801,False
6515,5802,False
6516,5803,False
6517,5804,False
6518,5805,False
6519,5806,False
6520,5807,False
6521,5808,False
6522,5809,False
6523,5810,False
6524,5811,False
6525,5812,False
6526,5813,False
6527,5814,False
6528,5815,False
6529,5816,False
6530,5817,False
6531,5818,False
6532,5819,False
6533,5820,False
6534,5821,False
6535,5822,False
6536,5823,False
6537,5824,False
6538,5825,False
6539,5826,False
6540,5827,False
6541,5828,False
6542,5829,False
6543,5830,False
6544,5831,False
6545,5832,False
6546,5833,False
6547,5834,False
6548,5835,False
6549,5836,False
6550,5837,False
6551,5838,False
6552,5839,False
6553,5840,False
6554,5841,False
6555,5842,False
6556,5843,False
6557,5844,False
6558,5845,False
6559,5846,False
6560,5847,False
6561,5848,False
6562,5849,False
6563,5850,False
6564,5851,False
6565,5852,False
6566,5853,False
6567,5854,False
6568,5855,False
6569,5856,False
6570,5857,False
6571,5858,False
6572,5859,False
6573,5860,False
6574,5861,False
6575,5862,False
6576,5863,False
6577,5864,False
6578,5865,False
6579,5866,False
6580,5867,False
6581,5868,False
6582,5869,False
6583,5870,False
6584,5871,False
6585,5872,False
6586,5873,False
6587,5874,False
6588,5875,False
6589,5876,False
6590,5877,False
6591,5878,False
6592,5879,False
6593,5880,False
6594,5881,False
6595,5882,False
6596,5883,False
6597,5884,False
6598,5885,False
6599,5886,False
6600,5887,False
6601,5888,False
6602,5889,False
6603,5890,False
6604,5891,False
6605,5892,False
6606,5893,False
6607,5894,False
6608,5895,False
6609,5896,False
6610,5897,False
6611,5898,False
6612,5899,False
6613,5900,False
6614,5901,False
6615,5902,False
6616,5903,False
6617,5904,False
6618,5905,False
6619,5906,False
6620,5907,False
6621,5908,False
6622,5909,False
6623,5910,False
6624,5911,False
6625,5912,False
6626,5913,False
6627,5914,False
6628,5915,False
6629,5916,False
6630,5917,False
6631,5918,False
6632,5919,False
6633,5920,False
6634,5921,False
6635,5922,False
6636,5923,False
6637,5924,False
6638,5925,False
6639,5926,False
6640,5927,False
6641,5928,False
6642,5929,False
6643,5930,False
6644,5931,False
6645,5932,False
6646,5933,False
6647,5934,False
6648,5935,False
6649,5936,False
6650,5937,False
6651,5938,False
6652,5939,False
6653,5940,False
6654,5941,False
6655,5942,False
6656,5943,False
6657,5944,False
6658,5945,False
6659,5946,False
6660,5947,False
6661,5948,False
6662,5949,False
6663,5950,False
6664,5951,False
6665,5952,False
6666,5953,False
6667,5954,False
6668,5955,False
6669,5956,False
6670,5957,False
6671,5958,False
6672,5959,False
6673,5960,False
6674,5961,False
6675,5962,False
6676,5963,False
6677,5964,False
6678,5965,False
6679,5966,False
6680,5967,False
6681,5968,False
6682,5969,False
6683,5970,False
6684,5971,False
6685,5972,False
6686,5973,False
6687,5974,False
6688,5975,False
6689,5976,False
6690,5977,False
6691,5978,False
6692,5979,False
6693,5980,False
6694,5981,False
6695,5982,False
6696,5983,False
6697,5984,False
6698,5985,False
6699,5986,False
6700,5987,False
6701,5988,False
6702,5989,False
6703,5990,False
6704,5991,False
6705,5992,False
6706,5993,False
6707,5994,False
6708,5995,False
6709,5996,False
6710,5997,False
6711,5998,False
6712,5999,False
6713,6000,False
6714,6001,False
6715,6002,False
6716,6003,False
6717,6004,False
6718,6005,False
6719,6006,False
6720,6007,False
6721,6008,False
6722,6009,False
6723,6010,False
6724,6011,False
6725,6012,False
6726,6013,False
6727,6014,False
6728,6015,False
6729,6016,False
6730,6017,False
6731,6018,False
6732,6019,False
6733,6020,False
6734,6021,False
6735,6022,False
6736,6023,False
6737,6024,False
6738,6025,False
6739,6026,False
6740,6027,False
6741,6028,False
6742,6029,False
6743,6030,False
6744,6031,False
6745,6032,False
6746,6033,False
6747,6034,False
6748,6035,False
6749,6036,False
6750,6037,False
6751,6038,False
6752,6039,False
6753,6040,False
6754,6041,False
6755,6042,False
6756,6043,False
6757,6044,False
6758,6045,False
6759,6046,False
6760,6047,False
6761,6048,False
6762,6049,False
6763,6050,False
6764,6051,False
6765,6052,False
6766,6053,False
6767,6054,False
6768,6055,False
6769,6056,False
6770,6057,False
6771,6058,False
6772,6059,False
6773,6060,False
6774,6061,False
6775,6062,False
6776,6063,False
6777,6064,False
6778,6065,False
6779,6066,False
6780,6067,False
6781,6068,False
6782,6069,False
6783,6070,False
6784,6071,False
6785,6072,False
6786,6073,False
6787,6074,False
6788,6075,False
6789,6076,False
6790,6077,False
6791,6078,False
6792,6079,False
6793,6080,False
6794,6081,False
6795,6082,False
6796,6083,False
6797,6084,False
6798,6085,False
6799,6086,False
6800,6087,False
6801,6088,False
6802,6089,False
6803,6090,False
6804,6091,False
6805,6092,False
6806,6093,False
6807,6094,False
6808,6095,False
6809,6096,False
6810,6097,False
6811,6098,False
6812,6099,False
6813,6100,False
6814,6101,False
6815,6102,False
6816,6103,False
6817,6104,False
6818,6105,False
6819,6106,False
6820,6107,False
6821,6108,False
6822,6109,False
6823,6110,False
6824,6111,False
6825,6112,False
6826,6113,False
6827,6114,False
6828,6115,False
6829,6116,False
6830,6117,False
6831,6118,False
6832,6119,False
6833,6120,False
6834,6121,False
6835,6122,False
6836,6123,False
6837,6124,False
6838,6125,False
6839,6126,False
6840,6127,False
6841,6128,False
6842,6129,False
6843,6130,False
6844,6131,False
6845,6132,False
6846,6133,False
6847,6134,False
6848,6135,False
6849,6136,False
6850,6137,False
6851,6138,False
6852,6139,False
6853,6140,False
6854,6141,False
6855,6142,False
6856,6143,False
6857,6144,False
6858,6145,False
6859,6146,False
6860,6147,False
6861,6148,False
6862,6149,False
6863,6150,False
6864,6151,False
6865,6152,False
6866,6153,False
6867,6154,False
6868,6155,False
6869,6156,False
6870,6157,False
6871,6158,False
6872,6159,False
6873,6160,False
6874,6161,False
6875,6162,False
6876,6163,False
6877,6164,False
6878,6165,False
6879,6166,False
6880,6167,False
6881,6168,False
6882,6169,False
6883,6170,False
6884,6171,False
6885,6172,False
6886,6173,False
6887,6174,False
6888,6175,False
6889,6176,False
6890,6177,False
6891,6178,False
6892,6179,False
6893,6180,False
6894,6181,False
6895,6182,False
6896,6183,False
6897,6184,False
6898,6185,False
6899,6186,False
6900,6187,False
6901,6188,False
6902,6189,False
6903,6190,False
6904,6191,False
6905,6192,False
6906,6193,False
6907,6194,False
6908,6195,False
6909,6196,False
6910,6197,False
6911,6198,False
6912,6199,False
6913,6200,False
6914,6201,False
6915,6202,False
6916,6203,False
6917,6204,False
6918,6205,False
6919,6206,False
6920,6207,False
6921,6208,False
6922,6209,False
6923,6210,False
6924,6211,False
6925,6212,False
6926,6213,False
6927,6214,False
6928,6215,False
6929,6216,False
6930,6217,False
6931,6218,False
6932,6219,False
6933,6220,False
6934,6221,False
6935,6222,False
6936,6223,False
6937,6224,False
6938,6225,False
6939,6226,False
6940,6227,False
6941,6228,False
6942,6229,False
6943,6230,False
6944,6231,False
6945,6232,False
6946,6233,False
6947,6234,False
6948,6235,False
6949,6236,False
6950,6237,False
6951,6238,False
6952,6239,False
6953,6240,False
6954,6241,False
6955,6242,False
6956,6243,False
6957,6244,False
6958,6245,False
6959,6246,False
6960,6247,False
6961,6248,False
6962,6249,False
6963,6250,False
6964,6251,False
6965,6252,False
6966,6253,False
6967,6254,False
6968,6255,False
6969,6256,False
6970,6257,False
6971,6258,False
6972,6259,False
6973,6260,False
6974,6261,False
6975,6262,False
6976,6263,False
6977,6264,False
6978,6265,False
6979,6266,False
6980,6267,False
6981,6268,False
6982,6269,False
6983,6270,False
6984,6271,False
6985,6272,False
6986,6273,False
6987,6274,False
6988,6275,False
6989,6276,False
6990,6277,False
6991,6278,False
6992,6279,False
6993,6280,False
6994,6281,False
6995,6282,False
6996,6283,False
6997,6284,False
6998,6285,False
6999,6286,False
7000,6287,False
7001,6288,False
7002,6289,False
7003,6290,False
7004,6291,False
7005,6292,False
7006,6293,False
7007,6294,False
7008,6295,False
7009,6296,False
7010,6297,False
7011,6298,False
7012,6299,False
7013,6300,False
7014,6301,False
7015,6302,False
7016,6303,False
7017,6304,False
7018,6305,False
7019,6306,False
7020,6307,False
7021,6308,False
7022,6309,False
7023,6310,False
7024,6311,False
7025,6312,False
7026,6313,False
7027,6314,False
7028,6315,False
7029,6316,False
7030,6317,False
7031,6318,False
7032,6319,False
7033,6320,False
7034,6321,False
7035,6322,False
7036,6323,False
7037,6324,False
7038,6325,False
7039,6326,False
7040,6327,False
7041,6328,False
7042,6329,False
7043,6330,False
7044,6331,False
7045,6332,False
7046,6333,False
7047,6334,False
7048,6335,False
7049,6336,False
7050,6337,False
7051,6338,False
7052,6339,False
7053,6340,False
7054,6341,False
7055,6342,False
7056,6343,False
7057,6344,False
7058,6345,False
7059,6346,False
7060,6347,False
7061,6348,False
7062,6349,False
7063,6350,False
7064,6351,False
7065,6352,False
7066,6353,False
7067,6354,False
7068,6355,False
7069,6356,False
7070,6357,False
7071,6358,False
7072,6359,False
7073,6360,False
7074,6361,False
7075,6362,False
7076,6363,False
7077,6364,False
7078,6365,False
7079,6366,False
7080,6367,False
7081,6368,False
7082,6369,False
7083,6370,False
7084,6371,False
7085,6372,False
7086,6373,False
7087,6374,False
7088,6375,False
7089,6376,False
7090,6377,False
7091,6378,False
7092,6379,False
7093,6380,False
7094,6381,False
7095,6382,False
7096,6383,False
7097,6384,False
7098,6385,False
7099,6386,False
7100,6387,False
7101,6388,False
7102,6389,False
7103,6390,False
7104,6391,False
7105,6392,False
7106,6393,False
7107,6394,False
7108,6395,False
7109,6396,False
7110,6397,False
7111,6398,False
7112,6399,False
7113,6400,False
7114,6401,False
7115,6402,False
7116,6403,False
7117,6404,False
7118,6405,False
7119,6406,False
7120,6407,False
7121,6408,False
7122,6409,False
7123,6410,False
7124,6411,False
7125,6412,False
7126,6413,False
7127,6414,False
7128,6415,False
7129,6416,False
7130,6417,False
7131,6418,False
7132,6419,False
7133,6420,False
7134,6421,False
7135,6422,False
7136,6423,False
7137,6424,False
7138,6425,False
7139,6426,False
7140,6427,False
7141,6428,False
7142,6429,False
7143,6430,False
7144,6431,False
7145,6432,False
7146,6433,False
7147,6434,False
7148,6435,False
7149,6436,False
7150,6437,False
7151,6438,False
7152,6439,False
7153,6440,False
7154,6441,False
7155,6442,False
7156,6443,False
7157,6444,False
7158,6445,False
7159,6446,False
7160,6447,False
7161,6448,False
7162,6449,False
7163,6450,False
7164,6451,False
7165,6452,False
7166,6453,False
7167,6454,False
7168,6455,False
7169,6456,False
7170,6457,False
7171,6458,False
7172,6459,False
7173,6460,False
7174,6461,False
7175,6462,False
7176,6463,False
7177,6464,False
7178,6465,False
7179,6466,False
7180,6467,False
7181,6468,False
7182,6469,False
7183,6470,False
7184,6471,False
7185,6472,False
7186,6473,False
7187,6474,False
7188,6475,False
7189,6476,False
7190,6477,False
7191,6478,False
7192,6479,False
7193,6480,False
7194,6481,False
7195,6482,False
7196,6483,False
7197,6484,False
7198,6485,False
7199,6486,False
7200,6487,False
7201,6488,False
7202,6489,False
7203,6490,False
7204,6491,False
7205,6492,False
7206,6493,False
7207,6494,False
7208,6495,False
7209,6496,False
7210,6497,False
7211,6498,False
7212,6499,False
7213,6500,False
7214,6501,False
7215,6502,False
7216,6503,False
7217,6504,False
7218,6505,False
7219,6506,False
7220,6507,False
7221,6508,False
7222,6509,False
7223,6510,False
7224,6511,False
7225,6512,False
7226,6513,False
7227,6514,False
7228,6515,False
7229,6516,False
7230,,True
7231,,True
7232,,True
7233,,True
7234,,True
7235,,True
7236,,True
7237,,True
7238,,True
7239,,True
7240,,True
7241,,True
7242,,True
7243,,True
7244,,True
7245,,True
7246,,True
7247,,True
7248,,True
7249,,True
7250,,True
7251,,True
7252,,True
7253,,True
7254,,True
7255,,True
7256,,True
7257,,True
7258,,True
7259,,True
7260,,True
7261,,True
7262,,True
7263,,True
7264,,True
7265,,True
7266,,True
7267,,True
7268,,True
7269,,True
7270,,True
7271,,True
7272,,True
7273,,True
7274,,True
7275,,True
7276,,True
7277,,True
7278,,True
7279,,True
7280,,True
7281,,True
7282,,True
7283,,True
7284,,True
7285,,True
7286,,True
7287,,True
7288,,True
7289,,True
7290,,True
7291,,True
7292,,True
7293,,True
7294,,True
7295,,True
7296,,True
7297,,True
7298,,True
7299,,True
7300,,True
7301,,True
7302,,True
7303,,True
7304,,True
7305,,True
7306,,True
7307,,True
7308,,True
7309,,True
7310,,True
7311,,True
7312,,True
7313,,True
7314,,True
7315,,True
7316,,True
7317,,True
7318,,True
7319,,True
7320,,True
7321,,True
7322,,True
7323,,True
7324,,True
7325,,True
7326,,True
7327,,True
7328,,True
7329,,True
7330,,True
7331,,True
7332,,True
7333,,True
7334,,True
7335,,True
7336,,True
7337,,True
7338,,True
7339,,True
7340,,True
7341,,True
7342,,True
7343,,True
7344,,True
7345,,True
7346,,True
7347,,True
7348,,True
7349,,True
7350,,True
7351,,True
7352,,True
7353,,True
7354,,True
7355,,True
7356,,True
7357,,True
7358,,True
7359,,True
7360,,True
7361,,True
7362,,True
7363,,True
7364,,True
7365,,True
7366,,True
7367,,True
7368,,True
7369,,True
7370,,True
7371,,True
7372,,True
7373,,True
7374,,True
7375,,True
7376,,True
7377,,True
7378,,True
7379,,True
7380,,True
7381,,True
7382,,True
7383,,True
7384,,True
7385,,True
7386,,True
7387,,True
7388,,True
7389,,True
7390,,True
7391,,True
7392,,True
7393,,True
7394,,True
7395,,True
7396,,True
7397,,True
7398,,True
7399,,True
7400,,True
7401,,True
7402,,True
7403,,True
7404,,True
7405,,True
7406,,True
7407,,True
7408,,True
7409,,True
7410,,True
7411,,True
7412,,True
7413,,True
7414,,True
7415,,True
7416,,True
7417,,True
7418,,True
7419,,True
7420,,True
7421,,True
7422,,True
7423,,True
7424,,True
7425,,True
7426,,True
7427,,True
7428,,True
7429,,True
7430,,True
7431,,True
7432,,True
7433,,True
7434,,True
7435,,True
7436,,True
7437,,True
7438,,True
7439,,True
7440,,True
7441,,True
7442,,True
7443,,True
7444,,True
7445,,True
7446,,True
7447,,True
7448,,True
7449,,True
7450,,True
7451,,True
7452,,True
7453,,True
7454,,True
7455,,True
7456,,True
7457,,True
7458,,True
7459,,True
7460,,True
7461,,True
7462,,True
7463,,True
7464,,True
7465,,True
7466,,True
7467,,True
7468,,True
7469,,True
7470,,True
7471,,True
7472,,True
7473,,True
7474,,True
7475,,True
7476,,True
7477,,True
7478,,True
7479,,True
7480,,True
7481,,True
7482,,True
7483,,True
7484,,True
7485,,True
7486,,True
7487,,True
7488,,True
7489,,True
7490,,True
7491,,True
7492,,True
7493,,True
7494,,True
7495,,True
7496,,True
7497,,True
7498,,True
7499,,True
7500,,True
7501,,True
7502,,True
7503,,True
7504,,True
7505,,True
7506,,True
7507,,True
7508,,True
7509,,True
7510,,True
7511,,True
7512,,True
7513,,True
7514,,True
7515,,True
7516,,True
7517,,True
7518,,True
7519,,True
7520,,True
7521,,True
7522,,True
7523,,True
7524,,True
7525,,True
7526,,True
7527,,True
7528,,True
7529,,True
7530,,True
7531,,True
7532,,True
7533,,True
7534,,True
7535,,True
7536,,True
7537,,True
7538,,True
7539,,True
7540,,True
7541,,True
7542,,True
7543,,True
7544,,True
7545,,True
7546,,True
7547,,True
7548,,True
7549,,True
7550,,True
7551,,True
7552,,True
7553,,True
7554,,True
7555,,True
7556,,True
7557,,True
7558,,True
7559,,True
7560,,True
7561,,True
7562,,True
7563,,True
7564,,True
7565,,True
7566,,True
7567,,True
7568,,True
7569,,True
7570,,True
7571,,True
7572,,True
7573,,True
7574,,True
7575,,True
7576,,True
7577,,True
7578,,True
7579,,True
7580,,True
7581,,True
7582,,True
7583,,True
7584,,True
7585,,True
7586,,True
7587,,True
7588,,True
7589,,True
7590,,True
7591,,True
7592,,True
7593,,True
7594,,True
7595,,True
7596,,True
7597,,True
7598,,True
7599,,True
7600,,True
7601,,True
7602,,True
7603,,True
7604,,True
7605,,True
7606,,True
7607,,True
7608,,True
7609,,True
7610,,True
7611,,True
7612,,True
7613,,True
7614,,True
7615,,True
7616,,True
7617,,True
7618,,True
7619,,True
7620,,True
7621,,True
7622,,True
7623,,True
7624,,True
7625,,True
7626,,True
7627,,True
7628,,True
7629,,True
7630,,True
7631,,True
7632,,True
7633,,True
7634,,True
7635,,True
7636,,True
7637,,True
7638,,True
7639,,True
7640,,True
7641,,True
7642,,True
7643,,True
7644,,True
7645,,True
7646,,True
7647,,True
7648,,True
7649,,True
7650,,True
7651,,True
7652,,True
7653,,True
7654,,True
7655,,True
7656,,True
7657,,True
7658,,True
7659,,True
7660,,True
7661,,True
7662,,True
7663,,True
7664,,True
7665,,True
7666,,True
7667,,True
7668,,True
7669,,True
7670,,True
7671,,True
7672,,True
7673,,True
7674,,True
7675,,True
7676,,True
7677,,True
7678,,True
7679,,True
7680,,True
7681,,True
7682,,True
7683,,True
7684,,True
7685,,True
7686,,True
7687,,True
7688,,True
7689,,True
7690,,True
7691,,True
7692,,True
7693,,True
7694,,True
7695,,True
7696,,True
7697,,True
7698,,True
7699,,True
7700,,True
7701,,True
7702,,True
7703,,True
7704,,True
7705,,True
7706,,True
7707,,True
7708,,True
7709,,True
7710,,True
7711,,True
7712,,True
7713,,True
7714,,True
7715,,True
7716,,True
7717,,True
7718,,True
7719,,True
7720,,True
7721,,True
7722,,True
7723,,True
7724,,True
7725,,True
7726,,True
7727,,True
7728,,True
7729,,True
7730,,True
7731,,True
7732,,True
7733,,True
7734,,True
7735,,True
7736,,True
7737,6517,False
7738,6518,False
7739,6519,False
7740,6520,False
7741,6521,False
7742,6522,False
7743,6523,False
7744,6524,False
7745,6525,False
7746,6526,False
7747,6527,False
7748,6528,False
7749,6529,False
7750,6530,False
7751,6531,False
7752,6532,False
7753,6533,False
7754,6534,False
7755,6535,False
7756,6536,False
7757,6537,False
7758,6538,False
7759,6539,False
7760,6540,False
7761,6541,False
7762,6542,False
7763,6543,False
7764,6544,False
7765,6545,False
7766,6546,False
7767,6547,False
7768,6548,False
7769,6549,False
7770,6550,False
7771,6551,False
7772,6552,False
7773,6553,False
7774,6554,False
7775,6555,False
7776,6556,False
7777,6557,False
7778,6558,False
7779,6559,False
7780,6560,False
7781,6561,False
7782,6562,False
7783,6563,False
7784,6564,False
7785,6565,False
7786,6566,False
7787,6567,False
7788,6568,False
7789,6569,False
7790,6570,False
7791,6571,False
7792,6572,False
7793,6573,False
7794,6574,False
7795,6575,False
7796,6576,False
7797,6577,False
7798,6578,False
7799,6579,False
7800,6580,False
7801,6581,False
7802,6582,False
7803,6583,False
7804,6584,False
7805,6585,False
7806,6586,False
7807,6587,False
7808,6588,False
7809,6589,False
7810,6590,False
7811,6591,False
7812,6592,False
7813,6593,False
7814,6594,False
7815,6595,False
7816,6596,False
7817,6597,False
7818,6598,False
7819,6599,False
7820,6600,False
7821,6601,False
7822,6602,False
7823,6603,False
7824,6604,False
7825,6605,False
7826,6606,False
7827,6607,False
7828,6608,False
7829,6609,False
7830,6610,False
7831,6611,False
7832,6612,False
7833,6613,False
7834,6614,False
7835,6615,False
7836,6616,False
7837,6617,False
7838,6618,False
7839,6619,False
7840,6620,False
7841,6621,False
7842,6622,False
7843,6623,False
7844,6624,False
7845,6625,False
7846,6626,False
7847,6627,False
7848,6628,False
7849,6629,False
7850,6630,False
7851,6631,False
7852,6632,False
7853,6633,False
7854,6634,False
7855,6635,False
7856,6636,False
7857,6637,False
7858,6638,False
7859,6639,False
7860,6640,False
7861,6641,False
7862,6642,False
7863,6643,False
7864,6644,False
7865,6645,False
7866,6646,False
7867,6647,False
7868,6648,False
7869,6649,False
7870,6650,False
7871,6651,False
7872,6652,False
7873,6653,False
7874,6654,False
7875,6655,False
7876,6656,False
7877,6657,False
7878,6658,False
7879,6659,False
7880,6660,False
7881,6661,False
7882,6662,False
7883,6663,False
7884,6664,False
7885,6665,False
7886,6666,False
7887,6667,False
7888,6668,False
7889,6669,False
7890,6670,False
7891,6671,False
7892,6672,False
7893,6673,False
7894,6674,False
7895,6675,False
7896,6676,False
7897,6677,False
7898,6678,False
7899,6679,False
7900,6680,False
7901,6681,False
7902,6682,False
7903,6683,False
7904,6684,False
7905,6685,False
7906,6686,False
7907,6687,False
7908,6688,False
7909,6689,False
7910,6690,False
7911,6691,False
7912,6692,False
7913,6693,False
7914,6694,False
7915,6695,False
7916,6696,False
7917,6697,False
7918,6698,False
7919,6699,False
7920,6700,False
7921,6701,False
7922,6702,False
7923,6703,False
7924,6704,False
7925,6705,False
7926,6706,False
7927,6707,False
7928,6708,False
7929,6709,False
7930,6710,False
7931,6711,False
7932,6712,False
7933,6713,False
7934,6714,False
7935,6715,False
7936,6716,False
7937,6717,False
7938,6718,False
7939,6719,False
7940,6720,False
7941,6721,False
7942,6722,False
7943,6723,False
7944,6724,False
7945,6725,False
7946,6726,False
7947,6727,False
7948,6728,False
7949,6729,False
7950,6730,False
7951,6731,False
7952,6732,False
7953,6733,False
7954,6734,False
7955,6735,False
7956,6736,False
7957,6737,False
7958,6738,False
7959,6739,False
7960,6740,False
7961,6741,False
7962,6742,False
7963,6743,False
7964,6744,False
7965,6745,False
7966,6746,False
7967,6747,False
7968,6748,False
7969,6749,False
7970,6750,False
7971,6751,False
7972,6752,False
7973,6753,False
7974,6754,False
7975,6755,False
7976,6756,False
7977,6757,False
7978,6758,False
7979,6759,False
7980,6760,False
7981,6761,False
7982,6762,False
7983,6763,False
7984,6764,False
7985,6765,False
7986,6766,False
7987,6767,False
7988,6768,False
7989,6769,False
7990,,True
7991,,True
7992,,True
7993,,True
7994,,True
7995,,True
7996,,True
7997,,True
7998,,True
7999,,True
8000,,True
8001,,True
8002,,True
8003,,True
8004,,True
8005,,True
8006,,True
8007,,True
8008,,True
8009,,True
8010,,True
8011,,True
8012,,True
8013,,True
8014,,True
8015,,True
8016,,True
8017,,True
8018,,True
8019,,True
8020,,True
8021,,True
8022,,True
8023,,True
8024,,True
8025,,True
8026,,True
8027,,True
8028,,True
8029,,True
8030,,True
8031,,True
8032,,True
8033,,True
8034,,True
8035,,True
8036,,True
8037,,True
8038,,True
8039,,True
8040,,True
8041,,True
8042,6770,False
8043,6771,False
8044,6772,False
8045,6773,False
8046,6774,False
8047,6775,False
8048,6776,False
8049,6777,False
8050,6778,False
8051,6779,False
8052,6780,False
8053,6781,False
8054,6782,False
8055,6783,False
8056,6784,False
8057,6785,False
8058,6786,False
8059,6787,False
8060,6788,False
8061,6789,False
8062,6790,False
8063,6791,False
8064,6792,False
8065,6793,False
8066,6794,False
8067,6795,False
8068,6796,False
8069,6797,False
8070,6798,False
8071,6799,False
8072,6800,False
8073,6801,False
8074,6802,False
8075,6803,False
8076,6804,False
8077,6805,False
8078,6806,False
8079,6807,False
8080,6808,False
8081,6809,False
8082,6810,False
8083,6811,False
8084,6812,False
8085,6813,False
8086,6814,False
8087,6815,False
8088,6816,False
8089,6817,False
8090,6818,False
8091,6819,False
8092,6820,False
8093,6821,False
8094,6822,False
8095,6823,False
8096,6824,False
8097,6825,False
8098,6826,False
8099,6827,False
8100,6828,False
8101,6829,False
8102,6830,False
8103,6831,False
8104,6832,False
8105,6833,False
8106,6834,False
8107,6835,False
8108,6836,False
8109,6837,False
8110,6838,False
8111,6839,False
8112,6840,False
8113,6841,False
8114,6842,False
8115,6843,False
8116,6844,False
8117,6845,False
8118,6846,False
8119,6847,False
8120,6848,False
8121,6849,False
8122,6850,False
8123,6851,False
8124,6852,False
8125,6853,False
8126,6854,False
8127,6855,False
8128,6856,False
8129,6857,False
8130,6858,False
8131,6859,False
8132,6860,False
8133,6861,False
8134,6862,False
8135,6863,False
8136,6864,False
8137,6865,False
8138,6866,False
8139,6867,False
8140,6868,False
8141,6869,False
8142,6870,False
8143,6871,False
8144,6872,False
8145,6873,False
8146,6874,False
8147,6875,False
8148,6876,False
8149,6877,False
8150,6878,False
8151,6879,False
8152,6880,False
8153,6881,False
8154,6882,False
8155,6883,False
8156,6884,False
8157,6885,False
8158,6886,False
8159,6887,False
8160,6888,False
8161,6889,False
8162,6890,False
8163,6891,False
8164,6892,False
8165,6893,False
8166,6894,False
8167,6895,False
8168,6896,False
8169,6897,False
8170,6898,False
8171,6899,False
8172,6900,False
8173,6901,False
8174,6902,False
8175,6903,False
8176,6904,False
8177,6905,False
8178,6906,False
8179,6907,False
8180,6908,False
8181,6909,False
8182,6910,False
8183,6911,False
8184,6912,False
8185,6913,False
8186,6914,False
8187,6915,False
8188,6916,False
8189,6917,False
8190,6918,False
8191,6919,False
8192,6920,False
8193,6921,False
8194,6922,False
8195,6923,False
8196,6924,False
8197,6925,False
8198,6926,False
8199,6927,False
8200,6928,False
8201,6929,False
8202,6930,False
8203,6931,False
8204,6932,False
8205,6933,False
8206,6934,False
8207,6935,False
8208,6936,False
8209,6937,False
8210,6938,False
8211,6939,False
8212,6940,False
8213,6941,False
8214,6942,False
8215,6943,False
8216,6944,False
8217,6945,False
8218,6946,False
8219,6947,False
8220,6948,False
8221,6949,False
8222,6950,False
8223,6951,False
8224,6952,False
8225,6953,False
8226,6954,False
8227,6955,False
8228,6956,False
8229,6957,False
8230,6958,False
8231,6959,False
8232,6960,False
8233,6961,False
8234,6962,False
8235,6963,False
8236,6964,False
8237,6965,False
8238,6966,False
8239,6967,False
8240,6968,False
8241,6969,False
8242,6970,False
8243,6971,False
8244,6972,False
8245,6973,False
8246,6974,False
8247,6975,False
8248,6976,False
8249,6977,False
8250,6978,False
8251,6979,False
8252,6980,False
8253,6981,False
8254,6982,False
8255,6983,False
8256,6984,False
8257,6985,False
8258,6986,False
8259,6987,False
8260,6988,False
8261,6989,False
8262,6990,False
8263,6991,False
8264,6992,False
8265,6993,False
8266,6994,False
8267,6995,False
8268,6996,False
8269,6997,False
8270,,True
8271,,True
8272,,True
8273,,True
8274,,True
8275,,True
8276,,True
8277,,True
8278,,True
8279,,True
8280,,True
8281,,True
8282,,True
8283,,True
8284,,True
8285,,True
8286,,True
8287,,True
8288,,True
8289,,True
8290,,True
8291,,True
8292,,True
8293,,True
8294,,True
8295,,True
8296,,True
8297,6998,False
8298,6999,False
8299,7000,False
8300,7001,False
8301,7002,False
8302,7003,False
8303,7004,False
8304,7005,False
8305,7006,False
8306,7007,False
8307,7008,False
8308,7009,False
8309,7010,False
8310,7011,False
8311,7012,False
8312,7013,False
8313,7014,False
8314,7015,False
8315,7016,False
8316,7017,False
8317,7018,False
8318,7019,False
8319,7020,False
8320,7021,False
8321,7022,False
8322,7023,False
8323,7024,False
8324,7025,False
8325,7026,False
8326,7027,False
8327,7028,False
8328,7029,False
8329,7030,False
8330,7031,False
8331,7032,False
8332,7033,False
8333,7034,False
8334,7035,False
8335,7036,False
8336,7037,False
8337,7038,False
8338,7039,False
8339,7040,False
8340,7041,False
8341,7042,False
8342,7043,False
8343,7044,False
8344,7045,False
8345,7046,False
8346,7047,False
8347,7048,False
8348,7049,False
8349,7050,False
8350,7051,False
8351,7052,False
8352,7053,False
8353,7054,False
8354,7055,False
8355,7056,False
8356,7057,False
8357,7058,False
8358,7059,False
8359,7060,False
8360,7061,False
8361,7062,False
8362,7063,False
8363,7064,False
8364,7065,False
8365,7066,False
8366,7067,False
8367,7068,False
8368,7069,False
8369,7070,False
8370,7071,False
8371,7072,False
8372,7073,False
8373,7074,False
8374,7075,False
8375,7076,False
8376,7077,False
8377,7078,False
8378,7079,False
8379,7080,False
8380,7081,False
8381,7082,False
8382,7083,False
8383,7084,False
8384,7085,False
8385,7086,False
8386,7087,False
8387,7088,False
8388,7089,False
8389,7090,False
8390,7091,False
8391,7092,False
8392,7093,False
8393,7094,False
8394,7095,False
8395,7096,False
8396,7097,False
8397,7098,False
8398,7099,False
8399,7100,False
8400,7101,False
8401,7102,False
8402,7103,False
8403,7104,False
8404,7105,False
8405,7106,False
8406,7107,False
8407,7108,False
8408,7109,False
8409,7110,False
8410,7111,False
8411,7112,False
8412,7113,False
8413,7114,False
8414,7115,False
8415,7116,False
8416,7117,False
8417,7118,False
8418,7119,False
8419,7120,False
8420,7121,False
8421,7122,False
8422,7123,False
8423,7124,False
8424,7125,False
8425,7126,False
8426,7127,False
8427,7128,False
8428,7129,False
8429,7130,False
8430,7131,False
8431,7132,False
8432,7133,False
8433,7134,False
8434,7135,False
8435,7136,False
8436,7137,False
8437,7138,False
8438,7139,False
8439,7140,False
8440,7141,False
8441,7142,False
8442,7143,False
8443,7144,False
8444,7145,False
8445,7146,False
8446,7147,False
8447,7148,False
8448,7149,False
8449,7150,False
8450,7151,False
8451,7152,False
8452,7153,False
8453,7154,False
8454,7155,False
8455,7156,False
8456,7157,False
8457,7158,False
8458,7159,False
8459,7160,False
8460,7161,False
8461,7162,False
8462,7163,False
8463,7164,False
8464,7165,False
8465,7166,False
8466,7167,False
8467,7168,False
8468,7169,False
8469,7170,False
8470,7171,False
8471,7172,False
8472,7173,False
8473,7174,False
8474,7175,False
8475,7176,False
8476,7177,False
8477,7178,False
8478,7179,False
8479,7180,False
8480,7181,False
8481,7182,False
8482,7183,False
8483,7184,False
8484,7185,False
8485,7186,False
8486,7187,False
8487,7188,False
8488,7189,False
8489,7190,False
8490,7191,False
8491,7192,False
8492,7193,False
8493,7194,False
8494,7195,False
8495,7196,False
8496,7197,False
8497,7198,False
8498,7199,False
8499,7200,False
8500,7201,False
8501,7202,False
8502,7203,False
8503,7204,False
8504,7205,False
8505,7206,False
8506,7207,False
8507,7208,False
8508,7209,False
8509,7210,False
8510,7211,False
8511,7212,False
8512,7213,False
8513,7214,False
8514,7215,False
8515,7216,False
8516,7217,False
8517,7218,False
8518,7219,False
8519,7220,False
8520,7221,False
8521,7222,False
8522,7223,False
8523,7224,False
8524,7225,False
8525,7226,False
8526,7227,False
8527,7228,False
8528,7229,False
8529,7230,False
8530,7231,False
8531,7232,False
8532,7233,False
8533,7234,False
8534,7235,False
8535,7236,False
8536,7237,False
8537,7238,False
8538,7239,False
8539,7240,False
8540,7241,False
8541,7242,False
8542,7243,False
8543,7244,False
8544,7245,False
8545,7246,False
8546,7247,False
8547,7248,False
8548,7249,False
8549,7250,False
8550,7251,False
8551,7252,False
8552,7253,False
8553,7254,False
8554,7255,False
8555,7256,False
8556,7257,False
8557,7258,False
8558,7259,False
8559,7260,False
8560,7261,False
8561,7262,False
8562,7263,False
8563,7264,False
8564,7265,False
8565,7266,False
8566,7267,False
8567,7268,False
8568,7269,False
8569,7270,False
8570,7271,False
8571,7272,False
8572,7273,False
8573,7274,False
8574,7275,False
8575,7276,False
8576,7277,False
8577,7278,False
8578,7279,False
8579,7280,False
8580,7281,False
8581,7282,False
8582,7283,False
8583,7284,False
8584,7285,False
8585,7286,False
8586,7287,False
8587,7288,False
8588,7289,False
8589,7290,False
8590,7291,False
8591,7292,False
8592,7293,False
8593,7294,False
8594,7295,False
8595,7296,False
8596,7297,False
8597,7298,False
8598,7299,False
8599,7300,False
8600,7301,False
8601,7302,False
8602,7303,False
8603,7304,False
8604,7305,False
8605,7306,False
8606,7307,False
8607,7308,False
8608,7309,False
8609,7310,False
8610,7311,False
8611,7312,False
8612,7313,False
8613,7314,False
8614,7315,False
8615,7316,False
8616,7317,False
8617,7318,False
8618,7319,False
8619,7320,False
8620,7321,False
8621,7322,False
8622,7323,False
8623,7324,False
8624,7325,False
8625,7326,False
8626,7327,False
8627,7328,False
8628,7329,False
8629,7330,False
8630,7331,False
8631,7332,False
8632,7333,False
8633,7334,False
8634,7335,False
8635,7336,False
8636,7337,False
8637,7338,False
8638,7339,False
8639,7340,False
8640,7341,False
8641,7342,False
8642,7343,False
8643,7344,False
8644,7345,False
8645,7346,False
8646,7347,False
8647,7348,False
8648,7349,False
8649,7350,False
8650,7351,False
8651,7352,False
8652,7353,False
8653,7354,False
8654,7355,False
8655,7356,False
8656,7357,False
8657,7358,False
8658,7359,False
8659,7360,False
8660,7361,False
8661,7362,False
8662,7363,False
8663,7364,False
8664,7365,False
8665,7366,False
8666,7367,False
8667,7368,False
8668,7369,False
8669,7370,False
8670,7371,False
8671,7372,False
8672,7373,False
8673,7374,False
8674,7375,False
8675,7376,False
8676,7377,False
8677,7378,False
8678,7379,False
8679,7380,False
8680,7381,False
8681,7382,False
8682,7383,False
8683,7384,False
8684,7385,False
8685,7386,False
8686,7387,False
8687,7388,False
8688,7389,False
8689,7390,False
8690,7391,False
8691,7392,False
8692,7393,False
8693,7394,False
8694,7395,False
8695,7396,False
8696,7397,False
8697,7398,False
8698,7399,False
8699,7400,False
8700,,True
8701,,True
8702,,True
8703,,True
8704,,True
8705,,True
8706,,True
8707,,True
8708,,True
8709,,True
8710,,True
8711,,True
8712,,True
8713,,True
8714,,True
8715,,True
8716,,True
8717,,True
8718,,True
8719,,True
8720,,True
8721,,True
8722,,True
8723,,True
8724,,True
8725,,True
8726,,True
8727,,True
8728,,True
8729,,True
8730,,True
8731,,True
8732,,True
8733,,True
8734,7401,False
8735,7402,False
8736,7403,False
8737,7404,False
8738,7405,False
8739,7406,False
8740,7407,False
8741,7408,False
8742,7409,False
8743,7410,False
8744,7411,False
8745,7412,False
8746,7413,False
8747,7414,False
8748,7415,False
8749,7416,False
8750,7417,False
8751,7418,False
8752,7419,False
8753,7420,False
8754,7421,False
8755,7422,False
8756,7423,False
8757,7424,False
8758,7425,False
8759,7426,False
8760,7427,False
8761,7428,False
8762,7429,False
8763,7430,False
8764,7431,False
8765,7432,False
8766,7433,False
8767,7434,False
8768,7435,False
8769,7436,False
8770,7437,False
8771,7438,False
8772,7439,False
8773,7440,False
8774,7441,False
8775,7442,False
8776,7443,False
8777,7444,False
8778,7445,False
8779,7446,False
8780,7447,False
8781,7448,False
8782,7449,False
8783,7450,False
8784,7451,False
8785,7452,False
8786,7453,False
8787,7454,False
8788,7455,False
8789,7456,False
8790,7457,False
8791,7458,False
8792,7459,False
8793,7460,False
8794,7461,False
8795,7462,False
8796,7463,False
8797,7464,False
8798,7465,False
8799,7466,False
8800,7467,False
8801,7468,False
8802,7469,False
8803,7470,False
8804,7471,False
8805,7472,False
8806,7473,False
8807,7474,False
8808,7475,False
8809,7476,False
8810,7477,False
8811,7478,False
8812,7479,False
8813,7480,False
8814,7481,False
8815,7482,False
8816,7483,False
8817,7484,False
8818,7485,False
8819,7486,False
8820,7487,False
8821,7488,False
8822,7489,False
8823,7490,False
8824,7491,False
8825,7492,False
8826,7493,False
8827,7494,False
8828,7495,False
8829,7496,False
8830,7497,False
8831,7498,False
8832,7499,False
8833,7500,False
8834,7501,False
8835,7502,False
8836,7503,False
8837,7504,False
8838,7505,False
8839,7506,False
8840,7507,False
8841,7508,False
8842,7509,False
8843,7510,False
8844,7511,False
8845,7512,False
8846,7513,False
8847,7514,False
8848,7515,False
8849,7516,False
8850,7517,False
8851,7518,False
8852,7519,False
8853,7520,False
8854,7521,False
8855,7522,False
8856,7523,False
8857,7524,False
8858,7525,False
8859,7526,False
8860,7527,False
8861,7528,False
8862,7529,False
8863,7530,False
8864,7531,False
8865,7532,False
8866,7533,False
8867,7534,False
8868,7535,False
8869,7536,False
8870,7537,False
8871,7538,False
8872,7539,False
8873,7540,False
8874,7541,False
8875,7542,False
8876,7543,False
8877,7544,False
8878,7545,False
8879,7546,False
8880,7547,False
8881,7548,False
8882,7549,False
8883,7550,False
8884,7551,False
8885,7552,False
8886,7553,False
8887,7554,False
8888,7555,False
8889,7556,False
8890,7557,False
8891,7558,False
8892,7559,False
8893,7560,False
8894,7561,False
8895,7562,False
8896,7563,False
8897,7564,False
8898,7565,False
8899,7566,False
8900,7567,False
8901,7568,False
8902,7569,False
8903,7570,False
8904,7571,False
8905,7572,False
8906,7573,False
8907,7574,False
8908,7575,False
8909,7576,False
8910,7577,False
8911,7578,False
8912,7579,False
8913,7580,False
8914,7581,False
8915,7582,False
8916,7583,False
8917,7584,False
8918,7585,False
8919,7586,False
8920,7587,False
8921,7588,False
8922,7589,False
8923,7590,False
8924,7591,False
8925,7592,False
8926,7593,False
8927,7594,False
8928,7595,False
8929,7596,False
8930,7597,False
8931,7598,False
8932,7599,False
8933,7600,False
8934,7601,False
8935,7602,False
8936,7603,False
8937,7604,False
8938,7605,False
8939,7606,False
8940,7607,False
8941,7608,False
8942,7609,False
8943,7610,False
8944,7611,False
8945,7612,False
8946,7613,False
8947,7614,False
8948,7615,False
8949,7616,False
8950,7617,False
8951,7618,False
8952,7619,False
8953,7620,False
8954,7621,False
8955,7622,False
8956,7623,False
8957,7624,False
8958,7625,False
8959,7626,False
8960,7627,False
8961,7628,False
8962,7629,False
8963,7630,False
8964,7631,False
8965,7632,False
8966,7633,False
8967,7634,False
8968,7635,False
8969,7636,False
8970,7637,False
8971,7638,False
8972,7639,False
8973,7640,False
8974,7641,False
8975,7642,False
8976,7643,False
8977,7644,False
8978,7645,False
8979,7646,False
8980,7647,False
8981,7648,False
8982,7649,False
8983,7650,False
8984,7651,False
8985,7652,False
8986,7653,False
8987,7654,False
8988,7655,False
8989,7656,False
8990,7657,False
8991,7658,False
8992,7659,False
8993,7660,False
8994,7661,False
8995,7662,False
8996,7663,False
8997,7664,False
8998,7665,False
8999,7666,False
9000,7667,False
9001,7668,False
9002,7669,False
9003,7670,False
9004,7671,False
9005,7672,False
9006,7673,False
9007,7674,False
9008,7675,False
9009,7676,False
9010,7677,False
9011,7678,False
9012,7679,False
9013,7680,False
9014,7681,False
9015,7682,False
9016,7683,False
9017,7684,False
9018,7685,False
9019,7686,False
9020,7687,False
9021,7688,False
9022,7689,False
9023,7690,False
9024,7691,False
9025,7692,False
9026,7693,False
9027,7694,False
9028,7695,False
9029,7696,False
9030,7697,False
9031,7698,False
9032,7699,False
9033,7700,False
9034,7701,False
9035,7702,False
9036,7703,False
9037,7704,False
9038,7705,False
9039,7706,False
9040,7707,False
9041,7708,False
9042,7709,False
9043,7710,False
9044,7711,False
9045,7712,False
9046,7713,False
9047,7714,False
9048,7715,False
9049,7716,False
9050,7717,False
9051,7718,False
9052,7719,False
9053,7720,False
9054,7721,False
9055,7722,False
9056,7723,False
9057,7724,False
9058,7725,False
9059,7726,False
9060,7727,False
9061,7728,False
9062,7729,False
9063,7730,False
9064,7731,False
9065,7732,False
9066,7733,False
9067,7734,False
9068,7735,False
9069,7736,False
9070,7737,False
9071,7738,False
9072,7739,False
9073,7740,False
9074,7741,False
9075,7742,False
9076,7743,False
9077,7744,False
9078,7745,False
9079,7746,False
9080,7747,False
9081,7748,False
9082,7749,False
9083,7750,False
9084,7751,False
9085,7752,False
9086,7753,False
9087,7754,False
9088,7755,False
9089,7756,False
9090,7757,False
9091,7758,False
9092,7759,False
9093,7760,False
9094,7761,False
9095,7762,False
9096,7763,False
9097,7764,False
9098,7765,False
9099,7766,False
9100,7767,False
9101,7768,False
9102,7769,False
9103,7770,False
9104,7771,False
9105,7772,False
9106,7773,False
9107,7774,False
9108,7775,False
9109,7776,False
9110,7777,False
9111,7778,False
9112,7779,False
9113,7780,False
9114,7781,False
9115,7782,False
9116,7783,False
9117,7784,False
9118,7785,False
9119,7786,False
9120,7787,False
9121,7788,False
9122,7789,False
9123,7790,False
9124,7791,False
9125,7792,False
9126,7793,False
9127,7794,False
9128,7795,False
9129,7796,False
9130,7797,False
9131,7798,False
9132,7799,False
9133,7800,False
9134,7801,False
9135,7802,False
9136,7803,False
9137,7804,False
9138,7805,False
9139,7806,False
9140,7807,False
9141,7808,False
9142,7809,False
9143,7810,False
9144,7811,False
9145,7812,False
9146,7813,False
9147,7814,False
9148,7815,False
9149,7816,False
9150,7817,False
9151,7818,False
9152,7819,False
9153,7820,False
9154,7821,False
9155,7822,False
9156,7823,False
9157,7824,False
9158,7825,False
9159,7826,False
9160,7827,False
9161,7828,False
9162,7829,False
9163,7830,False
9164,7831,False
9165,7832,False
9166,7833,False
9167,7834,False
9168,7835,False
9169,7836,False
9170,7837,False
9171,7838,False
9172,7839,False
9173,7840,False
9174,7841,False
9175,7842,False
9176,7843,False
9177,7844,False
9178,7845,False
9179,7846,False
9180,7847,False
9181,7848,False
9182,7849,False
9183,7850,False
9184,7851,False
9185,7852,False
9186,7853,False
9187,7854,False
9188,7855,False
9189,7856,False
9190,7857,False
9191,7858,False
9192,7859,False
9193,7860,False
9194,7861,False
9195,7862,False
9196,7863,False
9197,7864,False
9198,7865,False
9199,7866,False
9200,7867,False
9201,7868,False
9202,7869,False
9203,7870,False
9204,7871,False
9205,7872,False
9206,7873,False
9207,7874,False
9208,7875,False
9209,7876,False
9210,7877,False
9211,7878,False
9212,7879,False
9213,7880,False
9214,7881,False
9215,7882,False
9216,7883,False
9217,7884,False
9218,7885,False
9219,7886,False
9220,7887,False
9221,7888,False
9222,7889,False
9223,7890,False
9224,7891,False
9225,7892,False
9226,7893,False
9227,7894,False
9228,7895,False
9229,7896,False
9230,7897,False
9231,7898,False
9232,7899,False
9233,7900,False
9234,7901,False
9235,7902,False
9236,7903,False
9237,7904,False
9238,7905,False
9239,7906,False
9240,7907,False
9241,7908,False
9242,7909,False
9243,7910,False
9244,7911,False
9245,7912,False
9246,7913,False
9247,7914,False
9248,7915,False
9249,7916,False
9250,7917,False
9251,7918,False
9252,7919,False
9253,7920,False
9254,7921,False
9255,7922,False
9256,7923,False
9257,7924,False
9258,7925,False
9259,7926,False
9260,7927,False
9261,7928,False
9262,7929,False
9263,7930,False
9264,7931,False
9265,7932,False
9266,7933,False
9267,7934,False
9268,7935,False
9269,7936,False
9270,7937,False
9271,7938,False
9272,7939,False
9273,7940,False
9274,7941,False
9275,7942,False
9276,7943,False
9277,7944,False
9278,7945,False
9279,7946,False
9280,7947,False
9281,7948,False
9282,7949,False
9283,7950,False
9284,7951,False
9285,7952,False
9286,7953,False
9287,7954,False
9288,7955,False
9289,7956,False
9290,7957,False
9291,7958,False
9292,7959,False
9293,7960,False
9294,7961,False
9295,7962,False
9296,7963,False
9297,7964,False
9298,7965,False
9299,7966,False
9300,7967,False
9301,7968,False
9302,7969,False
9303,7970,False
9304,7971,False
9305,7972,False
9306,7973,False
9307,7974,False
9308,7975,False
9309,7976,False
9310,7977,False
9311,7978,False
9312,7979,False
9313,7980,False
9314,7981,False
9315,7982,False
9316,7983,False
9317,7984,False
9318,7985,False
9319,7986,False
9320,7987,False
9321,7988,False
9322,7989,False
9323,7990,False
9324,7991,False
9325,7992,False
9326,7993,False
9327,7994,False
9328,7995,False
9329,7996,False
9330,7997,False
9331,7998,False
9332,7999,False
9333,8000,False
9334,8001,False
9335,8002,False
9336,8003,False
9337,8004,False
9338,8005,False
9339,8006,False
9340,8007,False
9341,8008,False
9342,8009,False
9343,8010,False
9344,8011,False
9345,8012,False
9346,8013,False
9347,8014,False
9348,8015,False
9349,8016,False
9350,,True
9351,,True
9352,,True
9353,,True
9354,,True
9355,,True
9356,,True
9357,,True
9358,,True
9359,,True
9360,,True
9361,,True
9362,,True
9363,,True
9364,,True
9365,,True
9366,,True
9367,,True
9368,,True
9369,,True
9370,,True
9371,,True
9372,,True
9373,,True
9374,,True
9375,,True
9376,,True
9377,,True
9378,,True
9379,8017,False
9380,8018,False
9381,8019,False
9382,8020,False
9383,8021,False
9384,8022,False
9385,8023,False
9386,8024,False
9387,8025,False
9388,8026,False
9389,8027,False
9390,8028,False
9391,8029,False
9392,8030,False
9393,8031,False
9394,8032,False
9395,8033,False
9396,8034,False
9397,8035,False
9398,8036,False
9399,8037,False
9400,8038,False
9401,8039,False
9402,8040,False
9403,8041,False
9404,8042,False
9405,8043,False
9406,8044,False
9407,8045,False
9408,8046,False
9409,8047,False
9410,8048,False
9411,8049,False
9412,8050,False
9413,8051,False
9414,8052,False
9415,8053,False
9416,8054,False
9417,8055,False
9418,8056,False
9419,8057,False
9420,8058,False
9421,8059,False
9422,8060,False
9423,8061,False
9424,8062,False
9425,8063,False
9426,8064,False
9427,8065,False
9428,8066,False
9429,8067,False
9430,8068,False
9431,8069,False
9432,8070,False
9433,8071,False
9434,8072,False
9435,8073,False
9436,8074,False
9437,8075,False
9438,8076,False
9439,8077,False
9440,8078,False
9441,8079,False
9442,8080,False
9443,8081,False
9444,8082,False
9445,8083,False
9446,8084,False
9447,8085,False
9448,8086,False
9449,8087,False
9450,8088,False
9451,8089,False
9452,8090,False
9453,8091,False
9454,8092,False
9455,8093,False
9456,8094,False
9457,8095,False
9458,8096,False
9459,8097,False
9460,8098,False
9461,8099,False
9462,8100,False
9463,8101,False
9464,8102,False
9465,8103,False
9466,8104,False
9467,8105,False
9468,8106,False
9469,8107,False
9470,8108,False
9471,8109,False
9472,8110,False
9473,8111,False
9474,8112,False
9475,8113,False
9476,8114,False
9477,8115,False
9478,8116,False
9479,8117,False
9480,8118,False
9481,8119,False
9482,8120,False
9483,8121,False
9484,8122,False
9485,8123,False
9486,8124,False
9487,8125,False
9488,8126,False
9489,8127,False
9490,8128,False
9491,8129,False
9492,8130,False
9493,8131,False
9494,8132,False
9495,8133,False
9496,8134,False
9497,8135,False
9498,8136,False
9499,8137,False
9500,8138,False
9501,8139,False
9502,8140,False
9503,8141,False
9504,8142,False
9505,8143,False
9506,8144,False
9507,8145,False
9508,8146,False
9509,8147,False
9510,8148,False
9511,8149,False
9512,8150,False
9513,8151,False
9514,8152,False
9515,8153,False
9516,8154,False
9517,8155,False
9518,8156,False
9519,8157,False
9520,8158,False
9521,8159,False
9522,8160,False
9523,8161,False
9524,8162,False
9525,8163,False
9526,8164,False
9527,8165,False
9528,8166,False
9529,8167,False
9530,8168,False
9531,8169,False
9532,8170,False
9533,8171,False
9534,8172,False
9535,8173,False
9536,8174,False
9537,8175,False
9538,8176,False
9539,8177,False
9540,8178,False
9541,8179,False
9542,8180,False
9543,8181,False
9544,8182,False
9545,8183,False
9546,8184,False
9547,8185,False
9548,8186,False
9549,8187,False
9550,8188,False
9551,8189,False
9552,8190,False
9553,8191,False
9554,8192,False
9555,8193,False
9556,8194,False
9557,8195,False
9558,8196,False
9559,8197,False
9560,8198,False
9561,8199,False
9562,8200,False
9563,8201,False
9564,8202,False
9565,8203,False
9566,8204,False
9567,8205,False
9568,8206,False
9569,8207,False
9570,8208,False
9571,8209,False
9572,8210,False
9573,8211,False
9574,8212,False
9575,8213,False
9576,8214,False
9577,8215,False
9578,8216,False
9579,8217,False
9580,8218,False
9581,8219,False
9582,8220,False
9583,8221,False
9584,8222,False
9585,8223,False
9586,8224,False
9587,8225,False
9588,8226,False
9589,8227,False
9590,8228,False
9591,8229,False
9592,8230,False
9593,8231,False
9594,8232,False
9595,8233,False
9596,8234,False
9597,8235,False
9598,8236,False
9599,8237,False
9600,8238,False
9601,8239,False
9602,8240,False
9603,8241,False
9604,8242,False
9605,8243,False
9606,8244,False
9607,8245,False
9608,8246,False
9609,8247,False
9610,8248,False
9611,8249,False
9612,8250,False
9613,8251,False
9614,8252,False
9615,8253,False
9616,8254,False
9617,8255,False
9618,8256,False
9619,8257,False
9620,8258,False
9621,8259,False
9622,8260,False
9623,8261,False
9624,8262,False
9625,8263,False
9626,8264,False
9627,8265,False
9628,8266,False
9629,8267,False
9630,8268,False
9631,8269,False
9632,8270,False
9633,8271,False
9634,8272,False
9635,8273,False
9636,8274,False
9637,8275,False
9638,8276,False
9639,8277,False
9640,8278,False
9641,8279,False
9642,8280,False
9643,8281,False
9644,8282,False
9645,8283,False
9646,8284,False
9647,8285,False
9648,8286,False
9649,8287,False
9650,8288,False
9651,8289,False
9652,8290,False
9653,8291,False
9654,8292,False
9655,8293,False
9656,8294,False
9657,8295,False
9658,8296,False
9659,8297,False
9660,,True
9661,,True
9662,,True
9663,,True
9664,,True
9665,,True
9666,,True
9667,,True
9668,,True
9669,,True
9670,,True
9671,,True
9672,,True
9673,,True
9674,,True
9675,,True
9676,,True
9677,,True
9678,,True
9679,,True
9680,,True
9681,,True
9682,,True
9683,,True
9684,,True
9685,,True
9686,8298,False
9687,8299,False
9688,8300,False
9689,8301,False
9690,8302,False
9691,8303,False
9692,8304,False
9693,8305,False
9694,8306,False
9695,8307,False
9696,8308,False
9697,8309,False
9698,8310,False
9699,8311,False
9700,8312,False
9701,8313,False
9702,8314,False
9703,8315,False
9704,8316,False
9705,8317,False
9706,8318,False
9707,8319,False
9708,8320,False
9709,8321,False
9710,8322,False
9711,8323,False
9712,8324,False
9713,8325,False
9714,8326,False
9715,8327,False
9716,8328,False
9717,8329,False
9718,8330,False
9719,8331,False
9720,8332,False
9721,8333,False
9722,8334,False
9723,8335,False
9724,8336,False
9725,8337,False
9726,8338,False
9727,8339,False
9728,8340,False
9729,8341,False
9730,8342,False
9731,8343,False
9732,8344,False
9733,8345,False
9734,8346,False
9735,8347,False
9736,8348,False
9737,8349,False
9738,8350,False
9739,8351,False
9740,8352,False
9741,8353,False
9742,8354,False
9743,8355,False
9744,8356,False
9745,8357,False
9746,8358,False
9747,8359,False
9748,8360,False
9749,8361,False
9750,8362,False
9751,8363,False
9752,8364,False
9753,8365,False
9754,8366,False
9755,8367,False
9756,8368,False
9757,8369,False
9758,8370,False
9759,8371,False
9760,8372,False
9761,8373,False
9762,8374,False
9763,8375,False
9764,8376,False
9765,8377,False
9766,8378,False
9767,8379,False
9768,8380,False
9769,8381,False
9770,8382,False
9771,8383,False
9772,8384,False
9773,8385,False
9774,8386,False
9775,8387,False
9776,8388,False
9777,8389,False
9778,8390,False
9779,8391,False
9780,8392,False
9781,8393,False
9782,8394,False
9783,8395,False
9784,8396,False
9785,8397,False
9786,8398,False
9787,8399,False
9788,8400,False
9789,8401,False
9790,8402,False
9791,8403,False
9792,8404,False
9793,8405,False
9794,8406,False
9795,8407,False
9796,8408,False
9797,8409,False
9798,8410,False
9799,8411,False
9800,,True
9801,,True
9802,,True
9803,,True
9804,,True
9805,,True
9806,,True
9807,,True
9808,,True
9809,,True
9810,,True
9811,,True
9812,,True
9813,,True
9814,,True
9815,8412,False
9816,8413,False
9817,8414,False
9818,8415,False
9819,8416,False
9820,8417,False
9821,8418,False
9822,8419,False
9823,8420,False
9824,8421,False
9825,8422,False
9826,8423,False
9827,8424,False
9828,8425,False
9829,8426,False
9830,8427,False
9831,8428,False
9832,8429,False
9833,8430,False
9834,8431,False
9835,8432,False
9836,8433,False
9837,8434,False
9838,8435,False
9839,8436,False
9840,8437,False
9841,8438,False
9842,8439,False
9843,8440,False
9844,8441,False
9845,8442,False
9846,8443,False
9847,8444,False
9848,8445,False
9849,8446,False
9850,8447,False
9851,8448,False
9852,8449,False
9853,8450,False
9854,8451,False
9855,8452,False
9856,8453,False
9857,8454,False
9858,8455,False
9859,8456,False
9860,8457,False
9861,8458,False
9862,8459,False
9863,8460,False
9864,8461,False
9865,8462,False
9866,8463,False
9867,8464,False
9868,8465,False
9869,8466,False
9870,8467,False
9871,8468,False
9872,8469,False
9873,8470,False
9874,8471,False
9875,8472,False
9876,8473,False
9877,8474,False
9878,8475,False
9879,8476,False
9880,8477,False
9881,8478,False
9882,8479,False
9883,8480,False
9884,8481,False
9885,8482,False
9886,8483,False
9887,8484,False
9888,8485,False
9889,8486,False
9890,8487,False
9891,8488,False
9892,8489,False
9893,8490,False
9894,8491,False
9895,8492,False
9896,8493,False
9897,8494,False
9898,8495,False
9899,8496,False
9900,8497,False
9901,8498,False
9902,8499,False
9903,8500,False
9904,8501,False
9905,8502,False
9906,8503,False
9907,8504,False
9908,8505,False
9909,8506,False
9910,8507,False
9911,8508,False
9912,8509,False
9913,8510,False
9914,8511,False
9915,8512,False
9916,8513,False
9917,8514,False
9918,8515,False
9919,8516,False
9920,8517,False
9921,8518,False
9922,8519,False
9923,8520,False
9924,8521,False
9925,8522,False
9926,8523,False
9927,8524,False
9928,8525,False
9929,8526,False
9930,8527,False
9931,8528,False
9932,8529,False
9933,8530,False
9934,8531,False
9935,8532,False
9936,8533,False
9937,8534,False
9938,8535,False
9939,8536,False
9940,8537,False
9941,8538,False
9942,8539,False
9943,8540,False
9944,8541,False
9945,8542,False
9946,8543,False
9947,8544,False
9948,8545,False
9949,8546,False
9950,8547,False
9951,8548,False
9952,8549,False
9953,8550,False
9954,8551,False
9955,8552,False
9956,8553,False
9957,8554,False
9958,8555,False
9959,8556,False
9960,8557,False
9961,8558,False
9962,8559,False
9963,8560,False
9964,8561,False
9965,8562,False
9966,8563,False
9967,8564,False
9968,8565,False
9969,8566,False
9970,8567,False
9971,8568,False
9972,8569,False
9973,8570,False
9974,8571,False
9975,8572,False
9976,8573,False
9977,8574,False
9978,8575,False
9979,8576,False
9980,8577,False
9981,8578,False
9982,8579,False
9983,8580,False
9984,8581,False
9985,8582,False
9986,8583,False
9987,8584,False
9988,8585,False
9989,8586,False
9990,8587,False
9991,8588,False
9992,8589,False
9993,8590,False
9994,8591,False
9995,8592,False
9996,8593,False
9997,8594,False
9998,8595,False
9999,8596,False
10000,8597,False
10001,8598,False
10002,8599,False
10003,8600,False
10004,8601,False
10005,8602,False
10006,8603,False
10007,8604,False
10008,8605,False
10009,8606,False
10010,8607,False
10011,8608,False
10012,8609,False
10013,8610,False
10014,8611,False
10015,8612,False
10016,8613,False
10017,8614,False
10018,8615,False
10019,8616,False
10020,8617,False
10021,8618,False
10022,8619,False
10023,8620,False
10024,8621,False
10025,8622,False
10026,8623,False
10027,8624,False
10028,8625,False
10029,8626,False
10030,8627,False
10031,8628,False
10032,8629,False
10033,8630,False
10034,8631,False
10035,8632,False
10036,8633,False
10037,8634,False
10038,8635,False
10039,8636,False
10040,8637,False
10041,8638,False
10042,8639,False
10043,8640,False
10044,8641,False
10045,8642,False
10046,8643,False
10047,8644,False
10048,8645,False
10049,8646,False
10050,8647,False
10051,8648,False
10052,8649,False
10053,8650,False
10054,8651,False
10055,8652,False
10056,8653,False
10057,8654,False
10058,8655,False
10059,8656,False
10060,8657,False
10061,8658,False
10062,8659,False
10063,8660,False
10064,8661,False
10065,8662,False
10066,8663,False
10067,8664,False
10068,8665,False
10069,8666,False
10070,8667,False
10071,8668,False
10072,8669,False
10073,8670,False
10074,8671,False
10075,8672,False
10076,8673,False
10077,8674,False
10078,8675,False
10079,8676,False
10080,8677,False
10081,8678,False
10082,8679,False
10083,8680,False
10084,8681,False
10085,8682,False
10086,8683,False
10087,8684,False
10088,8685,False
10089,8686,False
10090,8687,False
10091,8688,False
10092,8689,False
10093,8690,False
10094,8691,False
10095,8692,False
10096,8693,False
10097,8694,False
10098,8695,False
10099,8696,False
10100,8697,False
10101,8698,False
10102,8699,False
10103,8700,False
10104,8701,False
10105,8702,False
10106,8703,False
10107,8704,False
10108,8705,False
10109,8706,False
10110,8707,False
10111,8708,False
10112,8709,False
10113,8710,False
10114,8711,False
10115,8712,False
10116,8713,False
10117,8714,False
10118,8715,False
10119,8716,False
10120,8717,False
10121,8718,False
10122,8719,False
10123,8720,False
10124,8721,False
10125,8722,False
10126,8723,False
10127,8724,False
10128,8725,False
10129,8726,False
10130,,True
10131,,True
10132,,True
10133,,True
10134,,True
10135,,True
10136,,True
10137,,True
10138,,True
10139,,True
10140,,True
10141,,True
10142,,True
10143,,True
10144,,True
10145,,True
10146,,True
10147,,True
10148,,True
10149,,True
10150,,True
10151,,True
10152,,True
10153,,True
10154,,True
10155,,True
10156,,True
10157,,True
10158,,True
10159,,True
10160,,True
10161,,True
10162,,True
10163,,True
10164,,True
10165,,True
10166,,True
10167,,True
10168,,True
10169,,True
10170,,True
10171,,True
10172,,True
10173,,True
10174,,True
10175,,True
10176,,True
10177,,True
10178,,True
10179,,True
10180,,True
10181,,True
10182,,True
10183,,True
10184,,True
10185,,True
10186,,True
10187,,True
10188,,True
10189,,True
10190,,True
10191,,True
10192,,True
10193,,True
10194,,True
10195,,True
10196,,True
10197,,True
10198,,True
10199,,True
10200,,True
10201,,True
10202,,True
10203,,True
10204,,True
10205,,True
10206,,True
10207,,True
10208,,True
10209,,True
10210,,True
10211,,True
10212,,True
10213,,True
10214,,True
10215,,True
10216,,True
10217,,True
10218,,True
10219,,True
10220,,True
10221,,True
10222,,True
10223,,True
10224,,True
10225,,True
10226,,True
10227,,True
10228,,True
10229,,True
10230,,True
10231,,True
10232,,True
10233,,True
10234,,True
10235,,True
10236,,True
10237,,True
10238,,True
10239,,True
10240,,True
10241,,True
10242,,True
10243,,True
10244,,True
10245,,True
10246,,True
10247,,True
10248,,True
10249,,True
10250,,True
10251,,True
10252,,True
10253,,True
10254,,True
10255,,True
10256,,True
10257,,True
10258,,True
10259,,True
10260,,True
10261,,True
10262,,True
10263,,True
10264,,True
10265,,True
10266,,True
10267,8727,False
10268,8728,False
10269,8729,False
10270,8730,False
10271,8731,False
10272,8732,False
10273,8733,False
10274,8734,False
10275,8735,False
10276,8736,False
10277,8737,False
10278,8738,False
10279,8739,False
10280,8740,False
10281,8741,False
10282,8742,False
10283,8743,False
10284,8744,False
10285,8745,False
10286,8746,False
10287,8747,False
10288,8748,False
10289,8749,False
10290,8750,False
10291,8751,False
10292,8752,False
10293,8753,False
10294,8754,False
10295,8755,False
10296,8756,False
10297,8757,False
10298,8758,False
10299,8759,False
10300,8760,False
10301,8761,False
10302,8762,False
10303,8763,False
10304,8764,False
10305,8765,False
10306,8766,False
10307,8767,False
10308,8768,False
10309,8769,False
10310,8770,False
10311,8771,False
10312,8772,False
10313,8773,False
10314,8774,False
10315,8775,False
10316,8776,False
10317,8777,False
10318,8778,False
10319,8779,False
10320,8780,False
10321,8781,False
10322,8782,False
10323,8783,False
10324,8784,False
10325,8785,False
10326,8786,False
10327,8787,False
10328,8788,False
10329,8789,False
10330,8790,False
10331,8791,False
10332,8792,False
10333,8793,False
10334,8794,False
10335,8795,False
10336,8796,False
10337,8797,False
10338,8798,False
10339,8799,False
10340,8800,False
10341,8801,False
10342,8802,False
10343,8803,False
10344,8804,False
10345,8805,False
10346,8806,False
10347,8807,False
10348,8808,False
10349,8809,False
10350,8810,False
10351,8811,False
10352,8812,False
10353,8813,False
10354,8814,False
10355,8815,False
10356,8816,False
10357,8817,False
10358,8818,False
10359,8819,False
10360,8820,False
10361,8821,False
10362,8822,False
10363,8823,False
10364,8824,False
10365,8825,False
10366,8826,False
10367,8827,False
10368,8828,False
10369,8829,False
10370,8830,False
10371,8831,False
10372,8832,False
10373,8833,False
10374,8834,False
10375,8835,False
10376,8836,False
10377,8837,False
10378,8838,False
10379,8839,False
10380,8840,False
10381,8841,False
10382,8842,False
10383,8843,False
10384,8844,False
10385,8845,False
10386,8846,False
10387,8847,False
10388,8848,False
10389,8849,False
10390,8850,False
10391,8851,False
10392,8852,False
10393,8853,False
10394,8854,False
10395,8855,False
10396,8856,False
10397,8857,False
10398,8858,False
10399,8859,False
10400,8860,False
10401,8861,False
10402,8862,False
10403,8863,False
10404,8864,False
10405,8865,False
10406,8866,False
10407,8867,False
10408,8868,False
10409,8869,False
10410,8870,False
10411,8871,False
10412,8872,False
10413,8873,False
10414,8874,False
10415,8875,False
10416,8876,False
10417,8877,False
10418,8878,False
10419,8879,False
10420,8880,False
10421,8881,False
10422,8882,False
10423,8883,False
10424,8884,False
10425,8885,False
10426,8886,False
10427,8887,False
10428,8888,False
10429,8889,False
10430,8890,False
10431,8891,False
10432,8892,False
10433,8893,False
10434,8894,False
10435,8895,False
10436,8896,False
10437,8897,False
10438,8898,False
10439,8899,False
10440,8900,False
10441,8901,False
10442,8902,False
10443,8903,False
10444,8904,False
10445,8905,False
10446,8906,False
10447,8907,False
10448,8908,False
10449,8909,False
10450,8910,False
10451,8911,False
10452,8912,False
10453,8913,False
10454,8914,False
10455,8915,False
10456,8916,False
10457,8917,False
10458,8918,False
10459,8919,False
10460,8920,False
10461,8921,False
10462,8922,False
10463,8923,False
10464,8924,False
10465,8925,False
10466,8926,False
10467,8927,False
10468,8928,False
10469,8929,False
10470,8930,False
10471,8931,False
10472,8932,False
10473,8933,False
10474,8934,False
10475,8935,False
10476,8936,False
10477,8937,False
10478,8938,False
10479,8939,False
10480,8940,False
10481,8941,False
10482,8942,False
10483,8943,False
10484,8944,False
10485,8945,False
10486,8946,False
10487,8947,False
10488,8948,False
10489,8949,False
10490,8950,False
10491,8951,False
10492,8952,False
10493,8953,False
10494,8954,False
10495,8955,False
10496,8956,False
10497,8957,False
10498,8958,False
10499,8959,False
10500,8960,False
10501,8961,False
10502,8962,False
10503,8963,False
10504,8964,False
10505,8965,False
10506,8966,False
10507,8967,False
10508,8968,False
10509,8969,False
10510,8970,False
10511,8971,False
10512,8972,False
10513,8973,False
10514,8974,False
10515,8975,False
10516,8976,False
10517,8977,False
10518,8978,False
10519,8979,False
10520,8980,False
10521,8981,False
10522,8982,False
10523,8983,False
10524,8984,False
10525,8985,False
10526,8986,False
10527,8987,False
10528,8988,False
10529,8989,False
10530,8990,False
10531,8991,False
10532,8992,False
10533,8993,False
10534,8994,False
10535,8995,False
10536,8996,False
10537,8997,False
10538,8998,False
10539,8999,False
10540,9000,False
10541,9001,False
10542,9002,False
10543,9003,False
10544,9004,False
10545,9005,False
10546,9006,False
10547,9007,False
10548,9008,False
10549,9009,False
10550,9010,False
10551,9011,False
10552,9012,False
10553,9013,False
10554,9014,False
10555,9015,False
10556,9016,False
10557,9017,False
10558,9018,False
10559,9019,False
10560,9020,False
10561,9021,False
10562,9022,False
10563,9023,False
10564,9024,False
10565,9025,False
10566,9026,False
10567,9027,False
10568,9028,False
10569,9029,False
10570,9030,False
10571,9031,False
10572,9032,False
10573,9033,False
10574,9034,False
10575,9035,False
10576,9036,False
10577,9037,False
10578,9038,False
10579,9039,False
10580,9040,False
10581,9041,False
10582,9042,False
10583,9043,False
10584,9044,False
10585,9045,False
10586,9046,False
10587,9047,False
10588,9048,False
10589,9049,False
10590,9050,False
10591,9051,False
10592,9052,False
10593,9053,False
10594,9054,False
10595,9055,False
10596,9056,False
10597,9057,False
10598,9058,False
10599,9059,False
10600,9060,False
10601,9061,False
10602,9062,False
10603,9063,False
10604,9064,False
10605,9065,False
10606,9066,False
10607,9067,False
10608,9068,False
10609,9069,False
10610,9070,False
10611,9071,False
10612,9072,False
10613,9073,False
10614,9074,False
10615,9075,False
10616,9076,False
10617,9077,False
10618,9078,False
10619,9079,False
10620,9080,False
10621,9081,False
10622,9082,False
10623,9083,False
10624,9084,False
10625,9085,False
10626,9086,False
10627,9087,False
10628,9088,False
10629,9089,False
10630,9090,False
10631,9091,False
10632,9092,False
10633,9093,False
10634,9094,False
10635,9095,False
10636,9096,False
10637,9097,False
10638,9098,False
10639,9099,False
10640,9100,False
10641,9101,False
10642,9102,False
10643,9103,False
10644,9104,False
10645,9105,False
10646,9106,False
10647,9107,False
10648,9108,False
10649,9109,False
10650,9110,False
10651,9111,False
10652,9112,False
10653,9113,False
10654,9114,False
10655,9115,False
10656,9116,False
10657,9117,False
10658,9118,False
10659,9119,False
10660,9120,False
10661,9121,False
10662,9122,False
10663,9123,False
10664,9124,False
10665,9125,False
10666,9126,False
10667,9127,False
10668,9128,False
10669,9129,False
10670,,True
10671,,True
10672,,True
10673,,True
10674,,True
10675,,True
10676,,True
10677,,True
10678,,True
10679,,True
10680,,True
10681,,True
10682,,True
10683,,True
10684,,True
10685,,True
10686,,True
10687,,True
10688,,True
10689,,True
10690,,True
10691,,True
10692,,True
10693,,True
10694,,True
10695,,True
10696,,True
10697,,True
10698,,True
10699,,True
10700,,True
10701,,True
10702,,True
10703,,True
10704,,True
10705,,True
10706,,True
10707,,True
10708,,True
10709,,True
10710,,True
10711,,True
10712,,True
10713,,True
10714,,True
10715,,True
10716,,True
10717,,True
10718,,True
10719,9130,False
10720,9131,False
10721,9132,False
10722,9133,False
10723,9134,False
10724,9135,False
10725,9136,False
10726,9137,False
10727,9138,False
10728,9139,False
10729,9140,False
10730,9141,False
10731,9142,False
10732,9143,False
10733,9144,False
10734,9145,False
10735,9146,False
10736,9147,False
10737,9148,False
10738,9149,False
10739,9150,False
10740,9151,False
10741,9152,False
10742,9153,False
10743,9154,False
10744,9155,False
10745,9156,False
10746,9157,False
10747,9158,False
10748,9159,False
10749,9160,False
10750,9161,False
10751,9162,False
10752,9163,False
10753,9164,False
10754,9165,False
10755,9166,False
10756,9167,False
10757,9168,False
10758,9169,False
10759,9170,False
10760,9171,False
10761,9172,False
10762,9173,False
10763,9174,False
10764,9175,False
10765,9176,False
10766,9177,False
10767,9178,False
10768,9179,False
10769,9180,False
10770,9181,False
10771,9182,False
10772,9183,False
10773,9184,False
10774,9185,False
10775,9186,False
10776,9187,False
10777,9188,False
10778,9189,False
10779,9190,False
10780,9191,False
10781,9192,False
10782,9193,False
10783,9194,False
10784,9195,False
10785,9196,False
10786,9197,False
10787,9198,False
10788,9199,False
10789,9200,False
10790,9201,False
10791,9202,False
10792,9203,False
10793,9204,False
10794,9205,False
10795,9206,False
10796,9207,False
10797,9208,False
10798,9209,False
10799,9210,False
10800,9211,False
10801,9212,False
10802,9213,False
10803,9214,False
10804,9215,False
10805,9216,False
10806,9217,False
10807,9218,False
10808,9219,False
10809,9220,False
10810,9221,False
10811,9222,False
10812,9223,False
10813,9224,False
10814,9225,False
10815,9226,False
10816,9227,False
10817,9228,False
10818,9229,False
10819,9230,False
10820,9231,False
10821,9232,False
10822,9233,False
10823,9234,False
10824,9235,False
10825,9236,False
10826,9237,False
10827,9238,False
10828,9239,False
10829,9240,False
10830,9241,False
10831,9242,False
10832,9243,False
10833,9244,False
10834,9245,False
10835,9246,False
10836,9247,False
10837,9248,False
10838,9249,False
10839,9250,False
10840,9251,False
10841,9252,False
10842,9253,False
10843,9254,False
10844,9255,False
10845,9256,False
10846,9257,False
10847,9258,False
10848,9259,False
10849,9260,False
10850,9261,False
10851,9262,False
10852,9263,False
10853,9264,False
10854,9265,False
10855,9266,False
10856,9267,False
10857,9268,False
10858,9269,False
10859,9270,False
10860,9271,False
10861,9272,False
10862,9273,False
10863,9274,False
10864,9275,False
10865,9276,False
10866,9277,False
10867,9278,False
10868,9279,False
10869,9280,False
10870,9281,False
10871,9282,False
10872,9283,False
10873,9284,False
10874,9285,False
10875,9286,False
10876,9287,False
10877,9288,False
10878,9289,False
10879,9290,False
10880,9291,False
10881,9292,False
10882,9293,False
10883,9294,False
10884,9295,False
10885,9296,False
10886,9297,False
10887,9298,False
10888,9299,False
10889,9300,False
10890,9301,False
10891,9302,False
10892,9303,False
10893,9304,False
10894,9305,False
10895,9306,False
10896,9307,False
10897,9308,False
10898,9309,False
10899,9310,False
10900,9311,False
10901,9312,False
10902,9313,False
10903,9314,False
10904,9315,False
10905,9316,False
10906,9317,False
10907,9318,False
10908,9319,False
10909,9320,False
10910,9321,False
10911,9322,False
10912,9323,False
10913,9324,False
10914,9325,False
10915,9326,False
10916,9327,False
10917,9328,False
10918,9329,False
10919,9330,False
10920,,True
10921,,True
10922,,True
10923,,True
10924,,True
10925,,True
10926,,True
10927,,True
10928,,True
10929,,True
10930,,True
10931,,True
10932,,True
10933,,True
10934,,True
10935,,True
10936,,True
10937,,True
10938,,True
10939,,True
10940,,True
10941,,True
10942,,True
10943,,True
10944,,True
10945,,True
10946,,True
10947,,True
10948,,True
10949,,True
10950,,True
10951,,True
10952,,True
10953,,True
10954,9331,False
10955,9332,False
10956,9333,False
10957,9334,False
10958,9335,False
10959,9336,False
10960,9337,False
10961,9338,False
10962,9339,False
10963,9340,False
10964,9341,False
10965,9342,False
10966,9343,False
10967,9344,False
10968,9345,False
10969,9346,False
10970,9347,False
10971,9348,False
10972,9349,False
10973,9350,False
10974,9351,False
10975,9352,False
10976,9353,False
10977,9354,False
10978,9355,False
10979,9356,False
10980,9357,False
10981,9358,False
10982,9359,False
10983,9360,False
10984,9361,False
10985,9362,False
10986,9363,False
10987,9364,False
10988,9365,False
10989,9366,False
10990,9367,False
10991,9368,False
10992,9369,False
10993,9370,False
10994,9371,False
10995,9372,False
10996,9373,False
10997,9374,False
10998,9375,False
10999,9376,False
11000,9377,False
11001,9378,False
11002,9379,False
11003,9380,False
11004,9381,False
11005,9382,False
11006,9383,False
11007,9384,False
11008,9385,False
11009,9386,False
11010,9387,False
11011,9388,False
11012,9389,False
11013,9390,False
11014,9391,False
11015,9392,False
11016,9393,False
11017,9394,False
11018,9395,False
11019,9396,False
11020,9397,False
11021,9398,False
11022,9399,False
11023,9400,False
11024,9401,False
11025,9402,False
11026,9403,False
11027,9404,False
11028,9405,False
11029,9406,False
11030,9407,False
11031,9408,False
11032,9409,False
11033,9410,False
11034,9411,False
11035,9412,False
11036,9413,False
11037,9414,False
11038,9415,False
11039,9416,False
11040,9417,False
11041,9418,False
11042,9419,False
11043,9420,False
11044,9421,False
11045,9422,False
11046,9423,False
11047,9424,False
11048,9425,False
11049,9426,False
11050,9427,False
11051,9428,False
11052,9429,False
11053,9430,False
11054,9431,False
11055,9432,False
11056,9433,False
11057,9434,False
11058,9435,False
11059,9436,False
11060,9437,False
11061,9438,False
11062,9439,False
11063,9440,False
11064,9441,False
11065,9442,False
11066,9443,False
11067,9444,False
11068,9445,False
11069,9446,False
11070,9447,False
11071,9448,False
11072,9449,False
11073,9450,False
11074,9451,False
11075,9452,False
11076,9453,False
11077,9454,False
11078,9455,False
11079,9456,False
11080,9457,False
11081,9458,False
11082,9459,False
11083,9460,False
11084,9461,False
11085,9462,False
11086,9463,False
11087,9464,False
11088,9465,False
11089,9466,False
11090,9467,False
11091,9468,False
11092,9469,False
11093,9470,False
11094,9471,False
11095,9472,False
11096,9473,False
11097,9474,False
11098,9475,False
11099,9476,False
11100,9477,False
11101,9478,False
11102,9479,False
11103,9480,False
11104,9481,False
11105,9482,False
11106,9483,False
11107,9484,False
11108,9485,False
11109,9486,False
11110,9487,False
11111,9488,False
11112,9489,False
11113,9490,False
11114,9491,False
11115,9492,False
11116,9493,False
11117,9494,False
11118,9495,False
11119,9496,False
11120,9497,False
11121,9498,False
11122,9499,False
11123,9500,False
11124,9501,False
11125,9502,False
11126,9503,False
11127,9504,False
11128,9505,False
11129,9506,False
11130,9507,False
11131,9508,False
11132,9509,False
11133,9510,False
11134,9511,False
11135,9512,False
11136,9513,False
11137,9514,False
11138,9515,False
11139,9516,False
11140,9517,False
11141,9518,False
11142,9519,False
11143,9520,False
11144,9521,False
11145,9522,False
11146,9523,False
11147,9524,False
11148,9525,False
11149,9526,False
11150,9527,False
11151,9528,False
11152,9529,False
11153,9530,False
11154,9531,False
11155,9532,False
11156,9533,False
11157,9534,False
11158,9535,False
11159,9536,False
11160,9537,False
11161,9538,False
11162,9539,False
11163,9540,False
11164,9541,False
11165,9542,False
11166,9543,False
11167,9544,False
11168,9545,False
11169,9546,False
11170,9547,False
11171,9548,False
11172,9549,False
11173,9550,False
11174,9551,False
11175,9552,False
11176,9553,False
11177,9554,False
11178,9555,False
11179,9556,False
11180,9557,False
11181,9558,False
11182,9559,False
11183,9560,False
11184,9561,False
11185,9562,False
11186,9563,False
11187,9564,False
11188,9565,False
11189,9566,False
11190,9567,False
11191,9568,False
11192,9569,False
11193,9570,False
11194,9571,False
11195,9572,False
11196,9573,False
11197,9574,False
11198,9575,False
11199,9576,False
11200,9577,False
11201,9578,False
11202,9579,False
11203,9580,False
11204,9581,False
11205,9582,False
11206,9583,False
11207,9584,False
11208,9585,False
11209,9586,False
11210,9587,False
11211,9588,False
11212,9589,False
11213,9590,False
11214,9591,False
11215,9592,False
11216,9593,False
11217,9594,False
11218,9595,False
11219,9596,False
11220,9597,False
11221,9598,False
11222,9599,False
11223,9600,False
11224,9601,False
11225,9602,False
11226,9603,False
11227,9604,False
11228,9605,False
11229,9606,False
11230,9607,False
11231,9608,False
11232,9609,False
11233,9610,False
11234,9611,False
11235,9612,False
11236,9613,False
11237,9614,False
11238,9615,False
11239,9616,False
11240,9617,False
11241,9618,False
11242,9619,False
11243,9620,False
11244,9621,False
11245,9622,False
11246,9623,False
11247,9624,False
11248,9625,False
11249,9626,False
11250,9627,False
11251,9628,False
11252,9629,False
11253,9630,False
11254,9631,False
11255,9632,False
11256,9633,False
11257,9634,False
11258,9635,False
11259,9636,False
11260,9637,False
11261,9638,False
11262,9639,False
11263,9640,False
11264,9641,False
11265,9642,False
11266,9643,False
11267,9644,False
11268,9645,False
11269,9646,False
11270,9647,False
11271,9648,False
11272,9649,False
11273,9650,False
11274,9651,False
11275,9652,False
11276,9653,False
11277,9654,False
11278,9655,False
11279,9656,False
11280,9657,False
11281,9658,False
11282,9659,False
11283,9660,False
11284,9661,False
11285,9662,False
11286,9663,False
11287,9664,False
11288,9665,False
11289,9666,False
11290,9667,False
11291,9668,False
11292,9669,False
11293,9670,False
11294,9671,False
11295,9672,False
11296,9673,False
11297,9674,False
11298,9675,False
11299,9676,False
11300,9677,False
11301,9678,False
11302,9679,False
11303,9680,False
11304,9681,False
11305,9682,False
11306,9683,False
11307,9684,False
11308,9685,False
11309,9686,False
11310,9687,False
11311,9688,False
11312,9689,False
11313,9690,False
11314,9691,False
11315,9692,False
11316,9693,False
11317,9694,False
11318,9695,False
11319,9696,False
11320,9697,False
11321,9698,False
11322,9699,False
11323,9700,False
11324,9701,False
11325,9702,False
11326,9703,False
11327,9704,False
11328,9705,False
11329,9706,False
11330,9707,False
11331,9708,False
11332,9709,False
11333,9710,False
11334,9711,False
11335,9712,False
11336,9713,False
11337,9714,False
11338,9715,False
11339,9716,False
11340,9717,False
11341,9718,False
11342,9719,False
11343,9720,False
11344,9721,False
11345,9722,False
11346,9723,False
11347,9724,False
11348,9725,False
11349,9726,False
11350,9727,False
11351,9728,False
11352,9729,False
11353,9730,False
11354,9731,False
11355,9732,False
11356,9733,False
11357,9734,False
11358,9735,False
11359,9736,False
11360,9737,False
11361,9738,False
11362,9739,False
11363,9740,False
11364,9741,False
11365,9742,False
11366,9743,False
11367,9744,False
11368,9745,False
11369,9746,False
11370,9747,False
11371,9748,False
11372,9749,False
11373,9750,False
11374,9751,False
11375,9752,False
11376,9753,False
11377,9754,False
11378,9755,False
11379,9756,False
11380,9757,False
11381,9758,False
11382,9759,False
11383,9760,False
11384,9761,False
11385,9762,False
11386,9763,False
11387,9764,False
11388,9765,False
11389,9766,False
11390,9767,False
11391,9768,False
11392,9769,False
11393,9770,False
11394,9771,False
11395,9772,False
11396,9773,False
11397,9774,False
11398,9775,False
11399,9776,False
11400,9777,False
11401,9778,False
11402,9779,False
11403,9780,False
11404,9781,False
11405,9782,False
11406,9783,False
11407,9784,False
11408,9785,False
11409,9786,False
11410,9787,False
11411,9788,False
11412,9789,False
11413,9790,False
11414,9791,False
11415,9792,False
11416,9793,False
11417,9794,False
11418,9795,False
11419,9796,False
11420,9797,False
11421,9798,False
11422,9799,False
11423,9800,False
11424,9801,False
11425,9802,False
11426,9803,False
11427,9804,False
11428,9805,False
11429,9806,False
11430,9807,False
11431,9808,False
11432,9809,False
11433,9810,False
11434,9811,False
11435,9812,False
11436,9813,False
11437,9814,False
11438,9815,False
11439,9816,False
11440,9817,False
11441,9818,False
11442,9819,False
11443,9820,False
11444,9821,False
11445,9822,False
11446,9823,False
11447,9824,False
11448,9825,False
11449,9826,False
11450,9827,False
11451,9828,False
11452,9829,False
11453,9830,False
11454,9831,False
11455,9832,False
11456,9833,False
11457,9834,False
11458,9835,False
11459,9836,False
11460,,True
11461,,True
11462,,True
11463,,True
11464,,True
11465,,True
11466,,True
11467,,True
11468,,True
11469,,True
11470,,True
11471,,True
11472,,True
11473,,True
11474,,True
11475,,True
11476,,True
11477,,True
11478,,True
11479,,True
11480,,True
11481,,True
11482,,True
11483,,True
11484,,True
11485,,True
11486,,True
11487,,True
11488,,True
11489,,True
11490,,True
11491,,True
11492,,True
11493,,True
11494,,True
11495,,True
11496,,True
11497,,True
11498,,True
11499,,True
11500,,True
11501,,True
11502,,True
11503,,True
11504,,True
11505,,True
11506,,True
11507,,True
11508,,True
11509,,True
11510,,True
11511,,True
11512,,True
11513,,True
11514,,True
11515,,True
11516,,True
11517,,True
11518,,True
11519,,True
11520,,True
11521,,True
11522,,True
11523,,True
11524,,True
11525,,True
11526,,True
11527,,True
11528,,True
11529,,True
11530,,True
11531,,True
11532,,True
11533,,True
11534,,True
11535,,True
11536,,True
11537,,True
11538,,True
11539,,True
11540,,True
11541,,True
11542,,True
11543,,True
11544,,True
11545,,True
11546,,True
11547,,True
11548,,True
11549,,True
11550,,True
11551,,True
11552,,True
11553,,True
11554,,True
11555,,True
11556,,True
11557,,True
11558,,True
11559,,True
11560,,True
11561,,True
11562,,True
11563,,True
11564,,True
11565,,True
11566,,True
11567,,True
11568,,True
11569,,True
11570,9837,False
11571,9838,False
11572,9839,False
11573,9840,False
11574,9841,False
11575,9842,False
11576,9843,False
11577,9844,False
11578,9845,False
11579,9846,False
11580,9847,False
11581,9848,False
11582,9849,False
11583,9850,False
11584,9851,False
11585,9852,False
11586,9853,False
11587,9854,False
11588,9855,False
11589,9856,False
11590,9857,False
11591,9858,False
11592,9859,False
11593,9860,False
11594,9861,False
11595,9862,False
11596,9863,False
11597,9864,False
11598,9865,False
11599,9866,False
11600,9867,False
11601,9868,False
11602,9869,False
11603,9870,False
11604,9871,False
11605,9872,False
11606,9873,False
11607,9874,False
11608,9875,False
11609,9876,False
11610,9877,False
11611,9878,False
11612,9879,False
11613,9880,False
11614,9881,False
11615,9882,False
11616,9883,False
11617,9884,False
11618,9885,False
11619,9886,False
11620,9887,False
11621,9888,False
11622,9889,False
11623,9890,False
11624,9891,False
11625,9892,False
11626,9893,False
11627,9894,False
11628,9895,False
11629,9896,False
11630,9897,False
11631,9898,False
11632,9899,False
11633,9900,False
11634,9901,False
11635,9902,False
11636,9903,False
11637,9904,False
11638,9905,False
11639,9906,False
11640,9907,False
11641,9908,False
11642,9909,False
11643,9910,False
11644,9911,False
11645,9912,False
11646,9913,False
11647,9914,False
11648,9915,False
11649,9916,False
11650,9917,False
11651,9918,False
11652,9919,False
11653,9920,False
11654,9921,False
11655,9922,False
11656,9923,False
11657,9924,False
11658,9925,False
11659,9926,False
11660,9927,False
11661,9928,False
11662,9929,False
11663,9930,False
11664,9931,False
11665,9932,False
11666,9933,False
11667,9934,False
11668,9935,False
11669,9936,False
11670,9937,False
11671,9938,False
11672,9939,False
11673,9940,False
11674,9941,False
11675,9942,False
11676,9943,False
11677,9944,False
11678,9945,False
11679,9946,False
11680,9947,False
11681,9948,False
11682,9949,False
11683,9950,False
11684,9951,False
11685,9952,False
11686,9953,False
11687,9954,False
11688,9955,False
11689,9956,False
11690,9957,False
11691,9958,False
11692,9959,False
11693,9960,False
11694,9961,False
11695,9962,False
11696,9963,False
11697,9964,False
11698,9965,False
11699,9966,False
11700,9967,False
11701,9968,False
11702,9969,False
11703,9970,False
11704,9971,False
11705,9972,False
11706,9973,False
11707,9974,False
11708,9975,False
11709,9976,False
11710,9977,False
11711,9978,False
11712,9979,False
11713,9980,False
11714,9981,False
11715,9982,False
11716,9983,False
11717,9984,False
11718,9985,False
11719,9986,False
11720,9987,False
11721,9988,False
11722,9989,False
11723,9990,False
11724,9991,False
11725,9992,False
11726,9993,False
11727,9994,False
11728,9995,False
11729,9996,False
11730,9997,False
11731,9998,False
11732,9999,False
11733,10000,False
11734,10001,False
11735,10002,False
11736,10003,False
11737,10004,False
11738,10005,False
11739,10006,False
11740,10007,False
11741,10008,False
11742,10009,False
11743,10010,False
11744,10011,False
11745,10012,False
11746,10013,False
11747,10014,False
11748,10015,False
11749,10016,False
11750,10017,False
11751,10018,False
11752,10019,False
11753,10020,False
11754,10021,False
11755,10022,False
11756,10023,False
11757,10024,False
11758,10025,False
11759,10026,False
11760,10027,False
11761,10028,False
11762,10029,False
11763,10030,False
11764,10031,False
11765,10032,False
11766,10033,False
11767,10034,False
11768,10035,False
11769,10036,False
11770,10037,False
11771,10038,False
11772,10039,False
11773,10040,False
11774,10041,False
11775,10042,False
11776,10043,False
11777,10044,False
11778,10045,False
11779,10046,False
11780,10047,False
11781,10048,False
11782,10049,False
11783,10050,False
11784,10051,False
11785,10052,False
11786,10053,False
11787,10054,False
11788,10055,False
11789,10056,False
11790,10057,False
11791,10058,False
11792,10059,False
11793,10060,False
11794,10061,False
11795,10062,False
11796,10063,False
11797,10064,False
11798,10065,False
11799,10066,False
11800,10067,False
11801,10068,False
11802,10069,False
11803,10070,False
11804,10071,False
11805,10072,False
11806,10073,False
11807,10074,False
11808,10075,False
11809,10076,False
11810,10077,False
11811,10078,False
11812,10079,False
11813,10080,False
11814,10081,False
11815,10082,False
11816,10083,False
11817,10084,False
11818,10085,False
11819,10086,False
11820,10087,False
11821,10088,False
11822,10089,False
11823,10090,False
11824,10091,False
11825,10092,False
11826,10093,False
11827,10094,False
11828,10095,False
11829,10096,False
11830,10097,False
11831,10098,False
11832,10099,False
11833,10100,False
11834,10101,False
11835,10102,False
11836,10103,False
11837,10104,False
11838,10105,False
11839,10106,False
11840,10107,False
11841,10108,False
11842,10109,False
11843,10110,False
11844,10111,False
11845,10112,False
11846,10113,False
11847,10114,False
11848,10115,False
11849,10116,False
11850,10117,False
11851,10118,False
11852,10119,False
11853,10120,False
11854,10121,False
11855,10122,False
11856,10123,False
11857,10124,False
11858,10125,False
11859,10126,False
11860,10127,False
11861,10128,False
11862,10129,False
11863,10130,False
11864,10131,False
11865,10132,False
11866,10133,False
11867,10134,False
11868,10135,False
11869,10136,False
11870,10137,False
11871,10138,False
11872,10139,False
11873,10140,False
11874,10141,False
11875,10142,False
11876,10143,False
11877,10144,False
11878,10145,False
11879,10146,False
11880,10147,False
11881,10148,False
11882,10149,False
11883,10150,False
11884,10151,False
11885,10152,False
11886,10153,False
11887,10154,False
11888,10155,False
11889,10156,False
11890,10157,False
11891,10158,False
11892,10159,False
11893,10160,False
11894,10161,False
11895,10162,False
11896,10163,False
11897,10164,False
11898,10165,False
11899,10166,False
11900,10167,False
11901,10168,False
11902,10169,False
11903,10170,False
11904,10171,False
11905,10172,False
11906,10173,False
11907,10174,False
11908,10175,False
11909,10176,False
11910,10177,False
11911,10178,False
11912,10179,False
11913,10180,False
11914,10181,False
11915,10182,False
11916,10183,False
11917,10184,False
11918,10185,False
11919,10186,False
11920,10187,False
11921,10188,False
11922,10189,False
11923,10190,False
11924,10191,False
11925,10192,False
11926,10193,False
11927,10194,False
11928,10195,False
11929,10196,False
11930,10197,False
11931,10198,False
11932,10199,False
11933,10200,False
11934,10201,False
11935,10202,False
11936,10203,False
11937,10204,False
11938,10205,False
11939,10206,False
11940,10207,False
11941,10208,False
11942,10209,False
11943,10210,False
11944,10211,False
11945,10212,False
11946,10213,False
11947,10214,False
11948,10215,False
11949,10216,False
11950,10217,False
11951,10218,False
11952,10219,False
11953,10220,False
11954,10221,False
11955,10222,False
11956,10223,False
11957,10224,False
11958,10225,False
11959,10226,False
11960,10227,False
11961,10228,False
11962,10229,False
11963,10230,False
11964,10231,False
11965,10232,False
11966,10233,False
11967,10234,False
11968,10235,False
11969,10236,False
11970,10237,False
11971,10238,False
11972,10239,False
11973,10240,False
11974,10241,False
11975,10242,False
11976,10243,False
11977,10244,False
11978,10245,False
11979,10246,False
11980,10247,False
11981,10248,False
11982,10249,False
11983,10250,False
11984,10251,False
11985,10252,False
11986,10253,False
11987,10254,False
11988,10255,False
11989,10256,False
11990,10257,False
11991,10258,False
11992,10259,False
11993,10260,False
11994,10261,False
11995,10262,False
11996,10263,False
11997,10264,False
11998,10265,False
11999,10266,False
12000,10267,False
12001,10268,False
12002,10269,False
12003,10270,False
12004,10271,False
12005,10272,False
12006,10273,False
12007,10274,False
12008,10275,False
12009,10276,False
12010,10277,False
12011,10278,False
12012,10279,False
12013,10280,False
12014,10281,False
12015,10282,False
12016,10283,False
12017,10284,False
12018,10285,False
12019,10286,False
12020,10287,False
12021,10288,False
12022,10289,False
12023,10290,False
12024,10291,False
12025,10292,False
12026,10293,False
12027,10294,False
12028,10295,False
12029,10296,False
12030,10297,False
12031,10298,False
12032,10299,False
12033,10300,False
12034,10301,False
12035,10302,False
12036,10303,False
12037,10304,False
12038,10305,False
12039,10306,False
12040,10307,False
12041,10308,False
12042,10309,False
12043,10310,False
12044,10311,False
12045,10312,False
12046,10313,False
12047,10314,False
12048,10315,False
12049,10316,False
12050,10317,False
12051,10318,False
12052,10319,False
12053,10320,False
12054,10321,False
12055,10322,False
12056,10323,False
12057,10324,False
12058,10325,False
12059,10326,False
12060,10327,False
12061,10328,False
12062,10329,False
12063,10330,False
12064,10331,False
12065,10332,False
12066,10333,False
12067,10334,False
12068,10335,False
12069,10336,False
12070,10337,False
12071,10338,False
12072,10339,False
12073,10340,False
12074,10341,False
12075,10342,False
12076,10343,False
12077,10344,False
12078,10345,False
12079,10346,False
12080,10347,False
12081,10348,False
12082,10349,False
12083,10350,False
12084,10351,False
12085,10352,False
12086,10353,False
12087,10354,False
12088,10355,False
12089,10356,False
12090,10357,False
12091,10358,False
12092,10359,False
12093,10360,False
12094,10361,False
12095,10362,False
12096,10363,False
12097,10364,False
12098,10365,False
12099,10366,False
12100,10367,False
12101,10368,False
12102,10369,False
12103,10370,False
12104,10371,False
12105,10372,False
12106,10373,False
12107,10374,False
12108,10375,False
12109,10376,False
12110,10377,False
12111,10378,False
12112,10379,False
12113,10380,False
12114,10381,False
12115,10382,False
12116,10383,False
12117,10384,False
12118,10385,False
12119,10386,False
12120,10387,False
12121,10388,False
12122,10389,False
12123,10390,False
12124,10391,False
12125,10392,False
12126,10393,False
12127,10394,False
12128,10395,False
12129,10396,False
12130,10397,False
12131,10398,False
12132,10399,False
12133,10400,False
12134,10401,False
12135,10402,False
12136,10403,False
12137,10404,False
12138,10405,False
12139,10406,False
12140,10407,False
12141,10408,False
12142,10409,False
12143,10410,False
12144,10411,False
12145,10412,False
12146,10413,False
12147,10414,False
12148,10415,False
12149,10416,False
12150,10417,False
12151,10418,False
12152,10419,False
12153,10420,False
12154,10421,False
12155,10422,False
12156,10423,False
12157,10424,False
12158,10425,False
12159,10426,False
12160,10427,False
12161,10428,False
12162,10429,False
12163,10430,False
12164,10431,False
12165,10432,False
12166,10433,False
12167,10434,False
12168,10435,False
12169,10436,False
12170,10437,False
12171,10438,False
12172,10439,False
12173,10440,False
12174,10441,False
12175,10442,False
12176,10443,False
12177,10444,False
12178,10445,False
12179,10446,False
12180,10447,False
12181,10448,False
12182,10449,False
12183,10450,False
12184,10451,False
12185,10452,False
12186,10453,False
12187,10454,False
12188,10455,False
12189,10456,False
12190,10457,False
12191,10458,False
12192,10459,False
12193,10460,False
12194,10461,False
12195,10462,False
12196,10463,False
12197,10464,False
12198,10465,False
12199,10466,False
12200,10467,False
12201,10468,False
12202,10469,False
12203,10470,False
12204,10471,False
12205,10472,False
12206,10473,False
12207,10474,False
12208,10475,False
12209,10476,False
12210,10477,False
12211,10478,False
12212,10479,False
12213,10480,False
12214,10481,False
12215,10482,False
12216,10483,False
12217,10484,False
12218,10485,False
12219,10486,False
12220,10487,False
12221,10488,False
12222,10489,False
12223,10490,False
12224,10491,False
12225,10492,False
12226,10493,False
12227,10494,False
12228,10495,False
12229,10496,False
12230,10497,False
12231,10498,False
12232,10499,False
12233,10500,False
12234,10501,False
12235,10502,False
12236,10503,False
12237,10504,False
12238,10505,False
12239,10506,False
12240,,True
12241,,True
12242,,True
12243,,True
12244,,True
12245,,True
12246,,True
12247,,True
12248,,True
12249,,True
12250,,True
12251,,True
12252,,True
12253,,True
12254,,True
12255,,True
12256,,True
12257,,True
12258,,True
12259,,True
12260,,True
12261,,True
12262,,True
12263,,True
12264,,True
12265,,True
12266,,True
12267,,True
12268,,True
12269,,True
12270,,True
12271,,True
12272,,True
12273,,True
12274,,True
12275,,True
12276,,True
12277,,True
12278,,True
12279,,True
12280,,True
12281,,True
12282,,True
12283,,True
12284,,True
12285,,True
12286,,True
12287,,True
12288,,True
12289,,True
12290,,True
12291,,True
12292,,True
12293,,True
12294,,True
12295,,True
12296,,True
12297,,True
12298,,True
12299,,True
12300,,True
12301,,True
12302,,True
12303,,True
12304,,True
12305,,True
12306,,True
12307,,True
12308,,True
12309,,True
12310,10507,False
12311,10508,False
12312,10509,False
12313,10510,False
12314,10511,False
12315,10512,False
12316,10513,False
12317,10514,False
12318,10515,False
12319,10516,False
12320,10517,False
12321,10518,False
12322,10519,False
12323,10520,False
12324,10521,False
12325,10522,False
12326,10523,False
12327,10524,False
12328,10525,False
12329,10526,False
12330,10527,False
12331,10528,False
12332,10529,False
12333,10530,False
12334,10531,False
12335,10532,False
12336,10533,False
12337,10534,False
12338,10535,False
12339,10536,False
12340,10537,False
12341,10538,False
12342,10539,False
12343,10540,False
12344,10541,False
12345,10542,False
12346,10543,False
12347,10544,False
12348,10545,False
12349,10546,False
12350,10547,False
12351,10548,False
12352,10549,False
12353,10550,False
12354,10551,False
12355,10552,False
12356,10553,False
12357,10554,False
12358,10555,False
12359,10556,False
12360,10557,False
12361,10558,False
12362,10559,False
12363,10560,False
12364,10561,False
12365,10562,False
12366,10563,False
12367,10564,False
12368,10565,False
12369,10566,False
12370,10567,False
12371,10568,False
12372,10569,False
12373,10570,False
12374,10571,False
12375,10572,False
12376,10573,False
12377,10574,False
12378,10575,False
12379,10576,False
12380,10577,False
12381,10578,False
12382,10579,False
12383,10580,False
12384,10581,False
12385,10582,False
12386,10583,False
12387,10584,False
12388,10585,False
12389,10586,False
12390,10587,False
12391,10588,False
12392,10589,False
12393,10590,False
12394,10591,False
12395,10592,False
12396,10593,False
12397,10594,False
12398,10595,False
12399,10596,False
12400,10597,False
12401,10598,False
12402,10599,False
12403,10600,False
12404,10601,False
12405,10602,False
12406,10603,False
12407,10604,False
12408,10605,False
12409,10606,False
12410,10607,False
12411,10608,False
12412,10609,False
12413,10610,False
12414,10611,False
12415,10612,False
12416,10613,False
12417,10614,False
12418,10615,False
12419,10616,False
12420,10617,False
12421,10618,False
12422,10619,False
12423,10620,False
12424,10621,False
12425,10622,False
12426,10623,False
12427,10624,False
12428,10625,False
12429,10626,False
12430,,True
12431,,True
12432,,True
12433,,True
12434,,True
12435,,True
12436,,True
12437,,True
12438,,True
12439,,True
12440,,True
12441,,True
12442,,True
12443,,True
12444,,True
12445,,True
12446,,True
12447,,True
12448,,True
12449,,True
12450,,True
12451,10627,False
12452,10628,False
12453,10629,False
12454,10630,False
12455,10631,False
12456,10632,False
12457,10633,False
12458,10634,False
12459,10635,False
12460,10636,False
12461,10637,False
12462,10638,False
12463,10639,False
12464,10640,False
12465,10641,False
12466,10642,False
12467,10643,False
12468,10644,False
12469,10645,False
12470,10646,False
12471,10647,False
12472,10648,False
12473,10649,False
12474,10650,False
12475,10651,False
12476,10652,False
12477,10653,False
12478,10654,False
12479,10655,False
12480,10656,False
12481,10657,False
12482,10658,False
12483,10659,False
12484,10660,False
12485,10661,False
12486,10662,False
12487,10663,False
12488,10664,False
12489,10665,False
12490,10666,False
12491,10667,False
12492,10668,False
12493,10669,False
12494,10670,False
12495,10671,False
12496,10672,False
12497,10673,False
12498,10674,False
12499,10675,False
12500,10676,False
12501,10677,False
12502,10678,False
12503,10679,False
12504,10680,False
12505,10681,False
12506,10682,False
12507,10683,False
12508,10684,False
12509,10685,False
12510,10686,False
12511,10687,False
12512,10688,False
12513,10689,False
12514,10690,False
12515,10691,False
12516,10692,False
12517,10693,False
12518,10694,False
12519,10695,False
12520,10696,False
12521,10697,False
12522,10698,False
12523,10699,False
12524,10700,False
12525,10701,False
12526,10702,False
12527,10703,False
12528,10704,False
12529,10705,False
12530,10706,False
12531,10707,False
12532,10708,False
12533,10709,False
12534,10710,False
12535,10711,False
12536,10712,False
12537,10713,False
12538,10714,False
12539,10715,False
12540,10716,False
12541,10717,False
12542,10718,False
12543,10719,False
12544,10720,False
12545,10721,False
12546,10722,False
12547,10723,False
12548,10724,False
12549,10725,False
12550,10726,False
12551,10727,False
12552,10728,False
12553,10729,False
12554,10730,False
12555,10731,False
12556,10732,False
12557,10733,False
12558,10734,False
12559,10735,False
12560,10736,False
12561,10737,False
12562,10738,False
12563,10739,False
12564,10740,False
12565,10741,False
12566,10742,False
12567,10743,False
12568,10744,False
12569,10745,False
12570,10746,False
12571,10747,False
12572,10748,False
12573,10749,False
12574,10750,False
12575,10751,False
12576,10752,False
12577,10753,False
12578,10754,False
12579,10755,False
12580,10756,False
12581,10757,False
12582,10758,False
12583,10759,False
12584,10760,False
12585,10761,False
12586,10762,False
12587,10763,False
12588,10764,False
12589,10765,False
12590,10766,False
12591,10767,False
12592,10768,False
12593,10769,False
12594,10770,False
12595,10771,False
12596,10772,False
12597,10773,False
12598,10774,False
12599,10775,False
12600,10776,False
12601,10777,False
12602,10778,False
12603,10779,False
12604,10780,False
12605,10781,False
12606,10782,False
12607,10783,False
12608,10784,False
12609,10785,False
12610,10786,False
12611,10787,False
12612,10788,False
12613,10789,False
12614,10790,False
12615,10791,False
12616,10792,False
12617,10793,False
12618,10794,False
12619,10795,False
12620,10796,False
12621,10797,False
12622,10798,False
12623,10799,False
12624,10800,False
12625,10801,False
12626,10802,False
12627,10803,False
12628,10804,False
12629,10805,False
12630,10806,False
12631,10807,False
12632,10808,False
12633,10809,False
12634,10810,False
12635,10811,False
12636,10812,False
12637,10813,False
12638,10814,False
12639,10815,False
12640,10816,False
12641,10817,False
12642,10818,False
12643,10819,False
12644,10820,False
12645,10821,False
12646,10822,False
12647,10823,False
12648,10824,False
12649,10825,False
12650,10826,False
12651,10827,False
12652,10828,False
12653,10829,False
12654,10830,False
12655,10831,False
12656,10832,False
12657,10833,False
12658,10834,False
12659,10835,False
12660,10836,False
12661,10837,False
12662,10838,False
12663,10839,False
12664,10840,False
12665,10841,False
12666,10842,False
12667,10843,False
12668,10844,False
12669,10845,False
12670,10846,False
12671,10847,False
12672,10848,False
12673,10849,False
12674,10850,False
12675,10851,False
12676,10852,False
12677,10853,False
12678,10854,False
12679,10855,False
12680,10856,False
12681,10857,False
12682,10858,False
12683,10859,False
12684,10860,False
12685,10861,False
12686,10862,False
12687,10863,False
12688,10864,False
12689,10865,False
12690,10866,False
12691,10867,False
12692,10868,False
12693,10869,False
12694,10870,False
12695,10871,False
12696,10872,False
12697,10873,False
12698,10874,False
12699,10875,False
12700,10876,False
12701,10877,False
12702,10878,False
12703,10879,False
12704,10880,False
12705,10881,False
12706,10882,False
12707,10883,False
12708,10884,False
12709,10885,False
12710,10886,False
12711,10887,False
12712,10888,False
12713,10889,False
12714,10890,False
12715,10891,False
12716,10892,False
12717,10893,False
12718,10894,False
12719,10895,False
12720,10896,False
12721,10897,False
12722,10898,False
12723,10899,False
12724,10900,False
12725,10901,False
12726,10902,False
12727,10903,False
12728,10904,False
12729,10905,False
12730,10906,False
12731,10907,False
12732,10908,False
12733,10909,False
12734,10910,False
12735,10911,False
12736,10912,False
12737,10913,False
12738,10914,False
12739,10915,False
12740,10916,False
12741,10917,False
12742,10918,False
12743,10919,False
12744,10920,False
12745,10921,False
12746,10922,False
12747,10923,False
12748,10924,False
12749,10925,False
12750,10926,False
12751,10927,False
12752,10928,False
12753,10929,False
12754,10930,False
12755,10931,False
12756,10932,False
12757,10933,False
12758,10934,False
12759,,True
12760,,True
12761,,True
12762,,True
12763,,True
12764,,True
12765,,True
12766,,True
12767,,True
12768,,True
12769,,True
12770,,True
12771,,True
12772,,True
12773,,True
12774,,True
12775,,True
12776,,True
12777,,True
12778,,True
12779,,True
12780,,True
12781,,True
12782,,True
12783,,True
12784,,True
12785,,True
12786,,True
12787,,True
12788,,True
12789,,True
12790,,True
12791,,True
12792,,True
12793,,True
12794,,True
12795,,True
12796,,True
12797,,True
12798,,True
12799,,True
12800,,True
12801,10935,False
12802,10936,False
12803,10937,False
12804,10938,False
12805,10939,False
12806,10940,False
12807,10941,False
12808,10942,False
12809,10943,False
12810,10944,False
12811,10945,False
12812,10946,False
12813,10947,False
12814,10948,False
12815,10949,False
12816,10950,False
12817,10951,False
12818,10952,False
12819,10953,False
12820,10954,False
12821,10955,False
12822,10956,False
12823,10957,False
12824,10958,False
12825,10959,False
12826,10960,False
12827,10961,False
12828,10962,False
12829,10963,False
12830,10964,False
12831,10965,False
12832,10966,False
12833,10967,False
12834,10968,False
12835,10969,False
12836,10970,False
12837,10971,False
12838,10972,False
12839,10973,False
12840,10974,False
12841,10975,False
12842,10976,False
12843,10977,False
12844,10978,False
12845,10979,False
12846,10980,False
12847,10981,False
12848,10982,False
12849,10983,False
12850,10984,False
12851,10985,False
12852,10986,False
12853,10987,False
12854,10988,False
12855,10989,False
12856,10990,False
12857,10991,False
12858,10992,False
12859,10993,False
12860,10994,False
12861,10995,False
12862,10996,False
12863,10997,False
12864,10998,False
12865,10999,False
12866,11000,False
12867,11001,False
12868,11002,False
12869,11003,False
12870,11004,False
12871,11005,False
12872,11006,False
12873,11007,False
12874,11008,False
12875,11009,False
12876,11010,False
12877,11011,False
12878,11012,False
12879,11013,False
12880,11014,False
12881,11015,False
12882,11016,False
12883,11017,False
12884,11018,False
12885,11019,False
12886,11020,False
12887,11021,False
12888,11022,False
12889,11023,False
12890,11024,False
12891,11025,False
12892,11026,False
12893,11027,False
12894,11028,False
12895,11029,False
12896,11030,False
12897,11031,False
12898,11032,False
12899,11033,False
12900,11034,False
12901,11035,False
12902,11036,False
12903,11037,False
12904,11038,False
12905,11039,False
12906,11040,False
12907,11041,False
12908,11042,False
12909,11043,False
12910,11044,False
12911,11045,False
12912,11046,False
12913,11047,False
12914,11048,False
12915,11049,False
12916,11050,False
12917,11051,False
12918,11052,False
12919,11053,False
12920,11054,False
12921,11055,False
12922,11056,False
12923,11057,False
12924,11058,False
12925,11059,False
12926,11060,False
12927,11061,False
12928,11062,False
12929,11063,False
12930,11064,False
12931,11065,False
12932,11066,False
12933,11067,False
12934,11068,False
12935,11069,False
12936,11070,False
12937,11071,False
12938,11072,False
12939,11073,False
12940,11074,False
12941,11075,False
12942,11076,False
12943,11077,False
12944,11078,False
12945,11079,False
12946,11080,False
12947,11081,False
12948,11082,False
12949,11083,False
12950,11084,False
12951,11085,False
12952,11086,False
12953,11087,False
12954,11088,False
12955,11089,False
12956,11090,False
12957,11091,False
12958,11092,False
12959,11093,False
12960,11094,False
12961,11095,False
12962,11096,False
12963,11097,False
12964,11098,False
12965,11099,False
12966,11100,False
12967,11101,False
12968,11102,False
12969,11103,False
12970,11104,False
12971,11105,False
12972,11106,False
12973,11107,False
12974,11108,False
12975,11109,False
12976,11110,False
12977,11111,False
12978,11112,False
12979,11113,False
12980,11114,False
12981,11115,False
12982,11116,False
12983,11117,False
12984,11118,False
12985,11119,False
12986,11120,False
12987,11121,False
12988,11122,False
12989,11123,False
12990,11124,False
12991,11125,False
12992,11126,False
12993,11127,False
12994,11128,False
12995,11129,False
12996,11130,False
12997,11131,False
12998,11132,False
12999,11133,False
13000,11134,False
13001,11135,False
13002,11136,False
13003,11137,False
13004,11138,False
13005,11139,False
13006,11140,False
13007,11141,False
13008,11142,False
13009,11143,False
13010,11144,False
13011,11145,False
13012,11146,False
13013,11147,False
13014,11148,False
13015,11149,False
13016,11150,False
13017,11151,False
13018,11152,False
13019,11153,False
13020,11154,False
13021,11155,False
13022,11156,False
13023,11157,False
13024,11158,False
13025,11159,False
13026,11160,False
13027,11161,False
13028,11162,False
13029,11163,False
13030,11164,False
13031,11165,False
13032,11166,False
13033,11167,False
13034,11168,False
13035,11169,False
13036,11170,False
13037,11171,False
13038,11172,False
13039,11173,False
13040,11174,False
13041,11175,False
13042,11176,False
13043,11177,False
13044,11178,False
13045,11179,False
13046,11180,False
13047,11181,False
13048,11182,False
13049,11183,False
13050,11184,False
13051,11185,False
13052,11186,False
13053,11187,False
13054,11188,False
13055,11189,False
13056,11190,False
13057,11191,False
13058,11192,False
13059,11193,False
13060,11194,False
13061,11195,False
13062,11196,False
13063,11197,False
13064,11198,False
13065,11199,False
13066,11200,False
13067,11201,False
13068,11202,False
13069,11203,False
13070,11204,False
13071,11205,False
13072,11206,False
13073,11207,False
13074,11208,False
13075,11209,False
13076,11210,False
13077,11211,False
13078,11212,False
13079,11213,False
13080,11214,False
13081,11215,False
13082,11216,False
13083,11217,False
13084,11218,False
13085,11219,False
13086,11220,False
13087,11221,False
13088,11222,False
13089,11223,False
13090,11224,False
13091,11225,False
13092,11226,False
13093,11227,False
13094,11228,False
13095,11229,False
13096,11230,False
13097,11231,False
13098,11232,False
13099,11233,False
13100,11234,False
13101,11235,False
13102,11236,False
13103,11237,False
13104,11238,False
13105,11239,False
13106,11240,False
13107,11241,False
13108,11242,False
13109,11243,False
13110,11244,False
13111,11245,False
13112,11246,False
13113,11247,False
13114,11248,False
13115,11249,False
13116,11250,False
13117,11251,False
13118,11252,False
13119,11253,False
13120,11254,False
13121,11255,False
13122,11256,False
13123,11257,False
13124,11258,False
13125,11259,False
13126,11260,False
13127,11261,False
13128,11262,False
13129,11263,False
13130,11264,False
13131,11265,False
13132,11266,False
13133,11267,False
13134,11268,False
13135,11269,False
13136,11270,False
13137,11271,False
13138,11272,False
13139,11273,False
13140,11274,False
13141,11275,False
13142,11276,False
13143,11277,False
13144,11278,False
13145,11279,False
13146,11280,False
13147,11281,False
13148,11282,False
13149,11283,False
13150,11284,False
13151,11285,False
13152,11286,False
13153,11287,False
13154,11288,False
13155,11289,False
13156,11290,False
13157,11291,False
13158,11292,False
13159,11293,False
13160,11294,False
13161,11295,False
13162,11296,False
13163,11297,False
13164,11298,False
13165,11299,False
13166,11300,False
13167,11301,False
13168,11302,False
13169,11303,False
13170,11304,False
13171,11305,False
13172,11306,False
13173,11307,False
13174,11308,False
13175,11309,False
13176,11310,False
13177,11311,False
13178,11312,False
13179,11313,False
13180,11314,False
13181,11315,False
13182,11316,False
13183,11317,False
13184,11318,False
13185,11319,False
13186,11320,False
13187,11321,False
13188,11322,False
13189,11323,False
13190,11324,False
13191,11325,False
13192,11326,False
13193,11327,False
13194,11328,False
13195,11329,False
13196,11330,False
13197,11331,False
13198,11332,False
13199,11333,False
13200,11334,False
13201,11335,False
13202,11336,False
13203,11337,False
13204,11338,False
13205,11339,False
13206,11340,False
13207,11341,False
13208,11342,False
13209,11343,False
13210,11344,False
13211,11345,False
13212,11346,False
13213,11347,False
13214,11348,False
13215,11349,False
13216,11350,False
13217,11351,False
13218,11352,False
13219,11353,False
13220,11354,False
13221,11355,False
13222,11356,False
13223,11357,False
13224,11358,False
13225,11359,False
13226,11360,False
13227,11361,False
13228,11362,False
13229,11363,False
13230,11364,False
13231,11365,False
13232,11366,False
13233,11367,False
13234,11368,False
13235,11369,False
13236,11370,False
13237,11371,False
13238,11372,False
13239,11373,False
13240,11374,False
13241,11375,False
13242,11376,False
13243,11377,False
13244,11378,False
13245,11379,False
13246,11380,False
13247,11381,False
13248,11382,False
13249,11383,False
13250,11384,False
13251,11385,False
13252,11386,False
13253,11387,False
13254,11388,False
13255,11389,False
13256,11390,False
13257,11391,False
13258,11392,False
13259,11393,False
13260,11394,False
13261,11395,False
13262,11396,False
13263,11397,False
13264,11398,False
13265,11399,False
13266,11400,False
13267,11401,False
13268,11402,False
13269,11403,False
13270,11404,False
13271,11405,False
13272,11406,False
13273,11407,False
13274,11408,False
13275,11409,False
13276,11410,False
13277,11411,False
13278,11412,False
13279,11413,False
13280,11414,False
13281,11415,False
13282,11416,False
13283,11417,False
13284,11418,False
13285,11419,False
13286,11420,False
13287,11421,False
13288,11422,False
13289,11423,False
13290,11424,False
13291,11425,False
13292,11426,False
13293,11427,False
13294,11428,False
13295,11429,False
13296,11430,False
13297,11431,False
13298,11432,False
13299,11433,False
13300,11434,False
13301,11435,False
13302,11436,False
13303,11437,False
13304,11438,False
13305,11439,False
13306,11440,False
13307,11441,False
13308,11442,False
13309,11443,False
13310,11444,False
13311,11445,False
13312,11446,False
13313,11447,False
13314,11448,False
13315,11449,False
13316,11450,False
13317,11451,False
13318,11452,False
13319,11453,False
13320,11454,False
13321,11455,False
13322,11456,False
13323,11457,False
13324,11458,False
13325,11459,False
13326,11460,False
13327,11461,False
13328,11462,False
13329,11463,False
13330,11464,False
13331,11465,False
13332,11466,False
13333,11467,False
13334,11468,False
13335,11469,False
13336,11470,False
13337,11471,False
13338,11472,False
13339,11473,False
13340,11474,False
13341,11475,False
13342,11476,False
13343,11477,False
13344,11478,False
13345,11479,False
13346,11480,False
13347,11481,False
13348,11482,False
13349,11483,False
13350,11484,False
13351,11485,False
13352,11486,False
13353,11487,False
13354,11488,False
13355,11489,False
13356,11490,False
13357,11491,False
13358,11492,False
13359,11493,False
13360,11494,False
13361,11495,False
13362,11496,False
13363,11497,False
13364,11498,False
13365,11499,False
13366,11500,False
13367,11501,False
13368,11502,False
13369,11503,False
13370,11504,False
13371,11505,False
13372,11506,False
13373,11507,False
13374,11508,False
13375,11509,False
13376,11510,False
13377,11511,False
13378,11512,False
13379,11513,False
13380,11514,False
13381,11515,False
13382,11516,False
13383,11517,False
13384,11518,False
13385,11519,False
13386,11520,False
13387,11521,False
13388,11522,False
13389,11523,False
13390,11524,False
13391,11525,False
13392,11526,False
13393,11527,False
13394,11528,False
13395,11529,False
13396,11530,False
13397,11531,False
13398,11532,False
13399,11533,False
13400,,True
13401,,True
13402,,True
13403,,True
13404,,True
13405,,True
13406,,True
13407,,True
13408,,True
13409,,True
13410,,True
13411,,True
13412,,True
13413,,True
13414,,True
13415,,True
13416,,True
13417,,True
13418,,True
13419,,True
13420,,True
13421,,True
13422,,True
13423,,True
13424,,True
13425,,True
13426,,True
13427,,True
13428,,True
13429,,True
13430,,True
13431,,True
13432,,True
13433,,True
13434,,True
13435,,True
13436,,True
13437,,True
13438,,True
13439,,True
13440,,True
13441,,True
13442,,True
13443,,True
13444,,True
13445,,True
13446,11534,False
13447,11535,False
13448,11536,False
13449,11537,False
13450,11538,False
13451,11539,False
13452,11540,False
13453,11541,False
13454,11542,False
13455,11543,False
13456,11544,False
13457,11545,False
13458,11546,False
13459,11547,False
13460,11548,False
13461,11549,False
13462,11550,False
13463,11551,False
13464,11552,False
13465,11553,False
13466,11554,False
13467,11555,False
13468,11556,False
13469,11557,False
13470,11558,False
13471,11559,False
13472,11560,False
13473,11561,False
13474,11562,False
13475,11563,False
13476,11564,False
13477,11565,False
13478,11566,False
13479,11567,False
13480,11568,False
13481,11569,False
13482,11570,False
13483,11571,False
13484,11572,False
13485,11573,False
13486,11574,False
13487,11575,False
13488,11576,False
13489,11577,False
13490,11578,False
13491,11579,False
13492,11580,False
13493,11581,False
13494,11582,False
13495,11583,False
13496,11584,False
13497,11585,False
13498,11586,False
13499,11587,False
13500,11588,False
13501,11589,False
13502,11590,False
13503,11591,False
13504,11592,False
13505,11593,False
13506,11594,False
13507,11595,False
13508,11596,False
13509,11597,False
13510,11598,False
13511,11599,False
13512,11600,False
13513,11601,False
13514,11602,False
13515,11603,False
13516,11604,False
13517,11605,False
13518,11606,False
13519,11607,False
13520,11608,False
13521,11609,False
13522,11610,False
13523,11611,False
13524,11612,False
13525,11613,False
13526,11614,False
13527,11615,False
13528,11616,False
13529,11617,False
13530,11618,False
13531,11619,False
13532,11620,False
13533,11621,False
13534,11622,False
13535,11623,False
13536,11624,False
13537,11625,False
13538,11626,False
13539,11627,False
13540,11628,False
13541,11629,False
13542,11630,False
13543,11631,False
13544,11632,False
13545,11633,False
13546,11634,False
13547,11635,False
13548,11636,False
13549,11637,False
13550,11638,False
13551,11639,False
13552,11640,False
13553,11641,False
13554,11642,False
13555,11643,False
13556,11644,False
13557,11645,False
13558,11646,False
13559,11647,False
13560,11648,False
13561,11649,False
13562,11650,False
13563,11651,False
13564,11652,False
13565,11653,False
13566,11654,False
13567,11655,False
13568,11656,False
13569,11657,False
13570,11658,False
13571,11659,False
13572,11660,False
13573,11661,False
13574,11662,False
13575,11663,False
13576,11664,False
13577,11665,False
13578,11666,False
13579,11667,False
13580,11668,False
13581,11669,False
13582,11670,False
13583,11671,False
13584,11672,False
13585,11673,False
13586,11674,False
13587,11675,False
13588,11676,False
13589,11677,False
13590,11678,False
13591,11679,False
13592,11680,False
13593,11681,False
13594,11682,False
13595,11683,False
13596,11684,False
13597,11685,False
13598,11686,False
13599,11687,False
13600,11688,False
13601,11689,False
13602,11690,False
13603,11691,False
13604,11692,False
13605,11693,False
13606,11694,False
13607,11695,False
13608,11696,False
13609,11697,False
13610,11698,False
13611,11699,False
13612,11700,False
13613,11701,False
13614,11702,False
13615,11703,False
13616,11704,False
13617,11705,False
13618,11706,False
13619,11707,False
13620,11708,False
13621,11709,False
13622,11710,False
13623,11711,False
13624,11712,False
13625,11713,False
13626,11714,False
13627,11715,False
13628,11716,False
13629,11717,False
13630,11718,False
13631,11719,False
13632,11720,False
13633,11721,False
13634,11722,False
13635,11723,False
13636,11724,False
13637,11725,False
13638,11726,False
13639,11727,False
13640,11728,False
13641,11729,False
13642,11730,False
13643,11731,False
13644,11732,False
13645,11733,False
13646,11734,False
13647,11735,False
13648,11736,False
13649,11737,False
13650,11738,False
13651,11739,False
13652,11740,False
13653,11741,False
13654,11742,False
13655,11743,False
13656,11744,False
13657,11745,False
13658,11746,False
13659,11747,False
13660,11748,False
13661,11749,False
13662,11750,False
13663,11751,False
13664,11752,False
13665,11753,False
13666,11754,False
13667,11755,False
13668,11756,False
13669,11757,False
13670,11758,False
13671,11759,False
13672,11760,False
13673,11761,False
13674,11762,False
13675,11763,False
13676,11764,False
13677,11765,False
13678,11766,False
13679,11767,False
13680,11768,False
13681,11769,False
13682,11770,False
13683,11771,False
13684,11772,False
13685,11773,False
13686,11774,False
13687,11775,False
13688,11776,False
13689,11777,False
13690,11778,False
13691,11779,False
13692,11780,False
13693,11781,False
13694,11782,False
13695,11783,False
13696,11784,False
13697,11785,False
13698,11786,False
13699,11787,False
13700,11788,False
13701,11789,False
13702,11790,False
13703,11791,False
13704,11792,False
13705,11793,False
13706,11794,False
13707,11795,False
13708,11796,False
13709,11797,False
13710,11798,False
13711,11799,False
13712,11800,False
13713,11801,False
13714,11802,False
13715,11803,False
13716,11804,False
13717,11805,False
13718,11806,False
13719,11807,False
13720,11808,False
13721,11809,False
13722,11810,False
13723,11811,False
13724,11812,False
13725,11813,False
13726,11814,False
13727,11815,False
13728,11816,False
13729,11817,False
13730,11818,False
13731,11819,False
13732,11820,False
13733,11821,False
13734,11822,False
13735,11823,False
13736,11824,False
13737,11825,False
13738,11826,False
13739,11827,False
13740,11828,False
13741,11829,False
13742,11830,False
13743,11831,False
13744,11832,False
13745,11833,False
13746,11834,False
13747,11835,False
13748,11836,False
13749,11837,False
13750,11838,False
13751,11839,False
13752,11840,False
13753,11841,False
13754,11842,False
13755,11843,False
13756,11844,False
13757,11845,False
13758,11846,False
13759,11847,False
13760,11848,False
13761,11849,False
13762,11850,False
13763,11851,False
13764,11852,False
13765,11853,False
13766,11854,False
13767,11855,False
13768,11856,False
13769,11857,False
13770,11858,False
13771,11859,False
13772,11860,False
13773,11861,False
13774,11862,False
13775,11863,False
13776,11864,False
13777,11865,False
13778,11866,False
13779,11867,False
13780,,True
13781,,True
13782,,True
13783,,True
13784,,True
13785,,True
13786,,True
13787,,True
13788,,True
13789,,True
13790,,True
13791,,True
13792,,True
13793,,True
13794,,True
13795,,True
13796,,True
13797,,True
13798,,True
13799,,True
13800,,True
13801,,True
13802,11868,False
13803,11869,False
13804,11870,False
13805,11871,False
13806,11872,False
13807,11873,False
13808,11874,False
13809,11875,False
13810,11876,False
13811,11877,False
13812,11878,False
13813,11879,False
13814,11880,False
13815,11881,False
13816,11882,False
13817,11883,False
13818,11884,False
13819,11885,False
13820,11886,False
13821,11887,False
13822,11888,False
13823,11889,False
13824,11890,False
13825,11891,False
13826,11892,False
13827,11893,False
13828,11894,False
13829,11895,False
13830,11896,False
13831,11897,False
13832,11898,False
13833,11899,False
13834,11900,False
13835,11901,False
13836,11902,False
13837,11903,False
13838,11904,False
13839,11905,False
13840,11906,False
13841,11907,False
13842,11908,False
13843,11909,False
13844,11910,False
13845,11911,False
13846,11912,False
13847,11913,False
13848,11914,False
13849,11915,False
13850,11916,False
13851,11917,False
13852,11918,False
13853,11919,False
13854,11920,False
13855,11921,False
13856,11922,False
13857,11923,False
13858,11924,False
13859,11925,False
13860,11926,False
13861,11927,False
13862,11928,False
13863,11929,False
13864,11930,False
13865,11931,False
13866,11932,False
13867,11933,False
13868,11934,False
13869,11935,False
13870,11936,False
13871,11937,False
13872,11938,False
13873,11939,False
13874,11940,False
13875,11941,False
13876,11942,False
13877,11943,False
13878,11944,False
13879,11945,False
13880,11946,False
13881,11947,False
13882,11948,False
13883,11949,False
13884,11950,False
13885,11951,False
13886,11952,False
13887,11953,False
13888,11954,False
13889,11955,False
13890,11956,False
13891,11957,False
13892,11958,False
13893,11959,False
13894,11960,False
13895,11961,False
13896,11962,False
13897,11963,False
13898,11964,False
13899,11965,False
13900,11966,False
13901,11967,False
13902,11968,False
13903,11969,False
13904,11970,False
13905,11971,False
13906,11972,False
13907,11973,False
13908,11974,False
13909,11975,False
13910,11976,False
13911,11977,False
13912,11978,False
13913,11979,False
13914,11980,False
13915,11981,False
13916,11982,False
13917,11983,False
13918,11984,False
13919,11985,False
13920,11986,False
13921,11987,False
13922,11988,False
13923,11989,False
13924,11990,False
13925,11991,False
13926,11992,False
13927,11993,False
13928,11994,False
13929,11995,False
13930,11996,False
13931,11997,False
13932,11998,False
13933,11999,False
13934,12000,False
13935,12001,False
13936,12002,False
13937,12003,False
13938,12004,False
13939,12005,False
13940,12006,False
13941,12007,False
13942,12008,False
13943,12009,False
13944,12010,False
13945,12011,False
13946,12012,False
13947,12013,False
13948,12014,False
13949,12015,False
13950,12016,False
13951,12017,False
13952,12018,False
13953,12019,False
13954,12020,False
13955,12021,False
13956,12022,False
13957,12023,False
13958,12024,False
13959,12025,False
13960,12026,False
13961,12027,False
13962,12028,False
13963,12029,False
13964,12030,False
13965,12031,False
13966,12032,False
13967,12033,False
13968,12034,False
13969,12035,False
13970,12036,False
13971,12037,False
13972,12038,False
13973,12039,False
13974,12040,False
13975,12041,False
13976,12042,False
13977,12043,False
13978,12044,False
13979,12045,False
13980,12046,False
13981,12047,False
13982,12048,False
13983,12049,False
13984,12050,False
13985,12051,False
13986,12052,False
13987,12053,False
13988,12054,False
13989,12055,False
13990,12056,False
13991,12057,False
13992,12058,False
13993,12059,False
13994,12060,False
13995,12061,False
13996,12062,False
13997,12063,False
13998,12064,False
13999,12065,False
14000,12066,False
14001,12067,False
14002,12068,False
14003,12069,False
14004,12070,False
14005,12071,False
14006,12072,False
14007,12073,False
14008,12074,False
14009,12075,False
14010,12076,False
14011,12077,False
14012,12078,False
14013,12079,False
14014,12080,False
14015,12081,False
14016,12082,False
14017,12083,False
14018,12084,False
14019,12085,False
14020,12086,False
14021,12087,False
14022,12088,False
14023,12089,False
14024,12090,False
14025,12091,False
14026,12092,False
14027,12093,False
14028,12094,False
14029,12095,False
14030,12096,False
14031,12097,False
14032,12098,False
14033,12099,False
14034,12100,False
14035,12101,False
14036,12102,False
14037,12103,False
14038,12104,False
14039,12105,False
14040,12106,False
14041,12107,False
14042,12108,False
14043,12109,False
14044,12110,False
14045,12111,False
14046,12112,False
14047,12113,False
14048,12114,False
14049,12115,False
14050,12116,False
14051,12117,False
14052,12118,False
14053,12119,False
14054,12120,False
14055,12121,False
14056,12122,False
14057,12123,False
14058,12124,False
14059,12125,False
14060,12126,False
14061,12127,False
14062,12128,False
14063,12129,False
14064,12130,False
14065,12131,False
14066,12132,False
14067,12133,False
14068,12134,False
14069,12135,False
14070,12136,False
14071,12137,False
14072,12138,False
14073,12139,False
14074,12140,False
14075,12141,False
14076,12142,False
14077,12143,False
14078,12144,False
14079,12145,False
14080,12146,False
14081,12147,False
14082,12148,False
14083,12149,False
14084,12150,False
14085,12151,False
14086,12152,False
14087,12153,False
14088,12154,False
14089,12155,False
14090,12156,False
14091,12157,False
14092,12158,False
14093,12159,False
14094,12160,False
14095,12161,False
14096,12162,False
14097,12163,False
14098,12164,False
14099,12165,False
14100,12166,False
14101,12167,False
14102,12168,False
14103,12169,False
14104,12170,False
14105,12171,False
14106,12172,False
14107,12173,False
14108,12174,False
14109,12175,False
14110,12176,False
14111,12177,False
14112,12178,False
14113,12179,False
14114,12180,False
14115,12181,False
14116,12182,False
14117,12183,False
14118,12184,False
14119,12185,False
14120,12186,False
14121,12187,False
14122,12188,False
14123,12189,False
14124,12190,False
14125,12191,False
14126,12192,False
14127,12193,False
14128,12194,False
14129,12195,False
14130,12196,False
14131,12197,False
14132,12198,False
14133,12199,False
14134,12200,False
14135,12201,False
14136,12202,False
14137,12203,False
14138,12204,False
14139,12205,False
14140,12206,False
14141,12207,False
14142,12208,False
14143,12209,False
14144,12210,False
14145,12211,False
14146,12212,False
14147,12213,False
14148,12214,False
14149,12215,False
14150,12216,False
14151,12217,False
14152,12218,False
14153,12219,False
14154,12220,False
14155,12221,False
14156,12222,False
14157,12223,False
14158,12224,False
14159,12225,False
14160,12226,False
14161,12227,False
14162,12228,False
14163,12229,False
14164,12230,False
14165,12231,False
14166,12232,False
14167,12233,False
14168,12234,False
14169,12235,False
14170,12236,False
14171,12237,False
14172,12238,False
14173,12239,False
14174,12240,False
14175,12241,False
14176,12242,False
14177,12243,False
14178,12244,False
14179,12245,False
14180,12246,False
14181,12247,False
14182,12248,False
14183,12249,False
14184,12250,False
14185,12251,False
14186,12252,False
14187,12253,False
14188,12254,False
14189,12255,False
14190,12256,False
14191,12257,False
14192,12258,False
14193,12259,False
14194,12260,False
14195,12261,False
14196,12262,False
14197,12263,False
14198,12264,False
14199,12265,False
14200,12266,False
14201,12267,False
14202,12268,False
14203,12269,False
14204,12270,False
14205,12271,False
14206,12272,False
14207,12273,False
14208,12274,False
14209,12275,False
14210,12276,False
14211,12277,False
14212,12278,False
14213,12279,False
14214,12280,False
14215,12281,False
14216,12282,False
14217,12283,False
14218,12284,False
14219,12285,False
14220,12286,False
14221,12287,False
14222,12288,False
14223,12289,False
14224,12290,False
14225,12291,False
14226,12292,False
14227,12293,False
14228,12294,False
14229,12295,False
14230,12296,False
14231,12297,False
14232,12298,False
14233,12299,False
14234,12300,False
14235,12301,False
14236,12302,False
14237,12303,False
14238,12304,False
14239,12305,False
14240,12306,False
14241,12307,False
14242,12308,False
14243,12309,False
14244,12310,False
14245,12311,False
14246,12312,False
14247,12313,False
14248,12314,False
14249,12315,False
14250,12316,False
14251,12317,False
14252,12318,False
14253,12319,False
14254,12320,False
14255,12321,False
14256,12322,False
14257,12323,False
14258,12324,False
14259,12325,False
14260,12326,False
14261,12327,False
14262,12328,False
14263,12329,False
14264,12330,False
14265,12331,False
14266,12332,False
14267,12333,False
14268,12334,False
14269,12335,False
14270,12336,False
14271,12337,False
14272,12338,False
14273,12339,False
14274,12340,False
14275,12341,False
14276,12342,False
14277,12343,False
14278,12344,False
14279,12345,False
14280,12346,False
14281,12347,False
14282,12348,False
14283,12349,False
14284,12350,False
14285,12351,False
14286,12352,False
14287,12353,False
14288,12354,False
14289,12355,False
14290,12356,False
14291,12357,False
14292,12358,False
14293,12359,False
14294,12360,False
14295,12361,False
14296,12362,False
14297,12363,False
14298,12364,False
14299,12365,False
14300,12366,False
14301,12367,False
14302,12368,False
14303,12369,False
14304,12370,False
14305,12371,False
14306,12372,False
14307,12373,False
14308,12374,False
14309,12375,False
14310,12376,False
14311,12377,False
14312,12378,False
14313,12379,False
14314,12380,False
14315,12381,False
14316,12382,False
14317,12383,False
14318,12384,False
14319,12385,False
14320,12386,False
14321,12387,False
14322,12388,False
14323,12389,False
14324,12390,False
14325,12391,False
14326,12392,False
14327,12393,False
14328,12394,False
14329,12395,False
14330,12396,False
14331,12397,False
14332,12398,False
14333,12399,False
14334,12400,False
14335,12401,False
14336,12402,False
14337,12403,False
14338,12404,False
14339,12405,False
14340,12406,False
14341,12407,False
14342,12408,False
14343,12409,False
14344,12410,False
14345,12411,False
14346,12412,False
14347,12413,False
14348,12414,False
14349,12415,False
14350,12416,False
14351,12417,False
14352,12418,False
14353,12419,False
14354,12420,False
14355,12421,False
14356,12422,False
14357,12423,False
14358,12424,False
14359,12425,False
14360,12426,False
14361,12427,False
14362,12428,False
14363,12429,False
14364,12430,False
14365,12431,False
14366,12432,False
14367,12433,False
14368,12434,False
14369,12435,False
14370,12436,False
14371,12437,False
14372,12438,False
14373,12439,False
14374,12440,False
14375,12441,False
14376,12442,False
14377,12443,False
14378,12444,False
14379,12445,False
14380,12446,False
14381,12447,False
14382,12448,False
14383,12449,False
14384,12450,False
14385,12451,False
14386,12452,False
14387,12453,False
14388,12454,False
14389,12455,False
14390,12456,False
14391,12457,False
14392,12458,False
14393,12459,False
14394,12460,False
14395,12461,False
14396,12462,False
14397,12463,False
14398,12464,False
14399,12465,False
14400,12466,False
14401,12467,False
14402,12468,False
14403,12469,False
14404,12470,False
14405,12471,False
14406,12472,False
14407,12473,False
14408,12474,False
14409,12475,False
14410,12476,False
14411,12477,False
14412,12478,False
14413,12479,False
14414,12480,False
14415,12481,False
14416,12482,False
14417,12483,False
14418,12484,False
14419,12485,False
14420,12486,False
14421,12487,False
14422,12488,False
14423,12489,False
14424,12490,False
14425,12491,False
14426,12492,False
14427,12493,False
14428,12494,False
14429,12495,False
14430,,True
14431,,True
14432,,True
14433,,True
14434,,True
14435,,True
14436,,True
14437,,True
14438,,True
14439,,True
14440,,True
14441,,True
14442,,True
14443,,True
14444,,True
14445,,True
14446,,True
14447,,True
14448,12496,False
14449,12497,False
14450,12498,False
14451,12499,False
14452,12500,False
14453,12501,False
14454,12502,False
14455,12503,False
14456,12504,False
14457,12505,False
14458,12506,False
14459,12507,False
14460,12508,False
14461,12509,False
14462,12510,False
14463,12511,False
14464,12512,False
14465,12513,False
14466,12514,False
14467,12515,False
14468,12516,False
14469,12517,False
14470,12518,False
14471,12519,False
14472,12520,False
14473,12521,False
14474,12522,False
14475,12523,False
14476,12524,False
14477,12525,False
14478,12526,False
14479,12527,False
14480,12528,False
14481,12529,False
14482,12530,False
14483,12531,False
14484,12532,False
14485,12533,False
14486,12534,False
14487,12535,False
14488,12536,False
14489,12537,False
14490,12538,False
14491,12539,False
14492,12540,False
14493,12541,False
14494,12542,False
14495,12543,False
14496,12544,False
14497,12545,False
14498,12546,False
14499,12547,False
14500,12548,False
14501,12549,False
14502,12550,False
14503,12551,False
14504,12552,False
14505,12553,False
14506,12554,False
14507,12555,False
14508,12556,False
14509,12557,False
14510,12558,False
14511,12559,False
14512,12560,False
14513,12561,False
14514,12562,False
14515,12563,False
14516,12564,False
14517,12565,False
14518,12566,False
14519,12567,False
14520,12568,False
14521,12569,False
14522,12570,False
14523,12571,False
14524,12572,False
14525,12573,False
14526,12574,False
14527,12575,False
14528,12576,False
14529,12577,False
14530,12578,False
14531,12579,False
14532,12580,False
14533,12581,False
14534,12582,False
14535,12583,False
14536,12584,False
14537,12585,False
14538,12586,False
14539,12587,False
14540,12588,False
14541,12589,False
14542,12590,False
14543,12591,False
14544,12592,False
14545,12593,False
14546,12594,False
14547,12595,False
14548,12596,False
14549,12597,False
14550,12598,False
14551,12599,False
14552,12600,False
14553,12601,False
14554,12602,False
14555,12603,False
14556,12604,False
14557,12605,False
14558,12606,False
14559,12607,False
14560,12608,False
14561,12609,False
14562,12610,False
14563,12611,False
14564,12612,False
14565,12613,False
14566,12614,False
14567,12615,False
14568,12616,False
14569,12617,False
14570,12618,False
14571,12619,False
14572,12620,False
14573,12621,False
14574,12622,False
14575,12623,False
14576,12624,False
14577,12625,False
14578,12626,False
14579,12627,False
14580,12628,False
14581,12629,False
14582,12630,False
14583,12631,False
14584,12632,False
14585,12633,False
14586,12634,False
14587,12635,False
14588,12636,False
14589,12637,False
14590,12638,False
14591,12639,False
14592,12640,False
14593,12641,False
14594,12642,False
14595,12643,False
14596,12644,False
14597,12645,False
14598,12646,False
14599,12647,False
14600,12648,False
14601,12649,False
14602,12650,False
14603,12651,False
14604,12652,False
14605,12653,False
14606,12654,False
14607,12655,False
14608,12656,False
14609,12657,False
14610,12658,False
14611,12659,False
14612,12660,False
14613,12661,False
14614,12662,False
14615,12663,False
14616,12664,False
14617,12665,False
14618,12666,False
14619,12667,False
14620,12668,False
14621,12669,False
14622,12670,False
14623,12671,False
14624,12672,False
14625,12673,False
14626,12674,False
14627,12675,False
14628,12676,False
14629,12677,False
14630,12678,False
14631,12679,False
14632,12680,False
14633,12681,False
14634,12682,False
14635,12683,False
14636,12684,False
14637,12685,False
14638,12686,False
14639,12687,False
14640,12688,False
14641,12689,False
14642,12690,False
14643,12691,False
14644,12692,False
14645,12693,False
14646,12694,False
14647,12695,False
14648,12696,False
14649,12697,False
14650,12698,False
14651,12699,False
14652,12700,False
14653,12701,False
14654,12702,False
14655,12703,False
14656,12704,False
14657,12705,False
14658,12706,False
14659,12707,False
14660,12708,False
14661,12709,False
14662,12710,False
14663,12711,False
14664,12712,False
14665,12713,False
14666,12714,False
14667,12715,False
14668,12716,False
14669,12717,False
14670,12718,False
14671,12719,False
14672,12720,False
14673,12721,False
14674,12722,False
14675,12723,False
14676,12724,False
14677,12725,False
14678,12726,False
14679,12727,False
14680,12728,False
14681,12729,False
14682,12730,False
14683,12731,False
14684,12732,False
14685,12733,False
14686,12734,False
14687,12735,False
14688,12736,False
14689,12737,False
14690,12738,False
14691,12739,False
14692,12740,False
14693,12741,False
14694,12742,False
14695,12743,False
14696,12744,False
14697,12745,False
14698,12746,False
14699,12747,False
14700,12748,False
14701,12749,False
14702,12750,False
14703,12751,False
14704,12752,False
14705,12753,False
14706,12754,False
14707,12755,False
14708,12756,False
14709,12757,False
14710,12758,False
14711,12759,False
14712,12760,False
14713,12761,False
14714,12762,False
14715,12763,False
14716,12764,False
14717,12765,False
14718,12766,False
14719,12767,False
14720,12768,False
14721,12769,False
14722,12770,False
14723,12771,False
14724,12772,False
14725,12773,False
14726,12774,False
14727,12775,False
14728,12776,False
14729,12777,False
14730,12778,False
14731,12779,False
14732,12780,False
14733,12781,False
14734,12782,False
14735,12783,False
14736,12784,False
14737,12785,False
14738,12786,False
14739,12787,False
14740,12788,False
14741,12789,False
14742,12790,False
14743,12791,False
14744,12792,False
14745,12793,False
14746,12794,False
14747,12795,False
14748,12796,False
14749,12797,False
14750,12798,False
14751,12799,False
14752,12800,False
14753,12801,False
14754,12802,False
14755,12803,False
14756,12804,False
14757,12805,False
14758,12806,False
14759,12807,False
14760,12808,False
14761,12809,False
14762,12810,False
14763,12811,False
14764,12812,False
14765,12813,False
14766,12814,False
14767,12815,False
14768,12816,False
14769,12817,False
14770,12818,False
14771,12819,False
14772,12820,False
14773,12821,False
14774,12822,False
14775,12823,False
14776,12824,False
14777,12825,False
14778,12826,False
14779,12827,False
14780,12828,False
14781,12829,False
14782,12830,False
14783,12831,False
14784,12832,False
14785,12833,False
14786,12834,False
14787,12835,False
14788,12836,False
14789,12837,False
14790,12838,False
14791,12839,False
14792,12840,False
14793,12841,False
14794,12842,False
14795,12843,False
14796,12844,False
14797,12845,False
14798,12846,False
14799,12847,False
14800,12848,False
14801,12849,False
14802,12850,False
14803,12851,False
14804,12852,False
14805,12853,False
14806,12854,False
14807,12855,False
14808,12856,False
14809,12857,False
14810,12858,False
14811,12859,False
14812,12860,False
14813,12861,False
14814,12862,False
14815,12863,False
14816,12864,False
14817,12865,False
14818,12866,False
14819,12867,False
14820,12868,False
14821,12869,False
14822,12870,False
14823,12871,False
14824,12872,False
14825,12873,False
14826,12874,False
14827,12875,False
14828,12876,False
14829,12877,False
14830,12878,False
14831,12879,False
14832,12880,False
14833,12881,False
14834,12882,False
14835,12883,False
14836,12884,False
14837,12885,False
14838,12886,False
14839,12887,False
14840,12888,False
14841,12889,False
14842,12890,False
14843,12891,False
14844,12892,False
14845,12893,False
14846,12894,False
14847,12895,False
14848,12896,False
14849,12897,False
14850,12898,False
14851,12899,False
14852,12900,False
14853,12901,False
14854,12902,False
14855,12903,False
14856,12904,False
14857,12905,False
14858,12906,False
14859,12907,False
14860,12908,False
14861,12909,False
14862,12910,False
14863,12911,False
14864,12912,False
14865,12913,False
14866,12914,False
14867,12915,False
14868,12916,False
14869,12917,False
14870,12918,False
14871,12919,False
14872,12920,False
14873,12921,False
14874,12922,False
14875,12923,False
14876,12924,False
14877,12925,False
14878,12926,False
14879,12927,False
14880,,True
14881,,True
14882,,True
14883,,True
14884,,True
14885,,True
14886,,True
14887,,True
14888,,True
14889,,True
14890,,True
14891,,True
14892,,True
14893,,True
14894,,True
14895,,True
14896,12928,False
14897,12929,False
14898,12930,False
14899,12931,False
14900,12932,False
14901,12933,False
14902,12934,False
14903,12935,False
14904,12936,False
14905,12937,False
14906,12938,False
14907,12939,False
14908,12940,False
14909,12941,False
14910,12942,False
14911,12943,False
14912,12944,False
14913,12945,False
14914,12946,False
14915,12947,False
14916,12948,False
14917,12949,False
14918,12950,False
14919,12951,False
14920,12952,False
14921,12953,False
14922,12954,False
14923,12955,False
14924,12956,False
14925,12957,False
14926,12958,False
14927,12959,False
14928,12960,False
14929,12961,False
14930,12962,False
14931,12963,False
14932,12964,False
14933,12965,False
14934,12966,False
14935,12967,False
14936,12968,False
14937,12969,False
14938,12970,False
14939,12971,False
14940,12972,False
14941,12973,False
14942,12974,False
14943,12975,False
14944,12976,False
14945,12977,False
14946,12978,False
14947,12979,False
14948,12980,False
14949,12981,False
14950,12982,False
14951,12983,False
14952,12984,False
14953,12985,False
14954,12986,False
14955,12987,False
14956,12988,False
14957,12989,False
14958,12990,False
14959,12991,False
14960,12992,False
14961,12993,False
14962,12994,False
14963,12995,False
14964,12996,False
14965,12997,False
14966,12998,False
14967,12999,False
14968,13000,False
14969,13001,False
14970,13002,False
14971,13003,False
14972,13004,False
14973,13005,False
14974,13006,False
14975,13007,False
14976,13008,False
14977,13009,False
14978,13010,False
14979,13011,False
14980,13012,False
14981,13013,False
14982,13014,False
14983,13015,False
14984,13016,False
14985,13017,False
14986,13018,False
14987,13019,False
14988,13020,False
14989,13021,False
14990,13022,False
14991,13023,False
14992,13024,False
14993,13025,False
14994,13026,False
14995,13027,False
14996,13028,False
14997,13029,False
14998,13030,False
14999,13031,False
15000,13032,False
15001,13033,False
15002,13034,False
15003,13035,False
15004,13036,False
15005,13037,False
15006,13038,False
15007,13039,False
15008,13040,False
15009,13041,False
15010,13042,False
15011,13043,False
15012,13044,False
15013,13045,False
15014,13046,False
15015,13047,False
15016,13048,False
15017,13049,False
15018,13050,False
15019,13051,False
15020,13052,False
15021,13053,False
15022,13054,False
15023,13055,False
15024,13056,False
15025,13057,False
15026,13058,False
15027,13059,False
15028,13060,False
15029,13061,False
15030,13062,False
15031,13063,False
15032,13064,False
15033,13065,False
15034,13066,False
15035,13067,False
15036,13068,False
15037,13069,False
15038,13070,False
15039,13071,False
15040,13072,False
15041,13073,False
15042,13074,False
15043,13075,False
15044,13076,False
15045,13077,False
15046,13078,False
15047,13079,False
15048,13080,False
15049,13081,False
15050,13082,False
15051,13083,False
15052,13084,False
15053,13085,False
15054,13086,False
15055,13087,False
15056,13088,False
15057,13089,False
15058,13090,False
15059,13091,False
15060,13092,False
15061,13093,False
15062,13094,False
15063,13095,False
15064,13096,False
15065,13097,False
15066,13098,False
15067,13099,False
15068,13100,False
15069,13101,False
15070,13102,False
15071,13103,False
15072,13104,False
15073,13105,False
15074,13106,False
15075,13107,False
15076,13108,False
15077,13109,False
15078,13110,False
15079,13111,False
15080,13112,False
15081,13113,False
15082,13114,False
15083,13115,False
15084,13116,False
15085,13117,False
15086,13118,False
15087,13119,False
15088,13120,False
15089,13121,False
15090,13122,False
15091,13123,False
15092,13124,False
15093,13125,False
15094,13126,False
15095,13127,False
15096,13128,False
15097,13129,False
15098,13130,False
15099,13131,False
15100,13132,False
15101,13133,False
15102,13134,False
15103,13135,False
15104,13136,False
15105,13137,False
15106,13138,False
15107,13139,False
15108,13140,False
15109,13141,False
15110,13142,False
15111,13143,False
15112,13144,False
15113,13145,False
15114,13146,False
15115,13147,False
15116,13148,False
15117,13149,False
15118,13150,False
15119,13151,False
15120,13152,False
15121,13153,False
15122,13154,False
15123,13155,False
15124,13156,False
15125,13157,False
15126,13158,False
15127,13159,False
15128,13160,False
15129,13161,False
15130,13162,False
15131,13163,False
15132,13164,False
15133,13165,False
15134,13166,False
15135,13167,False
15136,13168,False
15137,13169,False
15138,13170,False
15139,13171,False
15140,13172,False
15141,13173,False
15142,13174,False
15143,13175,False
15144,13176,False
15145,13177,False
15146,13178,False
15147,13179,False
15148,13180,False
15149,13181,False
15150,13182,False
15151,13183,False
15152,13184,False
15153,13185,False
15154,13186,False
15155,13187,False
15156,13188,False
15157,13189,False
15158,13190,False
15159,13191,False
15160,13192,False
15161,13193,False
15162,13194,False
15163,13195,False
15164,13196,False
15165,13197,False
15166,13198,False
15167,13199,False
15168,13200,False
15169,13201,False
15170,13202,False
15171,13203,False
15172,13204,False
15173,13205,False
15174,13206,False
15175,13207,False
15176,13208,False
15177,13209,False
15178,13210,False
15179,13211,False
15180,13212,False
15181,13213,False
15182,13214,False
15183,13215,False
15184,13216,False
15185,13217,False
15186,13218,False
15187,13219,False
15188,13220,False
15189,13221,False
15190,13222,False
15191,13223,False
15192,13224,False
15193,13225,False
15194,13226,False
15195,13227,False
15196,13228,False
15197,13229,False
15198,13230,False
15199,13231,False
15200,13232,False
15201,13233,False
15202,13234,False
15203,13235,False
15204,13236,False
15205,13237,False
15206,13238,False
15207,13239,False
15208,13240,False
15209,13241,False
15210,13242,False
15211,13243,False
15212,13244,False
15213,13245,False
15214,13246,False
15215,13247,False
15216,13248,False
15217,13249,False
15218,13250,False
15219,13251,False
15220,13252,False
15221,13253,False
15222,13254,False
15223,13255,False
15224,13256,False
15225,13257,False
15226,13258,False
15227,13259,False
15228,13260,False
15229,13261,False
15230,13262,False
15231,13263,False
15232,13264,False
15233,13265,False
15234,13266,False
15235,13267,False
15236,13268,False
15237,13269,False
15238,13270,False
15239,13271,False
15240,13272,False
15241,13273,False
15242,13274,False
15243,13275,False
15244,13276,False
15245,13277,False
15246,13278,False
15247,13279,False
15248,13280,False
15249,13281,False
15250,13282,False
15251,13283,False
15252,13284,False
15253,13285,False
15254,13286,False
15255,13287,False
15256,13288,False
15257,13289,False
15258,13290,False
15259,13291,False
15260,13292,False
15261,13293,False
15262,13294,False
15263,13295,False
15264,13296,False
15265,13297,False
15266,13298,False
15267,13299,False
15268,13300,False
15269,13301,False
15270,13302,False
15271,13303,False
15272,13304,False
15273,13305,False
15274,13306,False
15275,13307,False
15276,13308,False
15277,13309,False
15278,13310,False
15279,13311,False
15280,13312,False
15281,13313,False
15282,13314,False
15283,13315,False
15284,13316,False
15285,13317,False
15286,13318,False
15287,13319,False
15288,13320,False
15289,13321,False
15290,13322,False
15291,13323,False
15292,13324,False
15293,13325,False
15294,13326,False
15295,13327,False
15296,13328,False
15297,13329,False
15298,13330,False
15299,13331,False
15300,13332,False
15301,13333,False
15302,13334,False
15303,13335,False
15304,13336,False
15305,13337,False
15306,13338,False
15307,13339,False
15308,13340,False
15309,13341,False
15310,13342,False
15311,13343,False
15312,13344,False
15313,13345,False
15314,13346,False
15315,13347,False
15316,13348,False
15317,13349,False
15318,13350,False
15319,13351,False
15320,13352,False
15321,13353,False
15322,13354,False
15323,13355,False
15324,13356,False
15325,13357,False
15326,13358,False
15327,13359,False
15328,13360,False
15329,13361,False
15330,13362,False
15331,13363,False
15332,13364,False
15333,13365,False
15334,13366,False
15335,13367,False
15336,13368,False
15337,13369,False
15338,13370,False
15339,13371,False
15340,13372,False
15341,13373,False
15342,13374,False
15343,13375,False
15344,13376,False
15345,13377,False
15346,13378,False
15347,13379,False
15348,13380,False
15349,13381,False
15350,13382,False
15351,13383,False
15352,13384,False
15353,13385,False
15354,13386,False
15355,13387,False
15356,13388,False
15357,13389,False
15358,13390,False
15359,13391,False
15360,13392,False
15361,13393,False
15362,13394,False
15363,13395,False
15364,13396,False
15365,13397,False
15366,13398,False
15367,13399,False
15368,13400,False
15369,13401,False
15370,,True
15371,,True
15372,,True
15373,,True
15374,,True
15375,,True
15376,,True
15377,,True
15378,,True
15379,,True
15380,,True
15381,,True
15382,,True
15383,,True
15384,,True
15385,,True
15386,,True
15387,,True
15388,,True
15389,,True
15390,,True
15391,,True
15392,,True
15393,,True
15394,,True
15395,,True
15396,,True
15397,,True
15398,,True
15399,,True
15400,,True
15401,,True
15402,,True
15403,,True
15404,,True
15405,,True
15406,,True
15407,13402,False
15408,13403,False
15409,13404,False
15410,13405,False
15411,13406,False
15412,13407,False
15413,13408,False
15414,13409,False
15415,13410,False
15416,13411,False
15417,13412,False
15418,13413,False
15419,13414,False
15420,13415,False
15421,13416,False
15422,13417,False
15423,13418,False
15424,13419,False
15425,13420,False
15426,13421,False
15427,13422,False
15428,13423,False
15429,13424,False
15430,13425,False
15431,13426,False
15432,13427,False
15433,13428,False
15434,13429,False
15435,13430,False
15436,13431,False
15437,13432,False
15438,13433,False
15439,13434,False
15440,13435,False
15441,13436,False
15442,13437,False
15443,13438,False
15444,13439,False
15445,13440,False
15446,13441,False
15447,13442,False
15448,13443,False
15449,13444,False
15450,13445,False
15451,13446,False
15452,13447,False
15453,13448,False
15454,13449,False
15455,13450,False
15456,13451,False
15457,13452,False
15458,13453,False
15459,13454,False
15460,13455,False
15461,13456,False
15462,13457,False
15463,13458,False
15464,13459,False
15465,13460,False
15466,13461,False
15467,13462,False
15468,13463,False
15469,13464,False
15470,13465,False
15471,13466,False
15472,13467,False
15473,13468,False
15474,13469,False
15475,13470,False
15476,13471,False
15477,13472,False
15478,13473,False
15479,13474,False
15480,13475,False
15481,13476,False
15482,13477,False
15483,13478,False
15484,13479,False
15485,13480,False
15486,13481,False
15487,13482,False
15488,13483,False
15489,13484,False
15490,13485,False
15491,13486,False
15492,13487,False
15493,13488,False
15494,13489,False
15495,13490,False
15496,13491,False
15497,13492,False
15498,13493,False
15499,13494,False
15500,,True
15501,,True
15502,,True
15503,,True
15504,,True
15505,,True
15506,,True
15507,,True
15508,,True
15509,,True
15510,,True
15511,,True
15512,,True
15513,,True
15514,,True
15515,,True
15516,,True
15517,,True
15518,,True
15519,,True
15520,,True
15521,,True
15522,,True
15523,,True
15524,,True
15525,,True
15526,,True
15527,,True
15528,,True
15529,,True
15530,,True
15531,,True
15532,,True
15533,,True
15534,,True
15535,,True
15536,,True
15537,,True
15538,,True
15539,,True
15540,,True
15541,,True
15542,,True
15543,,True
15544,,True
15545,,True
15546,,True
15547,,True
15548,,True
15549,,True
15550,,True
15551,,True
15552,,True
15553,,True
15554,,True
15555,,True
15556,,True
15557,,True
15558,,True
15559,,True
15560,,True
15561,,True
15562,,True
15563,,True
15564,,True
15565,,True
15566,,True
15567,,True
15568,,True
15569,,True
15570,,True
15571,,True
15572,,True
15573,,True
15574,,True
15575,,True
15576,,True
15577,,True
15578,,True
15579,,True
15580,,True
15581,,True
15582,,True
15583,,True
15584,,True
15585,,True
