rallies_frame,v2_frame,rally
0,0,1
1,1,1
2,2,1
3,3,1
4,4,1
5,5,1
6,6,1
7,7,1
8,8,1
9,9,1
10,10,1
11,11,1
12,12,1
13,13,1
14,14,1
15,15,1
16,16,1
17,17,1
18,18,1
19,19,1
20,20,1
21,21,1
22,22,1
23,23,1
24,24,1
25,25,1
26,26,1
27,27,1
28,28,1
29,29,1
30,30,1
31,31,1
32,32,1
33,33,1
34,34,1
35,35,1
36,36,1
37,37,1
38,38,1
39,39,1
40,40,1
41,41,1
42,42,1
43,43,1
44,44,1
45,45,1
46,46,1
47,47,1
48,48,1
49,49,1
50,50,1
51,51,1
52,52,1
53,53,1
54,54,1
55,55,1
56,56,1
57,57,1
58,58,1
59,59,1
60,60,1
61,61,1
62,62,1
63,63,1
64,64,1
65,65,1
66,107,2
67,108,2
68,109,2
69,110,2
70,111,2
71,112,2
72,113,2
73,114,2
74,115,2
75,116,2
76,117,2
77,118,2
78,119,2
79,120,2
80,121,2
81,122,2
82,123,2
83,124,2
84,125,2
85,126,2
86,127,2
87,128,2
88,129,2
89,130,2
90,131,2
91,132,2
92,133,2
93,134,2
94,135,2
95,136,2
96,137,2
97,138,2
98,139,2
99,140,2
100,180,3
101,181,3
102,182,3
103,183,3
104,184,3
105,185,3
106,186,3
107,187,3
108,188,3
109,189,3
110,190,3
111,191,3
112,192,3
113,193,3
114,194,3
115,195,3
116,196,3
117,197,3
118,198,3
119,199,3
120,200,3
121,201,3
122,202,3
123,203,3
124,204,3
125,205,3
126,206,3
127,207,3
128,208,3
129,209,3
130,210,3
131,211,3
132,212,3
133,213,3
134,214,3
135,215,3
136,216,3
137,217,3
138,218,3
139,219,3
140,220,3
141,221,3
142,222,3
143,223,3
144,224,3
145,225,3
146,226,3
147,227,3
148,228,3
149,229,3
150,230,3
151,231,3
152,232,3
153,233,3
154,234,3
155,235,3
156,236,3
157,237,3
158,238,3
159,239,3
160,240,3
161,241,3
162,242,3
163,243,3
164,244,3
165,245,3
166,246,3
167,247,3
168,248,3
169,249,3
170,250,3
171,251,3
172,252,3
173,253,3
174,254,3
175,255,3
176,256,3
177,257,3
178,258,3
179,259,3
180,260,3
181,261,3
182,262,3
183,263,3
184,264,3
185,265,3
186,266,3
187,267,3
188,268,3
189,269,3
190,270,3
191,271,3
192,272,3
193,273,3
194,274,3
195,275,3
196,276,3
197,277,3
198,278,3
199,279,3
200,280,3
201,281,3
202,282,3
203,283,3
204,284,3
205,285,3
206,286,3
207,287,3
208,288,3
209,289,3
210,290,3
211,291,3
212,292,3
213,293,3
214,294,3
215,295,3
216,296,3
217,297,3
218,298,3
219,299,3
220,300,3
221,301,3
222,302,3
223,303,3
224,304,3
225,305,3
226,306,3
227,307,3
228,308,3
229,309,3
230,310,3
231,311,3
232,312,3
233,313,3
234,314,3
235,315,3
236,316,3
237,317,3
238,318,3
239,319,3
240,320,3
241,321,3
242,322,3
243,323,3
244,324,3
245,325,3
246,326,3
247,327,3
248,328,3
249,329,3
250,330,3
251,331,3
252,332,3
253,333,3
254,334,3
255,335,3
256,336,3
257,337,3
258,338,3
259,339,3
260,340,3
261,341,3
262,342,3
263,343,3
264,344,3
265,345,3
266,346,3
267,347,3
268,348,3
269,349,3
270,350,3
271,351,3
272,352,3
273,353,3
274,354,3
275,355,3
276,356,3
277,357,3
278,358,3
279,359,3
280,360,3
281,361,3
282,362,3
283,363,3
284,364,3
285,365,3
286,366,3
287,367,3
288,368,3
289,369,3
290,370,3
291,371,3
292,372,3
293,373,3
294,374,3
295,375,3
296,376,3
297,377,3
298,378,3
299,379,3
300,380,3
301,381,3
302,382,3
303,383,3
304,384,3
305,385,3
306,386,3
307,387,3
308,388,3
309,389,3
310,390,3
311,391,3
312,392,3
313,393,3
314,394,3
315,395,3
316,396,3
317,397,3
318,398,3
319,399,3
320,400,3
321,401,3
322,402,3
323,403,3
324,404,3
325,405,3
326,406,3
327,407,3
328,408,3
329,409,3
330,410,3
331,411,3
332,412,3
333,413,3
334,414,3
335,415,3
336,416,3
337,417,3
338,418,3
339,419,3
340,420,3
341,421,3
342,422,3
343,423,3
344,424,3
345,425,3
346,426,3
347,427,3
348,428,3
349,429,3
350,430,3
351,431,3
352,432,3
353,433,3
354,434,3
355,435,3
356,436,3
357,437,3
358,438,3
359,439,3
360,440,3
361,441,3
362,442,3
363,443,3
364,444,3
365,445,3
366,446,3
367,447,3
368,448,3
369,449,3
370,450,3
371,451,3
372,452,3
373,453,3
374,454,3
375,455,3
376,456,3
377,457,3
378,458,3
379,459,3
380,460,3
381,461,3
382,462,3
383,463,3
384,464,3
385,465,3
386,466,3
387,467,3
388,468,3
389,469,3
390,470,3
391,471,3
392,472,3
393,473,3
394,474,3
395,475,3
396,476,3
397,477,3
398,478,3
399,479,3
400,480,3
401,481,3
402,482,3
403,483,3
404,484,3
405,485,3
406,486,3
407,487,3
408,488,3
409,489,3
410,490,3
411,491,3
412,492,3
413,493,3
414,494,3
415,495,3
416,496,3
417,497,3
418,498,3
419,499,3
420,500,3
421,501,3
422,502,3
423,503,3
424,504,3
425,505,4
426,506,4
427,507,4
428,508,4
429,509,4
430,510,4
431,511,4
432,512,4
433,513,4
434,514,4
435,515,4
436,516,4
437,517,4
438,518,4
439,519,4
440,520,4
441,521,4
442,522,4
443,523,4
444,524,4
445,525,4
446,526,4
447,527,4
448,528,4
449,529,4
450,530,4
451,531,4
452,532,4
453,533,4
454,534,4
455,535,4
456,536,4
457,537,4
458,538,4
459,539,4
460,540,4
461,541,4
462,542,4
463,543,4
464,544,4
465,545,4
466,546,4
467,547,4
468,548,4
469,549,4
470,550,4
471,551,4
472,552,4
473,553,4
474,554,4
475,555,4
476,556,4
477,557,4
478,558,4
479,559,4
480,560,4
481,561,4
482,562,4
483,563,4
484,564,4
485,565,4
486,566,4
487,567,4
488,568,4
489,569,4
490,570,4
491,571,4
492,572,4
493,573,4
494,574,4
495,575,4
496,576,4
497,577,4
498,578,4
499,579,4
500,580,4
501,581,4
502,582,4
503,583,4
504,584,4
505,585,4
506,586,4
507,587,4
508,588,4
509,589,4
510,590,4
511,591,4
512,592,4
513,593,4
514,594,4
515,595,4
516,596,4
517,597,4
518,598,4
519,599,4
520,600,4
521,601,4
522,602,4
523,603,4
524,604,4
525,605,4
526,606,4
527,607,4
528,608,4
529,609,4
530,610,4
531,611,4
532,612,4
533,613,4
534,614,4
535,615,4
536,616,4
537,617,4
538,618,4
539,619,4
540,620,4
541,621,4
542,622,4
543,623,4
544,624,4
545,625,4
546,667,5
547,668,5
548,669,5
549,670,5
550,671,5
551,672,5
552,673,5
553,674,5
554,675,5
555,676,5
556,677,5
557,678,5
558,679,5
559,680,5
560,681,5
561,682,5
562,683,5
563,684,5
564,685,5
565,686,5
566,687,5
567,688,5
568,689,5
569,690,5
570,691,5
571,692,5
572,693,5
573,694,5
574,695,5
575,696,5
576,697,5
577,698,5
578,699,5
579,700,5
580,701,5
581,702,5
582,703,5
583,704,5
584,705,5
585,706,5
586,707,5
587,708,5
588,709,5
589,710,5
590,711,5
591,712,5
592,713,5
593,714,5
594,715,5
595,716,5
596,717,5
597,718,5
598,719,5
599,720,5
600,721,5
601,722,5
602,723,5
603,724,5
604,725,5
605,726,5
606,727,5
607,728,5
608,729,5
609,730,5
610,731,5
611,732,5
612,733,5
613,734,5
614,735,5
615,736,5
616,737,5
617,738,5
618,739,5
619,740,5
620,741,5
621,742,5
622,743,5
623,744,5
624,745,5
625,746,5
626,747,5
627,748,5
628,749,5
629,750,5
630,751,5
631,752,5
632,753,5
633,754,5
634,755,5
635,756,5
636,757,5
637,758,5
638,759,5
639,760,5
640,761,5
641,762,5
642,763,5
643,764,5
644,765,5
645,766,6
646,767,6
647,768,6
648,769,6
649,770,6
650,771,6
651,772,6
652,773,6
653,774,6
654,775,6
655,776,6
656,777,6
657,778,6
658,779,6
659,780,6
660,781,6
661,782,6
662,783,6
663,784,6
664,785,6
665,786,6
666,787,6
667,788,6
668,789,6
669,790,6
670,791,6
671,792,6
672,793,6
673,794,6
674,795,6
675,796,6
676,797,6
677,798,6
678,799,6
679,800,6
680,801,6
681,802,6
682,803,6
683,804,6
684,805,6
685,806,6
686,807,6
687,808,6
688,809,6
689,810,6
690,811,6
691,812,6
692,813,6
693,814,6
694,815,6
695,816,6
696,817,6
697,818,6
698,819,6
699,820,6
700,821,6
701,822,6
702,823,6
703,824,6
704,825,6
705,826,6
706,827,6
707,828,6
708,829,6
709,830,6
710,831,6
711,832,6
712,833,6
713,834,6
714,835,6
715,836,6
716,837,6
717,838,6
718,839,6
719,840,6
720,841,6
721,842,6
722,843,6
723,844,6
724,845,6
725,846,6
726,847,6
727,848,6
728,849,6
729,850,6
730,851,6
731,852,6
732,853,6
733,854,6
734,855,6
735,856,6
736,857,6
737,858,6
738,859,6
739,860,6
740,861,6
741,862,6
742,863,6
743,864,6
744,865,6
745,866,6
746,867,6
747,868,6
748,869,6
749,870,6
750,871,6
751,872,6
752,873,6
753,874,6
754,875,6
755,876,6
756,877,6
757,878,6
758,879,6
759,880,6
760,881,6
761,882,6
762,883,6
763,884,6
764,885,6
765,886,6
766,887,6
767,888,6
768,889,6
769,890,6
770,891,6
771,892,6
772,893,7
773,894,7
774,895,7
775,896,7
776,897,7
777,898,7
778,899,7
779,900,7
780,901,7
781,902,7
782,903,7
783,904,7
784,905,7
785,906,7
786,907,7
787,908,7
788,909,7
789,910,7
790,911,7
791,912,7
792,913,7
793,914,7
794,915,7
795,916,7
796,917,7
797,918,7
798,919,7
799,920,7
800,921,7
801,922,7
802,923,7
803,924,7
804,925,7
805,926,7
806,927,7
807,928,7
808,929,7
809,930,7
810,931,7
811,932,7
812,933,7
813,934,7
814,935,7
815,936,7
816,937,7
817,938,7
818,939,7
819,940,7
820,941,7
821,942,7
822,943,7
823,944,7
824,945,7
825,946,7
826,947,7
827,948,7
828,949,7
829,950,7
830,951,7
831,952,7
832,953,7
833,954,7
834,955,7
835,956,7
836,957,7
837,958,7
838,959,7
839,960,7
840,961,7
841,962,7
842,963,7
843,964,7
844,965,7
845,966,7
846,967,7
847,968,7
848,969,7
849,970,7
850,971,7
851,972,7
852,973,7
853,974,7
854,975,7
855,976,7
856,977,7
857,978,7
858,979,7
859,980,7
860,981,7
861,982,7
862,983,7
863,984,7
864,985,7
865,986,7
866,987,7
867,988,7
868,989,7
869,990,7
870,991,7
871,992,7
872,993,7
873,994,7
874,995,7
875,996,7
876,997,7
877,998,7
878,999,7
879,1000,7
880,1001,7
881,1002,7
882,1003,7
883,1004,7
884,1005,7
885,1006,7
886,1007,7
887,1008,7
888,1009,7
889,1010,7
890,1011,7
891,1012,7
892,1013,7
893,1014,7
894,1015,7
895,1056,8
896,1057,8
897,1058,8
898,1059,8
899,1060,8
900,1061,8
901,1062,8
902,1063,8
903,1064,8
904,1065,8
905,1066,8
906,1067,8
907,1068,8
908,1069,8
909,1070,8
910,1071,8
911,1072,8
912,1073,8
913,1074,8
914,1075,8
915,1076,8
916,1077,8
917,1078,8
918,1079,8
919,1080,8
920,1081,8
921,1082,8
922,1083,8
923,1084,8
924,1085,8
925,1086,8
926,1087,8
927,1088,8
928,1089,8
929,1090,8
930,1091,8
931,1092,8
932,1093,8
933,1094,8
934,1095,8
935,1096,8
936,1097,8
937,1098,8
938,1099,8
939,1100,8
940,1101,8
941,1102,8
942,1103,8
943,1104,8
944,1105,8
945,1106,8
946,1107,8
947,1108,8
948,1109,8
949,1110,8
950,1111,8
951,1112,8
952,1113,8
953,1114,8
954,1115,8
955,1116,8
956,1117,8
957,1118,8
958,1119,8
959,1120,8
960,1121,8
961,1122,8
962,1123,8
963,1124,8
964,1125,8
965,1126,8
966,1127,8
967,1128,8
968,1129,8
969,1130,8
970,1131,8
971,1132,8
972,1133,8
973,1134,8
974,1135,8
975,1136,8
976,1137,8
977,1138,8
978,1139,8
979,1140,8
980,1141,8
981,1142,8
982,1143,8
983,1144,8
984,1145,8
985,1146,8
986,1147,8
987,1148,8
988,1149,8
989,1150,8
990,1151,8
991,1152,8
992,1153,8
993,1154,8
994,1155,8
995,1156,8
996,1157,8
997,1158,8
998,1159,8
999,1160,8
1000,1161,8
1001,1162,8
1002,1163,9
1003,1164,9
1004,1165,9
1005,1166,9
1006,1167,9
1007,1168,9
1008,1169,9
1009,1170,9
1010,1171,9
1011,1172,9
1012,1173,9
1013,1174,9
1014,1175,9
1015,1176,9
1016,1177,9
1017,1178,9
1018,1179,9
1019,1180,9
1020,1181,9
1021,1182,9
1022,1183,9
1023,1184,9
1024,1185,9
1025,1186,9
1026,1187,9
1027,1188,9
1028,1189,9
1029,1190,9
1030,1191,9
1031,1192,9
1032,1193,9
1033,1194,9
1034,1195,9
1035,1196,9
1036,1197,9
1037,1198,9
1038,1199,9
1039,1200,9
1040,1201,9
1041,1202,9
1042,1203,9
1043,1204,9
1044,1205,9
1045,1206,9
1046,1207,9
1047,1208,9
1048,1209,9
1049,1210,9
1050,1211,9
1051,1212,9
1052,1213,9
1053,1214,9
1054,1215,9
1055,1216,9
1056,1217,9
1057,1218,9
1058,1219,9
1059,1220,9
1060,1221,9
1061,1222,9
1062,1223,9
1063,1224,9
1064,1225,9
1065,1226,9
1066,1227,9
1067,1228,9
1068,1229,9
1069,1230,9
1070,1231,9
1071,1232,9
1072,1233,9
1073,1234,9
1074,1235,9
1075,1236,9
1076,1237,9
1077,1238,9
1078,1239,9
1079,1240,9
1080,1241,9
1081,1242,9
1082,1243,9
1083,1244,9
1084,1245,9
1085,1295,10
1086,1296,10
1087,1297,10
1088,1298,10
1089,1299,10
1090,1300,10
1091,1301,10
1092,1302,10
1093,1303,10
1094,1304,10
1095,1305,10
1096,1306,10
1097,1307,10
1098,1308,10
1099,1309,10
1100,1310,10
1101,1311,10
1102,1312,10
1103,1313,10
1104,1314,10
1105,1315,10
1106,1316,10
1107,1317,10
1108,1318,10
1109,1319,10
1110,1320,10
1111,1321,10
1112,1322,10
1113,1323,10
1114,1324,10
1115,1325,10
1116,1326,10
1117,1327,10
1118,1328,10
1119,1329,10
1120,1330,10
1121,1331,10
1122,1332,10
1123,1333,10
1124,1334,10
1125,1335,10
1126,1336,10
1127,1337,10
1128,1338,10
1129,1339,10
1130,1340,10
1131,1341,10
1132,1342,10
1133,1343,10
1134,1344,10
1135,1345,10
1136,1346,10
1137,1347,10
1138,1348,10
1139,1349,10
1140,1350,10
1141,1351,10
1142,1352,10
1143,1353,10
1144,1354,10
1145,1355,10
1146,1356,10
1147,1357,10
1148,1358,10
1149,1359,10
1150,1360,10
1151,1361,10
1152,1362,10
1153,1363,10
1154,1364,10
1155,1365,10
1156,1366,10
1157,1367,10
1158,1368,10
1159,1369,10
1160,1370,10
1161,1371,10
1162,1372,10
1163,1373,10
1164,1374,10
1165,1375,10
1166,1376,10
1167,1377,10
1168,1378,10
1169,1379,10
1170,1380,10
1171,1381,10
1172,1382,10
1173,1383,10
1174,1384,10
1175,1385,10
1176,1386,10
1177,1387,10
1178,1388,10
1179,1389,10
1180,1390,10
1181,1391,10
1182,1392,10
1183,1393,10
1184,1394,10
1185,1395,10
1186,1396,10
1187,1397,10
1188,1398,10
1189,1399,10
1190,1400,10
1191,1401,10
1192,1402,10
1193,1403,10
1194,1404,10
1195,1405,10
1196,1406,10
1197,1407,10
1198,1408,10
1199,1409,10
1200,1410,10
1201,1411,10
1202,1412,10
1203,1413,10
1204,1414,10
1205,1415,10
1206,1416,10
1207,1417,10
1208,1418,10
1209,1419,10
1210,1420,10
1211,1421,10
1212,1422,10
1213,1423,10
1214,1424,10
1215,1425,10
1216,1426,10
1217,1427,10
1218,1428,10
1219,1429,10
1220,1430,10
1221,1431,10
1222,1432,10
1223,1433,10
1224,1434,10
1225,1435,10
1226,1436,10
1227,1437,10
1228,1438,10
1229,1439,10
1230,1440,10
1231,1441,10
1232,1442,10
1233,1443,10
1234,1444,10
1235,1445,10
1236,1446,10
1237,1447,10
1238,1448,10
1239,1449,10
1240,1450,10
1241,1451,10
1242,1452,10
1243,1453,10
1244,1454,10
1245,1455,10
1246,1456,10
1247,1457,10
1248,1458,10
1249,1459,10
1250,1460,10
1251,1461,10
1252,1462,10
1253,1463,10
1254,1464,10
1255,1465,10
1256,1466,10
1257,1467,10
1258,1468,10
1259,1469,10
1260,1470,10
1261,1471,10
1262,1472,10
1263,1473,10
1264,1474,10
1265,1475,10
1266,1476,10
1267,1477,10
1268,1478,10
1269,1479,10
1270,1480,10
1271,1481,10
1272,1482,10
1273,1483,10
1274,1484,10
1275,1485,10
1276,1486,10
1277,1487,10
1278,1488,10
1279,1489,10
1280,1490,10
1281,1491,10
1282,1492,10
1283,1493,10
1284,1494,10
1285,1495,10
1286,1496,10
1287,1497,10
1288,1498,10
1289,1499,10
1290,1500,10
1291,1501,10
1292,1502,10
1293,1503,10
1294,1504,10
1295,1505,10
1296,1506,10
1297,1507,10
1298,1508,10
1299,1509,10
1300,1510,10
1301,1511,10
1302,1512,10
1303,1513,10
1304,1514,10
1305,1515,10
1306,1516,10
1307,1517,10
1308,1518,10
1309,1519,10
1310,1520,10
1311,1521,10
1312,1522,10
1313,1523,10
1314,1524,10
1315,1525,10
1316,1526,10
1317,1527,10
1318,1528,10
1319,1529,10
1320,1530,10
1321,1531,10
1322,1532,10
1323,1533,10
1324,1534,10
1325,1535,10
1326,1536,10
1327,1537,10
1328,1538,10
1329,1539,10
1330,1540,10
1331,1541,10
1332,1542,10
1333,1543,10
1334,1544,10
1335,1545,10
1336,1546,10
1337,1547,10
1338,1548,10
1339,1549,10
1340,1550,10
1341,1551,10
1342,1552,10
1343,1553,10
1344,1554,11
1345,1555,11
1346,1556,11
1347,1557,11
1348,1558,11
1349,1559,11
1350,1560,11
1351,1561,11
1352,1562,11
1353,1563,11
1354,1564,11
1355,1565,11
1356,1566,11
1357,1567,11
1358,1568,11
1359,1569,11
1360,1570,11
1361,1571,11
1362,1572,11
1363,1573,11
1364,1574,11
1365,1575,11
1366,1576,11
1367,1577,11
1368,1578,11
1369,1579,11
1370,1580,11
1371,1581,11
1372,1582,11
1373,1583,11
1374,1584,11
1375,1585,11
1376,1586,11
1377,1587,11
1378,1588,11
1379,1589,11
1380,1590,11
1381,1591,11
1382,1592,11
1383,1593,11
1384,1594,11
1385,1595,11
1386,1596,11
1387,1597,11
1388,1598,11
1389,1599,11
1390,1600,11
1391,1601,11
1392,1602,11
1393,1603,11
1394,1604,11
1395,1605,11
1396,1606,11
1397,1607,11
1398,1608,11
1399,1609,11
1400,1610,11
1401,1611,11
1402,1612,11
1403,1613,11
1404,1614,11
1405,1615,11
1406,1616,11
1407,1617,11
1408,1618,11
1409,1619,11
1410,1620,11
1411,1621,11
1412,1622,11
1413,1623,11
1414,1624,11
1415,1625,11
1416,1626,11
1417,1627,11
1418,1628,11
1419,1629,11
1420,1630,11
1421,1631,11
1422,1632,11
1423,1633,11
1424,1634,11
1425,1635,11
1426,1636,11
1427,1637,11
1428,1638,11
1429,1639,11
1430,1640,11
1431,1641,11
1432,1642,11
1433,1643,11
1434,1644,11
1435,1645,11
1436,1646,11
1437,1647,11
1438,1648,11
1439,1649,11
1440,1650,11
1441,1651,11
1442,1652,11
1443,1653,11
1444,1654,11
1445,1655,11
1446,1656,11
1447,1657,11
1448,1658,11
1449,1659,11
1450,1660,11
1451,1661,11
1452,1662,11
1453,1663,11
1454,1664,11
1455,1665,11
1456,1666,11
1457,1667,11
1458,1668,11
1459,1669,11
1460,1670,11
1461,1671,11
1462,1672,11
1463,1673,11
1464,1674,11
1465,1675,11
1466,1676,11
1467,1677,11
1468,1678,11
1469,1679,11
1470,1680,11
1471,1681,11
1472,1682,11
1473,1683,11
1474,1684,11
1475,1685,11
1476,1686,11
1477,1687,11
1478,1688,11
1479,1689,11
1480,1690,11
1481,1691,11
1482,1692,11
1483,1693,11
1484,1694,11
1485,1695,11
1486,1863,12
1487,1864,12
1488,1865,12
1489,1866,12
1490,1867,12
1491,1868,12
1492,1869,12
1493,1870,12
1494,1871,12
1495,1872,12
1496,1873,12
1497,1874,12
1498,1875,12
1499,1876,12
1500,1877,12
1501,1878,12
1502,1879,12
1503,1880,12
1504,1881,12
1505,1882,12
1506,1883,12
1507,1884,12
1508,1885,12
1509,1886,12
1510,1887,12
1511,1888,12
1512,1889,12
1513,1890,12
1514,1891,12
1515,1892,12
1516,1893,12
1517,1894,12
1518,1895,12
1519,1896,12
1520,1897,12
1521,1898,12
1522,1899,12
1523,1900,12
1524,1901,12
1525,1902,12
1526,1903,12
1527,1904,12
1528,1905,12
1529,1906,12
1530,1907,12
1531,1908,12
1532,1909,12
1533,1910,12
1534,1911,12
1535,1912,12
1536,1913,12
1537,1914,12
1538,1915,12
1539,1916,12
1540,1917,12
1541,1918,12
1542,1919,12
1543,1920,12
1544,1921,12
1545,1922,12
1546,1923,12
1547,1924,12
1548,1925,12
1549,1926,12
1550,1927,12
1551,1928,12
1552,1929,12
1553,1930,12
1554,1931,12
1555,1932,12
1556,1933,12
1557,1934,12
1558,1935,12
1559,1936,12
1560,1937,12
1561,1938,12
1562,1939,12
1563,1940,12
1564,1941,12
1565,1942,12
1566,1943,12
1567,1944,12
1568,1945,12
1569,1946,12
1570,1947,12
1571,1948,12
1572,1949,12
1573,1950,12
1574,1951,12
1575,1952,12
1576,1953,12
1577,1954,12
1578,1955,12
1579,1956,12
1580,1957,12
1581,1958,12
1582,1959,12
1583,1960,12
1584,1961,12
1585,1962,12
1586,1963,12
1587,1964,12
1588,1965,12
1589,1985,13
1590,1986,13
1591,1987,13
1592,1988,13
1593,1989,13
1594,1990,13
1595,1991,13
1596,1992,13
1597,1993,13
1598,1994,13
1599,1995,13
1600,1996,13
1601,1997,13
1602,1998,13
1603,1999,13
1604,2000,13
1605,2001,13
1606,2002,13
1607,2003,13
1608,2004,13
1609,2005,13
1610,2006,13
1611,2007,13
1612,2008,13
1613,2009,13
1614,2010,13
1615,2011,13
1616,2012,13
1617,2013,13
1618,2014,13
1619,2015,13
1620,2016,13
1621,2017,13
1622,2018,13
1623,2019,13
1624,2020,13
1625,2021,13
1626,2022,13
1627,2023,13
1628,2024,13
1629,2025,13
1630,2026,13
1631,2027,13
1632,2028,13
1633,2029,13
1634,2030,13
1635,2031,13
1636,2032,13
1637,2033,13
1638,2034,13
1639,2035,13
1640,2036,13
1641,2037,13
1642,2038,13
1643,2039,13
1644,2040,13
1645,2041,13
1646,2042,13
1647,2043,13
1648,2044,13
1649,2045,13
1650,2046,13
1651,2047,13
1652,2048,13
1653,2049,13
1654,2050,13
1655,2051,13
1656,2052,13
1657,2053,13
1658,2054,13
1659,2055,13
1660,2056,13
1661,2057,13
1662,2058,13
1663,2059,13
1664,2060,13
1665,2061,13
1666,2062,13
1667,2063,13
1668,2064,13
1669,2065,13
1670,2066,13
1671,2067,13
1672,2068,13
1673,2069,13
1674,2070,13
1675,2071,13
1676,2072,13
1677,2073,13
1678,2074,13
1679,2075,13
1680,2076,13
1681,2077,13
1682,2078,13
1683,2079,13
1684,2080,13
1685,2081,13
1686,2082,13
1687,2083,13
1688,2084,13
1689,2085,13
1690,2086,13
1691,2087,13
1692,2088,13
1693,2089,13
1694,2090,13
1695,2091,13
1696,2092,13
1697,2093,13
1698,2094,13
1699,2095,13
1700,2096,13
1701,2097,13
1702,2098,13
1703,2099,13
1704,2100,13
1705,2101,13
1706,2102,13
1707,2103,13
1708,2104,13
1709,2105,13
1710,2106,13
1711,2107,13
1712,2108,13
1713,2109,13
1714,2110,13
1715,2111,13
1716,2112,13
1717,2113,13
1718,2114,13
1719,2115,13
1720,2116,13
1721,2117,13
1722,2118,13
1723,2119,13
1724,2120,13
1725,2121,13
1726,2122,13
1727,2123,13
1728,2124,13
1729,2125,13
1730,2126,13
1731,2127,13
1732,2128,13
1733,2129,13
1734,2130,13
1735,2131,13
1736,2132,13
1737,2133,13
1738,2134,13
1739,2135,13
1740,2136,13
1741,2137,13
1742,2138,13
1743,2139,13
1744,2140,13
1745,2141,13
1746,2142,13
1747,2143,13
1748,2144,13
1749,2145,13
1750,2146,13
1751,2147,13
1752,2148,13
1753,2149,13
1754,2150,13
1755,2151,13
1756,2152,13
1757,2153,13
1758,2154,13
1759,2155,13
1760,2156,13
1761,2157,13
1762,2158,13
1763,2159,13
1764,2160,13
1765,2161,13
1766,2162,13
1767,2163,13
1768,2164,13
1769,2165,13
1770,2166,13
1771,2167,13
1772,2168,13
1773,2169,13
1774,2170,13
1775,2171,13
1776,2172,13
1777,2173,13
1778,2174,13
1779,2175,13
1780,2176,13
1781,2177,13
1782,2178,13
1783,2179,13
1784,2180,13
1785,2181,13
1786,2182,13
1787,2183,13
1788,2184,13
1789,2185,13
1790,2186,13
1791,2187,13
1792,2188,13
1793,2189,13
1794,2190,13
1795,2191,13
1796,2192,13
1797,2193,13
1798,2194,13
1799,2195,13
1800,2196,13
1801,2197,13
1802,2198,13
1803,2199,13
1804,2200,13
1805,2201,13
1806,2202,13
1807,2203,13
1808,2204,13
1809,2205,13
1810,2206,13
1811,2207,13
1812,2208,13
1813,2209,13
1814,2210,13
1815,2211,13
1816,2212,13
1817,2213,13
1818,2214,13
1819,2215,13
1820,2216,13
1821,2217,13
1822,2218,13
1823,2219,13
1824,2220,13
1825,2221,13
1826,2222,13
1827,2223,13
1828,2224,13
1829,2225,13
1830,2226,13
1831,2227,13
1832,2228,13
1833,2229,13
1834,2230,13
1835,2231,13
1836,2232,13
1837,2233,13
1838,2234,13
1839,2235,13
1840,2321,14
1841,2322,14
1842,2323,14
1843,2324,14
1844,2325,14
1845,2326,14
1846,2327,14
1847,2328,14
1848,2329,14
1849,2330,14
1850,2331,14
1851,2332,14
1852,2333,14
1853,2334,14
1854,2335,14
1855,2336,14
1856,2337,14
1857,2338,14
1858,2339,14
1859,2340,14
1860,2341,14
1861,2342,14
1862,2343,14
1863,2344,14
1864,2345,14
1865,2346,14
1866,2347,14
1867,2348,14
1868,2349,14
1869,2350,14
1870,2351,14
1871,2352,14
1872,2353,14
1873,2354,14
1874,2355,14
1875,2356,14
1876,2357,14
1877,2358,14
1878,2359,14
1879,2360,14
1880,2361,14
1881,2362,14
1882,2363,14
1883,2364,14
1884,2365,14
1885,2366,14
1886,2367,14
1887,2368,14
1888,2369,14
1889,2370,14
1890,2371,14
1891,2372,14
1892,2373,14
1893,2374,14
1894,2375,14
1895,2376,14
1896,2377,14
1897,2378,14
1898,2379,14
1899,2380,14
1900,2381,14
1901,2382,14
1902,2383,14
1903,2384,14
1904,2385,14
1905,2386,14
1906,2387,14
1907,2388,14
1908,2389,14
1909,2390,14
1910,2391,14
1911,2392,14
1912,2393,14
1913,2394,14
1914,2395,14
1915,2396,14
1916,2397,14
1917,2398,14
1918,2399,14
1919,2400,14
1920,2401,14
1921,2402,14
1922,2403,14
1923,2404,14
1924,2405,14
1925,2406,14
1926,2407,14
1927,2408,14
1928,2409,14
1929,2410,14
1930,2428,15
1931,2429,15
1932,2430,15
1933,2431,15
1934,2432,15
1935,2433,15
1936,2434,15
1937,2435,15
1938,2436,15
1939,2437,15
1940,2438,15
1941,2439,15
1942,2440,15
1943,2441,15
1944,2442,15
1945,2443,15
1946,2444,15
1947,2445,15
1948,2446,15
1949,2447,15
1950,2448,15
1951,2449,15
1952,2450,15
1953,2451,15
1954,2452,15
1955,2453,15
1956,2454,15
1957,2455,15
1958,2456,15
1959,2457,15
1960,2458,15
1961,2459,15
1962,2460,15
1963,2461,15
1964,2462,15
1965,2463,15
1966,2464,15
1967,2465,15
1968,2466,15
1969,2467,15
1970,2468,15
1971,2469,15
1972,2470,15
1973,2471,15
1974,2472,15
1975,2473,15
1976,2474,15
1977,2475,15
1978,2476,15
1979,2477,15
1980,2478,15
1981,2479,15
1982,2480,15
1983,2481,15
1984,2482,15
1985,2483,15
1986,2484,15
1987,2485,15
1988,2486,15
1989,2487,15
1990,2488,15
1991,2489,15
1992,2490,15
1993,2491,15
1994,2492,15
1995,2493,15
1996,2494,15
1997,2495,15
1998,2496,15
1999,2497,15
2000,2498,15
2001,2499,15
2002,2500,15
2003,2501,15
2004,2502,15
2005,2503,15
2006,2504,15
2007,2505,15
2008,2506,15
2009,2507,15
2010,2508,15
2011,2509,15
2012,2510,15
2013,2511,15
2014,2512,15
2015,2513,15
2016,2514,15
2017,2515,15
2018,2516,15
2019,2517,15
2020,2518,15
2021,2519,15
2022,2520,15
2023,2521,15
2024,2522,15
2025,2523,15
2026,2524,15
2027,2525,15
2028,2526,15
2029,2527,15
2030,2528,15
2031,2529,15
2032,2530,15
2033,2531,15
2034,2532,15
2035,2533,15
2036,2534,15
2037,2535,15
2038,2536,15
2039,2537,15
2040,2538,15
2041,2539,15
2042,2540,15
2043,2541,15
2044,2542,15
2045,2543,15
2046,2544,15
2047,2545,15
2048,2546,15
2049,2547,15
2050,2548,15
2051,2549,15
2052,2550,15
2053,2551,15
2054,2552,15
2055,2553,15
2056,2554,15
2057,2555,15
2058,2556,15
2059,2557,15
2060,2558,15
2061,2559,15
2062,2560,15
2063,2561,15
2064,2562,15
2065,2563,15
2066,2564,15
2067,2565,15
2068,2566,15
2069,2567,15
2070,2568,15
2071,2569,15
2072,2570,15
2073,2571,15
2074,2572,15
2075,2573,15
2076,2574,15
2077,2575,15
2078,2576,15
2079,2577,15
2080,2578,15
2081,2579,15
2082,2580,15
2083,2581,15
2084,2582,15
2085,2583,15
2086,2584,15
2087,2585,15
2088,2586,15
2089,2587,15
2090,2588,15
2091,2589,15
2092,2590,15
2093,2591,15
2094,2592,15
2095,2593,15
2096,2594,15
2097,2595,15
2098,2596,15
2099,2597,15
2100,2598,15
2101,2599,15
2102,2600,15
2103,2601,15
2104,2602,15
2105,2603,15
2106,2604,15
2107,2605,15
2108,2606,15
2109,2607,15
2110,2608,15
2111,2609,15
2112,2610,15
2113,2611,15
2114,2612,15
2115,2613,15
2116,2614,15
2117,2615,15
2118,2616,15
2119,2617,15
2120,2618,15
2121,2619,15
2122,2620,15
2123,2621,15
2124,2622,15
2125,2623,15
2126,2624,15
2127,2625,15
2128,2626,16
2129,2627,16
2130,2628,16
2131,2629,16
2132,2630,16
2133,2631,16
2134,2632,16
2135,2633,16
2136,2634,16
2137,2635,16
2138,2636,16
2139,2637,16
2140,2638,16
2141,2639,16
2142,2640,16
2143,2641,16
2144,2642,16
2145,2643,16
2146,2644,16
2147,2645,16
2148,2646,16
2149,2647,16
2150,2648,16
2151,2649,16
2152,2650,16
2153,2651,16
2154,2652,16
2155,2653,16
2156,2654,16
2157,2655,16
2158,2656,16
2159,2657,16
2160,2658,16
2161,2659,16
2162,2660,16
2163,2661,16
2164,2662,16
2165,2663,16
2166,2664,16
2167,2665,16
2168,2666,16
2169,2667,16
2170,2668,16
2171,2669,16
2172,2670,16
2173,2671,16
2174,2672,16
2175,2673,16
2176,2674,16
2177,2675,16
2178,2700,17
2179,2701,17
2180,2702,17
2181,2703,17
2182,2704,17
2183,2705,17
2184,2706,17
2185,2707,17
2186,2708,17
2187,2709,17
2188,2710,17
2189,2711,17
2190,2712,17
2191,2713,17
2192,2714,17
2193,2715,17
2194,2716,17
2195,2717,17
2196,2718,17
2197,2719,17
2198,2720,17
2199,2721,17
2200,2722,17
2201,2723,17
2202,2724,17
2203,2725,17
2204,2726,17
2205,2727,17
2206,2728,17
2207,2729,17
2208,2730,17
2209,2731,17
2210,2732,17
2211,2733,17
2212,2734,17
2213,2735,17
2214,2736,17
2215,2737,17
2216,2738,17
2217,2739,17
2218,2740,17
2219,2741,17
2220,2742,17
2221,2743,17
2222,2744,17
2223,2745,17
2224,2746,17
2225,2747,17
2226,2748,17
2227,2749,17
2228,2750,17
2229,2751,17
2230,2752,17
2231,2753,17
2232,2754,17
2233,2755,17
2234,2756,17
2235,2757,17
2236,2758,17
2237,2759,17
2238,2760,17
2239,2761,17
2240,2762,17
2241,2763,17
2242,2764,17
2243,2765,17
2244,2766,17
2245,2767,17
2246,2768,17
2247,2769,17
2248,2770,17
2249,2771,17
2250,2772,17
2251,2773,17
2252,2774,17
2253,2775,17
2254,2776,17
2255,2777,17
2256,2778,17
2257,2779,17
2258,2780,17
2259,2781,17
2260,2782,17
2261,2783,17
2262,2784,17
2263,2785,17
2264,2786,17
2265,2787,17
2266,2788,17
2267,2789,17
2268,2790,17
2269,2791,17
2270,2792,17
2271,2793,17
2272,2794,17
2273,2795,17
2274,2796,17
2275,2797,17
2276,2798,17
2277,2799,17
2278,2800,17
2279,2801,17
2280,2802,17
2281,2803,17
2282,2804,17
2283,2805,17
2284,2806,17
2285,2807,17
2286,2808,17
2287,2809,17
2288,2810,17
2289,2811,17
2290,2812,17
2291,2813,17
2292,2814,17
2293,2815,17
2294,2816,17
2295,2817,17
2296,2818,17
2297,2819,17
2298,2820,17
2299,2821,17
2300,2822,17
2301,2823,17
2302,2824,17
2303,2825,17
2304,2826,17
2305,2827,17
2306,2828,17
2307,2829,17
2308,2830,17
2309,2831,17
2310,2832,17
2311,2833,17
2312,2834,17
2313,2835,17
2314,2836,17
2315,2837,17
2316,2838,17
2317,2839,17
2318,2840,17
2319,2841,17
2320,2842,17
2321,2843,17
2322,2844,17
2323,2845,17
2324,2846,17
2325,2847,17
2326,2848,17
2327,2849,17
2328,2850,17
2329,2851,17
2330,2852,17
2331,2853,17
2332,2854,17
2333,2855,17
2334,2856,17
2335,2857,17
2336,2858,17
2337,2859,17
2338,2860,17
2339,2861,17
2340,2862,17
2341,2863,17
2342,2864,17
2343,2865,17
2344,2866,17
2345,2867,17
2346,2868,17
2347,2869,17
2348,2870,17
2349,2871,17
2350,2872,17
2351,2873,17
2352,2874,17
2353,2875,17
2354,2876,17
2355,2877,17
2356,2878,17
2357,2879,17
2358,2880,17
2359,2881,17
2360,2882,17
2361,2883,17
2362,2884,17
2363,2885,17
2364,2886,17
2365,2887,17
2366,2888,17
2367,2889,17
2368,2890,17
2369,2891,17
2370,2892,17
2371,2893,17
2372,2894,17
2373,2895,17
2374,2896,17
2375,2897,17
2376,2898,17
2377,2899,17
2378,2900,17
2379,2901,17
2380,2902,17
2381,2903,17
2382,2904,17
2383,2905,17
2384,2906,17
2385,2907,17
2386,2908,17
2387,2909,17
2388,2910,17
2389,2911,17
2390,2912,17
2391,2913,17
2392,2914,17
2393,2915,17
2394,2916,17
2395,2917,17
2396,2918,17
2397,2919,17
2398,2920,17
2399,2921,17
2400,2922,17
2401,2923,17
2402,2924,17
2403,2925,17
2404,2926,17
2405,2927,17
2406,2928,17
2407,2929,17
2408,2930,17
2409,2931,17
2410,2932,17
2411,2933,17
2412,2934,17
2413,2935,17
2414,2955,18
2415,2956,18
2416,2957,18
2417,2958,18
2418,2959,18
2419,2960,18
2420,2961,18
2421,2962,18
2422,2963,18
2423,2964,18
2424,2965,18
2425,2966,18
2426,2967,18
2427,2968,18
2428,2969,18
2429,2970,18
2430,2971,18
2431,2972,18
2432,2973,18
2433,2974,18
2434,2975,18
2435,2976,18
2436,2977,18
2437,2978,18
2438,2979,18
2439,2980,18
2440,2981,18
2441,2982,18
2442,2983,18
2443,2984,18
2444,2985,18
2445,2986,18
2446,2987,18
2447,2988,18
2448,2989,18
2449,2990,18
2450,2991,18
2451,2992,18
2452,2993,18
2453,2994,18
2454,2995,18
2455,2996,18
2456,2997,18
2457,2998,18
2458,2999,18
2459,3000,18
2460,3001,18
2461,3002,18
2462,3003,18
2463,3004,18
2464,3005,18
2465,3006,18
2466,3007,18
2467,3008,18
2468,3009,18
2469,3010,18
2470,3011,18
2471,3012,18
2472,3013,18
2473,3014,18
2474,3015,18
2475,3016,18
2476,3017,18
2477,3018,18
2478,3019,18
2479,3020,18
2480,3021,18
2481,3022,18
2482,3023,18
2483,3024,18
2484,3025,18
2485,3026,18
2486,3027,18
2487,3028,18
2488,3029,18
2489,3030,18
2490,3031,18
2491,3032,18
2492,3033,18
2493,3034,18
2494,3035,18
2495,3036,18
2496,3037,18
2497,3038,18
2498,3039,18
2499,3040,18
2500,3041,18
2501,3042,18
2502,3043,18
2503,3044,18
2504,3045,18
2505,3046,18
2506,3047,18
2507,3048,18
2508,3049,19
2509,3050,19
2510,3051,19
2511,3052,19
2512,3053,19
2513,3054,19
2514,3055,19
2515,3056,19
2516,3057,19
2517,3058,19
2518,3059,19
2519,3060,19
2520,3061,19
2521,3062,19
2522,3063,19
2523,3064,19
2524,3065,19
2525,3066,19
2526,3067,19
2527,3068,19
2528,3069,19
2529,3070,19
2530,3071,19
2531,3072,19
2532,3073,19
2533,3074,19
2534,3075,19
2535,3076,19
2536,3077,19
2537,3078,19
2538,3079,19
2539,3080,19
2540,3081,19
2541,3082,19
2542,3083,19
2543,3084,19
2544,3085,19
2545,3086,19
2546,3087,19
2547,3088,19
2548,3089,19
2549,3090,19
2550,3091,19
2551,3092,19
2552,3093,19
2553,3094,19
2554,3095,19
2555,3096,19
2556,3097,19
2557,3098,19
2558,3099,19
2559,3100,19
2560,3101,19
2561,3102,19
2562,3103,19
2563,3104,19
2564,3105,19
2565,3106,19
2566,3107,19
2567,3108,19
2568,3109,19
2569,3110,19
2570,3111,19
2571,3112,19
2572,3113,19
2573,3114,19
2574,3115,19
2575,3116,19
2576,3117,19
2577,3118,19
2578,3119,19
2579,3120,19
2580,3121,19
2581,3122,19
2582,3123,19
2583,3124,19
2584,3125,19
2585,3126,19
2586,3127,19
2587,3128,19
2588,3129,19
2589,3130,19
2590,3131,19
2591,3132,19
2592,3133,19
2593,3134,19
2594,3135,19
2595,3136,19
2596,3137,19
2597,3138,19
2598,3139,19
2599,3140,19
2600,3141,19
2601,3142,19
2602,3143,19
2603,3144,19
2604,3145,19
2605,3146,19
2606,3147,19
2607,3148,19
2608,3149,19
2609,3150,19
2610,3151,19
2611,3152,19
2612,3153,19
2613,3154,19
2614,3155,19
2615,3156,19
2616,3157,19
2617,3158,19
2618,3159,19
2619,3160,19
2620,3161,19
2621,3162,19
2622,3163,19
2623,3164,19
2624,3165,19
2625,3166,19
2626,3167,19
2627,3168,19
2628,3169,19
2629,3170,19
2630,3171,19
2631,3172,19
2632,3173,19
2633,3174,19
2634,3175,19
2635,3176,19
2636,3177,19
2637,3178,19
2638,3179,19
2639,3180,19
2640,3181,19
2641,3182,19
2642,3183,19
2643,3184,19
2644,3185,19
2645,3186,19
2646,3187,19
2647,3188,19
2648,3189,19
2649,3190,19
2650,3191,19
2651,3192,19
2652,3193,19
2653,3194,19
2654,3195,19
2655,3196,19
2656,3197,19
2657,3198,19
2658,3199,19
2659,3200,19
2660,3201,19
2661,3202,19
2662,3203,19
2663,3204,19
2664,3205,19
2665,3206,19
2666,3207,19
2667,3208,19
2668,3209,19
2669,3210,19
2670,3211,19
2671,3212,19
2672,3213,19
2673,3214,19
2674,3215,19
2675,3216,19
2676,3217,19
2677,3218,19
2678,3219,19
2679,3220,19
2680,3221,19
2681,3222,19
2682,3223,19
2683,3224,19
2684,3225,19
2685,3226,19
2686,3227,19
2687,3228,19
2688,3229,19
2689,3230,19
2690,3231,19
2691,3232,19
2692,3233,19
2693,3234,19
2694,3235,19
2695,3236,19
2696,3237,19
2697,3238,19
2698,3239,19
2699,3240,19
2700,3241,19
2701,3242,19
2702,3243,19
2703,3244,19
2704,3245,19
2705,3246,19
2706,3247,19
2707,3248,19
2708,3249,19
2709,3250,19
2710,3251,19
2711,3252,19
2712,3253,19
2713,3254,19
2714,3255,19
2715,3256,19
2716,3257,19
2717,3258,19
2718,3259,19
2719,3260,19
2720,3261,19
2721,3262,19
2722,3263,19
2723,3264,19
2724,3265,19
2725,3266,19
2726,3267,19
2727,3268,19
2728,3269,19
2729,3270,19
2730,3271,19
2731,3272,19
2732,3273,19
2733,3274,19
2734,3275,19
2735,3276,19
2736,3277,19
2737,3278,19
2738,3279,19
2739,3280,19
2740,3281,19
2741,3282,19
2742,3283,19
2743,3284,19
2744,3285,19
2745,3286,19
2746,3287,19
2747,3288,19
2748,3289,19
2749,3290,19
2750,3291,19
2751,3292,19
2752,3293,19
2753,3294,19
2754,3295,19
2755,3296,19
2756,3297,19
2757,3298,19
2758,3299,19
2759,3300,19
2760,3301,19
2761,3302,19
2762,3303,19
2763,3304,19
2764,3305,19
2765,3306,19
2766,3307,19
2767,3308,19
2768,3309,19
2769,3310,19
2770,3361,20
2771,3362,20
2772,3363,20
2773,3364,20
2774,3365,20
2775,3366,20
2776,3367,20
2777,3368,20
2778,3369,20
2779,3370,20
2780,3371,20
2781,3372,20
2782,3373,20
2783,3374,20
2784,3375,20
2785,3376,20
2786,3377,20
2787,3378,20
2788,3379,20
2789,3380,20
2790,3381,20
2791,3382,20
2792,3383,20
2793,3384,20
2794,3385,20
2795,3386,20
2796,3387,20
2797,3388,20
2798,3389,20
2799,3390,20
2800,3391,20
2801,3392,20
2802,3393,20
2803,3394,20
2804,3395,20
2805,3396,20
2806,3397,20
2807,3398,20
2808,3399,20
2809,3400,20
2810,3401,20
2811,3402,20
2812,3403,20
2813,3404,20
2814,3405,20
2815,3406,20
2816,3407,20
2817,3408,20
2818,3409,20
2819,3410,20
2820,3411,20
2821,3412,20
2822,3413,20
2823,3414,20
2824,3415,20
2825,3416,20
2826,3417,20
2827,3418,20
2828,3419,20
2829,3420,20
2830,3421,20
2831,3422,20
2832,3423,20
2833,3424,20
2834,3425,20
2835,3426,20
2836,3427,20
2837,3428,20
2838,3429,20
2839,3430,20
2840,3431,20
2841,3432,20
2842,3433,20
2843,3434,20
2844,3435,20
2845,3436,20
2846,3437,20
2847,3438,20
2848,3439,20
2849,3440,20
2850,3441,20
2851,3442,20
2852,3443,20
2853,3444,20
2854,3445,20
2855,3446,20
2856,3447,20
2857,3448,20
2858,3449,20
2859,3450,20
2860,3451,20
2861,3452,20
2862,3453,20
2863,3454,20
2864,3455,20
2865,3456,20
2866,3457,20
2867,3458,20
2868,3459,20
2869,3460,20
2870,3461,20
2871,3462,20
2872,3463,20
2873,3464,20
2874,3465,20
2875,3466,20
2876,3467,20
2877,3468,20
2878,3469,20
2879,3470,20
2880,3471,20
2881,3472,20
2882,3473,20
2883,3474,20
2884,3475,20
2885,3476,20
2886,3477,20
2887,3478,20
2888,3479,20
2889,3480,20
2890,3481,20
2891,3482,20
2892,3483,20
2893,3484,20
2894,3485,20
2895,3486,20
2896,3487,20
2897,3488,20
2898,3489,20
2899,3490,20
2900,3491,20
2901,3492,20
2902,3493,20
2903,3494,20
2904,3495,20
2905,3496,20
2906,3497,20
2907,3498,20
2908,3499,20
2909,3500,20
2910,3501,20
2911,3502,20
2912,3503,20
2913,3504,20
2914,3505,20
2915,3506,20
2916,3507,20
2917,3508,20
2918,3509,20
2919,3510,20
2920,3511,20
2921,3512,20
2922,3513,20
2923,3514,20
2924,3515,20
2925,3516,20
2926,3517,20
2927,3518,20
2928,3519,20
2929,3520,20
2930,3521,20
2931,3522,20
2932,3523,20
2933,3524,20
2934,3525,20
2935,3526,20
2936,3527,20
2937,3528,20
2938,3529,20
2939,3530,20
2940,3531,20
2941,3532,20
2942,3533,20
2943,3534,20
2944,3535,20
2945,3536,20
2946,3537,20
2947,3538,20
2948,3539,20
2949,3540,20
2950,3541,20
2951,3542,20
2952,3543,20
2953,3544,20
2954,3545,20
2955,3546,20
2956,3547,20
2957,3548,20
2958,3549,20
2959,3550,20
2960,3551,20
2961,3552,20
2962,3553,20
2963,3554,20
2964,3555,20
2965,3556,20
2966,3557,20
2967,3558,20
2968,3559,20
2969,3560,20
2970,3561,20
2971,3562,20
2972,3563,20
2973,3564,20
2974,3565,20
2975,3566,20
2976,3567,20
2977,3568,20
2978,3569,20
2979,3570,20
2980,3571,20
2981,3572,20
2982,3573,20
2983,3574,20
2984,3575,20
2985,3576,20
2986,3577,20
2987,3578,20
2988,3579,20
2989,3580,20
2990,3581,20
2991,3582,20
2992,3583,20
2993,3584,20
2994,3585,20
2995,3586,20
2996,3587,20
2997,3588,20
2998,3589,20
2999,3590,20
3000,3591,20
3001,3592,20
3002,3593,20
3003,3594,20
3004,3595,20
3005,3596,20
3006,3597,20
3007,3598,20
3008,3599,20
3009,3600,20
3010,3601,20
3011,3602,20
3012,3603,20
3013,3604,20
3014,3605,20
3015,3606,20
3016,3607,20
3017,3608,20
3018,3609,20
3019,3610,20
3020,3611,20
3021,3612,20
3022,3613,20
3023,3614,20
3024,3615,20
3025,3616,20
3026,3617,20
3027,3618,20
3028,3619,20
3029,3620,20
3030,3621,20
3031,3622,20
3032,3623,20
3033,3624,20
3034,3625,20
3035,3626,20
3036,3627,20
3037,3628,20
3038,3629,20
3039,3630,20
3040,3631,20
3041,3632,20
3042,3633,20
3043,3634,20
3044,3635,20
3045,3636,20
3046,3637,20
3047,3638,20
3048,3639,20
3049,3640,20
3050,3641,20
3051,3642,20
3052,3643,20
3053,3644,20
3054,3645,20
3055,3646,20
3056,3647,20
3057,3648,20
3058,3649,20
3059,3650,20
3060,3651,20
3061,3652,20
3062,3653,20
3063,3654,20
3064,3655,20
3065,3656,20
3066,3657,20
3067,3658,20
3068,3659,20
3069,3660,20
3070,3661,20
3071,3662,20
3072,3663,20
3073,3664,20
3074,3665,20
3075,3666,20
3076,3667,20
3077,3668,20
3078,3669,20
3079,3670,20
3080,3671,20
3081,3672,20
3082,3673,20
3083,3674,20
3084,3675,20
3085,3676,20
3086,3677,20
3087,3678,20
3088,3679,20
3089,3680,20
3090,3681,20
3091,3682,20
3092,3683,20
3093,3684,20
3094,3685,20
3095,3686,20
3096,3687,20
3097,3688,20
3098,3689,20
3099,3690,20
3100,3691,20
3101,3692,20
3102,3693,20
3103,3694,20
3104,3695,20
3105,3696,20
3106,3697,20
3107,3698,20
3108,3699,20
3109,3700,20
3110,3701,20
3111,3702,20
3112,3703,20
3113,3704,20
3114,3705,20
3115,3706,20
3116,3707,20
3117,3708,20
3118,3709,20
3119,3710,20
3120,3711,20
3121,3712,20
3122,3713,20
3123,3714,20
3124,3715,20
3125,3716,20
3126,3717,20
3127,3718,20
3128,3719,20
3129,3720,20
3130,3721,20
3131,3722,20
3132,3723,20
3133,3724,20
3134,3725,20
3135,3726,20
3136,3727,20
3137,3728,20
3138,3729,20
3139,3730,20
3140,3731,20
3141,3732,20
3142,3733,20
3143,3734,20
3144,3735,20
3145,3736,20
3146,3737,20
3147,3738,20
3148,3739,20
3149,3740,20
3150,3741,20
3151,3742,20
3152,3743,20
3153,3744,20
3154,3745,20
3155,3746,20
3156,3747,20
3157,3748,20
3158,3749,20
3159,3750,20
3160,3751,20
3161,3752,20
3162,3753,20
3163,3754,20
3164,3755,20
3165,3756,20
3166,3757,20
3167,3758,20
3168,3759,20
3169,3760,20
3170,3761,20
3171,3762,20
3172,3763,20
3173,3764,20
3174,3765,20
3175,3766,20
3176,3767,20
3177,3768,20
3178,3769,20
3179,3770,20
3180,3771,20
3181,3772,20
3182,3773,20
3183,3774,20
3184,3775,20
3185,3776,20
3186,3777,20
3187,3778,20
3188,3779,20
3189,3780,20
3190,3781,20
3191,3782,20
3192,3783,20
3193,3784,20
3194,3785,20
3195,3786,20
3196,3787,20
3197,3788,20
3198,3789,20
3199,3790,20
3200,3791,20
3201,3792,20
3202,3793,20
3203,3794,20
3204,3795,20
3205,3796,20
3206,3797,20
3207,3798,20
3208,3799,20
3209,3800,20
3210,3801,20
3211,3802,20
3212,3803,20
3213,3804,20
3214,3805,20
3215,3806,20
3216,3807,20
3217,3808,20
3218,3809,20
3219,3810,20
3220,3811,20
3221,3812,20
3222,3813,20
3223,3814,20
3224,3815,20
3225,3816,20
3226,3817,20
3227,3818,20
3228,3819,20
3229,3820,20
3230,3821,20
3231,3822,20
3232,3823,20
3233,3824,20
3234,3825,20
3235,3826,20
3236,3827,20
3237,3828,20
3238,3829,20
3239,3830,20
3240,3831,20
3241,3832,20
3242,3833,20
3243,3834,20
3244,3835,20
3245,3836,20
3246,3837,20
3247,3838,20
3248,3839,20
3249,3840,20
3250,3841,20
3251,3842,20
3252,3843,20
3253,3844,20
3254,3845,20
3255,3846,20
3256,3847,20
3257,3848,20
3258,3849,20
3259,3850,20
3260,3851,20
3261,3852,20
3262,3853,20
3263,3854,20
3264,3855,20
3265,3856,20
3266,3857,20
3267,3858,20
3268,3859,20
3269,3860,20
3270,3861,20
3271,3862,20
3272,3863,20
3273,3864,20
3274,3865,20
3275,3866,20
3276,3867,20
3277,3868,20
3278,3869,20
3279,3870,20
3280,3871,20
3281,3872,20
3282,3873,20
3283,3874,20
3284,3875,20
3285,3876,20
3286,3877,20
3287,3878,20
3288,3879,20
3289,3880,20
3290,3881,20
3291,3882,20
3292,3883,20
3293,3884,20
3294,3885,20
3295,3886,20
3296,3887,20
3297,3888,20
3298,3889,20
3299,3890,20
3300,3891,20
3301,3892,20
3302,3893,20
3303,3894,20
3304,3895,20
3305,3896,20
3306,3897,20
3307,3898,20
3308,3899,20
3309,3900,20
3310,3901,20
3311,3902,20
3312,3903,20
3313,3904,20
3314,3905,20
3315,3972,21
3316,3973,21
3317,3974,21
3318,3975,21
3319,3976,21
3320,3977,21
3321,3978,21
3322,3979,21
3323,3980,21
3324,3981,21
3325,3982,21
3326,3983,21
3327,3984,21
3328,3985,21
3329,3986,21
3330,3987,21
3331,3988,21
3332,3989,21
3333,3990,21
3334,3991,21
3335,3992,21
3336,3993,21
3337,3994,21
3338,3995,21
3339,3996,21
3340,3997,21
3341,3998,21
3342,3999,21
3343,4000,21
3344,4001,21
3345,4002,21
3346,4003,21
3347,4004,21
3348,4005,21
3349,4006,21
3350,4007,21
3351,4008,21
3352,4009,21
3353,4010,21
3354,4011,21
3355,4012,21
3356,4013,21
3357,4014,21
3358,4015,21
3359,4016,21
3360,4017,21
3361,4018,21
3362,4019,21
3363,4020,21
3364,4021,21
3365,4022,21
3366,4023,21
3367,4024,21
3368,4025,21
3369,4026,21
3370,4027,21
3371,4028,21
3372,4029,21
3373,4030,21
3374,4031,21
3375,4032,21
3376,4033,21
3377,4034,21
3378,4035,21
3379,4036,21
3380,4037,21
3381,4038,21
3382,4039,21
3383,4040,21
3384,4041,21
3385,4042,21
3386,4043,21
3387,4044,21
3388,4045,21
3389,4046,21
3390,4047,21
3391,4048,21
3392,4049,21
3393,4050,21
3394,4051,21
3395,4052,21
3396,4053,21
3397,4054,21
3398,4055,21
3399,4056,21
3400,4057,21
3401,4058,21
3402,4059,21
3403,4060,21
3404,4061,21
3405,4062,21
3406,4063,21
3407,4064,21
3408,4065,21
3409,4066,21
3410,4067,21
3411,4068,21
3412,4069,21
3413,4070,21
3414,4071,21
3415,4072,21
3416,4073,21
3417,4074,21
3418,4075,21
3419,4076,21
3420,4077,21
3421,4078,21
3422,4079,21
3423,4080,21
3424,4081,21
3425,4082,22
3426,4083,22
3427,4084,22
3428,4085,22
3429,4086,22
3430,4087,22
3431,4088,22
3432,4089,22
3433,4090,22
3434,4091,22
3435,4092,22
3436,4093,22
3437,4094,22
3438,4095,22
3439,4096,22
3440,4097,22
3441,4098,22
3442,4099,22
3443,4100,22
3444,4101,22
3445,4102,22
3446,4103,22
3447,4104,22
3448,4105,22
3449,4106,22
3450,4107,22
3451,4108,22
3452,4109,22
3453,4110,22
3454,4111,22
3455,4112,22
3456,4113,22
3457,4114,22
3458,4115,22
3459,4116,22
3460,4117,22
3461,4118,22
3462,4119,22
3463,4120,22
3464,4121,22
3465,4122,22
3466,4123,22
3467,4124,22
3468,4125,22
3469,4126,22
3470,4127,22
3471,4128,22
3472,4129,22
3473,4130,22
3474,4131,22
3475,4132,22
3476,4133,22
3477,4134,22
3478,4135,22
3479,4136,22
3480,4137,22
3481,4138,22
3482,4139,22
3483,4140,22
3484,4141,22
3485,4142,22
3486,4143,22
3487,4144,22
3488,4145,22
3489,4146,22
3490,4147,22
3491,4148,22
3492,4149,22
3493,4150,22
3494,4151,22
3495,4152,22
3496,4153,22
3497,4154,22
3498,4155,22
3499,4156,22
3500,4157,22
3501,4158,22
3502,4159,22
3503,4160,22
3504,4161,22
3505,4162,22
3506,4163,22
3507,4164,22
3508,4165,22
3509,4166,22
3510,4167,22
3511,4168,22
3512,4169,22
3513,4170,22
3514,4171,22
3515,4172,22
3516,4173,22
3517,4174,22
3518,4175,22
3519,4176,22
3520,4177,22
3521,4178,22
3522,4179,22
3523,4180,22
3524,4181,22
3525,4182,22
3526,4183,22
3527,4184,22
3528,4185,22
3529,4186,22
3530,4187,22
3531,4188,22
3532,4189,22
3533,4190,22
3534,4191,22
3535,4192,22
3536,4193,22
3537,4194,22
3538,4195,22
3539,4196,22
3540,4197,22
3541,4198,22
3542,4199,22
3543,4200,22
3544,4201,22
3545,4202,22
3546,4203,22
3547,4204,22
3548,4205,22
3549,4206,22
3550,4207,22
3551,4208,22
3552,4209,22
3553,4210,22
3554,4211,22
3555,4212,22
3556,4213,22
3557,4214,22
3558,4215,22
3559,4216,22
3560,4217,22
3561,4218,22
3562,4219,23
3563,4220,23
3564,4221,23
3565,4222,23
3566,4223,23
3567,4224,23
3568,4225,23
3569,4226,23
3570,4227,23
3571,4228,23
3572,4229,23
3573,4230,23
3574,4231,23
3575,4232,23
3576,4233,23
3577,4234,23
3578,4235,23
3579,4236,23
3580,4237,23
3581,4238,23
3582,4239,23
3583,4240,23
3584,4241,23
3585,4242,23
3586,4243,23
3587,4244,23
3588,4245,23
3589,4246,23
3590,4247,23
3591,4248,23
3592,4249,23
3593,4250,23
3594,4251,23
3595,4252,23
3596,4253,23
3597,4254,23
3598,4255,23
3599,4256,23
3600,4257,23
3601,4258,23
3602,4259,23
3603,4260,23
3604,4261,23
3605,4262,23
3606,4263,23
3607,4264,23
3608,4265,23
3609,4266,23
3610,4267,23
3611,4268,23
3612,4269,23
3613,4270,23
3614,4271,23
3615,4272,23
3616,4273,23
3617,4274,23
3618,4275,23
3619,4276,23
3620,4277,23
3621,4278,23
3622,4279,23
3623,4280,23
3624,4281,23
3625,4282,23
3626,4283,23
3627,4284,23
3628,4285,23
3629,4286,23
3630,4287,23
3631,4288,23
3632,4289,23
3633,4290,23
3634,4291,23
3635,4292,23
3636,4293,23
3637,4294,23
3638,4295,23
3639,4296,23
3640,4297,23
3641,4298,23
3642,4299,23
3643,4300,23
3644,4301,23
3645,4302,23
3646,4303,23
3647,4304,23
3648,4305,23
3649,4306,23
3650,4307,23
3651,4308,23
3652,4309,23
3653,4310,23
3654,4311,23
3655,4312,23
3656,4313,23
3657,4314,23
3658,4315,23
3659,4316,23
3660,4317,23
3661,4318,23
3662,4319,23
3663,4320,23
3664,4321,23
3665,4322,23
3666,4323,23
3667,4324,23
3668,4325,23
3669,4326,23
3670,4327,23
3671,4328,23
3672,4329,23
3673,4330,23
3674,4331,23
3675,4332,23
3676,4333,23
3677,4334,23
3678,4335,23
3679,4336,23
3680,4337,23
3681,4338,23
3682,4339,23
3683,4340,23
3684,4341,23
3685,4342,23
3686,4343,23
3687,4344,23
3688,4345,23
3689,4346,23
3690,4347,23
3691,4348,23
3692,4349,23
3693,4350,24
3694,4351,24
3695,4352,24
3696,4353,24
3697,4354,24
3698,4355,24
3699,4356,24
3700,4357,24
3701,4358,24
3702,4359,24
3703,4360,24
3704,4361,24
3705,4362,24
3706,4363,24
3707,4364,24
3708,4365,24
3709,4366,24
3710,4367,24
3711,4368,24
3712,4369,24
3713,4370,24
3714,4371,24
3715,4372,24
3716,4373,24
3717,4374,24
3718,4375,24
3719,4376,24
3720,4377,24
3721,4378,24
3722,4379,24
3723,4380,24
3724,4381,24
3725,4382,24
3726,4383,24
3727,4384,24
3728,4385,24
3729,4386,24
3730,4387,24
3731,4388,24
3732,4389,24
3733,4390,24
3734,4391,24
3735,4392,24
3736,4393,24
3737,4394,24
3738,4395,24
3739,4396,24
3740,4397,24
3741,4398,24
3742,4399,24
3743,4400,24
3744,4401,24
3745,4402,24
3746,4403,24
3747,4404,24
3748,4405,24
3749,4406,24
3750,4407,24
3751,4408,24
3752,4409,24
3753,4410,24
3754,4411,24
3755,4412,24
3756,4413,24
3757,4414,24
3758,4415,24
3759,4416,24
3760,4417,24
3761,4418,24
3762,4419,24
3763,4420,24
3764,4421,24
3765,4422,24
3766,4423,24
3767,4424,24
3768,4425,24
3769,4426,24
3770,4427,24
3771,4428,24
3772,4429,24
3773,4430,24
3774,4431,24
3775,4432,24
3776,4433,24
3777,4434,24
3778,4435,24
3779,4436,24
3780,4437,24
3781,4438,24
3782,4439,24
3783,4440,24
3784,4441,24
3785,4442,24
3786,4443,24
3787,4444,24
3788,4445,24
3789,4446,24
3790,4447,24
3791,4448,24
3792,4449,24
3793,4450,24
3794,4451,24
3795,4452,24
3796,4453,24
3797,4454,24
3798,4455,24
3799,4456,24
3800,4457,24
3801,4458,24
3802,4459,24
3803,4460,24
3804,4461,24
3805,4462,24
3806,4463,24
3807,4464,24
3808,4465,24
3809,4466,24
3810,4467,24
3811,4468,24
3812,4469,24
3813,4470,24
3814,4471,24
3815,4472,24
3816,4473,24
3817,4474,24
3818,4475,24
3819,4476,24
3820,4477,24
3821,4478,24
3822,4479,24
3823,4480,24
3824,4481,24
3825,4482,24
3826,4483,24
3827,4484,24
3828,4485,24
3829,4486,24
3830,4487,24
3831,4488,24
3832,4489,24
3833,4490,24
3834,4491,24
3835,4492,24
3836,4493,24
3837,4494,24
3838,4495,24
3839,4496,24
3840,4497,24
3841,4498,24
3842,4499,24
3843,4500,24
3844,4501,24
3845,4502,24
3846,4503,24
3847,4504,24
3848,4505,24
3849,4506,24
3850,4507,24
3851,4508,24
3852,4509,24
3853,4510,24
3854,4511,24
3855,4512,24
3856,4513,24
3857,4514,24
3858,4515,24
3859,4516,24
3860,4517,24
3861,4518,24
3862,4519,24
3863,4520,24
3864,4521,24
3865,4522,24
3866,4523,24
3867,4524,24
3868,4525,24
3869,4775,25
3870,4776,25
3871,4777,25
3872,4778,25
3873,4779,25
3874,4780,25
3875,4781,25
3876,4782,25
3877,4783,25
3878,4784,25
3879,4785,25
3880,4786,25
3881,4787,25
3882,4788,25
3883,4789,25
3884,4790,25
3885,4791,25
3886,4792,25
3887,4793,25
3888,4794,25
3889,4795,25
3890,4796,25
3891,4797,25
3892,4798,25
3893,4799,25
3894,4800,25
3895,4801,25
3896,4802,25
3897,4803,25
3898,4804,25
3899,4805,25
3900,4806,25
3901,4807,25
3902,4808,25
3903,4809,25
3904,4810,25
3905,4811,25
3906,4812,25
3907,4813,25
3908,4814,25
3909,4815,25
3910,4816,25
3911,4817,25
3912,4818,25
3913,4819,25
3914,4820,25
3915,4821,25
3916,4822,25
3917,4823,25
3918,4824,25
3919,4825,25
3920,4826,25
3921,4827,25
3922,4828,25
3923,4829,25
3924,4830,25
3925,4831,25
3926,4832,25
3927,4833,25
3928,4834,25
3929,4835,25
3930,4836,25
3931,4837,25
3932,4838,25
3933,4839,25
3934,4840,25
3935,4841,25
3936,4842,25
3937,4843,25
3938,4844,25
3939,4845,25
3940,4846,25
3941,4847,25
3942,4848,25
3943,4849,25
3944,4850,25
3945,4851,25
3946,4852,25
3947,4853,25
3948,4854,25
3949,4855,25
3950,4856,25
3951,4857,25
3952,4858,25
3953,4859,25
3954,4860,25
3955,4861,25
3956,4862,25
3957,4863,25
3958,4864,25
3959,4865,25
3960,4866,25
3961,4867,25
3962,4868,25
3963,4869,25
3964,4870,25
3965,4871,25
3966,4872,25
3967,4873,25
3968,4874,25
3969,4875,25
3970,4876,25
3971,4877,25
3972,4878,25
3973,4879,25
3974,4880,25
3975,4881,25
3976,4882,25
3977,4883,25
3978,4884,25
3979,4885,25
3980,4886,25
3981,4887,25
3982,4888,25
3983,4889,25
3984,4890,25
3985,4891,25
3986,4892,25
3987,4893,25
3988,4894,25
3989,4895,25
3990,4896,25
3991,4897,25
3992,4898,25
3993,4899,25
3994,4900,25
3995,4901,25
3996,4902,25
3997,4903,25
3998,4904,25
3999,4905,25
4000,4906,25
4001,4907,25
4002,4908,25
4003,4909,25
4004,4910,25
4005,4911,25
4006,4912,25
4007,4913,25
4008,4914,25
4009,4915,25
4010,4916,25
4011,4917,25
4012,4918,25
4013,4919,25
4014,4920,25
4015,4921,25
4016,4922,25
4017,4923,25
4018,4924,25
4019,4925,25
4020,4926,25
4021,4927,25
4022,4928,25
4023,4929,25
4024,4930,25
4025,4931,25
4026,4932,25
4027,4933,25
4028,4934,25
4029,4935,25
4030,4936,25
4031,4937,25
4032,4938,25
4033,4939,25
4034,4940,25
4035,4941,25
4036,4942,25
4037,4943,25
4038,4944,25
4039,4945,25
4040,4946,25
4041,4947,25
4042,4948,25
4043,4949,25
4044,4950,25
4045,4951,25
4046,4952,25
4047,4953,25
4048,4954,25
4049,4955,25
4050,4956,25
4051,4957,25
4052,4958,25
4053,4959,25
4054,4960,25
4055,4961,25
4056,4962,25
4057,4963,25
4058,4964,25
4059,4965,25
4060,4966,25
4061,4967,25
4062,4968,25
4063,4969,25
4064,4970,25
4065,4971,25
4066,4972,25
4067,4973,25
4068,4974,25
4069,4975,25
4070,4976,25
4071,4977,25
4072,4978,25
4073,4979,25
4074,4980,25
4075,4981,25
4076,4982,25
4077,4983,25
4078,4984,25
4079,4985,25
4080,4986,25
4081,4987,25
4082,4988,25
4083,4989,25
4084,4990,25
4085,4991,25
4086,4992,25
4087,4993,25
4088,4994,25
4089,4995,25
4090,4996,25
4091,4997,25
4092,4998,25
4093,4999,25
4094,5000,25
4095,5001,25
4096,5002,25
4097,5003,25
4098,5004,25
4099,5005,25
4100,5006,25
4101,5007,25
4102,5008,25
4103,5009,25
4104,5010,25
4105,5011,25
4106,5012,25
4107,5013,25
4108,5014,25
4109,5015,25
4110,5016,25
4111,5017,25
4112,5018,25
4113,5019,25
4114,5020,26
4115,5021,26
4116,5022,26
4117,5023,26
4118,5024,26
4119,5025,26
4120,5026,26
4121,5027,26
4122,5028,26
4123,5029,26
4124,5030,26
4125,5031,26
4126,5032,26
4127,5033,26
4128,5034,26
4129,5035,26
4130,5036,26
4131,5037,26
4132,5038,26
4133,5039,26
4134,5040,26
4135,5041,26
4136,5042,26
4137,5043,26
4138,5044,26
4139,5045,26
4140,5046,26
4141,5047,26
4142,5048,26
4143,5049,26
4144,5050,26
4145,5051,26
4146,5052,26
4147,5053,26
4148,5054,26
4149,5055,26
4150,5056,26
4151,5057,26
4152,5058,26
4153,5059,26
4154,5060,26
4155,5061,26
4156,5062,26
4157,5063,26
4158,5064,26
4159,5065,26
4160,5066,26
4161,5067,26
4162,5068,26
4163,5069,26
4164,5070,26
4165,5071,26
4166,5072,26
4167,5073,26
4168,5074,26
4169,5075,26
4170,5076,26
4171,5077,26
4172,5078,26
4173,5079,26
4174,5080,26
4175,5081,26
4176,5082,26
4177,5083,26
4178,5084,26
4179,5085,26
4180,5086,26
4181,5087,26
4182,5088,26
4183,5089,26
4184,5090,26
4185,5091,26
4186,5092,26
4187,5093,26
4188,5094,26
4189,5095,26
4190,5096,26
4191,5097,26
4192,5098,26
4193,5099,26
4194,5100,26
4195,5101,26
4196,5102,26
4197,5103,26
4198,5104,26
4199,5105,26
4200,5106,26
4201,5107,26
4202,5108,26
4203,5109,26
4204,5110,26
4205,5111,26
4206,5112,26
4207,5113,26
4208,5114,26
4209,5115,26
4210,5116,26
4211,5117,26
4212,5118,26
4213,5119,26
4214,5120,26
4215,5121,26
4216,5122,26
4217,5123,26
4218,5124,26
4219,5125,26
4220,5126,26
4221,5127,26
4222,5128,26
4223,5129,26
4224,5130,26
4225,5131,26
4226,5132,26
4227,5133,26
4228,5134,26
4229,5135,26
4230,5136,26
4231,5137,26
4232,5138,26
4233,5139,26
4234,5140,26
4235,5141,26
4236,5142,26
4237,5143,26
4238,5144,26
4239,5145,26
4240,5146,26
4241,5147,26
4242,5148,26
4243,5149,26
4244,5150,26
4245,5151,26
4246,5152,26
4247,5153,26
4248,5154,26
4249,5155,26
4250,5156,26
4251,5157,26
4252,5158,26
4253,5159,26
4254,5160,26
4255,5161,26
4256,5162,26
4257,5163,26
4258,5164,26
4259,5165,26
4260,5166,26
4261,5167,26
4262,5168,26
4263,5169,26
4264,5170,26
4265,5171,26
4266,5172,26
4267,5173,26
4268,5174,26
4269,5175,26
4270,5176,26
4271,5177,26
4272,5178,26
4273,5179,26
4274,5180,26
4275,5181,26
4276,5182,26
4277,5183,26
4278,5184,26
4279,5185,26
4280,5186,26
4281,5187,26
4282,5188,26
4283,5189,26
4284,5190,26
4285,5191,26
4286,5192,26
4287,5193,26
4288,5194,26
4289,5195,26
4290,5196,26
4291,5197,26
4292,5198,26
4293,5199,26
4294,5200,26
4295,5201,26
4296,5202,26
4297,5203,26
4298,5204,26
4299,5205,26
4300,5206,26
4301,5207,26
4302,5208,26
4303,5209,26
4304,5210,26
4305,5211,26
4306,5212,26
4307,5213,26
4308,5214,26
4309,5215,26
4310,5216,26
4311,5217,26
4312,5218,26
4313,5219,26
4314,5220,26
4315,5221,26
4316,5222,26
4317,5223,26
4318,5224,26
4319,5225,26
4320,5226,26
4321,5227,26
4322,5228,26
4323,5229,26
4324,5230,26
4325,5231,26
4326,5232,26
4327,5233,26
4328,5234,26
4329,5235,26
4330,5236,26
4331,5237,26
4332,5238,26
4333,5239,26
4334,5240,26
4335,5241,26
4336,5242,26
4337,5243,26
4338,5244,26
4339,5245,26
4340,5246,26
4341,5247,26
4342,5248,26
4343,5249,26
4344,5250,26
4345,5251,26
4346,5252,26
4347,5253,26
4348,5254,26
4349,5255,26
4350,5256,26
4351,5257,26
4352,5258,26
4353,5259,26
4354,5260,26
4355,5261,26
4356,5262,26
4357,5263,26
4358,5264,26
4359,5265,26
4360,5266,26
4361,5267,26
4362,5268,26
4363,5269,26
4364,5270,26
4365,5271,26
4366,5272,26
4367,5273,26
4368,5274,26
4369,5275,26
4370,5276,26
4371,5277,26
4372,5278,26
4373,5279,26
4374,5280,26
4375,5281,26
4376,5282,26
4377,5283,26
4378,5284,26
4379,5285,26
4380,5286,26
4381,5287,26
4382,5288,26
4383,5289,26
4384,5290,26
4385,5291,26
4386,5292,26
4387,5293,26
4388,5294,26
4389,5295,26
4390,5296,26
4391,5297,26
4392,5298,26
4393,5299,26
4394,5300,26
4395,5301,26
4396,5302,26
4397,5303,26
4398,5304,26
4399,5305,26
4400,5306,26
4401,5307,26
4402,5308,26
4403,5309,26
4404,5310,26
4405,5311,26
4406,5312,27
4407,5313,27
4408,5314,27
4409,5315,27
4410,5316,27
4411,5317,27
4412,5318,27
4413,5319,27
4414,5320,27
4415,5321,27
4416,5322,27
4417,5323,27
4418,5324,27
4419,5325,27
4420,5326,27
4421,5327,27
4422,5328,27
4423,5329,27
4424,5330,27
4425,5331,27
4426,5332,27
4427,5333,27
4428,5334,27
4429,5335,27
4430,5336,27
4431,5337,27
4432,5338,27
4433,5339,27
4434,5340,27
4435,5341,27
4436,5342,27
4437,5343,27
4438,5344,27
4439,5345,27
4440,5346,27
4441,5347,27
4442,5348,27
4443,5349,27
4444,5350,27
4445,5351,27
4446,5352,27
4447,5353,27
4448,5354,27
4449,5355,27
4450,5356,27
4451,5357,27
4452,5358,27
4453,5359,27
4454,5360,27
4455,5361,27
4456,5362,27
4457,5363,27
4458,5364,27
4459,5365,27
4460,5366,27
4461,5367,27
4462,5368,27
4463,5369,27
4464,5370,27
4465,5371,27
4466,5372,27
4467,5373,27
4468,5374,27
4469,5375,27
4470,5376,27
4471,5377,27
4472,5378,27
4473,5379,27
4474,5380,27
4475,5381,27
4476,5382,27
4477,5383,27
4478,5384,27
4479,5385,27
4480,5386,27
4481,5387,27
4482,5388,27
4483,5389,27
4484,5390,27
4485,5391,27
4486,5392,27
4487,5393,27
4488,5394,27
4489,5395,27
4490,5396,27
4491,5397,27
4492,5398,27
4493,5399,27
4494,5400,27
4495,5401,27
4496,5402,27
4497,5403,27
4498,5404,27
4499,5405,27
4500,5406,27
4501,5407,27
4502,5408,27
4503,5409,27
4504,5410,27
4505,5411,27
4506,5412,27
4507,5413,27
4508,5414,27
4509,5415,27
4510,5416,27
4511,5417,27
4512,5418,27
4513,5419,27
4514,5420,27
4515,5421,27
4516,5422,27
4517,5423,27
4518,5424,27
4519,5425,27
4520,5426,27
4521,5427,27
4522,5428,27
4523,5429,27
4524,5430,27
4525,5431,27
4526,5432,27
4527,5433,27
4528,5434,27
4529,5435,27
4530,5436,27
4531,5437,27
4532,5438,27
4533,5439,27
4534,5440,27
4535,5441,27
4536,5442,27
4537,5443,27
4538,5444,27
4539,5445,27
4540,5446,27
4541,5447,27
4542,5448,27
4543,5449,27
4544,5450,27
4545,5451,27
4546,5452,27
4547,5453,27
4548,5454,27
4549,5455,27
4550,5456,27
4551,5457,27
4552,5458,27
4553,5459,27
4554,5460,27
4555,5461,27
4556,5462,27
4557,5463,27
4558,5464,27
4559,5465,27
4560,5466,27
4561,5467,27
4562,5468,27
4563,5469,27
4564,5470,27
4565,5471,27
4566,5472,27
4567,5473,27
4568,5474,27
4569,5475,27
4570,5476,27
4571,5477,27
4572,5478,27
4573,5479,27
4574,5480,27
4575,5481,27
4576,5482,27
4577,5483,27
4578,5484,27
4579,5485,27
4580,5486,27
4581,5487,27
4582,5488,27
4583,5489,27
4584,5490,27
4585,5491,27
4586,5492,27
4587,5493,27
4588,5494,27
4589,5495,27
4590,5496,27
4591,5497,27
4592,5498,27
4593,5499,27
4594,5500,27
4595,5501,27
4596,5502,27
4597,5503,27
4598,5504,27
4599,5505,27
4600,5506,27
4601,5507,27
4602,5508,27
4603,5509,27
4604,5510,27
4605,5511,27
4606,5512,27
4607,5513,27
4608,5514,27
4609,5515,27
4610,5516,27
4611,5517,27
4612,5518,27
4613,5519,27
4614,5520,27
4615,5521,27
4616,5522,27
4617,5523,27
4618,5524,27
4619,5525,27
4620,5526,27
4621,5527,27
4622,5528,27
4623,5529,27
4624,5530,27
4625,5531,27
4626,5532,27
4627,5533,27
4628,5534,27
4629,5535,27
4630,5536,27
4631,5537,27
4632,5538,27
4633,5539,27
4634,5540,27
4635,5541,27
4636,5542,27
4637,5543,27
4638,5544,27
4639,5545,27
4640,5546,27
4641,5547,27
4642,5548,27
4643,5549,27
4644,5550,27
4645,5551,27
4646,5552,27
4647,5553,27
4648,5554,27
4649,5555,27
4650,5556,27
4651,5557,27
4652,5558,27
4653,5559,27
4654,5560,27
4655,5561,27
4656,5562,27
4657,5563,27
4658,5564,27
4659,5565,27
4660,5566,27
4661,5567,27
4662,5568,27
4663,5569,27
4664,5570,27
4665,5571,27
4666,5572,27
4667,5573,27
4668,5574,27
4669,5575,27
4670,5576,27
4671,5577,27
4672,5578,27
4673,5579,27
4674,5580,27
4675,5581,27
4676,5582,27
4677,5583,27
4678,5584,27
4679,5585,27
4680,5586,27
4681,5587,27
4682,5588,27
4683,5589,27
4684,5590,27
4685,5591,27
4686,5592,27
4687,5593,27
4688,5594,27
4689,5595,27
4690,5596,27
4691,5597,27
4692,5598,27
4693,5599,27
4694,5600,27
4695,5601,27
4696,5602,27
4697,5603,27
4698,5604,27
4699,5605,27
4700,5606,27
4701,5607,27
4702,5608,27
4703,5609,27
4704,5610,27
4705,5611,27
4706,5612,27
4707,5613,27
4708,5614,27
4709,5615,27
4710,5616,27
4711,5617,27
4712,5618,27
4713,5619,27
4714,5620,27
4715,5621,27
4716,5622,27
4717,5623,27
4718,5624,27
4719,5625,27
4720,5626,27
4721,5627,27
4722,5628,27
4723,5629,27
4724,5630,27
4725,5631,27
4726,5632,27
4727,5633,27
4728,5634,27
4729,5635,27
4730,5636,27
4731,5637,27
4732,5638,27
4733,5639,27
4734,5640,27
4735,5641,27
4736,5642,27
4737,5643,27
4738,5644,27
4739,5645,27
4740,5646,27
4741,5647,27
4742,5648,27
4743,5649,27
4744,5650,27
4745,5651,27
4746,5652,27
4747,5653,27
4748,5654,27
4749,5655,27
4750,5656,27
4751,5657,27
4752,5658,27
4753,5659,27
4754,5660,27
4755,5661,27
4756,5662,27
4757,5663,27
4758,5664,27
4759,5665,27
4760,5666,27
4761,5667,27
4762,5668,27
4763,5669,27
4764,5670,27
4765,5671,27
4766,5672,27
4767,5673,27
4768,5674,27
4769,5675,27
4770,5676,27
4771,5677,27
4772,5678,27
4773,5679,27
4774,5680,27
4775,5681,27
4776,5682,27
4777,5683,27
4778,5684,27
4779,5685,27
4780,5686,27
4781,5687,27
4782,5688,27
4783,5689,27
4784,5690,27
4785,5691,27
4786,5692,27
4787,5693,27
4788,5694,27
4789,5695,27
4790,5696,27
4791,5697,27
4792,5698,27
4793,5699,27
4794,5700,27
4795,5701,27
4796,5702,27
4797,5703,27
4798,5704,27
4799,5705,27
4800,5706,27
4801,5707,27
4802,5708,27
4803,5709,27
4804,5710,27
4805,5711,27
4806,5712,27
4807,5713,27
4808,5714,27
4809,5715,27
4810,5716,27
4811,5717,27
4812,5718,27
4813,5719,27
4814,5720,27
4815,5721,27
4816,5722,27
4817,5723,27
4818,5724,27
4819,5725,27
4820,5726,27
4821,5727,27
4822,5728,27
4823,5729,27
4824,5730,27
4825,5731,27
4826,5732,27
4827,5733,27
4828,5734,27
4829,5735,27
4830,5736,27
4831,5737,27
4832,5738,27
4833,5739,27
4834,5740,27
4835,5741,27
4836,5742,27
4837,5743,27
4838,5744,27
4839,5745,27
4840,5746,27
4841,5747,27
4842,5748,27
4843,5749,27
4844,5750,27
4845,5751,27
4846,5752,27
4847,5753,27
4848,5754,27
4849,5755,27
4850,5756,27
4851,5757,27
4852,5758,27
4853,5759,27
4854,5760,27
4855,5761,27
4856,5762,27
4857,5763,27
4858,5764,27
4859,5765,27
4860,5766,27
4861,5767,27
4862,5768,27
4863,5769,27
4864,5770,27
4865,5771,27
4866,5772,27
4867,5773,27
4868,5774,27
4869,5775,27
4870,5776,27
4871,5777,27
4872,5778,27
4873,5779,27
4874,5780,27
4875,5781,27
4876,5782,27
4877,5783,27
4878,5784,27
4879,5785,27
4880,5786,27
4881,5787,27
4882,5788,27
4883,5789,27
4884,5790,27
4885,5791,27
4886,5792,27
4887,5793,27
4888,5794,27
4889,5795,27
4890,5796,27
4891,5797,27
4892,5798,27
4893,5799,27
4894,5800,27
4895,5801,27
4896,5802,27
4897,5803,27
4898,5804,27
4899,5805,27
4900,5806,27
4901,5807,27
4902,5808,27
4903,5809,27
4904,5810,27
4905,5811,27
4906,5812,27
4907,5813,27
4908,5814,27
4909,5815,27
4910,5816,27
4911,5817,27
4912,5818,27
4913,5819,27
4914,5820,27
4915,5821,27
4916,5822,27
4917,5823,27
4918,5824,27
4919,5825,27
4920,5826,27
4921,5827,27
4922,5828,27
4923,5829,27
4924,5830,27
4925,5831,27
4926,5832,27
4927,5833,27
4928,5834,27
4929,5835,27
4930,5836,27
4931,5837,27
4932,5838,27
4933,5839,27
4934,5840,27
4935,5841,27
4936,5842,27
4937,5843,27
4938,5844,27
4939,5845,27
4940,5846,27
4941,5847,27
4942,5848,27
4943,5849,27
4944,5850,27
4945,5851,27
4946,5852,27
4947,5853,27
4948,5854,27
4949,5855,27
4950,5856,27
4951,5857,27
4952,5858,27
4953,5859,27
4954,5860,27
4955,5861,27
4956,5862,27
4957,5863,27
4958,5864,27
4959,5865,27
4960,5866,27
4961,5867,27
4962,5868,27
4963,5869,27
4964,5870,27
4965,5871,27
4966,5872,27
4967,5873,27
4968,5874,27
4969,5875,27
4970,5876,27
4971,5877,27
4972,5878,27
4973,5879,27
4974,5880,27
4975,5881,27
4976,5882,27
4977,5883,27
4978,5884,27
4979,5885,27
4980,5886,27
4981,5887,27
4982,5888,27
4983,5889,27
4984,5890,27
4985,5891,27
4986,5892,27
4987,5893,27
4988,5894,27
4989,5895,27
4990,5896,27
4991,5897,27
4992,5898,27
4993,5899,27
4994,5900,27
4995,5901,27
4996,5902,27
4997,5903,27
4998,5904,27
4999,5905,27
5000,5906,27
5001,5907,27
5002,5908,27
5003,5909,27
5004,5910,27
5005,5911,27
5006,5912,27
5007,5913,27
5008,5914,27
5009,5915,27
5010,5916,27
5011,5917,27
5012,5918,27
5013,5919,27
5014,5920,27
5015,5921,27
5016,5922,27
5017,5923,27
5018,5924,27
5019,5925,27
5020,5926,27
5021,5927,27
5022,5928,27
5023,5929,27
5024,5930,27
5025,5931,27
5026,5932,27
5027,5933,27
5028,5934,27
5029,5935,27
5030,5936,27
5031,5937,27
5032,5938,27
5033,5939,27
5034,5940,27
5035,5941,27
5036,5942,27
5037,5943,27
5038,5944,27
5039,5945,27
5040,5946,27
5041,5947,27
5042,5948,27
5043,5949,27
5044,5950,27
5045,5951,27
5046,5952,27
5047,5953,27
5048,5954,27
5049,5955,27
5050,5956,27
5051,5957,27
5052,5958,27
5053,5959,27
5054,5960,27
5055,5961,27
5056,5962,27
5057,5963,27
5058,5964,27
5059,5965,27
5060,5966,27
5061,5967,27
5062,5968,27
5063,5969,27
5064,5970,27
5065,5971,27
5066,5972,27
5067,5973,27
5068,5974,27
5069,5975,27
5070,5976,27
5071,5977,27
5072,5978,27
5073,5979,27
5074,5980,27
5075,5981,27
5076,5982,27
5077,5983,27
5078,5984,27
5079,5985,27
5080,5986,27
5081,5987,27
5082,5988,27
5083,5989,27
5084,5990,27
5085,5991,27
5086,5992,27
5087,5993,27
5088,5994,27
5089,5995,27
5090,5996,27
5091,5997,27
5092,5998,27
5093,5999,27
5094,6000,27
5095,6001,27
5096,6002,27
5097,6003,27
5098,6004,27
5099,6005,27
5100,6006,27
5101,6007,27
5102,6008,27
5103,6009,27
5104,6010,27
5105,6011,27
5106,6012,27
5107,6013,27
5108,6014,27
5109,6015,27
5110,6016,27
5111,6017,27
5112,6018,27
5113,6019,27
5114,6020,27
5115,6021,27
5116,6022,27
5117,6023,27
5118,6024,27
5119,6025,27
5120,6026,27
5121,6027,27
5122,6028,27
5123,6029,27
5124,6030,27
5125,6031,27
5126,6032,27
5127,6033,27
5128,6034,27
5129,6035,27
5130,6036,27
5131,6037,27
5132,6038,27
5133,6039,27
5134,6040,27
5135,6041,27
5136,6042,27
5137,6043,27
5138,6044,27
5139,6045,27
5140,6046,27
5141,6047,27
5142,6048,27
5143,6049,27
5144,6050,27
5145,6051,27
5146,6052,27
5147,6053,27
5148,6054,27
5149,6055,27
5150,6056,27
5151,6057,27
5152,6058,27
5153,6059,27
5154,6060,27
5155,6061,27
5156,6062,27
5157,6063,27
5158,6064,27
5159,6065,27
5160,6066,27
5161,6067,27
5162,6068,27
5163,6069,27
5164,6070,27
5165,6071,27
5166,6072,27
5167,6073,27
5168,6074,27
5169,6075,27
5170,6076,27
5171,6077,27
5172,6078,27
5173,6079,27
5174,6080,27
5175,6081,27
5176,6082,27
5177,6083,27
5178,6084,27
5179,6085,27
5180,6086,27
5181,6087,27
5182,6088,27
5183,6089,27
5184,6090,27
5185,6091,27
5186,6092,27
5187,6093,27
5188,6094,27
5189,6095,27
5190,6096,27
5191,6097,27
5192,6098,27
5193,6099,27
5194,6100,27
5195,6101,27
5196,6102,27
5197,6103,27
5198,6104,27
5199,6105,27
5200,6106,27
5201,6107,27
5202,6108,27
5203,6109,27
5204,6110,27
5205,6111,27
5206,6112,27
5207,6113,27
5208,6114,27
5209,6115,27
5210,6116,27
5211,6117,27
5212,6118,27
5213,6119,27
5214,6120,27
5215,6121,27
5216,6122,27
5217,6123,27
5218,6124,27
5219,6125,27
5220,6126,27
5221,6127,27
5222,6128,27
5223,6129,27
5224,6130,27
5225,6131,27
5226,6132,27
5227,6133,27
5228,6134,27
5229,6135,27
5230,6136,27
5231,6137,27
5232,6138,27
5233,6139,27
5234,6140,27
5235,6141,27
5236,6142,27
5237,6143,27
5238,6144,27
5239,6145,27
5240,6146,27
5241,6147,27
5242,6148,27
5243,6149,27
5244,6150,27
5245,6151,27
5246,6152,27
5247,6153,27
5248,6154,27
5249,6155,27
5250,6156,27
5251,6157,27
5252,6158,27
5253,6159,27
5254,6160,27
5255,6161,27
5256,6162,27
5257,6163,27
5258,6164,27
5259,6165,27
5260,6166,27
5261,6167,27
5262,6168,27
5263,6169,27
5264,6170,27
5265,6171,27
5266,6172,27
5267,6173,27
5268,6174,27
5269,6175,27
5270,6176,27
5271,6177,27
5272,6178,27
5273,6179,27
5274,6180,27
5275,6181,27
5276,6182,27
5277,6183,27
5278,6184,27
5279,6185,27
5280,6186,27
5281,6187,27
5282,6188,27
5283,6189,27
5284,6190,27
5285,6191,27
5286,6192,27
5287,6193,27
5288,6194,27
5289,6195,27
5290,6196,27
5291,6197,27
5292,6270,28
5293,6271,28
5294,6272,28
5295,6273,28
5296,6274,28
5297,6275,28
5298,6276,28
5299,6277,28
5300,6278,28
5301,6279,28
5302,6280,28
5303,6281,28
5304,6282,28
5305,6283,28
5306,6284,28
5307,6285,28
5308,6286,28
5309,6287,28
5310,6288,28
5311,6289,28
5312,6290,28
5313,6291,28
5314,6292,28
5315,6293,28
5316,6294,28
5317,6295,28
5318,6296,28
5319,6297,28
5320,6298,28
5321,6299,28
5322,6300,28
5323,6301,28
5324,6302,28
5325,6303,28
5326,6304,28
5327,6305,28
5328,6306,28
5329,6307,28
5330,6308,28
5331,6309,28
5332,6310,28
5333,6311,28
5334,6312,28
5335,6313,28
5336,6314,28
5337,6315,28
5338,6316,28
5339,6317,28
5340,6318,28
5341,6319,28
5342,6320,28
5343,6321,28
5344,6322,28
5345,6323,28
5346,6324,28
5347,6325,28
5348,6326,28
5349,6327,28
5350,6328,28
5351,6329,28
5352,6330,28
5353,6331,28
5354,6332,28
5355,6333,28
5356,6334,28
5357,6335,28
5358,6336,28
5359,6337,28
5360,6338,28
5361,6339,28
5362,6340,28
5363,6341,28
5364,6342,28
5365,6343,28
5366,6344,28
5367,6345,28
5368,6346,28
5369,6347,28
5370,6348,28
5371,6349,28
5372,6350,28
5373,6351,28
5374,6352,28
5375,6353,28
5376,6354,28
5377,6355,28
5378,6356,28
5379,6357,28
5380,6358,28
5381,6359,28
5382,6360,28
5383,6361,28
5384,6362,28
5385,6363,28
5386,6364,28
5387,6365,28
5388,6366,28
5389,6367,28
5390,6368,28
5391,6369,28
5392,6370,28
5393,6371,28
5394,6372,28
5395,6373,28
5396,6374,28
5397,6375,28
5398,6376,28
5399,6377,28
5400,6378,28
5401,6379,28
5402,6380,28
5403,6381,28
5404,6382,28
5405,6383,28
5406,6384,28
5407,6385,28
5408,6386,28
5409,6387,28
5410,6388,28
5411,6389,28
5412,6390,28
5413,6391,28
5414,6392,28
5415,6393,28
5416,6394,28
5417,6395,28
5418,6396,28
5419,6397,28
5420,6398,28
5421,6399,28
5422,6400,28
5423,6401,28
5424,6402,28
5425,6403,28
5426,6404,28
5427,6405,28
5428,6406,28
5429,6407,28
5430,6408,28
5431,6409,28
5432,6410,28
5433,6411,28
5434,6412,28
5435,6413,28
5436,6414,28
5437,6415,28
5438,6416,28
5439,6417,28
5440,6418,28
5441,6419,28
5442,6420,28
5443,6421,28
5444,6422,28
5445,6423,28
5446,6424,28
5447,6425,28
5448,6426,28
5449,6427,28
5450,6428,28
5451,6429,28
5452,6430,28
5453,6431,28
5454,6432,28
5455,6433,28
5456,6434,28
5457,6435,28
5458,6436,28
5459,6437,28
5460,6438,28
5461,6439,28
5462,6440,28
5463,6441,28
5464,6442,28
5465,6443,28
5466,6444,28
5467,6445,28
5468,6446,28
5469,6447,28
5470,6448,28
5471,6449,28
5472,6450,28
5473,6451,28
5474,6452,28
5475,6453,28
5476,6454,28
5477,6455,28
5478,6456,28
5479,6457,28
5480,6458,28
5481,6459,28
5482,6460,28
5483,6461,28
5484,6462,28
5485,6463,28
5486,6464,28
5487,6465,28
5488,6466,28
5489,6467,28
5490,6468,28
5491,6469,28
5492,6470,28
5493,6471,28
5494,6472,28
5495,6473,28
5496,6474,28
5497,6475,28
5498,6476,28
5499,6477,28
5500,6478,28
5501,6479,28
5502,6480,28
5503,6481,28
5504,6482,28
5505,6483,28
5506,6484,28
5507,6485,28
5508,6486,28
5509,6487,28
5510,6488,28
5511,6489,28
5512,6490,28
5513,6491,28
5514,6492,28
5515,6493,28
5516,6494,28
5517,6495,28
5518,6496,28
5519,6497,28
5520,6498,28
5521,6499,28
5522,6500,28
5523,6501,28
5524,6502,28
5525,6503,28
5526,6504,28
5527,6505,28
5528,6506,28
5529,6507,28
5530,6508,28
5531,6509,28
5532,6510,28
5533,6511,28
5534,6512,28
5535,6513,28
5536,6514,28
5537,6515,28
5538,6516,28
5539,6517,28
5540,6518,28
5541,6519,28
5542,6520,28
5543,6521,28
5544,6522,28
5545,6523,28
5546,6524,28
5547,6525,28
5548,6526,28
5549,6527,28
5550,6528,28
5551,6529,28
5552,6530,28
5553,6531,28
5554,6532,28
5555,6533,28
5556,6534,28
5557,6535,28
5558,6536,28
5559,6537,28
5560,6538,28
5561,6539,28
5562,6540,28
5563,6541,28
5564,6542,28
5565,6543,28
5566,6544,28
5567,6545,28
5568,6546,28
5569,6547,28
5570,6548,28
5571,6549,28
5572,6550,28
5573,6551,28
5574,6552,28
5575,6553,28
5576,6554,28
5577,6555,28
5578,6556,28
5579,6557,28
5580,6558,28
5581,6559,28
5582,6560,28
5583,6561,28
5584,6562,28
5585,6563,28
5586,6564,28
5587,6565,28
5588,6566,28
5589,6567,28
5590,6568,28
5591,6569,28
5592,6570,28
5593,6571,28
5594,6572,28
5595,6573,28
5596,6574,28
5597,6575,28
5598,6576,28
5599,6577,28
5600,6578,28
5601,6579,28
5602,6580,28
5603,6581,28
5604,6582,28
5605,6583,28
5606,6584,28
5607,6585,28
5608,6586,28
5609,6587,28
5610,6588,28
5611,6589,28
5612,6590,28
5613,6591,28
5614,6592,28
5615,6593,28
5616,6594,28
5617,6595,28
5618,6596,28
5619,6597,28
5620,6598,28
5621,6599,28
5622,6600,28
5623,6601,28
5624,6602,28
5625,6603,28
5626,6604,28
5627,6605,28
5628,6606,28
5629,6607,28
5630,6608,28
5631,6609,28
5632,6610,28
5633,6611,28
5634,6612,28
5635,6613,28
5636,6614,28
5637,6615,28
5638,6616,28
5639,6617,28
5640,6618,28
5641,6619,28
5642,6620,28
5643,6621,28
5644,6622,28
5645,6623,28
5646,6624,28
5647,6625,28
5648,6626,28
5649,6627,28
5650,6628,28
5651,6629,28
5652,6630,28
5653,6631,28
5654,6632,28
5655,6633,28
5656,6634,28
5657,6635,28
5658,6636,28
5659,6637,28
5660,6638,28
5661,6639,28
5662,6640,28
5663,6641,28
5664,6642,28
5665,6643,28
5666,6644,28
5667,6645,28
5668,6646,28
5669,6647,28
5670,6648,28
5671,6649,28
5672,6650,28
5673,6651,28
5674,6652,28
5675,6653,28
5676,6654,28
5677,6655,28
5678,6656,28
5679,6657,28
5680,6658,28
5681,6659,28
5682,6660,28
5683,6661,28
5684,6662,28
5685,6663,28
5686,6664,28
5687,6665,28
5688,6666,28
5689,6667,28
5690,6668,28
5691,6669,28
5692,6670,28
5693,6671,28
5694,6672,28
5695,6673,28
5696,6674,28
5697,6675,28
5698,6676,28
5699,6677,28
5700,6678,28
5701,6679,28
5702,6680,28
5703,6681,28
5704,6682,28
5705,6683,28
5706,6684,28
5707,6685,28
5708,6686,28
5709,6687,28
5710,6688,28
5711,6689,28
5712,6690,28
5713,6691,28
5714,6692,28
5715,6693,28
5716,6694,28
5717,6695,28
5718,6696,28
5719,6697,28
5720,6698,28
5721,6699,28
5722,6700,28
5723,6701,28
5724,6702,28
5725,6703,28
5726,6704,28
5727,6705,28
5728,6706,28
5729,6707,28
5730,6708,28
5731,6709,28
5732,6710,28
5733,6711,28
5734,6712,28
5735,6713,28
5736,6714,28
5737,6715,28
5738,6716,28
5739,6717,28
5740,6718,28
5741,6719,28
5742,6720,28
5743,6721,28
5744,6722,28
5745,6723,28
5746,6724,28
5747,6725,28
5748,6726,28
5749,6727,28
5750,6728,28
5751,6729,28
5752,6730,28
5753,6731,28
5754,6732,28
5755,6733,28
5756,6734,28
5757,6735,28
5758,6736,28
5759,6737,28
5760,6738,28
5761,6739,28
5762,6740,28
5763,6741,28
5764,6742,28
5765,6743,28
5766,6744,28
5767,6745,28
5768,6746,28
5769,6747,28
5770,6748,28
5771,6749,28
5772,6750,28
5773,6751,28
5774,6752,28
5775,6753,28
5776,6754,28
5777,6755,28
5778,6756,28
5779,6757,28
5780,6758,28
5781,6759,28
5782,6760,28
5783,6761,28
5784,6762,28
5785,6763,28
5786,6764,28
5787,6765,28
5788,6766,29
5789,6767,29
5790,6768,29
5791,6769,29
5792,6770,29
5793,6771,29
5794,6772,29
5795,6773,29
5796,6774,29
5797,6775,29
5798,6776,29
5799,6777,29
5800,6778,29
5801,6779,29
5802,6780,29
5803,6781,29
5804,6782,29
5805,6783,29
5806,6784,29
5807,6785,29
5808,6786,29
5809,6787,29
5810,6788,29
5811,6789,29
5812,6790,29
5813,6791,29
5814,6792,29
5815,6793,29
5816,6794,29
5817,6795,29
5818,6796,29
5819,6797,29
5820,6798,29
5821,6799,29
5822,6800,29
5823,6801,29
5824,6802,29
5825,6803,29
5826,6804,29
5827,6805,29
5828,6806,29
5829,6807,29
5830,6808,29
5831,6809,29
5832,6810,29
5833,6811,29
5834,6812,29
5835,6813,29
5836,6814,29
5837,6815,29
5838,6816,29
5839,6817,29
5840,6818,29
5841,6819,29
5842,6820,29
5843,6821,29
5844,6822,29
5845,6823,29
5846,6824,29
5847,6825,29
5848,6826,29
5849,6827,29
5850,6828,29
5851,6829,29
5852,6830,29
5853,6831,29
5854,6832,29
5855,6833,29
5856,6834,29
5857,6835,29
5858,6836,29
5859,6837,29
5860,6838,29
5861,6839,29
5862,6840,29
5863,6841,29
5864,6842,29
5865,6843,29
5866,6844,29
5867,6845,29
5868,6846,29
5869,6847,29
5870,6848,29
5871,6849,29
5872,6850,29
5873,6851,29
5874,6852,29
5875,6853,29
5876,6854,29
5877,6855,29
5878,6856,29
5879,6857,29
5880,6858,29
5881,6859,29
5882,6860,29
5883,6861,29
5884,6862,29
5885,6863,29
5886,6864,29
5887,6865,29
5888,6866,29
5889,6867,29
5890,6868,29
5891,6869,29
5892,6870,29
5893,6871,29
5894,6872,29
5895,6873,29
5896,6874,29
5897,6875,29
5898,6876,29
5899,6877,29
5900,6878,29
5901,6879,29
5902,6880,29
5903,6881,29
5904,6882,29
5905,6883,29
5906,6884,29
5907,6885,29
5908,6886,29
5909,6887,29
5910,6888,29
5911,6889,29
5912,6890,29
5913,6891,29
5914,6892,29
5915,6893,29
5916,6894,29
5917,6895,29
5918,6896,29
5919,6897,29
5920,6898,29
5921,6899,29
5922,6900,29
5923,6901,29
5924,6902,29
5925,6903,29
5926,6904,29
5927,6905,29
5928,6906,29
5929,6907,29
5930,6908,29
5931,6909,29
5932,6910,29
5933,6911,29
5934,6912,29
5935,6913,29
5936,6914,29
5937,6915,29
5938,6916,29
5939,6917,29
5940,6918,29
5941,6919,29
5942,6920,29
5943,6921,29
5944,6922,29
5945,6923,29
5946,6924,29
5947,6925,29
5948,6926,29
5949,6927,29
5950,6928,29
5951,6929,29
5952,6930,29
5953,6931,29
5954,6932,29
5955,6933,29
5956,6934,29
5957,6935,29
5958,6936,29
5959,6937,29
5960,6938,29
5961,6939,29
5962,6940,29
5963,6941,29
5964,6942,29
5965,6943,29
5966,6944,29
5967,6945,29
5968,6946,29
5969,6947,29
5970,6948,29
5971,6949,29
5972,6950,29
5973,6951,29
5974,6952,29
5975,6953,29
5976,6954,29
5977,6955,29
5978,6956,29
5979,6957,29
5980,6958,29
5981,6959,29
5982,6960,29
5983,6961,29
5984,6962,29
5985,6963,29
5986,6964,29
5987,6965,29
5988,6966,29
5989,6967,29
5990,6968,29
5991,6969,29
5992,6970,29
5993,6971,29
5994,6972,29
5995,6973,29
5996,6974,29
5997,6975,29
5998,6976,29
5999,6977,29
6000,6978,29
6001,6979,29
6002,6980,29
6003,6981,29
6004,6982,29
6005,6983,29
6006,6984,29
6007,6985,29
6008,6986,29
6009,6987,29
6010,6988,29
6011,6989,29
6012,6990,29
6013,6991,29
6014,6992,29
6015,6993,29
6016,6994,29
6017,6995,29
6018,6996,29
6019,6997,29
6020,6998,29
6021,6999,29
6022,7000,29
6023,7001,29
6024,7002,29
6025,7003,29
6026,7004,29
6027,7005,29
6028,7006,29
6029,7007,29
6030,7008,29
6031,7009,29
6032,7010,29
6033,7011,29
6034,7012,29
6035,7013,29
6036,7014,29
6037,7015,29
6038,7016,29
6039,7017,29
6040,7018,29
6041,7019,29
6042,7020,29
6043,7021,29
6044,7022,29
6045,7023,29
6046,7024,29
6047,7025,29
6048,7026,29
6049,7027,29
6050,7028,29
6051,7029,29
6052,7030,29
6053,7031,29
6054,7032,29
6055,7033,29
6056,7034,29
6057,7035,29
6058,7036,29
6059,7037,29
6060,7038,29
6061,7039,29
6062,7040,29
6063,7041,29
6064,7042,29
6065,7043,29
6066,7044,29
6067,7045,29
6068,7046,29
6069,7047,29
6070,7048,29
6071,7049,29
6072,7050,29
6073,7051,29
6074,7052,29
6075,7053,29
6076,7054,29
6077,7055,29
6078,7056,29
6079,7057,29
6080,7058,29
6081,7059,29
6082,7060,29
6083,7061,29
6084,7062,29
6085,7063,29
6086,7064,29
6087,7065,29
6088,7066,29
6089,7067,29
6090,7068,29
6091,7069,29
6092,7070,29
6093,7071,29
6094,7072,29
6095,7073,29
6096,7074,29
6097,7075,29
6098,7076,29
6099,7077,29
6100,7078,29
6101,7079,29
6102,7080,29
6103,7081,30
6104,7082,30
6105,7083,30
6106,7084,30
6107,7085,30
6108,7086,30
6109,7087,30
6110,7088,30
6111,7089,30
6112,7090,30
6113,7091,30
6114,7092,30
6115,7093,30
6116,7094,30
6117,7095,30
6118,7096,30
6119,7097,30
6120,7098,30
6121,7099,30
6122,7100,30
6123,7101,30
6124,7102,30
6125,7103,30
6126,7104,30
6127,7105,30
6128,7106,30
6129,7107,30
6130,7108,30
6131,7109,30
6132,7110,30
6133,7111,30
6134,7112,30
6135,7113,30
6136,7114,30
6137,7115,30
6138,7116,30
6139,7117,30
6140,7118,30
6141,7119,30
6142,7120,30
6143,7121,30
6144,7122,30
6145,7123,30
6146,7124,30
6147,7125,30
6148,7126,30
6149,7127,30
6150,7128,30
6151,7129,30
6152,7130,30
6153,7131,30
6154,7132,30
6155,7133,30
6156,7134,30
6157,7135,30
6158,7136,30
6159,7137,30
6160,7138,30
6161,7139,30
6162,7140,30
6163,7141,30
6164,7142,30
6165,7143,30
6166,7144,30
6167,7145,30
6168,7146,30
6169,7147,30
6170,7148,30
6171,7149,30
6172,7150,30
6173,7151,30
6174,7152,30
6175,7153,30
6176,7154,30
6177,7155,30
6178,7156,30
6179,7157,30
6180,7158,30
6181,7159,30
6182,7160,30
6183,7161,30
6184,7162,30
6185,7163,30
6186,7164,30
6187,7165,30
6188,7166,30
6189,7167,30
6190,7168,30
6191,7169,30
6192,7170,30
6193,7171,30
6194,7172,30
6195,7173,30
6196,7174,30
6197,7175,30
6198,7176,30
6199,7177,30
6200,7178,30
6201,7179,30
6202,7180,30
6203,7181,30
6204,7182,30
6205,7183,30
6206,7184,30
6207,7185,30
6208,7186,30
6209,7187,30
6210,7188,30
6211,7189,30
6212,7190,30
6213,7191,30
6214,7192,30
6215,7193,30
6216,7194,30
6217,7195,30
6218,7196,30
6219,7197,30
6220,7198,30
6221,7199,30
6222,7200,30
6223,7201,30
6224,7202,30
6225,7203,30
6226,7204,30
6227,7205,30
6228,7206,30
6229,7207,30
6230,7208,30
6231,7209,30
6232,7210,30
6233,7211,30
6234,7212,30
6235,7213,30
6236,7214,30
6237,7215,30
6238,7216,30
6239,7217,30
6240,7218,30
6241,7219,30
6242,7220,30
6243,7221,30
6244,7222,30
6245,7223,30
6246,7224,30
6247,7225,30
6248,7737,31
6249,7738,31
6250,7739,31
6251,7740,31
6252,7741,31
6253,7742,31
6254,7743,31
6255,7744,31
6256,7745,31
6257,7746,31
6258,7747,31
6259,7748,31
6260,7749,31
6261,7750,31
6262,7751,31
6263,7752,31
6264,7753,31
6265,7754,31
6266,7755,31
6267,7756,31
6268,7757,31
6269,7758,31
6270,7759,31
6271,7760,31
6272,7761,31
6273,7762,31
6274,7763,31
6275,7764,31
6276,7765,31
6277,7766,31
6278,7767,31
6279,7768,31
6280,7769,31
6281,7770,31
6282,7771,31
6283,7772,31
6284,7773,31
6285,7774,31
6286,7775,31
6287,7776,31
6288,7777,31
6289,7778,31
6290,7779,31
6291,7780,31
6292,7781,31
6293,7782,31
6294,7783,31
6295,7784,31
6296,7785,31
6297,7786,31
6298,7787,31
6299,7788,31
6300,7789,31
6301,7790,31
6302,7791,31
6303,7792,31
6304,7793,31
6305,7794,31
6306,7795,31
6307,7796,31
6308,7797,31
6309,7798,31
6310,7799,31
6311,7800,31
6312,7801,31
6313,7802,31
6314,7803,31
6315,7804,31
6316,7805,31
6317,7806,31
6318,7807,31
6319,7808,31
6320,7809,31
6321,7810,31
6322,7811,31
6323,7812,31
6324,7813,31
6325,7814,31
6326,7815,31
6327,7816,31
6328,7817,31
6329,7818,31
6330,7819,31
6331,7820,31
6332,7821,31
6333,7822,31
6334,7823,31
6335,7824,31
6336,7825,31
6337,7826,31
6338,7827,31
6339,7828,31
6340,7829,31
6341,7830,31
6342,7831,31
6343,7832,31
6344,7833,31
6345,7834,31
6346,7835,31
6347,7836,31
6348,7837,31
6349,7838,31
6350,7839,31
6351,7840,31
6352,7841,31
6353,7842,31
6354,7843,31
6355,7844,31
6356,7845,31
6357,7846,31
6358,7847,31
6359,7848,31
6360,7849,31
6361,7850,31
6362,7851,31
6363,7852,31
6364,7853,31
6365,7854,31
6366,7855,31
6367,7856,31
6368,7857,31
6369,7858,31
6370,7859,31
6371,7860,31
6372,7861,31
6373,7862,31
6374,7863,31
6375,7864,31
6376,7865,31
6377,7866,31
6378,7867,31
6379,7868,31
6380,7869,31
6381,7870,31
6382,7871,31
6383,7872,31
6384,7873,31
6385,7874,31
6386,7875,31
6387,7876,31
6388,7877,31
6389,7878,31
6390,7879,31
6391,7880,31
6392,7881,31
6393,7882,31
6394,7883,31
6395,7884,31
6396,7885,31
6397,7886,31
6398,7887,31
6399,7888,31
6400,7889,31
6401,7890,31
6402,7891,31
6403,7892,31
6404,7893,31
6405,7894,31
6406,7895,31
6407,7896,31
6408,7897,31
6409,7898,31
6410,7899,31
6411,7900,31
6412,7901,31
6413,7902,31
6414,7903,31
6415,7904,31
6416,7905,31
6417,7906,31
6418,7907,31
6419,7908,31
6420,7909,31
6421,7910,31
6422,7911,31
6423,7912,31
6424,7913,31
6425,7914,31
6426,7915,31
6427,7916,31
6428,7917,31
6429,7918,31
6430,7919,31
6431,7920,31
6432,7921,31
6433,7922,31
6434,7923,31
6435,7924,31
6436,7925,31
6437,7926,31
6438,7927,31
6439,7928,31
6440,7929,31
6441,7930,31
6442,7931,31
6443,7932,31
6444,7933,31
6445,7934,31
6446,7935,31
6447,7936,31
6448,7937,31
6449,7938,31
6450,7939,31
6451,7940,31
6452,7941,31
6453,7942,31
6454,7943,31
6455,7944,31
6456,7945,31
6457,7946,31
6458,7947,31
6459,7948,31
6460,7949,31
6461,7950,31
6462,7951,31
6463,7952,31
6464,7953,31
6465,7954,31
6466,7955,31
6467,7956,31
6468,7957,31
6469,7958,31
6470,7959,31
6471,7960,31
6472,7961,31
6473,7962,31
6474,7963,31
6475,7964,31
6476,7965,31
6477,7966,31
6478,7967,31
6479,7968,31
6480,7969,31
6481,7970,31
6482,7971,31
6483,7972,31
6484,7973,31
6485,7974,31
6486,7975,31
6487,7976,31
6488,7977,31
6489,7978,31
6490,7979,31
6491,7980,31
6492,7981,31
6493,7982,31
6494,7983,31
6495,7984,31
6496,7985,31
6497,8042,32
6498,8043,32
6499,8044,32
6500,8045,32
6501,8046,32
6502,8047,32
6503,8048,32
6504,8049,32
6505,8050,32
6506,8051,32
6507,8052,32
6508,8053,32
6509,8054,32
6510,8055,32
6511,8056,32
6512,8057,32
6513,8058,32
6514,8059,32
6515,8060,32
6516,8061,32
6517,8062,32
6518,8063,32
6519,8064,32
6520,8065,32
6521,8066,32
6522,8067,32
6523,8068,32
6524,8069,32
6525,8070,32
6526,8071,32
6527,8072,32
6528,8073,32
6529,8074,32
6530,8075,32
6531,8076,32
6532,8077,32
6533,8078,32
6534,8079,32
6535,8080,32
6536,8081,32
6537,8082,32
6538,8083,32
6539,8084,32
6540,8085,32
6541,8086,32
6542,8087,32
6543,8088,32
6544,8089,32
6545,8090,32
6546,8091,32
6547,8092,32
6548,8093,32
6549,8094,32
6550,8095,32
6551,8096,32
6552,8097,32
6553,8098,32
6554,8099,32
6555,8100,32
6556,8101,32
6557,8102,32
6558,8103,32
6559,8104,32
6560,8105,32
6561,8106,32
6562,8107,32
6563,8108,32
6564,8109,32
6565,8110,32
6566,8111,32
6567,8112,32
6568,8113,32
6569,8114,32
6570,8115,32
6571,8116,32
6572,8117,32
6573,8118,32
6574,8119,32
6575,8120,32
6576,8121,32
6577,8122,32
6578,8123,32
6579,8124,32
6580,8125,32
6581,8126,32
6582,8127,32
6583,8128,32
6584,8129,32
6585,8130,32
6586,8131,32
6587,8132,32
6588,8133,32
6589,8134,32
6590,8135,32
6591,8136,32
6592,8137,32
6593,8138,32
6594,8139,32
6595,8140,32
6596,8141,32
6597,8142,32
6598,8143,32
6599,8144,32
6600,8145,32
6601,8146,32
6602,8147,32
6603,8148,32
6604,8149,32
6605,8150,32
6606,8151,32
6607,8152,32
6608,8153,32
6609,8154,32
6610,8155,32
6611,8156,32
6612,8157,32
6613,8158,32
6614,8159,32
6615,8160,32
6616,8161,32
6617,8162,32
6618,8163,32
6619,8164,32
6620,8165,32
6621,8166,32
6622,8167,32
6623,8168,32
6624,8169,32
6625,8170,32
6626,8171,32
6627,8172,32
6628,8173,32
6629,8174,32
6630,8175,32
6631,8176,32
6632,8177,32
6633,8178,32
6634,8179,32
6635,8180,32
6636,8181,32
6637,8182,32
6638,8183,32
6639,8184,32
6640,8185,32
6641,8186,32
6642,8187,32
6643,8188,32
6644,8189,32
6645,8190,32
6646,8191,32
6647,8192,32
6648,8193,32
6649,8194,32
6650,8195,32
6651,8196,32
6652,8197,32
6653,8198,32
6654,8199,32
6655,8200,32
6656,8201,32
6657,8202,32
6658,8203,32
6659,8204,32
6660,8205,32
6661,8206,32
6662,8207,32
6663,8208,32
6664,8209,32
6665,8210,32
6666,8211,32
6667,8212,32
6668,8213,32
6669,8214,32
6670,8215,32
6671,8216,32
6672,8217,32
6673,8218,32
6674,8219,32
6675,8220,32
6676,8221,32
6677,8222,32
6678,8223,32
6679,8224,32
6680,8225,32
6681,8226,32
6682,8227,32
6683,8228,32
6684,8229,32
6685,8230,32
6686,8231,32
6687,8232,32
6688,8233,32
6689,8234,32
6690,8235,32
6691,8236,32
6692,8237,32
6693,8238,32
6694,8239,32
6695,8240,32
6696,8241,32
6697,8242,32
6698,8243,32
6699,8244,32
6700,8245,32
6701,8246,32
6702,8247,32
6703,8248,32
6704,8249,32
6705,8250,32
6706,8251,32
6707,8252,32
6708,8253,32
6709,8254,32
6710,8255,32
6711,8256,32
6712,8257,32
6713,8258,32
6714,8259,32
6715,8260,32
6716,8261,32
6717,8262,32
6718,8263,32
6719,8264,32
6720,8265,32
6721,8297,33
6722,8298,33
6723,8299,33
6724,8300,33
6725,8301,33
6726,8302,33
6727,8303,33
6728,8304,33
6729,8305,33
6730,8306,33
6731,8307,33
6732,8308,33
6733,8309,33
6734,8310,33
6735,8311,33
6736,8312,33
6737,8313,33
6738,8314,33
6739,8315,33
6740,8316,33
6741,8317,33
6742,8318,33
6743,8319,33
6744,8320,33
6745,8321,33
6746,8322,33
6747,8323,33
6748,8324,33
6749,8325,33
6750,8326,33
6751,8327,33
6752,8328,33
6753,8329,33
6754,8330,33
6755,8331,33
6756,8332,33
6757,8333,33
6758,8334,33
6759,8335,33
6760,8336,33
6761,8337,33
6762,8338,33
6763,8339,33
6764,8340,33
6765,8341,33
6766,8342,33
6767,8343,33
6768,8344,33
6769,8345,33
6770,8346,33
6771,8347,33
6772,8348,33
6773,8349,33
6774,8350,33
6775,8351,33
6776,8352,33
6777,8353,33
6778,8354,33
6779,8355,33
6780,8356,33
6781,8357,33
6782,8358,33
6783,8359,33
6784,8360,33
6785,8361,33
6786,8362,33
6787,8363,33
6788,8364,33
6789,8365,33
6790,8366,33
6791,8367,33
6792,8368,33
6793,8369,33
6794,8370,33
6795,8371,33
6796,8372,33
6797,8373,33
6798,8374,33
6799,8375,33
6800,8376,33
6801,8377,33
6802,8378,33
6803,8379,33
6804,8380,33
6805,8381,33
6806,8382,33
6807,8383,33
6808,8384,33
6809,8385,33
6810,8386,33
6811,8387,33
6812,8388,33
6813,8389,33
6814,8390,33
6815,8391,33
6816,8392,33
6817,8393,33
6818,8394,33
6819,8395,33
6820,8396,33
6821,8397,33
6822,8398,33
6823,8399,33
6824,8400,33
6825,8401,33
6826,8402,33
6827,8403,33
6828,8404,33
6829,8405,33
6830,8406,33
6831,8407,33
6832,8408,33
6833,8409,33
6834,8410,33
6835,8411,33
6836,8412,33
6837,8413,33
6838,8414,33
6839,8415,33
6840,8416,33
6841,8417,33
6842,8418,33
6843,8419,33
6844,8420,33
6845,8421,33
6846,8422,33
6847,8423,33
6848,8424,33
6849,8425,33
6850,8426,33
6851,8427,33
6852,8428,33
6853,8429,33
6854,8430,33
6855,8431,33
6856,8432,33
6857,8433,33
6858,8434,33
6859,8435,33
6860,8436,33
6861,8437,33
6862,8438,33
6863,8439,33
6864,8440,33
6865,8441,33
6866,8442,33
6867,8443,33
6868,8444,33
6869,8445,33
6870,8446,33
6871,8447,33
6872,8448,33
6873,8449,33
6874,8450,33
6875,8451,33
6876,8452,33
6877,8453,33
6878,8454,33
6879,8455,33
6880,8456,33
6881,8457,33
6882,8458,33
6883,8459,33
6884,8460,33
6885,8461,33
6886,8462,33
6887,8463,33
6888,8464,33
6889,8465,33
6890,8466,33
6891,8467,33
6892,8468,33
6893,8469,33
6894,8470,33
6895,8471,33
6896,8472,33
6897,8473,33
6898,8474,33
6899,8475,33
6900,8476,33
6901,8477,33
6902,8478,33
6903,8479,33
6904,8480,33
6905,8481,33
6906,8482,33
6907,8483,33
6908,8484,33
6909,8485,33
6910,8486,33
6911,8487,33
6912,8488,33
6913,8489,33
6914,8490,33
6915,8491,33
6916,8492,33
6917,8493,33
6918,8494,33
6919,8495,33
6920,8496,33
6921,8497,33
6922,8498,33
6923,8499,33
6924,8500,33
6925,8501,33
6926,8502,33
6927,8503,33
6928,8504,33
6929,8505,33
6930,8506,33
6931,8507,33
6932,8508,33
6933,8509,33
6934,8510,33
6935,8511,33
6936,8512,33
6937,8513,33
6938,8514,33
6939,8515,33
6940,8516,33
6941,8517,33
6942,8518,33
6943,8519,33
6944,8520,33
6945,8521,33
6946,8522,33
6947,8523,33
6948,8524,33
6949,8525,33
6950,8526,33
6951,8527,33
6952,8528,33
6953,8529,33
6954,8530,33
6955,8531,33
6956,8532,33
6957,8533,33
6958,8534,33
6959,8535,33
6960,8536,33
6961,8537,33
6962,8538,33
6963,8539,33
6964,8540,33
6965,8541,33
6966,8542,33
6967,8543,33
6968,8544,33
6969,8545,33
6970,8546,33
6971,8547,33
6972,8548,33
6973,8549,33
6974,8550,33
6975,8551,33
6976,8552,33
6977,8553,33
6978,8554,33
6979,8555,33
6980,8556,33
6981,8557,33
6982,8558,33
6983,8559,33
6984,8560,33
6985,8561,33
6986,8562,33
6987,8563,33
6988,8564,33
6989,8565,33
6990,8566,33
6991,8567,33
6992,8568,33
6993,8569,33
6994,8570,33
6995,8571,33
6996,8572,33
6997,8573,33
6998,8574,33
6999,8575,33
7000,8576,33
7001,8577,33
7002,8578,33
7003,8579,33
7004,8580,33
7005,8581,33
7006,8582,33
7007,8583,33
7008,8584,33
7009,8585,33
7010,8586,33
7011,8587,33
7012,8588,33
7013,8589,33
7014,8590,33
7015,8591,33
7016,8592,33
7017,8593,33
7018,8594,33
7019,8595,33
7020,8596,33
7021,8597,33
7022,8598,33
7023,8599,33
7024,8600,33
7025,8601,33
7026,8602,33
7027,8603,33
7028,8604,33
7029,8605,33
7030,8606,33
7031,8607,33
7032,8608,33
7033,8609,33
7034,8610,33
7035,8611,33
7036,8612,33
7037,8613,33
7038,8614,33
7039,8615,33
7040,8616,33
7041,8617,33
7042,8618,33
7043,8619,33
7044,8620,33
7045,8621,33
7046,8622,33
7047,8623,33
7048,8624,33
7049,8625,33
7050,8626,33
7051,8627,33
7052,8628,33
7053,8629,33
7054,8630,33
7055,8631,33
7056,8632,33
7057,8633,33
7058,8634,33
7059,8635,33
7060,8636,33
7061,8637,33
7062,8638,33
7063,8639,33
7064,8640,33
7065,8641,33
7066,8642,33
7067,8643,33
7068,8644,33
7069,8645,33
7070,8646,33
7071,8647,33
7072,8648,33
7073,8649,33
7074,8650,33
7075,8651,33
7076,8652,33
7077,8653,33
7078,8654,33
7079,8655,33
7080,8656,33
7081,8657,33
7082,8658,33
7083,8659,33
7084,8660,33
7085,8661,33
7086,8662,33
7087,8663,33
7088,8664,33
7089,8665,33
7090,8666,33
7091,8667,33
7092,8668,33
7093,8669,33
7094,8670,33
7095,8671,33
7096,8672,33
7097,8673,33
7098,8674,33
7099,8675,33
7100,8676,33
7101,8677,33
7102,8678,33
7103,8679,33
7104,8680,33
7105,8681,33
7106,8682,33
7107,8683,33
7108,8684,33
7109,8685,33
7110,8686,33
7111,8687,33
7112,8688,33
7113,8689,33
7114,8690,33
7115,8691,33
7116,8692,33
7117,8693,33
7118,8694,33
7119,8695,33
7120,8734,34
7121,8735,34
7122,8736,34
7123,8737,34
7124,8738,34
7125,8739,34
7126,8740,34
7127,8741,34
7128,8742,34
7129,8743,34
7130,8744,34
7131,8745,34
7132,8746,34
7133,8747,34
7134,8748,34
7135,8749,34
7136,8750,34
7137,8751,34
7138,8752,34
7139,8753,34
7140,8754,34
7141,8755,34
7142,8756,34
7143,8757,34
7144,8758,34
7145,8759,34
7146,8760,34
7147,8761,34
7148,8762,34
7149,8763,34
7150,8764,34
7151,8765,34
7152,8766,34
7153,8767,34
7154,8768,34
7155,8769,34
7156,8770,34
7157,8771,34
7158,8772,34
7159,8773,34
7160,8774,34
7161,8775,34
7162,8776,34
7163,8777,34
7164,8778,34
7165,8779,34
7166,8780,34
7167,8781,34
7168,8782,34
7169,8783,34
7170,8784,34
7171,8785,34
7172,8786,34
7173,8787,34
7174,8788,34
7175,8789,34
7176,8790,34
7177,8791,34
7178,8792,34
7179,8793,34
7180,8794,34
7181,8795,34
7182,8796,34
7183,8797,34
7184,8798,34
7185,8799,34
7186,8800,34
7187,8801,34
7188,8802,34
7189,8803,34
7190,8804,34
7191,8805,34
7192,8806,34
7193,8807,34
7194,8808,34
7195,8809,34
7196,8810,34
7197,8811,34
7198,8812,34
7199,8813,34
7200,8814,34
7201,8815,34
7202,8816,34
7203,8817,34
7204,8818,34
7205,8819,34
7206,8820,34
7207,8821,34
7208,8822,34
7209,8823,34
7210,8824,34
7211,8825,34
7212,8826,34
7213,8827,34
7214,8828,34
7215,8829,34
7216,8830,34
7217,8831,34
7218,8832,34
7219,8833,34
7220,8834,34
7221,8835,34
7222,8836,34
7223,8837,34
7224,8838,34
7225,8839,34
7226,8840,34
7227,8841,34
7228,8842,34
7229,8843,34
7230,8844,34
7231,8845,34
7232,8846,34
7233,8847,34
7234,8848,34
7235,8849,34
7236,8850,34
7237,8851,34
7238,8852,34
7239,8853,34
7240,8854,34
7241,8855,34
7242,8856,34
7243,8857,34
7244,8858,34
7245,8859,34
7246,8860,34
7247,8861,34
7248,8862,34
7249,8863,34
7250,8864,34
7251,8865,34
7252,8866,34
7253,8867,34
7254,8868,34
7255,8869,34
7256,8870,34
7257,8871,34
7258,8872,34
7259,8873,34
7260,8874,34
7261,8875,34
7262,8876,34
7263,8877,34
7264,8878,34
7265,8879,34
7266,8880,34
7267,8881,34
7268,8882,34
7269,8883,34
7270,8884,34
7271,8885,34
7272,8886,34
7273,8887,34
7274,8888,34
7275,8889,34
7276,8890,34
7277,8891,34
7278,8892,34
7279,8893,34
7280,8894,34
7281,8895,34
7282,8896,34
7283,8897,34
7284,8898,34
7285,8899,34
7286,8900,34
7287,8901,34
7288,8902,34
7289,8903,34
7290,8904,34
7291,8905,34
7292,8906,34
7293,8907,34
7294,8908,34
7295,8909,34
7296,8910,34
7297,8911,34
7298,8912,34
7299,8913,34
7300,8914,34
7301,8915,34
7302,8916,34
7303,8917,34
7304,8918,34
7305,8919,34
7306,8920,34
7307,8921,34
7308,8922,34
7309,8923,34
7310,8924,34
7311,8925,34
7312,8926,34
7313,8927,34
7314,8928,34
7315,8929,34
7316,8930,34
7317,8931,34
7318,8932,34
7319,8933,34
7320,8934,34
7321,8935,34
7322,8936,34
7323,8937,34
7324,8938,34
7325,8939,34
7326,8940,34
7327,8941,34
7328,8942,34
7329,8943,34
7330,8944,34
7331,8945,34
7332,8946,34
7333,8947,34
7334,8948,34
7335,8949,34
7336,8950,34
7337,8951,34
7338,8952,34
7339,8953,34
7340,8954,34
7341,8955,34
7342,8956,34
7343,8957,34
7344,8958,34
7345,8959,34
7346,8960,34
7347,8961,34
7348,8962,34
7349,8963,34
7350,8964,34
7351,8965,34
7352,8966,34
7353,8967,34
7354,8968,34
7355,8969,34
7356,8970,34
7357,8971,34
7358,8972,34
7359,8973,34
7360,8974,34
7361,8975,34
7362,8976,34
7363,8977,34
7364,8978,34
7365,8979,34
7366,8980,34
7367,8981,34
7368,8982,34
7369,8983,34
7370,8984,34
7371,8985,34
7372,8986,34
7373,8987,34
7374,8988,34
7375,8989,34
7376,8990,34
7377,8991,34
7378,8992,34
7379,8993,34
7380,8994,34
7381,8995,34
7382,8996,34
7383,8997,34
7384,8998,34
7385,8999,34
7386,9000,34
7387,9001,34
7388,9002,34
7389,9003,34
7390,9004,34
7391,9005,34
7392,9006,34
7393,9007,34
7394,9008,34
7395,9009,34
7396,9010,34
7397,9011,34
7398,9012,34
7399,9013,34
7400,9014,34
7401,9015,34
7402,9016,34
7403,9017,34
7404,9018,34
7405,9019,34
7406,9020,34
7407,9021,34
7408,9022,34
7409,9023,34
7410,9024,34
7411,9025,34
7412,9026,34
7413,9027,34
7414,9028,34
7415,9029,34
7416,9030,34
7417,9031,34
7418,9032,34
7419,9033,34
7420,9034,34
7421,9035,34
7422,9036,34
7423,9037,34
7424,9038,34
7425,9039,34
7426,9040,34
7427,9041,34
7428,9042,34
7429,9043,34
7430,9044,34
7431,9045,34
7432,9046,34
7433,9047,34
7434,9048,34
7435,9049,34
7436,9050,34
7437,9051,34
7438,9052,34
7439,9053,34
7440,9054,34
7441,9055,34
7442,9056,34
7443,9057,34
7444,9058,34
7445,9059,34
7446,9060,34
7447,9061,34
7448,9062,34
7449,9063,34
7450,9064,34
7451,9065,34
7452,9066,34
7453,9067,34
7454,9068,34
7455,9069,34
7456,9070,34
7457,9071,34
7458,9072,34
7459,9073,34
7460,9074,34
7461,9075,34
7462,9076,34
7463,9077,34
7464,9078,34
7465,9079,34
7466,9080,34
7467,9081,34
7468,9082,34
7469,9083,34
7470,9084,34
7471,9085,34
7472,9086,34
7473,9087,34
7474,9088,34
7475,9089,34
7476,9090,34
7477,9091,34
7478,9092,34
7479,9093,34
7480,9094,34
7481,9095,34
7482,9096,34
7483,9097,34
7484,9098,34
7485,9099,34
7486,9100,34
7487,9101,34
7488,9102,34
7489,9103,34
7490,9104,34
7491,9105,34
7492,9106,34
7493,9107,34
7494,9108,34
7495,9109,34
7496,9110,34
7497,9111,34
7498,9112,34
7499,9113,34
7500,9114,34
7501,9115,34
7502,9116,34
7503,9117,34
7504,9118,34
7505,9119,34
7506,9120,34
7507,9121,34
7508,9122,34
7509,9123,34
7510,9124,34
7511,9125,34
7512,9126,34
7513,9127,34
7514,9128,34
7515,9129,34
7516,9130,34
7517,9135,35
7518,9136,35
7519,9137,35
7520,9138,35
7521,9139,35
7522,9140,35
7523,9141,35
7524,9142,35
7525,9143,35
7526,9144,35
7527,9145,35
7528,9146,35
7529,9147,35
7530,9148,35
7531,9149,35
7532,9150,35
7533,9151,35
7534,9152,35
7535,9153,35
7536,9154,35
7537,9155,35
7538,9156,35
7539,9157,35
7540,9158,35
7541,9159,35
7542,9160,35
7543,9161,35
7544,9162,35
7545,9163,35
7546,9164,35
7547,9165,35
7548,9166,35
7549,9167,35
7550,9168,35
7551,9169,35
7552,9170,35
7553,9171,35
7554,9172,35
7555,9173,35
7556,9174,35
7557,9175,35
7558,9176,35
7559,9177,35
7560,9178,35
7561,9179,35
7562,9180,35
7563,9181,35
7564,9182,35
7565,9183,35
7566,9184,35
7567,9185,35
7568,9186,35
7569,9187,35
7570,9188,35
7571,9189,35
7572,9190,35
7573,9191,35
7574,9192,35
7575,9193,35
7576,9194,35
7577,9195,35
7578,9196,35
7579,9197,35
7580,9198,35
7581,9199,35
7582,9200,35
7583,9201,35
7584,9202,35
7585,9203,35
7586,9204,35
7587,9205,35
7588,9206,35
7589,9207,35
7590,9208,35
7591,9209,35
7592,9210,35
7593,9211,35
7594,9212,35
7595,9213,35
7596,9214,35
7597,9215,35
7598,9216,35
7599,9217,35
7600,9218,35
7601,9219,35
7602,9220,35
7603,9221,35
7604,9222,35
7605,9223,35
7606,9224,35
7607,9225,35
7608,9226,35
7609,9227,35
7610,9228,35
7611,9229,35
7612,9230,35
7613,9231,35
7614,9232,35
7615,9233,35
7616,9234,35
7617,9235,35
7618,9236,35
7619,9237,35
7620,9238,35
7621,9239,35
7622,9240,35
7623,9241,35
7624,9242,35
7625,9243,35
7626,9244,35
7627,9245,35
7628,9246,35
7629,9247,35
7630,9248,35
7631,9249,35
7632,9250,35
7633,9251,35
7634,9252,35
7635,9253,35
7636,9254,35
7637,9255,35
7638,9256,35
7639,9257,35
7640,9258,35
7641,9259,35
7642,9260,35
7643,9261,35
7644,9262,35
7645,9263,35
7646,9264,35
7647,9265,35
7648,9266,35
7649,9267,35
7650,9268,35
7651,9269,35
7652,9270,35
7653,9271,35
7654,9272,35
7655,9273,35
7656,9274,35
7657,9275,35
7658,9276,35
7659,9277,35
7660,9278,35
7661,9279,35
7662,9280,35
7663,9281,35
7664,9282,35
7665,9283,35
7666,9284,35
7667,9285,35
7668,9286,35
7669,9287,35
7670,9288,35
7671,9289,35
7672,9290,35
7673,9291,35
7674,9292,35
7675,9293,35
7676,9294,35
7677,9295,35
7678,9296,35
7679,9297,35
7680,9298,35
7681,9299,35
7682,9300,35
7683,9301,35
7684,9302,35
7685,9303,35
7686,9304,35
7687,9305,35
7688,9306,35
7689,9307,35
7690,9308,35
7691,9309,35
7692,9310,35
7693,9311,35
7694,9312,35
7695,9313,35
7696,9314,35
7697,9315,35
7698,9316,35
7699,9317,35
7700,9318,35
7701,9319,35
7702,9320,35
7703,9321,35
7704,9322,35
7705,9323,35
7706,9324,35
7707,9325,35
7708,9326,35
7709,9327,35
7710,9328,35
7711,9329,35
7712,9330,35
7713,9331,35
7714,9332,35
7715,9333,35
7716,9334,35
7717,9335,35
7718,9336,35
7719,9337,35
7720,9338,35
7721,9339,35
7722,9340,35
7723,9341,35
7724,9342,35
7725,9343,35
7726,9344,35
7727,9345,35
7728,9379,36
7729,9380,36
7730,9381,36
7731,9382,36
7732,9383,36
7733,9384,36
7734,9385,36
7735,9386,36
7736,9387,36
7737,9388,36
7738,9389,36
7739,9390,36
7740,9391,36
7741,9392,36
7742,9393,36
7743,9394,36
7744,9395,36
7745,9396,36
7746,9397,36
7747,9398,36
7748,9399,36
7749,9400,36
7750,9401,36
7751,9402,36
7752,9403,36
7753,9404,36
7754,9405,36
7755,9406,36
7756,9407,36
7757,9408,36
7758,9409,36
7759,9410,36
7760,9411,36
7761,9412,36
7762,9413,36
7763,9414,36
7764,9415,36
7765,9416,36
7766,9417,36
7767,9418,36
7768,9419,36
7769,9420,36
7770,9421,36
7771,9422,36
7772,9423,36
7773,9424,36
7774,9425,36
7775,9426,36
7776,9427,36
7777,9428,36
7778,9429,36
7779,9430,36
7780,9431,36
7781,9432,36
7782,9433,36
7783,9434,36
7784,9435,36
7785,9436,36
7786,9437,36
7787,9438,36
7788,9439,36
7789,9440,36
7790,9441,36
7791,9442,36
7792,9443,36
7793,9444,36
7794,9445,36
7795,9446,36
7796,9447,36
7797,9448,36
7798,9449,36
7799,9450,36
7800,9451,36
7801,9452,36
7802,9453,36
7803,9454,36
7804,9455,36
7805,9456,36
7806,9457,36
7807,9458,36
7808,9459,36
7809,9460,36
7810,9461,36
7811,9462,36
7812,9463,36
7813,9464,36
7814,9465,36
7815,9466,36
7816,9467,36
7817,9468,36
7818,9469,36
7819,9470,36
7820,9471,36
7821,9472,36
7822,9473,36
7823,9474,36
7824,9475,36
7825,9476,36
7826,9477,36
7827,9478,36
7828,9479,36
7829,9480,36
7830,9481,36
7831,9482,36
7832,9483,36
7833,9484,36
7834,9485,36
7835,9486,36
7836,9487,36
7837,9488,36
7838,9489,36
7839,9490,36
7840,9491,36
7841,9492,36
7842,9493,36
7843,9494,36
7844,9495,36
7845,9496,36
7846,9497,36
7847,9498,36
7848,9499,36
7849,9500,36
7850,9501,36
7851,9502,36
7852,9503,36
7853,9504,36
7854,9505,36
7855,9506,36
7856,9507,36
7857,9508,36
7858,9509,36
7859,9510,36
7860,9511,36
7861,9512,36
7862,9513,36
7863,9514,36
7864,9515,36
7865,9516,36
7866,9517,36
7867,9518,36
7868,9519,36
7869,9520,36
7870,9521,36
7871,9522,36
7872,9523,36
7873,9524,36
7874,9525,36
7875,9526,36
7876,9527,36
7877,9528,36
7878,9529,36
7879,9530,36
7880,9531,36
7881,9532,36
7882,9533,36
7883,9534,36
7884,9535,36
7885,9536,36
7886,9537,36
7887,9538,36
7888,9539,36
7889,9540,36
7890,9541,36
7891,9542,36
7892,9543,36
7893,9544,36
7894,9545,36
7895,9546,36
7896,9547,36
7897,9548,36
7898,9549,36
7899,9550,36
7900,9551,36
7901,9552,36
7902,9553,36
7903,9554,36
7904,9555,36
7905,9556,36
7906,9557,36
7907,9558,36
7908,9559,36
7909,9560,36
7910,9561,36
7911,9562,36
7912,9563,36
7913,9564,36
7914,9565,36
7915,9566,36
7916,9567,36
7917,9568,36
7918,9569,36
7919,9570,36
7920,9571,36
7921,9572,36
7922,9573,36
7923,9574,36
7924,9575,36
7925,9576,36
7926,9577,36
7927,9578,36
7928,9579,36
7929,9580,36
7930,9581,36
7931,9582,36
7932,9583,36
7933,9584,36
7934,9585,36
7935,9586,36
7936,9587,36
7937,9588,36
7938,9589,36
7939,9590,36
7940,9591,36
7941,9592,36
7942,9593,36
7943,9594,36
7944,9595,36
7945,9596,36
7946,9597,36
7947,9598,36
7948,9599,36
7949,9600,36
7950,9601,36
7951,9602,36
7952,9603,36
7953,9604,36
7954,9605,36
7955,9606,36
7956,9607,36
7957,9608,36
7958,9609,36
7959,9610,36
7960,9611,36
7961,9612,36
7962,9613,36
7963,9614,36
7964,9615,36
7965,9616,36
7966,9617,36
7967,9618,36
7968,9619,36
7969,9620,36
7970,9621,36
7971,9622,36
7972,9623,36
7973,9624,36
7974,9625,36
7975,9626,36
7976,9627,36
7977,9628,36
7978,9629,36
7979,9630,36
7980,9631,36
7981,9632,36
7982,9633,36
7983,9634,36
7984,9635,36
7985,9636,36
7986,9637,36
7987,9638,36
7988,9639,36
7989,9640,36
7990,9641,36
7991,9642,36
7992,9643,36
7993,9644,36
7994,9645,36
7995,9646,36
7996,9647,36
7997,9648,36
7998,9649,36
7999,9650,36
8000,9651,36
8001,9652,36
8002,9653,36
8003,9654,36
8004,9655,36
8005,9686,37
8006,9687,37
8007,9688,37
8008,9689,37
8009,9690,37
8010,9691,37
8011,9692,37
8012,9693,37
8013,9694,37
8014,9695,37
8015,9696,37
8016,9697,37
8017,9698,37
8018,9699,37
8019,9700,37
8020,9701,37
8021,9702,37
8022,9703,37
8023,9704,37
8024,9705,37
8025,9706,37
8026,9707,37
8027,9708,37
8028,9709,37
8029,9710,37
8030,9711,37
8031,9712,37
8032,9713,37
8033,9714,37
8034,9715,37
8035,9716,37
8036,9717,37
8037,9718,37
8038,9719,37
8039,9720,37
8040,9721,37
8041,9722,37
8042,9723,37
8043,9724,37
8044,9725,37
8045,9726,37
8046,9727,37
8047,9728,37
8048,9729,37
8049,9730,37
8050,9731,37
8051,9732,37
8052,9733,37
8053,9734,37
8054,9735,37
8055,9736,37
8056,9737,37
8057,9738,37
8058,9739,37
8059,9740,37
8060,9741,37
8061,9742,37
8062,9743,37
8063,9744,37
8064,9745,37
8065,9746,37
8066,9747,37
8067,9748,37
8068,9749,37
8069,9750,37
8070,9751,37
8071,9752,37
8072,9753,37
8073,9754,37
8074,9755,37
8075,9756,37
8076,9757,37
8077,9758,37
8078,9759,37
8079,9760,37
8080,9761,37
8081,9762,37
8082,9763,37
8083,9764,37
8084,9765,37
8085,9766,37
8086,9767,37
8087,9768,37
8088,9769,37
8089,9770,37
8090,9771,37
8091,9772,37
8092,9773,37
8093,9774,37
8094,9775,37
8095,9776,37
8096,9777,37
8097,9778,37
8098,9779,37
8099,9780,37
8100,9781,37
8101,9782,37
8102,9783,37
8103,9784,37
8104,9785,37
8105,9786,37
8106,9787,37
8107,9788,37
8108,9789,37
8109,9790,37
8110,9791,37
8111,9792,37
8112,9793,37
8113,9794,37
8114,9795,37
8115,9815,38
8116,9816,38
8117,9817,38
8118,9818,38
8119,9819,38
8120,9820,38
8121,9821,38
8122,9822,38
8123,9823,38
8124,9824,38
8125,9825,38
8126,9826,38
8127,9827,38
8128,9828,38
8129,9829,38
8130,9830,38
8131,9831,38
8132,9832,38
8133,9833,38
8134,9834,38
8135,9835,38
8136,9836,38
8137,9837,38
8138,9838,38
8139,9839,38
8140,9840,38
8141,9841,38
8142,9842,38
8143,9843,38
8144,9844,38
8145,9845,38
8146,9846,38
8147,9847,38
8148,9848,38
8149,9849,38
8150,9850,38
8151,9851,38
8152,9852,38
8153,9853,38
8154,9854,38
8155,9855,38
8156,9856,38
8157,9857,38
8158,9858,38
8159,9859,38
8160,9860,38
8161,9861,38
8162,9862,38
8163,9863,38
8164,9864,38
8165,9865,38
8166,9866,38
8167,9867,38
8168,9868,38
8169,9869,38
8170,9870,38
8171,9871,38
8172,9872,38
8173,9873,38
8174,9874,38
8175,9875,38
8176,9876,38
8177,9877,38
8178,9878,38
8179,9879,38
8180,9880,38
8181,9881,38
8182,9882,38
8183,9883,38
8184,9884,38
8185,9885,38
8186,9886,38
8187,9887,38
8188,9888,38
8189,9889,38
8190,9890,38
8191,9891,38
8192,9892,38
8193,9893,38
8194,9894,38
8195,9895,38
8196,9896,38
8197,9897,38
8198,9898,38
8199,9899,38
8200,9900,38
8201,9901,38
8202,9902,38
8203,9903,38
8204,9904,38
8205,9905,38
8206,9906,38
8207,9907,38
8208,9908,38
8209,9909,38
8210,9910,38
8211,9911,38
8212,9912,38
8213,9913,38
8214,9914,38
8215,9915,38
8216,9916,38
8217,9917,38
8218,9918,38
8219,9919,38
8220,9920,38
8221,9921,38
8222,9922,38
8223,9923,38
8224,9924,38
8225,9925,38
8226,9926,38
8227,9927,38
8228,9928,38
8229,9929,38
8230,9930,38
8231,9931,38
8232,9932,38
8233,9933,38
8234,9934,38
8235,9935,38
8236,9936,38
8237,9937,38
8238,9938,38
8239,9939,38
8240,9940,38
8241,9941,38
8242,9942,38
8243,9943,38
8244,9944,38
8245,9945,38
8246,9946,38
8247,9947,38
8248,9948,38
8249,9949,38
8250,9950,38
8251,9951,38
8252,9952,38
8253,9953,38
8254,9954,38
8255,9955,38
8256,9956,38
8257,9957,38
8258,9958,38
8259,9959,38
8260,9960,38
8261,9961,38
8262,9962,38
8263,9963,38
8264,9964,38
8265,9965,38
8266,9966,38
8267,9967,38
8268,9968,38
8269,9969,38
8270,9970,38
8271,9971,38
8272,9972,38
8273,9973,38
8274,9974,38
8275,9975,38
8276,9976,38
8277,9977,38
8278,9978,38
8279,9979,38
8280,9980,38
8281,9981,38
8282,9982,38
8283,9983,38
8284,9984,38
8285,9985,38
8286,9986,38
8287,9987,38
8288,9988,38
8289,9989,38
8290,9990,38
8291,9991,38
8292,9992,38
8293,9993,38
8294,9994,38
8295,9995,38
8296,9996,38
8297,9997,38
8298,9998,38
8299,9999,38
8300,10000,38
8301,10001,38
8302,10002,38
8303,10003,38
8304,10004,38
8305,10005,38
8306,10006,38
8307,10007,38
8308,10008,38
8309,10009,38
8310,10010,38
8311,10011,38
8312,10012,38
8313,10013,38
8314,10014,38
8315,10015,38
8316,10016,38
8317,10017,38
8318,10018,38
8319,10019,38
8320,10020,38
8321,10021,38
8322,10022,38
8323,10023,38
8324,10024,38
8325,10025,38
8326,10026,38
8327,10027,38
8328,10028,38
8329,10029,38
8330,10030,38
8331,10031,38
8332,10032,38
8333,10033,38
8334,10034,38
8335,10035,38
8336,10036,38
8337,10037,38
8338,10038,38
8339,10039,38
8340,10040,38
8341,10041,38
8342,10042,38
8343,10043,38
8344,10044,38
8345,10045,38
8346,10046,38
8347,10047,38
8348,10048,38
8349,10049,38
8350,10050,38
8351,10051,38
8352,10052,38
8353,10053,38
8354,10054,38
8355,10055,38
8356,10056,38
8357,10057,38
8358,10058,38
8359,10059,38
8360,10060,38
8361,10061,38
8362,10062,38
8363,10063,38
8364,10064,38
8365,10065,38
8366,10066,38
8367,10067,38
8368,10068,38
8369,10069,38
8370,10070,38
8371,10071,38
8372,10072,38
8373,10073,38
8374,10074,38
8375,10075,38
8376,10076,38
8377,10077,38
8378,10078,38
8379,10079,38
8380,10080,38
8381,10081,38
8382,10082,38
8383,10083,38
8384,10084,38
8385,10085,38
8386,10086,38
8387,10087,38
8388,10088,38
8389,10089,38
8390,10090,38
8391,10091,38
8392,10092,38
8393,10093,38
8394,10094,38
8395,10095,38
8396,10096,38
8397,10097,38
8398,10098,38
8399,10099,38
8400,10100,38
8401,10101,38
8402,10102,38
8403,10103,38
8404,10104,38
8405,10105,38
8406,10106,38
8407,10107,38
8408,10108,38
8409,10109,38
8410,10110,38
8411,10111,38
8412,10112,38
8413,10113,38
8414,10114,38
8415,10115,38
8416,10116,38
8417,10117,38
8418,10118,38
8419,10119,38
8420,10120,38
8421,10121,38
8422,10122,38
8423,10123,38
8424,10124,38
8425,10125,38
8426,10267,39
8427,10268,39
8428,10269,39
8429,10270,39
8430,10271,39
8431,10272,39
8432,10273,39
8433,10274,39
8434,10275,39
8435,10276,39
8436,10277,39
8437,10278,39
8438,10279,39
8439,10280,39
8440,10281,39
8441,10282,39
8442,10283,39
8443,10284,39
8444,10285,39
8445,10286,39
8446,10287,39
8447,10288,39
8448,10289,39
8449,10290,39
8450,10291,39
8451,10292,39
8452,10293,39
8453,10294,39
8454,10295,39
8455,10296,39
8456,10297,39
8457,10298,39
8458,10299,39
8459,10300,39
8460,10301,39
8461,10302,39
8462,10303,39
8463,10304,39
8464,10305,39
8465,10306,39
8466,10307,39
8467,10308,39
8468,10309,39
8469,10310,39
8470,10311,39
8471,10312,39
8472,10313,39
8473,10314,39
8474,10315,39
8475,10316,39
8476,10317,39
8477,10318,39
8478,10319,39
8479,10320,39
8480,10321,39
8481,10322,39
8482,10323,39
8483,10324,39
8484,10325,39
8485,10326,39
8486,10327,39
8487,10328,39
8488,10329,39
8489,10330,39
8490,10331,39
8491,10332,39
8492,10333,39
8493,10334,39
8494,10335,39
8495,10336,39
8496,10337,39
8497,10338,39
8498,10339,39
8499,10340,39
8500,10341,39
8501,10342,39
8502,10343,39
8503,10344,39
8504,10345,39
8505,10346,39
8506,10347,39
8507,10348,39
8508,10349,39
8509,10350,39
8510,10351,39
8511,10352,39
8512,10353,39
8513,10354,39
8514,10355,39
8515,10356,39
8516,10357,39
8517,10358,39
8518,10359,39
8519,10360,39
8520,10361,39
8521,10362,39
8522,10363,39
8523,10364,39
8524,10365,39
8525,10366,39
8526,10367,39
8527,10368,39
8528,10369,39
8529,10370,39
8530,10371,39
8531,10372,39
8532,10373,39
8533,10374,39
8534,10375,39
8535,10376,39
8536,10377,39
8537,10378,39
8538,10379,39
8539,10380,39
8540,10381,39
8541,10382,39
8542,10383,39
8543,10384,39
8544,10385,39
8545,10386,39
8546,10387,39
8547,10388,39
8548,10389,39
8549,10390,39
8550,10391,39
8551,10392,39
8552,10393,39
8553,10394,39
8554,10395,39
8555,10396,39
8556,10397,39
8557,10398,39
8558,10399,39
8559,10400,39
8560,10401,39
8561,10402,39
8562,10403,39
8563,10404,39
8564,10405,39
8565,10406,39
8566,10407,39
8567,10408,39
8568,10409,39
8569,10410,39
8570,10411,39
8571,10412,39
8572,10413,39
8573,10414,39
8574,10415,39
8575,10416,39
8576,10417,39
8577,10418,39
8578,10419,39
8579,10420,39
8580,10421,39
8581,10422,39
8582,10423,39
8583,10424,39
8584,10425,39
8585,10426,39
8586,10427,39
8587,10428,39
8588,10429,39
8589,10430,39
8590,10431,39
8591,10432,39
8592,10433,39
8593,10434,39
8594,10435,39
8595,10436,39
8596,10437,39
8597,10438,39
8598,10439,39
8599,10440,39
8600,10441,39
8601,10442,39
8602,10443,39
8603,10444,39
8604,10445,39
8605,10446,39
8606,10447,39
8607,10448,39
8608,10449,39
8609,10450,39
8610,10451,39
8611,10452,39
8612,10453,39
8613,10454,39
8614,10455,39
8615,10456,39
8616,10457,39
8617,10458,39
8618,10459,39
8619,10460,39
8620,10461,39
8621,10462,39
8622,10463,39
8623,10464,39
8624,10465,39
8625,10466,39
8626,10467,39
8627,10468,39
8628,10469,39
8629,10470,39
8630,10471,39
8631,10472,39
8632,10473,39
8633,10474,39
8634,10475,39
8635,10476,39
8636,10477,39
8637,10478,39
8638,10479,39
8639,10480,39
8640,10481,39
8641,10482,39
8642,10483,39
8643,10484,39
8644,10485,39
8645,10486,39
8646,10487,39
8647,10488,39
8648,10489,39
8649,10490,39
8650,10491,39
8651,10492,39
8652,10493,39
8653,10494,39
8654,10495,39
8655,10496,39
8656,10497,39
8657,10498,39
8658,10499,39
8659,10500,39
8660,10501,39
8661,10502,39
8662,10503,39
8663,10504,39
8664,10505,39
8665,10506,39
8666,10507,39
8667,10508,39
8668,10509,39
8669,10510,39
8670,10511,39
8671,10512,39
8672,10513,39
8673,10514,39
8674,10515,39
8675,10516,39
8676,10517,39
8677,10518,39
8678,10519,39
8679,10520,39
8680,10521,39
8681,10522,39
8682,10523,39
8683,10524,39
8684,10525,39
8685,10526,39
8686,10527,39
8687,10528,39
8688,10529,39
8689,10530,39
8690,10531,39
8691,10532,39
8692,10533,39
8693,10534,39
8694,10535,39
8695,10536,39
8696,10537,39
8697,10538,39
8698,10539,39
8699,10540,39
8700,10541,39
8701,10542,39
8702,10543,39
8703,10544,39
8704,10545,39
8705,10546,39
8706,10547,39
8707,10548,39
8708,10549,39
8709,10550,39
8710,10551,39
8711,10552,39
8712,10553,39
8713,10554,39
8714,10555,39
8715,10556,39
8716,10557,39
8717,10558,39
8718,10559,39
8719,10560,39
8720,10561,39
8721,10562,39
8722,10563,39
8723,10564,39
8724,10565,39
8725,10566,39
8726,10567,39
8727,10568,39
8728,10569,39
8729,10570,39
8730,10571,39
8731,10572,39
8732,10573,39
8733,10574,39
8734,10575,39
8735,10576,39
8736,10577,39
8737,10578,39
8738,10579,39
8739,10580,39
8740,10581,39
8741,10582,39
8742,10583,39
8743,10584,39
8744,10585,39
8745,10586,39
8746,10587,39
8747,10588,39
8748,10589,39
8749,10590,39
8750,10591,39
8751,10592,39
8752,10593,39
8753,10594,39
8754,10595,39
8755,10596,39
8756,10597,39
8757,10598,39
8758,10599,39
8759,10600,39
8760,10601,39
8761,10602,39
8762,10603,39
8763,10604,39
8764,10605,39
8765,10606,39
8766,10607,39
8767,10608,39
8768,10609,39
8769,10610,39
8770,10611,39
8771,10612,39
8772,10613,39
8773,10614,39
8774,10615,39
8775,10616,39
8776,10617,39
8777,10618,39
8778,10619,39
8779,10620,39
8780,10621,39
8781,10622,39
8782,10623,39
8783,10624,39
8784,10625,39
8785,10626,39
8786,10627,39
8787,10628,39
8788,10629,39
8789,10630,39
8790,10631,39
8791,10632,39
8792,10633,39
8793,10634,39
8794,10635,39
8795,10636,39
8796,10637,39
8797,10638,39
8798,10639,39
8799,10640,39
8800,10641,39
8801,10642,39
8802,10643,39
8803,10644,39
8804,10645,39
8805,10646,39
8806,10647,39
8807,10648,39
8808,10649,39
8809,10650,39
8810,10651,39
8811,10652,39
8812,10653,39
8813,10654,39
8814,10655,39
8815,10656,39
8816,10657,39
8817,10658,39
8818,10659,39
8819,10660,39
8820,10661,39
8821,10662,39
8822,10663,39
8823,10664,39
8824,10665,39
8825,10719,40
8826,10720,40
8827,10721,40
8828,10722,40
8829,10723,40
8830,10724,40
8831,10725,40
8832,10726,40
8833,10727,40
8834,10728,40
8835,10729,40
8836,10730,40
8837,10731,40
8838,10732,40
8839,10733,40
8840,10734,40
8841,10735,40
8842,10736,40
8843,10737,40
8844,10738,40
8845,10739,40
8846,10740,40
8847,10741,40
8848,10742,40
8849,10743,40
8850,10744,40
8851,10745,40
8852,10746,40
8853,10747,40
8854,10748,40
8855,10749,40
8856,10750,40
8857,10751,40
8858,10752,40
8859,10753,40
8860,10754,40
8861,10755,40
8862,10756,40
8863,10757,40
8864,10758,40
8865,10759,40
8866,10760,40
8867,10761,40
8868,10762,40
8869,10763,40
8870,10764,40
8871,10765,40
8872,10766,40
8873,10767,40
8874,10768,40
8875,10769,40
8876,10770,40
8877,10771,40
8878,10772,40
8879,10773,40
8880,10774,40
8881,10775,40
8882,10776,40
8883,10777,40
8884,10778,40
8885,10779,40
8886,10780,40
8887,10781,40
8888,10782,40
8889,10783,40
8890,10784,40
8891,10785,40
8892,10786,40
8893,10787,40
8894,10788,40
8895,10789,40
8896,10790,40
8897,10791,40
8898,10792,40
8899,10793,40
8900,10794,40
8901,10795,40
8902,10796,40
8903,10797,40
8904,10798,40
8905,10799,40
8906,10800,40
8907,10801,40
8908,10802,40
8909,10803,40
8910,10804,40
8911,10805,40
8912,10806,40
8913,10807,40
8914,10808,40
8915,10809,40
8916,10810,40
8917,10811,40
8918,10812,40
8919,10813,40
8920,10814,40
8921,10815,40
8922,10816,40
8923,10817,40
8924,10818,40
8925,10819,40
8926,10820,40
8927,10821,40
8928,10822,40
8929,10823,40
8930,10824,40
8931,10825,40
8932,10826,40
8933,10827,40
8934,10828,40
8935,10829,40
8936,10830,40
8937,10831,40
8938,10832,40
8939,10833,40
8940,10834,40
8941,10835,40
8942,10836,40
8943,10837,40
8944,10838,40
8945,10839,40
8946,10840,40
8947,10841,40
8948,10842,40
8949,10843,40
8950,10844,40
8951,10845,40
8952,10846,40
8953,10847,40
8954,10848,40
8955,10849,40
8956,10850,40
8957,10851,40
8958,10852,40
8959,10853,40
8960,10854,40
8961,10855,40
8962,10856,40
8963,10857,40
8964,10858,40
8965,10859,40
8966,10860,40
8967,10861,40
8968,10862,40
8969,10863,40
8970,10864,40
8971,10865,40
8972,10866,40
8973,10867,40
8974,10868,40
8975,10869,40
8976,10870,40
8977,10871,40
8978,10872,40
8979,10873,40
8980,10874,40
8981,10875,40
8982,10876,40
8983,10877,40
8984,10878,40
8985,10879,40
8986,10880,40
8987,10881,40
8988,10882,40
8989,10883,40
8990,10884,40
8991,10885,40
8992,10886,40
8993,10887,40
8994,10888,40
8995,10889,40
8996,10890,40
8997,10891,40
8998,10892,40
8999,10893,40
9000,10894,40
9001,10895,40
9002,10896,40
9003,10897,40
9004,10898,40
9005,10899,40
9006,10900,40
9007,10901,40
9008,10902,40
9009,10903,40
9010,10904,40
9011,10905,40
9012,10906,40
9013,10907,40
9014,10908,40
9015,10909,40
9016,10910,40
9017,10911,40
9018,10912,40
9019,10913,40
9020,10914,40
9021,10915,40
9022,10954,41
9023,10955,41
9024,10956,41
9025,10957,41
9026,10958,41
9027,10959,41
9028,10960,41
9029,10961,41
9030,10962,41
9031,10963,41
9032,10964,41
9033,10965,41
9034,10966,41
9035,10967,41
9036,10968,41
9037,10969,41
9038,10970,41
9039,10971,41
9040,10972,41
9041,10973,41
9042,10974,41
9043,10975,41
9044,10976,41
9045,10977,41
9046,10978,41
9047,10979,41
9048,10980,41
9049,10981,41
9050,10982,41
9051,10983,41
9052,10984,41
9053,10985,41
9054,10986,41
9055,10987,41
9056,10988,41
9057,10989,41
9058,10990,41
9059,10991,41
9060,10992,41
9061,10993,41
9062,10994,41
9063,10995,41
9064,10996,41
9065,10997,41
9066,10998,41
9067,10999,41
9068,11000,41
9069,11001,41
9070,11002,41
9071,11003,41
9072,11004,41
9073,11005,41
9074,11006,41
9075,11007,41
9076,11008,41
9077,11009,41
9078,11010,41
9079,11011,41
9080,11012,41
9081,11013,41
9082,11014,41
9083,11015,41
9084,11016,41
9085,11017,41
9086,11018,41
9087,11019,41
9088,11020,41
9089,11021,41
9090,11022,41
9091,11023,41
9092,11024,41
9093,11025,41
9094,11026,41
9095,11027,41
9096,11028,41
9097,11029,41
9098,11030,41
9099,11031,41
9100,11032,41
9101,11033,41
9102,11034,41
9103,11035,41
9104,11036,41
9105,11037,41
9106,11038,41
9107,11039,41
9108,11040,41
9109,11041,41
9110,11042,41
9111,11043,41
9112,11044,41
9113,11045,41
9114,11046,41
9115,11047,41
9116,11048,41
9117,11049,41
9118,11050,41
9119,11051,41
9120,11052,41
9121,11053,41
9122,11054,41
9123,11055,41
9124,11056,41
9125,11057,41
9126,11058,41
9127,11059,41
9128,11060,41
9129,11061,41
9130,11062,41
9131,11063,41
9132,11064,41
9133,11065,41
9134,11066,41
9135,11067,41
9136,11068,41
9137,11069,41
9138,11070,41
9139,11071,41
9140,11072,41
9141,11073,41
9142,11074,41
9143,11075,41
9144,11076,41
9145,11077,41
9146,11078,41
9147,11079,41
9148,11080,41
9149,11081,41
9150,11082,41
9151,11083,41
9152,11084,41
9153,11085,41
9154,11086,41
9155,11087,41
9156,11088,41
9157,11089,41
9158,11090,41
9159,11091,41
9160,11092,41
9161,11093,41
9162,11094,41
9163,11095,41
9164,11096,41
9165,11097,41
9166,11098,41
9167,11099,41
9168,11100,41
9169,11101,41
9170,11102,41
9171,11103,41
9172,11104,41
9173,11105,41
9174,11106,41
9175,11107,41
9176,11108,41
9177,11109,41
9178,11110,41
9179,11111,41
9180,11112,41
9181,11113,41
9182,11114,41
9183,11115,41
9184,11116,41
9185,11117,41
9186,11118,41
9187,11119,41
9188,11120,41
9189,11121,41
9190,11122,41
9191,11123,41
9192,11124,41
9193,11125,41
9194,11126,41
9195,11127,41
9196,11128,41
9197,11129,41
9198,11130,41
9199,11131,41
9200,11132,41
9201,11133,41
9202,11134,41
9203,11135,41
9204,11136,41
9205,11137,41
9206,11138,41
9207,11139,41
9208,11140,41
9209,11141,41
9210,11142,41
9211,11143,41
9212,11144,41
9213,11145,41
9214,11146,41
9215,11147,41
9216,11148,41
9217,11149,41
9218,11150,41
9219,11151,41
9220,11152,41
9221,11153,41
9222,11154,41
9223,11155,41
9224,11156,41
9225,11157,41
9226,11158,41
9227,11159,41
9228,11160,42
9229,11161,42
9230,11162,42
9231,11163,42
9232,11164,42
9233,11165,42
9234,11166,42
9235,11167,42
9236,11168,42
9237,11169,42
9238,11170,42
9239,11171,42
9240,11172,42
9241,11173,42
9242,11174,42
9243,11175,42
9244,11176,42
9245,11177,42
9246,11178,42
9247,11179,42
9248,11180,42
9249,11181,42
9250,11182,42
9251,11183,42
9252,11184,42
9253,11185,42
9254,11186,42
9255,11187,42
9256,11188,42
9257,11189,42
9258,11190,42
9259,11191,42
9260,11192,42
9261,11193,42
9262,11194,42
9263,11195,42
9264,11196,42
9265,11197,42
9266,11198,42
9267,11199,42
9268,11200,42
9269,11201,42
9270,11202,42
9271,11203,42
9272,11204,42
9273,11205,42
9274,11206,42
9275,11207,42
9276,11208,42
9277,11209,42
9278,11210,42
9279,11211,42
9280,11212,42
9281,11213,42
9282,11214,42
9283,11215,42
9284,11216,42
9285,11217,42
9286,11218,42
9287,11219,42
9288,11220,42
9289,11221,42
9290,11222,42
9291,11223,42
9292,11224,42
9293,11225,42
9294,11226,42
9295,11227,42
9296,11228,42
9297,11229,42
9298,11230,42
9299,11231,42
9300,11232,42
9301,11233,42
9302,11234,42
9303,11235,42
9304,11236,42
9305,11237,42
9306,11238,42
9307,11239,42
9308,11240,42
9309,11241,42
9310,11242,42
9311,11243,42
9312,11244,42
9313,11245,42
9314,11246,42
9315,11247,42
9316,11248,42
9317,11249,42
9318,11250,42
9319,11251,42
9320,11252,42
9321,11253,42
9322,11254,42
9323,11255,42
9324,11256,42
9325,11257,42
9326,11258,42
9327,11259,42
9328,11260,42
9329,11261,42
9330,11262,42
9331,11263,42
9332,11264,42
9333,11265,42
9334,11266,42
9335,11267,42
9336,11268,42
9337,11269,42
9338,11270,42
9339,11271,42
9340,11272,42
9341,11273,42
9342,11274,42
9343,11275,42
9344,11276,42
9345,11277,42
9346,11278,42
9347,11279,42
9348,11280,42
9349,11281,42
9350,11282,42
9351,11283,42
9352,11284,42
9353,11285,42
9354,11286,42
9355,11287,42
9356,11288,42
9357,11289,42
9358,11290,42
9359,11291,42
9360,11292,42
9361,11293,42
9362,11294,42
9363,11295,42
9364,11296,42
9365,11297,42
9366,11298,42
9367,11299,42
9368,11300,42
9369,11301,42
9370,11302,42
9371,11303,42
9372,11304,42
9373,11305,42
9374,11306,42
9375,11307,42
9376,11308,42
9377,11309,42
9378,11310,42
9379,11311,42
9380,11312,42
9381,11313,42
9382,11314,42
9383,11315,42
9384,11316,42
9385,11317,42
9386,11318,42
9387,11319,42
9388,11320,42
9389,11321,42
9390,11322,42
9391,11323,42
9392,11324,42
9393,11325,42
9394,11326,42
9395,11327,42
9396,11328,42
9397,11329,42
9398,11330,42
9399,11331,42
9400,11332,42
9401,11333,42
9402,11334,42
9403,11335,42
9404,11336,42
9405,11337,42
9406,11338,42
9407,11339,42
9408,11340,42
9409,11341,42
9410,11342,42
9411,11343,42
9412,11344,42
9413,11345,42
9414,11346,42
9415,11347,42
9416,11348,42
9417,11349,42
9418,11350,42
9419,11351,42
9420,11352,42
9421,11353,42
9422,11354,42
9423,11355,42
9424,11356,42
9425,11357,42
9426,11358,42
9427,11359,42
9428,11360,42
9429,11361,42
9430,11362,42
9431,11363,42
9432,11364,42
9433,11365,42
9434,11366,42
9435,11367,42
9436,11368,42
9437,11369,42
9438,11370,42
9439,11371,42
9440,11372,42
9441,11373,42
9442,11374,42
9443,11375,42
9444,11376,42
9445,11377,42
9446,11378,42
9447,11379,42
9448,11380,42
9449,11381,42
9450,11382,42
9451,11383,42
9452,11384,42
9453,11385,42
9454,11386,42
9455,11387,42
9456,11388,42
9457,11389,42
9458,11390,42
9459,11391,42
9460,11392,42
9461,11393,42
9462,11394,42
9463,11395,42
9464,11396,42
9465,11397,42
9466,11398,42
9467,11399,42
9468,11400,42
9469,11401,42
9470,11402,42
9471,11403,42
9472,11404,42
9473,11405,42
9474,11406,42
9475,11407,42
9476,11408,42
9477,11409,42
9478,11410,42
9479,11411,42
9480,11412,42
9481,11413,42
9482,11414,42
9483,11415,42
9484,11416,42
9485,11570,43
9486,11571,43
9487,11572,43
9488,11573,43
9489,11574,43
9490,11575,43
9491,11576,43
9492,11577,43
9493,11578,43
9494,11579,43
9495,11580,43
9496,11581,43
9497,11582,43
9498,11583,43
9499,11584,43
9500,11585,43
9501,11586,43
9502,11587,43
9503,11588,43
9504,11589,43
9505,11590,43
9506,11591,43
9507,11592,43
9508,11593,43
9509,11594,43
9510,11595,43
9511,11596,43
9512,11597,43
9513,11598,43
9514,11599,43
9515,11600,43
9516,11601,43
9517,11602,43
9518,11603,43
9519,11604,43
9520,11605,43
9521,11606,43
9522,11607,43
9523,11608,43
9524,11609,43
9525,11610,43
9526,11611,43
9527,11612,43
9528,11613,43
9529,11614,43
9530,11615,43
9531,11616,43
9532,11617,43
9533,11618,43
9534,11619,43
9535,11620,43
9536,11621,43
9537,11622,43
9538,11623,43
9539,11624,43
9540,11625,43
9541,11626,43
9542,11627,43
9543,11628,43
9544,11629,43
9545,11630,43
9546,11631,43
9547,11632,43
9548,11633,43
9549,11634,43
9550,11635,43
9551,11636,43
9552,11637,43
9553,11638,43
9554,11639,43
9555,11640,43
9556,11641,43
9557,11642,43
9558,11643,43
9559,11644,43
9560,11645,43
9561,11646,43
9562,11647,43
9563,11648,43
9564,11649,43
9565,11650,43
9566,11651,43
9567,11652,43
9568,11653,43
9569,11654,43
9570,11655,43
9571,11656,43
9572,11657,43
9573,11658,43
9574,11659,43
9575,11660,43
9576,11661,43
9577,11662,43
9578,11663,43
9579,11664,43
9580,11665,43
9581,11666,43
9582,11667,43
9583,11668,43
9584,11669,43
9585,11670,43
9586,11671,43
9587,11672,43
9588,11673,43
9589,11674,43
9590,11675,43
9591,11676,43
9592,11677,43
9593,11678,43
9594,11679,43
9595,11680,43
9596,11681,43
9597,11682,43
9598,11683,43
9599,11684,43
9600,11685,43
9601,11686,43
9602,11687,43
9603,11688,43
9604,11689,43
9605,11690,43
9606,11691,43
9607,11692,43
9608,11693,43
9609,11694,43
9610,11695,43
9611,11696,43
9612,11697,43
9613,11698,43
9614,11699,43
9615,11700,43
9616,11701,43
9617,11702,43
9618,11703,43
9619,11704,43
9620,11705,43
9621,11706,43
9622,11707,43
9623,11708,43
9624,11709,43
9625,11710,43
9626,11711,43
9627,11712,43
9628,11713,43
9629,11714,43
9630,11715,43
9631,11716,43
9632,11717,43
9633,11718,43
9634,11719,43
9635,11720,43
9636,11721,43
9637,11722,43
9638,11723,43
9639,11724,43
9640,11725,43
9641,11726,43
9642,11727,43
9643,11728,43
9644,11729,43
9645,11730,43
9646,11731,43
9647,11732,43
9648,11733,43
9649,11734,43
9650,11735,43
9651,11736,43
9652,11737,43
9653,11738,43
9654,11739,43
9655,11740,43
9656,11741,43
9657,11742,43
9658,11743,43
9659,11744,43
9660,11745,43
9661,11746,43
9662,11747,43
9663,11748,43
9664,11749,43
9665,11750,43
9666,11751,43
9667,11752,43
9668,11753,43
9669,11754,43
9670,11755,43
9671,11756,43
9672,11757,43
9673,11758,43
9674,11759,43
9675,11760,43
9676,11761,43
9677,11762,43
9678,11763,43
9679,11764,43
9680,11765,43
9681,11766,43
9682,11767,43
9683,11768,43
9684,11769,43
9685,11770,43
9686,11771,43
9687,11772,43
9688,11773,43
9689,11774,43
9690,11775,44
9691,11776,44
9692,11777,44
9693,11778,44
9694,11779,44
9695,11780,44
9696,11781,44
9697,11782,44
9698,11783,44
9699,11784,44
9700,11785,44
9701,11786,44
9702,11787,44
9703,11788,44
9704,11789,44
9705,11790,44
9706,11791,44
9707,11792,44
9708,11793,44
9709,11794,44
9710,11795,44
9711,11796,44
9712,11797,44
9713,11798,44
9714,11799,44
9715,11800,44
9716,11801,44
9717,11802,44
9718,11803,44
9719,11804,44
9720,11805,44
9721,11806,44
9722,11807,44
9723,11808,44
9724,11809,44
9725,11810,44
9726,11811,44
9727,11812,44
9728,11813,44
9729,11814,44
9730,11815,44
9731,11816,44
9732,11817,44
9733,11818,44
9734,11819,44
9735,11820,44
9736,11821,44
9737,11822,44
9738,11823,44
9739,11824,44
9740,11825,44
9741,11826,44
9742,11827,44
9743,11828,44
9744,11829,44
9745,11830,44
9746,11831,44
9747,11832,44
9748,11833,44
9749,11834,44
9750,11835,44
9751,11836,44
9752,11837,44
9753,11838,44
9754,11839,44
9755,11840,44
9756,11841,44
9757,11842,44
9758,11843,44
9759,11844,44
9760,11845,44
9761,11846,44
9762,11847,44
9763,11848,44
9764,11849,44
9765,11850,44
9766,11851,44
9767,11852,44
9768,11853,44
9769,11854,44
9770,11855,44
9771,11856,44
9772,11857,44
9773,11858,44
9774,11859,44
9775,11860,44
9776,11861,44
9777,11862,44
9778,11863,44
9779,11864,44
9780,11865,44
9781,11866,44
9782,11867,44
9783,11868,44
9784,11869,44
9785,11870,44
9786,11871,44
9787,11872,44
9788,11873,44
9789,11874,44
9790,11875,44
9791,11876,44
9792,11877,44
9793,11878,44
9794,11879,44
9795,11880,44
9796,11881,44
9797,11882,44
9798,11883,44
9799,11884,44
9800,11885,44
9801,11886,44
9802,11887,44
9803,11888,44
9804,11889,44
9805,11890,44
9806,11891,44
9807,11892,44
9808,11893,44
9809,11894,44
9810,11895,44
9811,11896,44
9812,11897,44
9813,11898,44
9814,11899,44
9815,11900,44
9816,11901,44
9817,11902,44
9818,11903,44
9819,11904,44
9820,11905,44
9821,11906,44
9822,11907,44
9823,11908,44
9824,11909,44
9825,11910,44
9826,11911,44
9827,11912,44
9828,11913,44
9829,11914,44
9830,11915,44
9831,11916,44
9832,11917,44
9833,11918,44
9834,11919,44
9835,11920,44
9836,11921,44
9837,11922,44
9838,11923,44
9839,11924,44
9840,11925,44
9841,11926,44
9842,11927,44
9843,11928,44
9844,11929,44
9845,11930,44
9846,11931,44
9847,11932,44
9848,11933,44
9849,11934,44
9850,11935,44
9851,11936,44
9852,11937,44
9853,11938,44
9854,11939,44
9855,11940,44
9856,11941,44
9857,11942,44
9858,11943,44
9859,11944,44
9860,11945,44
9861,11946,44
9862,11947,44
9863,11948,44
9864,11949,44
9865,11950,44
9866,11951,44
9867,11952,44
9868,11953,44
9869,11954,44
9870,11955,44
9871,11956,44
9872,11957,44
9873,11958,44
9874,11959,44
9875,11960,44
9876,11961,44
9877,11962,44
9878,11963,44
9879,11964,44
9880,11965,44
9881,11966,45
9882,11967,45
9883,11968,45
9884,11969,45
9885,11970,45
9886,11971,45
9887,11972,45
9888,11973,45
9889,11974,45
9890,11975,45
9891,11976,45
9892,11977,45
9893,11978,45
9894,11979,45
9895,11980,45
9896,11981,45
9897,11982,45
9898,11983,45
9899,11984,45
9900,11985,45
9901,11986,45
9902,11987,45
9903,11988,45
9904,11989,45
9905,11990,45
9906,11991,45
9907,11992,45
9908,11993,45
9909,11994,45
9910,11995,45
9911,11996,45
9912,11997,45
9913,11998,45
9914,11999,45
9915,12000,45
9916,12001,45
9917,12002,45
9918,12003,45
9919,12004,45
9920,12005,45
9921,12006,45
9922,12007,45
9923,12008,45
9924,12009,45
9925,12010,45
9926,12011,45
9927,12012,45
9928,12013,45
9929,12014,45
9930,12015,45
9931,12016,45
9932,12017,45
9933,12018,45
9934,12019,45
9935,12020,45
9936,12021,45
9937,12022,45
9938,12023,45
9939,12024,45
9940,12025,45
9941,12026,45
9942,12027,45
9943,12028,45
9944,12029,45
9945,12030,45
9946,12031,45
9947,12032,45
9948,12033,45
9949,12034,45
9950,12035,45
9951,12036,45
9952,12037,45
9953,12038,45
9954,12039,45
9955,12040,45
9956,12041,45
9957,12042,45
9958,12043,45
9959,12044,45
9960,12045,45
9961,12046,45
9962,12047,45
9963,12048,45
9964,12049,45
9965,12050,45
9966,12051,45
9967,12052,45
9968,12053,45
9969,12054,45
9970,12055,45
9971,12056,45
9972,12057,45
9973,12058,45
9974,12059,45
9975,12060,45
9976,12061,45
9977,12062,45
9978,12063,45
9979,12064,45
9980,12065,45
9981,12066,45
9982,12067,45
9983,12068,45
9984,12069,45
9985,12070,45
9986,12071,45
9987,12072,45
9988,12073,45
9989,12074,45
9990,12075,45
9991,12076,45
9992,12077,45
9993,12078,45
9994,12079,45
9995,12080,45
9996,12081,45
9997,12082,45
9998,12083,45
9999,12084,45
10000,12085,45
10001,12086,45
10002,12087,45
10003,12088,45
10004,12089,45
10005,12090,45
10006,12091,45
10007,12092,45
10008,12093,45
10009,12094,45
10010,12095,45
10011,12096,45
10012,12097,45
10013,12098,45
10014,12099,45
10015,12100,45
10016,12101,45
10017,12102,45
10018,12103,45
10019,12104,45
10020,12105,45
10021,12106,45
10022,12107,45
10023,12108,45
10024,12109,45
10025,12110,45
10026,12111,45
10027,12112,45
10028,12113,45
10029,12114,45
10030,12115,45
10031,12116,45
10032,12117,45
10033,12118,45
10034,12119,45
10035,12120,45
10036,12121,45
10037,12122,45
10038,12123,45
10039,12124,45
10040,12125,45
10041,12126,45
10042,12127,45
10043,12128,45
10044,12129,45
10045,12130,45
10046,12131,45
10047,12132,45
10048,12133,45
10049,12134,45
10050,12135,45
10051,12136,45
10052,12137,45
10053,12138,45
10054,12139,45
10055,12140,45
10056,12141,45
10057,12142,45
10058,12143,45
10059,12144,45
10060,12145,45
10061,12146,45
10062,12147,45
10063,12148,45
10064,12149,45
10065,12150,45
10066,12151,45
10067,12152,45
10068,12153,45
10069,12154,45
10070,12155,45
10071,12156,45
10072,12157,45
10073,12158,45
10074,12159,45
10075,12160,45
10076,12161,45
10077,12162,45
10078,12163,45
10079,12164,45
10080,12165,45
10081,12166,45
10082,12167,45
10083,12168,45
10084,12169,45
10085,12170,45
10086,12171,45
10087,12172,45
10088,12173,45
10089,12174,45
10090,12175,45
10091,12176,45
10092,12177,45
10093,12178,45
10094,12179,45
10095,12180,45
10096,12181,45
10097,12182,45
10098,12183,45
10099,12184,45
10100,12185,45
10101,12186,45
10102,12187,45
10103,12188,45
10104,12189,45
10105,12190,45
10106,12191,45
10107,12192,45
10108,12193,45
10109,12194,45
10110,12195,45
10111,12196,45
10112,12197,45
10113,12198,45
10114,12199,45
10115,12200,45
10116,12201,45
10117,12202,45
10118,12203,45
10119,12204,45
10120,12205,45
10121,12206,45
10122,12207,45
10123,12208,45
10124,12209,45
10125,12210,45
10126,12211,45
10127,12212,45
10128,12213,45
10129,12214,45
10130,12215,45
10131,12216,45
10132,12217,45
10133,12218,45
10134,12219,45
10135,12220,45
10136,12221,45
10137,12222,45
10138,12223,45
10139,12224,45
10140,12225,45
10141,12226,45
10142,12227,45
10143,12228,45
10144,12229,45
10145,12230,45
10146,12231,45
10147,12232,45
10148,12233,45
10149,12234,45
10150,12235,45
10151,12310,46
10152,12311,46
10153,12312,46
10154,12313,46
10155,12314,46
10156,12315,46
10157,12316,46
10158,12317,46
10159,12318,46
10160,12319,46
10161,12320,46
10162,12321,46
10163,12322,46
10164,12323,46
10165,12324,46
10166,12325,46
10167,12326,46
10168,12327,46
10169,12328,46
10170,12329,46
10171,12330,46
10172,12331,46
10173,12332,46
10174,12333,46
10175,12334,46
10176,12335,46
10177,12336,46
10178,12337,46
10179,12338,46
10180,12339,46
10181,12340,46
10182,12341,46
10183,12342,46
10184,12343,46
10185,12344,46
10186,12345,46
10187,12346,46
10188,12347,46
10189,12348,46
10190,12349,46
10191,12350,46
10192,12351,46
10193,12352,46
10194,12353,46
10195,12354,46
10196,12355,46
10197,12356,46
10198,12357,46
10199,12358,46
10200,12359,46
10201,12360,46
10202,12361,46
10203,12362,46
10204,12363,46
10205,12364,46
10206,12365,46
10207,12366,46
10208,12367,46
10209,12368,46
10210,12369,46
10211,12370,46
10212,12371,46
10213,12372,46
10214,12373,46
10215,12374,46
10216,12375,46
10217,12376,46
10218,12377,46
10219,12378,46
10220,12379,46
10221,12380,46
10222,12381,46
10223,12382,46
10224,12383,46
10225,12384,46
10226,12385,46
10227,12386,46
10228,12387,46
10229,12388,46
10230,12389,46
10231,12390,46
10232,12391,46
10233,12392,46
10234,12393,46
10235,12394,46
10236,12395,46
10237,12396,46
10238,12397,46
10239,12398,46
10240,12399,46
10241,12400,46
10242,12401,46
10243,12402,46
10244,12403,46
10245,12404,46
10246,12405,46
10247,12406,46
10248,12407,46
10249,12408,46
10250,12409,46
10251,12410,46
10252,12411,46
10253,12412,46
10254,12413,46
10255,12414,46
10256,12415,46
10257,12416,46
10258,12417,46
10259,12418,46
10260,12419,46
10261,12420,46
10262,12421,46
10263,12422,46
10264,12423,46
10265,12424,46
10266,12425,46
10267,12451,47
10268,12452,47
10269,12453,47
10270,12454,47
10271,12455,47
10272,12456,47
10273,12457,47
10274,12458,47
10275,12459,47
10276,12460,47
10277,12461,47
10278,12462,47
10279,12463,47
10280,12464,47
10281,12465,47
10282,12466,47
10283,12467,47
10284,12468,47
10285,12469,47
10286,12470,47
10287,12471,47
10288,12472,47
10289,12473,47
10290,12474,47
10291,12475,47
10292,12476,47
10293,12477,47
10294,12478,47
10295,12479,47
10296,12480,47
10297,12481,47
10298,12482,47
10299,12483,47
10300,12484,47
10301,12485,47
10302,12486,47
10303,12487,47
10304,12488,47
10305,12489,47
10306,12490,47
10307,12491,47
10308,12492,47
10309,12493,47
10310,12494,47
10311,12495,47
10312,12496,47
10313,12497,47
10314,12498,47
10315,12499,47
10316,12500,47
10317,12501,47
10318,12502,47
10319,12503,47
10320,12504,47
10321,12505,47
10322,12506,47
10323,12507,47
10324,12508,47
10325,12509,47
10326,12510,47
10327,12511,47
10328,12512,47
10329,12513,47
10330,12514,47
10331,12515,47
10332,12516,47
10333,12517,47
10334,12518,47
10335,12519,47
10336,12520,47
10337,12521,47
10338,12522,47
10339,12523,47
10340,12524,47
10341,12525,47
10342,12526,47
10343,12527,47
10344,12528,47
10345,12529,47
10346,12530,47
10347,12531,47
10348,12532,47
10349,12533,47
10350,12534,47
10351,12535,47
10352,12536,47
10353,12537,47
10354,12538,47
10355,12539,47
10356,12540,47
10357,12541,47
10358,12542,47
10359,12543,47
10360,12544,47
10361,12545,47
10362,12546,47
10363,12547,47
10364,12548,47
10365,12549,47
10366,12550,47
10367,12551,47
10368,12552,47
10369,12553,47
10370,12554,47
10371,12555,47
10372,12556,47
10373,12557,47
10374,12558,47
10375,12559,47
10376,12560,47
10377,12561,47
10378,12562,47
10379,12563,47
10380,12564,47
10381,12565,47
10382,12566,47
10383,12567,47
10384,12568,47
10385,12569,47
10386,12570,47
10387,12571,47
10388,12572,47
10389,12573,47
10390,12574,47
10391,12575,47
10392,12576,47
10393,12577,47
10394,12578,47
10395,12579,47
10396,12580,47
10397,12581,47
10398,12582,47
10399,12583,47
10400,12584,47
10401,12585,47
10402,12586,47
10403,12587,47
10404,12588,47
10405,12589,47
10406,12590,47
10407,12591,47
10408,12592,47
10409,12593,47
10410,12594,47
10411,12595,47
10412,12596,47
10413,12597,47
10414,12598,47
10415,12599,47
10416,12600,47
10417,12601,47
10418,12602,47
10419,12603,47
10420,12604,47
10421,12605,47
10422,12606,47
10423,12607,47
10424,12608,47
10425,12609,47
10426,12610,47
10427,12611,47
10428,12612,47
10429,12613,47
10430,12614,47
10431,12615,47
10432,12616,47
10433,12617,47
10434,12618,47
10435,12619,47
10436,12620,47
10437,12621,47
10438,12622,47
10439,12623,47
10440,12624,47
10441,12625,47
10442,12626,47
10443,12627,47
10444,12628,47
10445,12629,47
10446,12630,47
10447,12631,47
10448,12632,47
10449,12633,47
10450,12634,47
10451,12635,47
10452,12636,47
10453,12637,47
10454,12638,47
10455,12639,47
10456,12640,47
10457,12641,47
10458,12642,47
10459,12643,47
10460,12644,47
10461,12645,47
10462,12646,47
10463,12647,47
10464,12648,47
10465,12649,47
10466,12650,47
10467,12651,47
10468,12652,47
10469,12653,47
10470,12654,47
10471,12655,47
10472,12656,47
10473,12657,47
10474,12658,47
10475,12659,47
10476,12660,47
10477,12661,47
10478,12662,47
10479,12663,47
10480,12664,47
10481,12665,47
10482,12666,47
10483,12667,47
10484,12668,47
10485,12669,47
10486,12670,47
10487,12671,47
10488,12672,47
10489,12673,47
10490,12674,47
10491,12675,47
10492,12676,47
10493,12677,47
10494,12678,47
10495,12679,47
10496,12680,47
10497,12681,47
10498,12682,47
10499,12683,47
10500,12684,47
10501,12685,47
10502,12686,47
10503,12687,47
10504,12688,47
10505,12689,47
10506,12690,47
10507,12691,47
10508,12692,47
10509,12693,47
10510,12694,47
10511,12695,47
10512,12696,47
10513,12697,47
10514,12698,47
10515,12699,47
10516,12700,47
10517,12701,47
10518,12702,47
10519,12703,47
10520,12704,47
10521,12705,47
10522,12706,47
10523,12707,47
10524,12708,47
10525,12709,47
10526,12710,47
10527,12711,47
10528,12712,47
10529,12713,47
10530,12714,47
10531,12715,47
10532,12716,47
10533,12717,47
10534,12718,47
10535,12719,47
10536,12720,47
10537,12721,47
10538,12722,47
10539,12723,47
10540,12724,47
10541,12725,47
10542,12726,47
10543,12727,47
10544,12728,47
10545,12729,47
10546,12730,47
10547,12731,47
10548,12732,47
10549,12733,47
10550,12734,47
10551,12735,47
10552,12736,47
10553,12737,47
10554,12738,47
10555,12739,47
10556,12740,47
10557,12741,47
10558,12742,47
10559,12743,47
10560,12744,47
10561,12745,47
10562,12746,47
10563,12747,47
10564,12748,47
10565,12749,47
10566,12750,47
10567,12751,47
10568,12752,47
10569,12753,47
10570,12754,47
10571,12755,47
10572,12756,47
10573,12757,47
10574,12758,47
10575,12801,48
10576,12802,48
10577,12803,48
10578,12804,48
10579,12805,48
10580,12806,48
10581,12807,48
10582,12808,48
10583,12809,48
10584,12810,48
10585,12811,48
10586,12812,48
10587,12813,48
10588,12814,48
10589,12815,48
10590,12816,48
10591,12817,48
10592,12818,48
10593,12819,48
10594,12820,48
10595,12821,48
10596,12822,48
10597,12823,48
10598,12824,48
10599,12825,48
10600,12826,48
10601,12827,48
10602,12828,48
10603,12829,48
10604,12830,48
10605,12831,48
10606,12832,48
10607,12833,48
10608,12834,48
10609,12835,48
10610,12836,48
10611,12837,48
10612,12838,48
10613,12839,48
10614,12840,48
10615,12841,48
10616,12842,48
10617,12843,48
10618,12844,48
10619,12845,48
10620,12846,48
10621,12847,48
10622,12848,48
10623,12849,48
10624,12850,48
10625,12851,48
10626,12852,48
10627,12853,48
10628,12854,48
10629,12855,48
10630,12856,48
10631,12857,48
10632,12858,48
10633,12859,48
10634,12860,48
10635,12861,48
10636,12862,48
10637,12863,48
10638,12864,48
10639,12865,48
10640,12866,48
10641,12867,48
10642,12868,48
10643,12869,48
10644,12870,48
10645,12871,48
10646,12872,48
10647,12873,48
10648,12874,48
10649,12875,48
10650,12876,48
10651,12877,48
10652,12878,48
10653,12879,48
10654,12880,48
10655,12881,48
10656,12882,48
10657,12883,48
10658,12884,48
10659,12885,48
10660,12886,48
10661,12887,48
10662,12888,48
10663,12889,48
10664,12890,48
10665,12891,48
10666,12892,48
10667,12893,48
10668,12894,48
10669,12895,48
10670,12896,48
10671,12897,48
10672,12898,48
10673,12899,48
10674,12900,48
10675,12901,48
10676,12902,48
10677,12903,48
10678,12904,48
10679,12905,48
10680,12906,48
10681,12907,48
10682,12908,48
10683,12909,48
10684,12910,48
10685,12911,48
10686,12912,48
10687,12913,48
10688,12914,48
10689,12915,48
10690,12916,48
10691,12917,48
10692,12918,48
10693,12919,48
10694,12920,48
10695,12921,48
10696,12922,48
10697,12923,48
10698,12924,48
10699,12925,48
10700,12926,48
10701,12927,48
10702,12928,48
10703,12929,48
10704,12930,48
10705,12931,48
10706,12932,48
10707,12933,48
10708,12934,48
10709,12935,48
10710,12936,48
10711,12937,48
10712,12938,48
10713,12939,48
10714,12940,48
10715,12941,48
10716,12942,48
10717,12943,48
10718,12944,48
10719,12945,48
10720,12946,48
10721,12947,48
10722,12948,48
10723,12949,48
10724,12950,48
10725,12951,48
10726,12952,48
10727,12953,48
10728,12954,48
10729,12955,48
10730,12956,48
10731,12957,48
10732,12958,48
10733,12959,48
10734,12960,48
10735,12961,48
10736,12962,48
10737,12963,48
10738,12964,48
10739,12965,48
10740,12966,48
10741,12967,48
10742,12968,48
10743,12969,48
10744,12970,48
10745,12971,48
10746,12972,48
10747,12973,48
10748,12974,48
10749,12975,48
10750,12976,48
10751,12977,48
10752,12978,48
10753,12979,48
10754,12980,48
10755,12981,48
10756,12982,48
10757,12983,48
10758,12984,48
10759,12985,48
10760,12986,48
10761,12987,48
10762,12988,48
10763,12989,48
10764,12990,48
10765,12991,48
10766,12992,48
10767,12993,48
10768,12994,48
10769,12995,48
10770,12996,48
10771,12997,48
10772,12998,48
10773,12999,48
10774,13000,48
10775,13001,48
10776,13002,48
10777,13003,48
10778,13004,48
10779,13005,48
10780,13006,48
10781,13007,48
10782,13008,48
10783,13009,48
10784,13010,48
10785,13011,48
10786,13012,48
10787,13013,48
10788,13014,48
10789,13015,48
10790,13016,48
10791,13017,48
10792,13018,48
10793,13019,48
10794,13020,48
10795,13021,48
10796,13022,48
10797,13023,48
10798,13024,48
10799,13025,48
10800,13026,48
10801,13027,48
10802,13028,48
10803,13029,48
10804,13030,48
10805,13031,48
10806,13032,48
10807,13033,48
10808,13034,48
10809,13035,48
10810,13036,48
10811,13037,48
10812,13038,48
10813,13039,48
10814,13040,48
10815,13041,48
10816,13042,48
10817,13043,48
10818,13044,48
10819,13045,48
10820,13046,48
10821,13047,48
10822,13048,48
10823,13049,48
10824,13050,48
10825,13051,48
10826,13052,48
10827,13053,48
10828,13054,48
10829,13055,48
10830,13056,48
10831,13057,48
10832,13058,48
10833,13059,48
10834,13060,48
10835,13061,48
10836,13062,48
10837,13063,48
10838,13064,48
10839,13065,48
10840,13066,48
10841,13067,48
10842,13068,48
10843,13069,48
10844,13070,48
10845,13071,48
10846,13072,48
10847,13073,48
10848,13074,48
10849,13075,48
10850,13076,49
10851,13077,49
10852,13078,49
10853,13079,49
10854,13080,49
10855,13081,49
10856,13082,49
10857,13083,49
10858,13084,49
10859,13085,49
10860,13086,49
10861,13087,49
10862,13088,49
10863,13089,49
10864,13090,49
10865,13091,49
10866,13092,49
10867,13093,49
10868,13094,49
10869,13095,49
10870,13096,49
10871,13097,49
10872,13098,49
10873,13099,49
10874,13100,49
10875,13101,49
10876,13102,49
10877,13103,49
10878,13104,49
10879,13105,49
10880,13106,49
10881,13107,49
10882,13108,49
10883,13109,49
10884,13110,49
10885,13111,49
10886,13112,49
10887,13113,49
10888,13114,49
10889,13115,49
10890,13116,49
10891,13117,49
10892,13118,49
10893,13119,49
10894,13120,49
10895,13121,49
10896,13122,49
10897,13123,49
10898,13124,49
10899,13125,49
10900,13126,49
10901,13127,49
10902,13128,49
10903,13129,49
10904,13130,49
10905,13131,49
10906,13132,49
10907,13133,49
10908,13134,49
10909,13135,49
10910,13136,49
10911,13137,49
10912,13138,49
10913,13139,49
10914,13140,49
10915,13141,49
10916,13142,49
10917,13143,49
10918,13144,49
10919,13145,49
10920,13146,49
10921,13147,49
10922,13148,49
10923,13149,49
10924,13150,50
10925,13151,50
10926,13152,50
10927,13153,50
10928,13154,50
10929,13155,50
10930,13156,50
10931,13157,50
10932,13158,50
10933,13159,50
10934,13160,50
10935,13161,50
10936,13162,50
10937,13163,50
10938,13164,50
10939,13165,50
10940,13166,50
10941,13167,50
10942,13168,50
10943,13169,50
10944,13170,50
10945,13171,50
10946,13172,50
10947,13173,50
10948,13174,50
10949,13175,50
10950,13176,50
10951,13177,50
10952,13178,50
10953,13179,50
10954,13180,50
10955,13181,50
10956,13182,50
10957,13183,50
10958,13184,50
10959,13185,50
10960,13186,50
10961,13187,50
10962,13188,50
10963,13189,50
10964,13190,50
10965,13191,50
10966,13192,50
10967,13193,50
10968,13194,50
10969,13195,50
10970,13196,50
10971,13197,50
10972,13198,50
10973,13199,50
10974,13200,50
10975,13201,50
10976,13202,50
10977,13203,50
10978,13204,50
10979,13205,50
10980,13206,50
10981,13207,50
10982,13208,50
10983,13209,50
10984,13210,50
10985,13211,50
10986,13212,50
10987,13213,50
10988,13214,50
10989,13215,50
10990,13216,50
10991,13217,50
10992,13218,50
10993,13219,50
10994,13220,50
10995,13221,50
10996,13222,50
10997,13223,50
10998,13224,50
10999,13225,50
11000,13226,50
11001,13227,50
11002,13228,50
11003,13229,50
11004,13230,50
11005,13231,50
11006,13232,50
11007,13233,50
11008,13234,50
11009,13235,50
11010,13236,50
11011,13237,50
11012,13238,50
11013,13239,50
11014,13240,50
11015,13241,50
11016,13242,50
11017,13243,50
11018,13244,50
11019,13245,50
11020,13246,50
11021,13247,50
11022,13248,50
11023,13249,50
11024,13250,50
11025,13251,50
11026,13252,50
11027,13253,50
11028,13254,50
11029,13255,50
11030,13256,50
11031,13257,50
11032,13258,50
11033,13259,50
11034,13260,50
11035,13261,50
11036,13262,50
11037,13263,50
11038,13264,50
11039,13265,50
11040,13266,50
11041,13267,50
11042,13268,50
11043,13269,50
11044,13270,50
11045,13271,50
11046,13272,50
11047,13273,50
11048,13274,50
11049,13275,50
11050,13276,50
11051,13277,50
11052,13278,50
11053,13279,50
11054,13280,50
11055,13281,50
11056,13282,50
11057,13283,50
11058,13284,50
11059,13285,50
11060,13286,50
11061,13287,50
11062,13288,50
11063,13289,50
11064,13290,50
11065,13291,50
11066,13292,50
11067,13293,50
11068,13294,50
11069,13295,50
11070,13296,50
11071,13297,50
11072,13298,50
11073,13299,50
11074,13300,50
11075,13301,50
11076,13302,50
11077,13303,50
11078,13304,50
11079,13305,50
11080,13306,50
11081,13307,50
11082,13308,50
11083,13309,50
11084,13310,50
11085,13311,50
11086,13312,50
11087,13313,50
11088,13314,50
11089,13315,50
11090,13316,50
11091,13317,50
11092,13318,50
11093,13319,50
11094,13320,50
11095,13321,50
11096,13322,50
11097,13323,50
11098,13324,50
11099,13325,50
11100,13326,50
11101,13327,50
11102,13328,50
11103,13329,50
11104,13330,50
11105,13331,50
11106,13332,50
11107,13333,50
11108,13334,50
11109,13335,50
11110,13336,50
11111,13337,50
11112,13338,50
11113,13339,50
11114,13340,50
11115,13341,50
11116,13342,50
11117,13343,50
11118,13344,50
11119,13345,50
11120,13346,50
11121,13347,50
11122,13348,50
11123,13349,50
11124,13350,50
11125,13351,50
11126,13352,50
11127,13353,50
11128,13354,50
11129,13355,50
11130,13356,50
11131,13357,50
11132,13358,50
11133,13359,50
11134,13360,50
11135,13361,50
11136,13362,50
11137,13363,50
11138,13364,50
11139,13365,50
11140,13366,50
11141,13367,50
11142,13368,50
11143,13369,50
11144,13370,50
11145,13371,50
11146,13372,50
11147,13373,50
11148,13374,50
11149,13375,50
11150,13376,50
11151,13377,50
11152,13378,50
11153,13379,50
11154,13380,50
11155,13381,50
11156,13382,50
11157,13383,50
11158,13384,50
11159,13385,50
11160,13386,50
11161,13387,50
11162,13388,50
11163,13389,50
11164,13390,50
11165,13391,50
11166,13392,50
11167,13393,50
11168,13394,50
11169,13395,50
11170,13446,51
11171,13447,51
11172,13448,51
11173,13449,51
11174,13450,51
11175,13451,51
11176,13452,51
11177,13453,51
11178,13454,51
11179,13455,51
11180,13456,51
11181,13457,51
11182,13458,51
11183,13459,51
11184,13460,51
11185,13461,51
11186,13462,51
11187,13463,51
11188,13464,51
11189,13465,51
11190,13466,51
11191,13467,51
11192,13468,51
11193,13469,51
11194,13470,51
11195,13471,51
11196,13472,51
11197,13473,51
11198,13474,51
11199,13475,51
11200,13476,51
11201,13477,51
11202,13478,51
11203,13479,51
11204,13480,51
11205,13481,51
11206,13482,51
11207,13483,51
11208,13484,51
11209,13485,51
11210,13486,51
11211,13487,51
11212,13488,51
11213,13489,51
11214,13490,51
11215,13491,51
11216,13492,51
11217,13493,51
11218,13494,51
11219,13495,51
11220,13496,51
11221,13497,51
11222,13498,51
11223,13499,51
11224,13500,51
11225,13501,51
11226,13502,51
11227,13503,51
11228,13504,51
11229,13505,51
11230,13506,51
11231,13507,51
11232,13508,51
11233,13509,51
11234,13510,51
11235,13511,51
11236,13512,51
11237,13513,51
11238,13514,51
11239,13515,51
11240,13516,51
11241,13517,51
11242,13518,51
11243,13519,51
11244,13520,51
11245,13521,51
11246,13522,51
11247,13523,51
11248,13524,51
11249,13525,51
11250,13526,51
11251,13527,51
11252,13528,51
11253,13529,51
11254,13530,51
11255,13531,51
11256,13532,51
11257,13533,51
11258,13534,51
11259,13535,51
11260,13536,51
11261,13537,51
11262,13538,51
11263,13539,51
11264,13540,51
11265,13541,51
11266,13542,51
11267,13543,51
11268,13544,51
11269,13545,51
11270,13546,51
11271,13547,51
11272,13548,51
11273,13549,51
11274,13550,51
11275,13551,51
11276,13552,51
11277,13553,51
11278,13554,51
11279,13555,51
11280,13556,51
11281,13557,51
11282,13558,51
11283,13559,51
11284,13560,51
11285,13561,51
11286,13562,51
11287,13563,51
11288,13564,51
11289,13565,51
11290,13566,51
11291,13567,51
11292,13568,51
11293,13569,51
11294,13570,51
11295,13571,51
11296,13572,51
11297,13573,51
11298,13574,51
11299,13575,51
11300,13576,51
11301,13577,51
11302,13578,51
11303,13579,51
11304,13580,51
11305,13581,51
11306,13582,51
11307,13583,51
11308,13584,51
11309,13585,51
11310,13586,51
11311,13587,51
11312,13588,51
11313,13589,51
11314,13590,51
11315,13591,51
11316,13592,51
11317,13593,51
11318,13594,51
11319,13595,51
11320,13596,51
11321,13597,51
11322,13598,51
11323,13599,51
11324,13600,51
11325,13601,51
11326,13602,51
11327,13603,51
11328,13604,51
11329,13605,51
11330,13606,51
11331,13607,51
11332,13608,51
11333,13609,51
11334,13610,51
11335,13611,51
11336,13612,51
11337,13613,51
11338,13614,51
11339,13615,51
11340,13616,51
11341,13617,51
11342,13618,51
11343,13619,51
11344,13620,51
11345,13621,51
11346,13622,51
11347,13623,51
11348,13624,51
11349,13625,51
11350,13626,51
11351,13627,51
11352,13628,51
11353,13629,51
11354,13630,51
11355,13631,51
11356,13632,51
11357,13633,51
11358,13634,51
11359,13635,51
11360,13636,51
11361,13637,51
11362,13638,51
11363,13639,51
11364,13640,51
11365,13641,51
11366,13642,51
11367,13643,51
11368,13644,51
11369,13645,51
11370,13646,51
11371,13647,51
11372,13648,51
11373,13649,51
11374,13650,51
11375,13651,51
11376,13652,51
11377,13653,51
11378,13654,51
11379,13655,51
11380,13656,51
11381,13657,51
11382,13658,51
11383,13659,51
11384,13660,51
11385,13661,51
11386,13662,51
11387,13663,51
11388,13664,51
11389,13665,51
11390,13666,51
11391,13667,51
11392,13668,51
11393,13669,51
11394,13670,51
11395,13671,51
11396,13672,51
11397,13673,51
11398,13674,51
11399,13675,51
11400,13676,51
11401,13677,51
11402,13678,51
11403,13679,51
11404,13680,51
11405,13681,51
11406,13682,51
11407,13683,51
11408,13684,51
11409,13685,51
11410,13686,51
11411,13687,51
11412,13688,51
11413,13689,51
11414,13690,51
11415,13691,51
11416,13692,51
11417,13693,51
11418,13694,51
11419,13695,51
11420,13696,51
11421,13697,51
11422,13698,51
11423,13699,51
11424,13700,51
11425,13701,51
11426,13702,51
11427,13703,51
11428,13704,51
11429,13705,51
11430,13706,51
11431,13707,51
11432,13708,51
11433,13709,51
11434,13710,51
11435,13711,51
11436,13712,51
11437,13713,51
11438,13714,51
11439,13715,51
11440,13716,51
11441,13717,51
11442,13718,51
11443,13719,51
11444,13720,51
11445,13721,51
11446,13722,51
11447,13723,51
11448,13724,51
11449,13725,51
11450,13726,51
11451,13727,51
11452,13728,51
11453,13729,51
11454,13730,51
11455,13731,51
11456,13732,51
11457,13733,51
11458,13734,51
11459,13735,51
11460,13736,51
11461,13737,51
11462,13738,51
11463,13739,51
11464,13740,51
11465,13741,51
11466,13742,51
11467,13743,51
11468,13744,51
11469,13745,51
11470,13746,51
11471,13747,51
11472,13748,51
11473,13749,51
11474,13750,51
11475,13751,51
11476,13752,51
11477,13753,51
11478,13754,51
11479,13755,51
11480,13756,51
11481,13757,51
11482,13758,51
11483,13759,51
11484,13760,51
11485,13761,51
11486,13762,51
11487,13763,51
11488,13764,51
11489,13765,51
11490,13766,51
11491,13767,51
11492,13768,51
11493,13769,51
11494,13770,51
11495,13771,51
11496,13772,51
11497,13773,51
11498,13774,51
11499,13775,51
11500,13802,52
11501,13803,52
11502,13804,52
11503,13805,52
11504,13806,52
11505,13807,52
11506,13808,52
11507,13809,52
11508,13810,52
11509,13811,52
11510,13812,52
11511,13813,52
11512,13814,52
11513,13815,52
11514,13816,52
11515,13817,52
11516,13818,52
11517,13819,52
11518,13820,52
11519,13821,52
11520,13822,52
11521,13823,52
11522,13824,52
11523,13825,52
11524,13826,52
11525,13827,52
11526,13828,52
11527,13829,52
11528,13830,52
11529,13831,52
11530,13832,52
11531,13833,52
11532,13834,52
11533,13835,52
11534,13836,52
11535,13837,52
11536,13838,52
11537,13839,52
11538,13840,52
11539,13841,52
11540,13842,52
11541,13843,52
11542,13844,52
11543,13845,52
11544,13846,52
11545,13847,52
11546,13848,52
11547,13849,52
11548,13850,52
11549,13851,52
11550,13852,52
11551,13853,52
11552,13854,52
11553,13855,52
11554,13856,52
11555,13857,52
11556,13858,52
11557,13859,52
11558,13860,52
11559,13861,52
11560,13862,52
11561,13863,52
11562,13864,52
11563,13865,52
11564,13866,52
11565,13867,52
11566,13868,52
11567,13869,52
11568,13870,52
11569,13871,52
11570,13872,52
11571,13873,52
11572,13874,52
11573,13875,52
11574,13876,52
11575,13877,52
11576,13878,52
11577,13879,52
11578,13880,52
11579,13881,52
11580,13882,52
11581,13883,52
11582,13884,52
11583,13885,52
11584,13886,52
11585,13887,52
11586,13888,52
11587,13889,52
11588,13890,52
11589,13891,52
11590,13892,52
11591,13893,52
11592,13894,52
11593,13895,52
11594,13896,52
11595,13897,52
11596,13898,52
11597,13899,52
11598,13900,52
11599,13901,52
11600,13902,52
11601,13903,52
11602,13904,52
11603,13905,52
11604,13906,52
11605,13907,52
11606,13908,52
11607,13909,52
11608,13910,52
11609,13911,52
11610,13912,52
11611,13913,52
11612,13914,52
11613,13915,52
11614,13916,52
11615,13917,52
11616,13918,52
11617,13919,52
11618,13920,52
11619,13921,52
11620,13922,52
11621,13923,52
11622,13924,52
11623,13925,52
11624,13926,52
11625,13927,52
11626,13928,52
11627,13929,52
11628,13930,52
11629,13931,52
11630,13932,52
11631,13933,52
11632,13934,52
11633,13935,52
11634,13936,52
11635,13937,52
11636,13938,52
11637,13939,52
11638,13940,52
11639,13941,52
11640,13942,52
11641,13943,52
11642,13944,52
11643,13945,52
11644,13946,52
11645,13947,52
11646,13948,52
11647,13949,52
11648,13950,52
11649,13951,52
11650,13952,52
11651,13953,52
11652,13954,52
11653,13955,52
11654,13956,52
11655,13957,52
11656,13958,52
11657,13959,52
11658,13960,52
11659,13961,52
11660,13962,52
11661,13963,52
11662,13964,52
11663,13965,52
11664,13966,52
11665,13967,52
11666,13968,52
11667,13969,52
11668,13970,52
11669,13971,52
11670,13972,52
11671,13973,52
11672,13974,52
11673,13975,52
11674,13976,52
11675,13977,52
11676,13978,52
11677,13979,52
11678,13980,52
11679,13981,52
11680,13982,52
11681,13983,52
11682,13984,52
11683,13985,52
11684,13986,52
11685,13987,52
11686,13988,52
11687,13989,52
11688,13990,52
11689,13991,52
11690,13992,52
11691,13993,52
11692,13994,52
11693,13995,52
11694,13996,52
11695,13997,52
11696,13998,52
11697,13999,52
11698,14000,52
11699,14001,52
11700,14002,52
11701,14003,52
11702,14004,52
11703,14005,52
11704,14006,52
11705,14007,52
11706,14008,52
11707,14009,52
11708,14010,52
11709,14011,52
11710,14012,52
11711,14013,52
11712,14014,52
11713,14015,52
11714,14016,52
11715,14017,52
11716,14018,52
11717,14019,52
11718,14020,52
11719,14021,52
11720,14022,52
11721,14023,52
11722,14024,52
11723,14025,52
11724,14026,52
11725,14027,52
11726,14028,52
11727,14029,52
11728,14030,52
11729,14031,52
11730,14032,52
11731,14033,52
11732,14034,52
11733,14035,52
11734,14036,52
11735,14037,52
11736,14038,52
11737,14039,52
11738,14040,52
11739,14041,52
11740,14042,52
11741,14043,52
11742,14044,52
11743,14045,52
11744,14046,52
11745,14047,52
11746,14048,52
11747,14049,52
11748,14050,52
11749,14051,52
11750,14052,52
11751,14053,52
11752,14054,52
11753,14055,52
11754,14056,52
11755,14057,52
11756,14058,52
11757,14059,52
11758,14060,52
11759,14061,52
11760,14062,52
11761,14063,52
11762,14064,52
11763,14065,52
11764,14066,52
11765,14067,52
11766,14068,52
11767,14069,52
11768,14070,52
11769,14071,52
11770,14072,52
11771,14073,52
11772,14074,52
11773,14075,52
11774,14076,52
11775,14077,52
11776,14078,52
11777,14079,52
11778,14080,52
11779,14081,52
11780,14082,52
11781,14083,52
11782,14084,52
11783,14085,52
11784,14092,53
11785,14093,53
11786,14094,53
11787,14095,53
11788,14096,53
11789,14097,53
11790,14098,53
11791,14099,53
11792,14100,53
11793,14101,53
11794,14102,53
11795,14103,53
11796,14104,53
11797,14105,53
11798,14106,53
11799,14107,53
11800,14108,53
11801,14109,53
11802,14110,53
11803,14111,53
11804,14112,53
11805,14113,53
11806,14114,53
11807,14115,53
11808,14116,53
11809,14117,53
11810,14118,53
11811,14119,53
11812,14120,53
11813,14121,53
11814,14122,53
11815,14123,53
11816,14124,53
11817,14125,53
11818,14126,53
11819,14127,53
11820,14128,53
11821,14129,53
11822,14130,53
11823,14131,53
11824,14132,53
11825,14133,53
11826,14134,53
11827,14135,53
11828,14136,53
11829,14137,53
11830,14138,53
11831,14139,53
11832,14140,53
11833,14141,53
11834,14142,53
11835,14143,53
11836,14144,53
11837,14145,53
11838,14146,53
11839,14147,53
11840,14148,53
11841,14149,53
11842,14150,53
11843,14151,53
11844,14152,53
11845,14153,53
11846,14154,53
11847,14155,53
11848,14156,53
11849,14157,53
11850,14158,53
11851,14159,53
11852,14160,53
11853,14161,53
11854,14162,53
11855,14163,53
11856,14164,53
11857,14165,53
11858,14166,53
11859,14167,53
11860,14168,53
11861,14169,53
11862,14170,53
11863,14171,53
11864,14172,53
11865,14173,53
11866,14174,53
11867,14175,53
11868,14176,53
11869,14177,53
11870,14178,53
11871,14179,53
11872,14180,53
11873,14181,53
11874,14182,53
11875,14183,53
11876,14184,53
11877,14185,53
11878,14186,53
11879,14187,53
11880,14188,53
11881,14189,53
11882,14190,53
11883,14191,53
11884,14192,53
11885,14193,53
11886,14194,53
11887,14195,53
11888,14196,53
11889,14197,53
11890,14198,53
11891,14199,53
11892,14200,53
11893,14201,53
11894,14202,53
11895,14203,53
11896,14204,53
11897,14205,53
11898,14206,53
11899,14207,53
11900,14208,53
11901,14209,53
11902,14210,53
11903,14211,53
11904,14212,53
11905,14213,53
11906,14214,53
11907,14215,53
11908,14216,53
11909,14217,53
11910,14218,53
11911,14219,53
11912,14220,53
11913,14221,53
11914,14222,53
11915,14223,53
11916,14224,53
11917,14225,53
11918,14226,53
11919,14227,53
11920,14228,53
11921,14229,53
11922,14230,53
11923,14231,53
11924,14232,53
11925,14233,53
11926,14234,53
11927,14235,53
11928,14236,53
11929,14237,53
11930,14238,53
11931,14239,53
11932,14240,53
11933,14241,53
11934,14242,53
11935,14243,53
11936,14244,53
11937,14245,53
11938,14246,53
11939,14247,53
11940,14248,53
11941,14249,53
11942,14250,53
11943,14251,53
11944,14252,53
11945,14253,53
11946,14254,53
11947,14255,53
11948,14256,53
11949,14257,53
11950,14258,53
11951,14259,53
11952,14260,53
11953,14261,53
11954,14262,53
11955,14263,53
11956,14264,53
11957,14265,53
11958,14266,53
11959,14267,53
11960,14268,53
11961,14269,53
11962,14270,53
11963,14271,53
11964,14272,53
11965,14273,53
11966,14274,53
11967,14275,53
11968,14276,53
11969,14277,53
11970,14278,53
11971,14279,53
11972,14280,53
11973,14281,53
11974,14282,53
11975,14283,53
11976,14284,53
11977,14285,53
11978,14286,53
11979,14287,53
11980,14288,53
11981,14289,53
11982,14290,53
11983,14291,53
11984,14292,53
11985,14293,53
11986,14294,53
11987,14295,53
11988,14296,53
11989,14297,53
11990,14298,53
11991,14299,53
11992,14300,53
11993,14301,53
11994,14302,53
11995,14303,53
11996,14304,53
11997,14305,53
11998,14306,53
11999,14307,53
12000,14308,53
12001,14309,53
12002,14310,53
12003,14311,53
12004,14312,53
12005,14313,53
12006,14314,53
12007,14315,53
12008,14316,53
12009,14317,53
12010,14318,53
12011,14319,53
12012,14320,53
12013,14321,53
12014,14322,53
12015,14323,53
12016,14324,53
12017,14325,53
12018,14326,53
12019,14327,53
12020,14328,53
12021,14329,53
12022,14330,53
12023,14331,53
12024,14332,53
12025,14333,53
12026,14334,53
12027,14335,53
12028,14336,53
12029,14337,53
12030,14338,53
12031,14339,53
12032,14340,53
12033,14341,53
12034,14342,53
12035,14343,53
12036,14344,53
12037,14345,53
12038,14346,53
12039,14347,53
12040,14348,54
12041,14349,54
12042,14350,54
12043,14351,54
12044,14352,54
12045,14353,54
12046,14354,54
12047,14355,54
12048,14356,54
12049,14357,54
12050,14358,54
12051,14359,54
12052,14360,54
12053,14361,54
12054,14362,54
12055,14363,54
12056,14364,54
12057,14365,54
12058,14366,54
12059,14367,54
12060,14368,54
12061,14369,54
12062,14370,54
12063,14371,54
12064,14372,54
12065,14373,54
12066,14374,54
12067,14375,54
12068,14376,54
12069,14377,54
12070,14378,54
12071,14379,54
12072,14380,54
12073,14381,54
12074,14382,54
12075,14383,54
12076,14384,54
12077,14385,54
12078,14386,54
12079,14387,54
12080,14388,54
12081,14389,54
12082,14390,54
12083,14391,54
12084,14392,54
12085,14393,54
12086,14394,54
12087,14395,54
12088,14396,54
12089,14397,54
12090,14398,54
12091,14399,54
12092,14400,54
12093,14401,54
12094,14402,54
12095,14403,54
12096,14404,54
12097,14405,54
12098,14406,54
12099,14407,54
12100,14408,54
12101,14409,54
12102,14410,54
12103,14411,54
12104,14412,54
12105,14413,54
12106,14414,54
12107,14415,54
12108,14416,54
12109,14417,54
12110,14418,54
12111,14419,54
12112,14420,54
12113,14421,54
12114,14422,54
12115,14423,54
12116,14424,54
12117,14425,54
12118,14448,55
12119,14449,55
12120,14450,55
12121,14451,55
12122,14452,55
12123,14453,55
12124,14454,55
12125,14455,55
12126,14456,55
12127,14457,55
12128,14458,55
12129,14459,55
12130,14460,55
12131,14461,55
12132,14462,55
12133,14463,55
12134,14464,55
12135,14465,55
12136,14466,55
12137,14467,55
12138,14468,55
12139,14469,55
12140,14470,55
12141,14471,55
12142,14472,55
12143,14473,55
12144,14474,55
12145,14475,55
12146,14476,55
12147,14477,55
12148,14478,55
12149,14479,55
12150,14480,55
12151,14481,55
12152,14482,55
12153,14483,55
12154,14484,55
12155,14485,55
12156,14486,55
12157,14487,55
12158,14488,55
12159,14489,55
12160,14490,55
12161,14491,55
12162,14492,55
12163,14493,55
12164,14494,55
12165,14495,55
12166,14496,55
12167,14497,55
12168,14498,55
12169,14499,55
12170,14500,55
12171,14501,55
12172,14502,55
12173,14503,55
12174,14504,55
12175,14505,55
12176,14506,55
12177,14507,55
12178,14508,55
12179,14509,55
12180,14510,55
12181,14511,55
12182,14512,55
12183,14513,55
12184,14514,55
12185,14515,55
12186,14516,55
12187,14517,55
12188,14518,55
12189,14519,55
12190,14520,55
12191,14521,55
12192,14522,55
12193,14523,55
12194,14524,55
12195,14525,55
12196,14526,55
12197,14527,55
12198,14528,55
12199,14529,55
12200,14530,55
12201,14531,55
12202,14532,55
12203,14533,55
12204,14534,55
12205,14535,55
12206,14536,55
12207,14537,55
12208,14538,55
12209,14539,55
12210,14540,55
12211,14541,55
12212,14542,55
12213,14543,55
12214,14544,55
12215,14545,55
12216,14546,55
12217,14547,55
12218,14548,55
12219,14549,55
12220,14550,55
12221,14551,55
12222,14552,55
12223,14553,55
12224,14554,55
12225,14555,55
12226,14556,55
12227,14557,55
12228,14558,55
12229,14559,55
12230,14560,55
12231,14561,55
12232,14562,55
12233,14563,55
12234,14564,55
12235,14565,55
12236,14566,56
12237,14567,56
12238,14568,56
12239,14569,56
12240,14570,56
12241,14571,56
12242,14572,56
12243,14573,56
12244,14574,56
12245,14575,56
12246,14576,56
12247,14577,56
12248,14578,56
12249,14579,56
12250,14580,56
12251,14581,56
12252,14582,56
12253,14583,56
12254,14584,56
12255,14585,56
12256,14586,56
12257,14587,56
12258,14588,56
12259,14589,56
12260,14590,56
12261,14591,56
12262,14592,56
12263,14593,56
12264,14594,56
12265,14595,56
12266,14596,56
12267,14597,56
12268,14598,56
12269,14599,56
12270,14600,56
12271,14601,56
12272,14602,56
12273,14603,56
12274,14604,56
12275,14605,56
12276,14606,56
12277,14607,56
12278,14608,56
12279,14609,56
12280,14610,56
12281,14611,56
12282,14612,56
12283,14613,56
12284,14614,56
12285,14615,56
12286,14616,56
12287,14617,56
12288,14618,56
12289,14619,56
12290,14620,56
12291,14621,56
12292,14622,56
12293,14623,56
12294,14624,56
12295,14625,56
12296,14626,56
12297,14627,56
12298,14628,56
12299,14629,56
12300,14630,56
12301,14631,56
12302,14632,56
12303,14633,56
12304,14634,56
12305,14635,56
12306,14636,56
12307,14637,56
12308,14638,56
12309,14639,56
12310,14640,56
12311,14641,56
12312,14642,56
12313,14643,56
12314,14644,56
12315,14645,56
12316,14646,56
12317,14647,56
12318,14648,56
12319,14649,56
12320,14650,56
12321,14651,56
12322,14652,56
12323,14653,56
12324,14654,56
12325,14655,56
12326,14656,56
12327,14657,56
12328,14658,56
12329,14659,56
12330,14660,56
12331,14661,56
12332,14662,56
12333,14663,56
12334,14664,56
12335,14665,56
12336,14666,56
12337,14667,56
12338,14668,56
12339,14669,56
12340,14670,56
12341,14671,56
12342,14672,56
12343,14673,56
12344,14674,56
12345,14675,56
12346,14676,56
12347,14677,56
12348,14678,56
12349,14679,56
12350,14680,56
12351,14681,56
12352,14682,56
12353,14683,56
12354,14684,56
12355,14685,56
12356,14686,56
12357,14687,56
12358,14688,56
12359,14689,56
12360,14690,56
12361,14691,56
12362,14692,56
12363,14693,56
12364,14694,56
12365,14695,56
12366,14696,56
12367,14697,56
12368,14698,56
12369,14699,56
12370,14700,56
12371,14701,56
12372,14702,56
12373,14703,56
12374,14704,56
12375,14705,56
12376,14706,56
12377,14707,56
12378,14708,56
12379,14709,56
12380,14710,56
12381,14711,56
12382,14712,56
12383,14713,56
12384,14714,56
12385,14715,56
12386,14716,56
12387,14717,56
12388,14718,56
12389,14719,56
12390,14720,56
12391,14721,56
12392,14722,56
12393,14723,56
12394,14724,56
12395,14725,56
12396,14726,56
12397,14727,57
12398,14728,57
12399,14729,57
12400,14730,57
12401,14731,57
12402,14732,57
12403,14733,57
12404,14734,57
12405,14735,57
12406,14736,57
12407,14737,57
12408,14738,57
12409,14739,57
12410,14740,57
12411,14741,57
12412,14742,57
12413,14743,57
12414,14744,57
12415,14745,57
12416,14746,57
12417,14747,57
12418,14748,57
12419,14749,57
12420,14750,57
12421,14751,57
12422,14752,57
12423,14753,57
12424,14754,57
12425,14755,57
12426,14756,57
12427,14757,57
12428,14758,57
12429,14759,57
12430,14760,57
12431,14761,57
12432,14762,57
12433,14763,57
12434,14764,57
12435,14765,57
12436,14766,57
12437,14767,57
12438,14768,57
12439,14769,57
12440,14770,57
12441,14771,57
12442,14772,57
12443,14773,57
12444,14774,57
12445,14775,57
12446,14776,57
12447,14777,57
12448,14778,57
12449,14779,57
12450,14780,57
12451,14781,57
12452,14782,57
12453,14783,57
12454,14784,57
12455,14785,57
12456,14786,57
12457,14787,57
12458,14788,57
12459,14789,57
12460,14790,57
12461,14791,57
12462,14792,57
12463,14793,57
12464,14794,57
12465,14795,57
12466,14796,57
12467,14797,57
12468,14798,57
12469,14799,57
12470,14800,57
12471,14801,57
12472,14802,57
12473,14803,57
12474,14804,57
12475,14805,57
12476,14806,57
12477,14807,57
12478,14808,57
12479,14809,57
12480,14810,57
12481,14811,57
12482,14812,57
12483,14813,57
12484,14814,57
12485,14815,57
12486,14816,57
12487,14817,57
12488,14818,57
12489,14819,57
12490,14820,57
12491,14821,57
12492,14822,57
12493,14823,57
12494,14824,57
12495,14825,57
12496,14826,57
12497,14827,57
12498,14828,57
12499,14829,57
12500,14830,57
12501,14831,57
12502,14832,57
12503,14833,57
12504,14834,57
12505,14835,57
12506,14836,57
12507,14837,57
12508,14838,57
12509,14839,57
12510,14840,57
12511,14841,57
12512,14842,57
12513,14843,57
12514,14844,57
12515,14845,57
12516,14846,57
12517,14847,57
12518,14848,57
12519,14849,57
12520,14850,57
12521,14851,57
12522,14852,57
12523,14853,57
12524,14854,57
12525,14855,57
12526,14856,57
12527,14857,57
12528,14858,57
12529,14859,57
12530,14860,57
12531,14861,57
12532,14862,57
12533,14863,57
12534,14864,57
12535,14865,57
12536,14866,57
12537,14867,57
12538,14868,57
12539,14869,57
12540,14870,57
12541,14871,57
12542,14872,57
12543,14873,57
12544,14874,57
12545,14875,57
12546,14896,58
12547,14897,58
12548,14898,58
12549,14899,58
12550,14900,58
12551,14901,58
12552,14902,58
12553,14903,58
12554,14904,58
12555,14905,58
12556,14906,58
12557,14907,58
12558,14908,58
12559,14909,58
12560,14910,58
12561,14911,58
12562,14912,58
12563,14913,58
12564,14914,58
12565,14915,58
12566,14916,58
12567,14917,58
12568,14918,58
12569,14919,58
12570,14920,58
12571,14921,58
12572,14922,58
12573,14923,58
12574,14924,58
12575,14925,58
12576,14926,58
12577,14927,58
12578,14928,58
12579,14929,58
12580,14930,58
12581,14931,58
12582,14932,58
12583,14933,58
12584,14934,58
12585,14935,58
12586,14936,58
12587,14937,58
12588,14938,58
12589,14939,58
12590,14940,58
12591,14941,58
12592,14942,58
12593,14943,58
12594,14944,58
12595,14945,58
12596,14946,58
12597,14947,58
12598,14948,58
12599,14949,58
12600,14950,58
12601,14951,58
12602,14952,58
12603,14953,58
12604,14954,58
12605,14955,58
12606,14956,58
12607,14957,58
12608,14958,58
12609,14959,58
12610,14960,58
12611,14961,58
12612,14962,58
12613,14963,58
12614,14964,58
12615,14965,58
12616,14966,58
12617,14967,58
12618,14968,58
12619,14969,58
12620,14970,58
12621,14971,58
12622,14972,58
12623,14973,58
12624,14974,58
12625,14975,58
12626,14976,58
12627,14977,58
12628,14978,58
12629,14979,58
12630,14980,58
12631,14981,58
12632,14982,58
12633,14983,58
12634,14984,58
12635,14985,58
12636,14986,58
12637,14987,58
12638,14988,58
12639,14989,58
12640,14990,58
12641,14991,58
12642,14992,58
12643,14993,58
12644,14994,58
12645,14995,58
12646,14996,58
12647,14997,58
12648,14998,58
12649,14999,58
12650,15000,58
12651,15001,58
12652,15002,58
12653,15003,58
12654,15004,58
12655,15005,58
12656,15006,58
12657,15007,58
12658,15008,58
12659,15009,58
12660,15010,58
12661,15011,58
12662,15012,58
12663,15013,58
12664,15014,58
12665,15015,58
12666,15016,58
12667,15017,58
12668,15018,58
12669,15019,58
12670,15020,58
12671,15021,58
12672,15022,58
12673,15023,58
12674,15024,58
12675,15025,58
12676,15026,58
12677,15027,58
12678,15028,58
12679,15029,58
12680,15030,58
12681,15031,58
12682,15032,58
12683,15033,58
12684,15034,58
12685,15035,58
12686,15036,58
12687,15037,58
12688,15038,58
12689,15039,58
12690,15040,58
12691,15041,58
12692,15042,58
12693,15043,58
12694,15044,58
12695,15045,58
12696,15046,58
12697,15047,58
12698,15048,58
12699,15049,58
12700,15050,58
12701,15051,58
12702,15052,58
12703,15053,58
12704,15054,58
12705,15055,58
12706,15056,58
12707,15057,58
12708,15058,58
12709,15059,58
12710,15060,58
12711,15061,58
12712,15062,58
12713,15063,58
12714,15064,58
12715,15065,58
12716,15066,58
12717,15067,58
12718,15068,58
12719,15069,58
12720,15070,58
12721,15071,58
12722,15072,58
12723,15073,58
12724,15074,58
12725,15075,58
12726,15076,58
12727,15077,58
12728,15078,58
12729,15079,58
12730,15080,58
12731,15081,58
12732,15082,58
12733,15083,58
12734,15084,58
12735,15085,58
12736,15086,58
12737,15087,58
12738,15088,58
12739,15089,58
12740,15090,58
12741,15091,58
12742,15092,58
12743,15093,58
12744,15094,58
12745,15095,58
12746,15096,58
12747,15097,58
12748,15098,58
12749,15099,58
12750,15100,58
12751,15101,58
12752,15102,58
12753,15103,58
12754,15104,58
12755,15105,58
12756,15106,58
12757,15107,58
12758,15108,58
12759,15109,58
12760,15110,58
12761,15111,58
12762,15112,58
12763,15113,58
12764,15114,58
12765,15115,58
12766,15116,58
12767,15117,58
12768,15118,58
12769,15119,58
12770,15120,58
12771,15121,58
12772,15122,58
12773,15123,58
12774,15124,58
12775,15125,58
12776,15126,58
12777,15127,58
12778,15128,58
12779,15129,58
12780,15130,58
12781,15131,58
12782,15132,58
12783,15133,58
12784,15134,58
12785,15135,58
12786,15136,58
12787,15137,58
12788,15138,58
12789,15139,58
12790,15140,58
12791,15141,58
12792,15142,58
12793,15143,58
12794,15144,58
12795,15145,58
12796,15146,58
12797,15147,58
12798,15148,58
12799,15149,58
12800,15150,58
12801,15151,58
12802,15152,58
12803,15153,58
12804,15154,58
12805,15155,58
12806,15156,58
12807,15157,58
12808,15158,58
12809,15159,58
12810,15160,58
12811,15161,58
12812,15162,58
12813,15163,58
12814,15164,58
12815,15165,58
12816,15166,58
12817,15167,58
12818,15168,58
12819,15169,58
12820,15170,58
12821,15171,58
12822,15172,58
12823,15173,58
12824,15174,58
12825,15175,58
12826,15176,58
12827,15177,58
12828,15178,58
12829,15179,58
12830,15180,58
12831,15181,58
12832,15182,58
12833,15183,58
12834,15184,58
12835,15185,58
12836,15186,58
12837,15187,58
12838,15188,58
12839,15189,58
12840,15190,58
12841,15191,58
12842,15192,58
12843,15193,58
12844,15194,58
12845,15195,58
12846,15196,58
12847,15197,58
12848,15198,58
12849,15199,58
12850,15200,58
12851,15201,58
12852,15202,58
12853,15203,58
12854,15204,58
12855,15205,58
12856,15206,58
12857,15207,58
12858,15208,58
12859,15209,58
12860,15210,58
12861,15211,58
12862,15212,58
12863,15213,58
12864,15214,58
12865,15215,58
12866,15216,58
12867,15217,59
12868,15218,59
12869,15219,59
12870,15220,59
12871,15221,59
12872,15222,59
12873,15223,59
12874,15224,59
12875,15225,59
12876,15226,59
12877,15227,59
12878,15228,59
12879,15229,59
12880,15230,59
12881,15231,59
12882,15232,59
12883,15233,59
12884,15234,59
12885,15235,59
12886,15236,59
12887,15237,59
12888,15238,59
12889,15239,59
12890,15240,59
12891,15241,59
12892,15242,59
12893,15243,59
12894,15244,59
12895,15245,59
12896,15246,59
12897,15247,59
12898,15248,59
12899,15249,59
12900,15250,59
12901,15251,59
12902,15252,59
12903,15253,59
12904,15254,59
12905,15255,59
12906,15256,59
12907,15257,59
12908,15258,59
12909,15259,59
12910,15260,59
12911,15261,59
12912,15262,59
12913,15263,59
12914,15264,59
12915,15265,59
12916,15266,59
12917,15267,59
12918,15268,59
12919,15269,59
12920,15270,59
12921,15271,59
12922,15272,59
12923,15273,59
12924,15274,59
12925,15275,59
12926,15276,59
12927,15277,59
12928,15278,59
12929,15279,59
12930,15280,59
12931,15281,59
12932,15282,59
12933,15283,59
12934,15284,59
12935,15285,59
12936,15286,59
12937,15287,59
12938,15288,59
12939,15289,59
12940,15290,59
12941,15291,59
12942,15292,59
12943,15293,59
12944,15294,59
12945,15295,59
12946,15296,59
12947,15297,59
12948,15298,59
12949,15299,59
12950,15300,59
12951,15301,59
12952,15302,59
12953,15303,59
12954,15304,59
12955,15305,59
12956,15306,59
12957,15307,59
12958,15308,59
12959,15309,59
12960,15310,59
12961,15311,59
12962,15312,59
12963,15313,59
12964,15314,59
12965,15315,59
12966,15316,59
12967,15317,59
12968,15318,59
12969,15319,59
12970,15320,59
12971,15321,59
12972,15322,59
12973,15323,59
12974,15324,59
12975,15325,59
12976,15326,59
12977,15327,59
12978,15328,59
12979,15329,59
12980,15330,59
12981,15331,59
12982,15332,59
12983,15333,59
12984,15334,59
12985,15335,59
12986,15336,59
12987,15337,59
12988,15338,59
12989,15339,59
12990,15340,59
12991,15341,59
12992,15342,59
12993,15343,59
12994,15344,59
12995,15345,59
12996,15346,59
12997,15347,59
12998,15348,59
12999,15349,59
13000,15350,59
13001,15351,59
13002,15352,59
13003,15353,59
13004,15354,59
13005,15355,59
13006,15356,59
13007,15357,59
13008,15358,59
13009,15359,59
13010,15360,59
13011,15361,59
13012,15362,59
13013,15363,59
13014,15364,59
13015,15365,59
13016,15407,60
13017,15408,60
13018,15409,60
13019,15410,60
13020,15411,60
13021,15412,60
13022,15413,60
13023,15414,60
13024,15415,60
13025,15416,60
13026,15417,60
13027,15418,60
13028,15419,60
13029,15420,60
13030,15421,60
13031,15422,60
13032,15423,60
13033,15424,60
13034,15425,60
13035,15426,60
13036,15427,60
13037,15428,60
13038,15429,60
13039,15430,60
13040,15431,60
13041,15432,60
13042,15433,60
13043,15434,60
13044,15435,60
13045,15436,60
13046,15437,60
13047,15438,60
13048,15439,60
13049,15440,60
13050,15441,60
13051,15442,60
13052,15443,60
13053,15444,60
13054,15445,60
13055,15446,60
13056,15447,60
13057,15448,60
13058,15449,60
13059,15450,60
13060,15451,60
13061,15452,60
13062,15453,60
13063,15454,60
13064,15455,60
13065,15456,60
13066,15457,60
13067,15458,60
13068,15459,60
13069,15460,60
13070,15461,60
13071,15462,60
13072,15463,60
13073,15464,60
13074,15465,60
13075,15466,60
13076,15467,60
13077,15468,60
13078,15469,60
13079,15470,60
13080,15471,60
13081,15472,60
13082,15473,60
13083,15474,60
13084,15475,60
13085,15476,60
13086,15477,60
13087,15478,60
13088,15479,60
13089,15480,60
13090,15481,60
13091,15482,60
13092,15483,60
13093,15484,60
13094,15485,60
13095,15486,60
13096,15487,60
13097,15488,60
13098,15489,60
13099,15490,60
13100,15491,60
13101,15492,60
13102,15493,60
13103,15494,60
13104,15495,60
