original_frame,new_frame,deleted,original_time_sec,new_time_sec
0,0,False,0.0,0.0
1,1,False,0.04,0.04
2,2,False,0.08,0.08
3,3,False,0.12,0.12
4,4,False,0.16,0.16
5,5,False,0.2,0.2
6,6,False,0.24,0.24
7,7,False,0.28,0.28
8,8,False,0.32,0.32
9,9,False,0.36,0.36
10,10,False,0.4,0.4
11,11,False,0.44,0.44
12,12,False,0.48,0.48
13,13,False,0.52,0.52
14,14,False,0.56,0.56
15,15,False,0.6,0.6
16,16,False,0.64,0.64
17,17,False,0.68,0.68
18,18,False,0.72,0.72
19,19,False,0.76,0.76
20,20,False,0.8,0.8
21,21,False,0.84,0.84
22,22,False,0.88,0.88
23,23,False,0.92,0.92
24,24,False,0.96,0.96
25,25,False,1.0,1.0
26,26,False,1.04,1.04
27,27,False,1.08,1.08
28,28,False,1.12,1.12
29,29,False,1.16,1.16
30,30,False,1.2,1.2
31,31,False,1.24,1.24
32,32,False,1.28,1.28
33,33,False,1.32,1.32
34,34,False,1.36,1.36
35,35,False,1.4,1.4
36,36,False,1.44,1.44
37,37,False,1.48,1.48
38,38,False,1.52,1.52
39,39,False,1.56,1.56
40,40,False,1.6,1.6
41,41,False,1.64,1.64
42,42,False,1.68,1.68
43,43,False,1.72,1.72
44,44,False,1.76,1.76
45,45,False,1.8,1.8
46,46,False,1.84,1.84
47,47,False,1.88,1.88
48,48,False,1.92,1.92
49,49,False,1.96,1.96
50,50,False,2.0,2.0
51,51,False,2.04,2.04
52,52,False,2.08,2.08
53,53,False,2.12,2.12
54,54,False,2.16,2.16
55,55,False,2.2,2.2
56,56,False,2.24,2.24
57,57,False,2.28,2.28
58,58,False,2.32,2.32
59,59,False,2.36,2.36
60,60,False,2.4,2.4
61,61,False,2.44,2.44
62,62,False,2.48,2.48
63,63,False,2.52,2.52
64,64,False,2.56,2.56
65,65,False,2.6,2.6
66,66,False,2.64,2.64
67,67,False,2.68,2.68
68,68,False,2.72,2.72
69,69,False,2.76,2.76
70,70,False,2.8,2.8
71,71,False,2.84,2.84
72,72,False,2.88,2.88
73,73,False,2.92,2.92
74,74,False,2.96,2.96
75,75,False,3.0,3.0
76,76,False,3.04,3.04
77,77,False,3.08,3.08
78,78,False,3.12,3.12
79,79,False,3.16,3.16
80,80,False,3.2,3.2
81,81,False,3.24,3.24
82,82,False,3.28,3.28
83,83,False,3.32,3.32
84,84,False,3.36,3.36
85,85,False,3.4,3.4
86,86,False,3.44,3.44
87,87,False,3.48,3.48
88,88,False,3.52,3.52
89,89,False,3.56,3.56
90,90,False,3.6,3.6
91,91,False,3.64,3.64
92,92,False,3.68,3.68
93,93,False,3.72,3.72
94,94,False,3.76,3.76
95,95,False,3.8,3.8
96,96,False,3.84,3.84
97,97,False,3.88,3.88
98,98,False,3.92,3.92
99,99,False,3.96,3.96
100,100,False,4.0,4.0
101,101,False,4.04,4.04
102,102,False,4.08,4.08
103,103,False,4.12,4.12
104,104,False,4.16,4.16
105,105,False,4.2,4.2
106,106,False,4.24,4.24
107,107,False,4.28,4.28
108,108,False,4.32,4.32
109,109,False,4.36,4.36
110,110,False,4.4,4.4
111,111,False,4.44,4.44
112,112,False,4.48,4.48
113,113,False,4.52,4.52
114,114,False,4.56,4.56
115,115,False,4.6,4.6
116,116,False,4.64,4.64
117,117,False,4.68,4.68
118,118,False,4.72,4.72
119,119,False,4.76,4.76
120,120,False,4.8,4.8
121,121,False,4.84,4.84
122,122,False,4.88,4.88
123,123,False,4.92,4.92
124,124,False,4.96,4.96
125,125,False,5.0,5.0
126,126,False,5.04,5.04
127,127,False,5.08,5.08
128,128,False,5.12,5.12
129,129,False,5.16,5.16
130,130,False,5.2,5.2
131,131,False,5.24,5.24
132,132,False,5.28,5.28
133,133,False,5.32,5.32
134,134,False,5.36,5.36
135,135,False,5.4,5.4
136,136,False,5.44,5.44
137,137,False,5.48,5.48
138,138,False,5.52,5.52
139,139,False,5.56,5.56
140,140,False,5.6,5.6
141,141,False,5.64,5.64
142,142,False,5.68,5.68
143,143,False,5.72,5.72
144,144,False,5.76,5.76
145,145,False,5.8,5.8
146,146,False,5.84,5.84
147,147,False,5.88,5.88
148,148,False,5.92,5.92
149,149,False,5.96,5.96
150,150,False,6.0,6.0
151,151,False,6.04,6.04
152,152,False,6.08,6.08
153,153,False,6.12,6.12
154,154,False,6.16,6.16
155,155,False,6.2,6.2
156,156,False,6.24,6.24
157,157,False,6.28,6.28
158,158,False,6.32,6.32
159,159,False,6.36,6.36
160,160,False,6.4,6.4
161,161,False,6.44,6.44
162,162,False,6.48,6.48
163,163,False,6.52,6.52
164,164,False,6.56,6.56
165,165,False,6.6,6.6
166,166,False,6.64,6.64
167,167,False,6.68,6.68
168,168,False,6.72,6.72
169,169,False,6.76,6.76
170,170,False,6.8,6.8
171,171,False,6.84,6.84
172,172,False,6.88,6.88
173,173,False,6.92,6.92
174,174,False,6.96,6.96
175,175,False,7.0,7.0
176,176,False,7.04,7.04
177,177,False,7.08,7.08
178,178,False,7.12,7.12
179,179,False,7.16,7.16
180,180,False,7.2,7.2
181,181,False,7.24,7.24
182,182,False,7.28,7.28
183,183,False,7.32,7.32
184,184,False,7.36,7.36
185,185,False,7.4,7.4
186,186,False,7.44,7.44
187,187,False,7.48,7.48
188,188,False,7.52,7.52
189,189,False,7.56,7.56
190,190,False,7.6,7.6
191,191,False,7.64,7.64
192,192,False,7.68,7.68
193,193,False,7.72,7.72
194,194,False,7.76,7.76
195,195,False,7.8,7.8
196,196,False,7.84,7.84
197,197,False,7.88,7.88
198,198,False,7.92,7.92
199,199,False,7.96,7.96
200,200,False,8.0,8.0
201,201,False,8.04,8.04
202,202,False,8.08,8.08
203,203,False,8.12,8.12
204,204,False,8.16,8.16
205,205,False,8.2,8.2
206,206,False,8.24,8.24
207,207,False,8.28,8.28
208,208,False,8.32,8.32
209,209,False,8.36,8.36
210,210,False,8.4,8.4
211,211,False,8.44,8.44
212,212,False,8.48,8.48
213,213,False,8.52,8.52
214,214,False,8.56,8.56
215,215,False,8.6,8.6
216,216,False,8.64,8.64
217,217,False,8.68,8.68
218,218,False,8.72,8.72
219,219,False,8.76,8.76
220,220,False,8.8,8.8
221,221,False,8.84,8.84
222,222,False,8.88,8.88
223,223,False,8.92,8.92
224,224,False,8.96,8.96
225,225,False,9.0,9.0
226,226,False,9.04,9.04
227,227,False,9.08,9.08
228,228,False,9.12,9.12
229,229,False,9.16,9.16
230,230,False,9.2,9.2
231,231,False,9.24,9.24
232,232,False,9.28,9.28
233,233,False,9.32,9.32
234,234,False,9.36,9.36
235,235,False,9.4,9.4
236,236,False,9.44,9.44
237,237,False,9.48,9.48
238,238,False,9.52,9.52
239,239,False,9.56,9.56
240,240,False,9.6,9.6
241,241,False,9.64,9.64
242,242,False,9.68,9.68
243,243,False,9.72,9.72
244,244,False,9.76,9.76
245,245,False,9.8,9.8
246,246,False,9.84,9.84
247,247,False,9.88,9.88
248,248,False,9.92,9.92
249,249,False,9.96,9.96
250,250,False,10.0,10.0
251,251,False,10.04,10.04
252,252,False,10.08,10.08
253,253,False,10.12,10.12
254,254,False,10.16,10.16
255,255,False,10.2,10.2
256,256,False,10.24,10.24
257,257,False,10.28,10.28
258,258,False,10.32,10.32
259,259,False,10.36,10.36
260,260,False,10.4,10.4
261,261,False,10.44,10.44
262,262,False,10.48,10.48
263,263,False,10.52,10.52
264,264,False,10.56,10.56
265,265,False,10.6,10.6
266,266,False,10.64,10.64
267,267,False,10.68,10.68
268,268,False,10.72,10.72
269,269,False,10.76,10.76
270,270,False,10.8,10.8
271,271,False,10.84,10.84
272,272,False,10.88,10.88
273,273,False,10.92,10.92
274,274,False,10.96,10.96
275,275,False,11.0,11.0
276,276,False,11.04,11.04
277,277,False,11.08,11.08
278,278,False,11.12,11.12
279,279,False,11.16,11.16
280,280,False,11.2,11.2
281,281,False,11.24,11.24
282,282,False,11.28,11.28
283,283,False,11.32,11.32
284,284,False,11.36,11.36
285,285,False,11.4,11.4
286,286,False,11.44,11.44
287,287,False,11.48,11.48
288,288,False,11.52,11.52
289,289,False,11.56,11.56
290,290,False,11.6,11.6
291,291,False,11.64,11.64
292,292,False,11.68,11.68
293,293,False,11.72,11.72
294,294,False,11.76,11.76
295,295,False,11.8,11.8
296,296,False,11.84,11.84
297,297,False,11.88,11.88
298,298,False,11.92,11.92
299,299,False,11.96,11.96
300,300,False,12.0,12.0
301,301,False,12.04,12.04
302,302,False,12.08,12.08
303,303,False,12.12,12.12
304,304,False,12.16,12.16
305,305,False,12.2,12.2
306,306,False,12.24,12.24
307,307,False,12.28,12.28
308,308,False,12.32,12.32
309,309,False,12.36,12.36
310,310,False,12.4,12.4
311,311,False,12.44,12.44
312,312,False,12.48,12.48
313,313,False,12.52,12.52
314,314,False,12.56,12.56
315,315,False,12.6,12.6
316,316,False,12.64,12.64
317,317,False,12.68,12.68
318,318,False,12.72,12.72
319,319,False,12.76,12.76
320,320,False,12.8,12.8
321,321,False,12.84,12.84
322,322,False,12.88,12.88
323,323,False,12.92,12.92
324,324,False,12.96,12.96
325,325,False,13.0,13.0
326,326,False,13.04,13.04
327,327,False,13.08,13.08
328,328,False,13.12,13.12
329,329,False,13.16,13.16
330,330,False,13.2,13.2
331,331,False,13.24,13.24
332,332,False,13.28,13.28
333,333,False,13.32,13.32
334,334,False,13.36,13.36
335,335,False,13.4,13.4
336,336,False,13.44,13.44
337,337,False,13.48,13.48
338,338,False,13.52,13.52
339,339,False,13.56,13.56
340,340,False,13.6,13.6
341,341,False,13.64,13.64
342,342,False,13.68,13.68
343,343,False,13.72,13.72
344,344,False,13.76,13.76
345,345,False,13.8,13.8
346,346,False,13.84,13.84
347,347,False,13.88,13.88
348,348,False,13.92,13.92
349,349,False,13.96,13.96
350,350,False,14.0,14.0
351,351,False,14.04,14.04
352,352,False,14.08,14.08
353,353,False,14.12,14.12
354,354,False,14.16,14.16
355,355,False,14.2,14.2
356,356,False,14.24,14.24
357,357,False,14.28,14.28
358,358,False,14.32,14.32
359,359,False,14.36,14.36
360,360,False,14.4,14.4
361,361,False,14.44,14.44
362,362,False,14.48,14.48
363,363,False,14.52,14.52
364,364,False,14.56,14.56
365,365,False,14.6,14.6
366,366,False,14.64,14.64
367,367,False,14.68,14.68
368,368,False,14.72,14.72
369,369,False,14.76,14.76
370,370,False,14.8,14.8
371,371,False,14.84,14.84
372,372,False,14.88,14.88
373,373,False,14.92,14.92
374,374,False,14.96,14.96
375,375,False,15.0,15.0
376,376,False,15.04,15.04
377,377,False,15.08,15.08
378,378,False,15.12,15.12
379,379,False,15.16,15.16
380,380,False,15.2,15.2
381,381,False,15.24,15.24
382,382,False,15.28,15.28
383,383,False,15.32,15.32
384,384,False,15.36,15.36
385,385,False,15.4,15.4
386,386,False,15.44,15.44
387,387,False,15.48,15.48
388,388,False,15.52,15.52
389,389,False,15.56,15.56
390,390,False,15.6,15.6
391,391,False,15.64,15.64
392,392,False,15.68,15.68
393,393,False,15.72,15.72
394,394,False,15.76,15.76
395,395,False,15.8,15.8
396,396,False,15.84,15.84
397,397,False,15.88,15.88
398,398,False,15.92,15.92
399,399,False,15.96,15.96
400,400,False,16.0,16.0
401,401,False,16.04,16.04
402,402,False,16.08,16.08
403,403,False,16.12,16.12
404,404,False,16.16,16.16
405,405,False,16.2,16.2
406,406,False,16.24,16.24
407,407,False,16.28,16.28
408,408,False,16.32,16.32
409,409,False,16.36,16.36
410,410,False,16.4,16.4
411,411,False,16.44,16.44
412,412,False,16.48,16.48
413,413,False,16.52,16.52
414,414,False,16.56,16.56
415,415,False,16.6,16.6
416,416,False,16.64,16.64
417,417,False,16.68,16.68
418,418,False,16.72,16.72
419,419,False,16.76,16.76
420,420,False,16.8,16.8
421,421,False,16.84,16.84
422,422,False,16.88,16.88
423,423,False,16.92,16.92
424,424,False,16.96,16.96
425,425,False,17.0,17.0
426,426,False,17.04,17.04
427,427,False,17.08,17.08
428,428,False,17.12,17.12
429,429,False,17.16,17.16
430,430,False,17.2,17.2
431,431,False,17.24,17.24
432,432,False,17.28,17.28
433,433,False,17.32,17.32
434,434,False,17.36,17.36
435,435,False,17.4,17.4
436,436,False,17.44,17.44
437,437,False,17.48,17.48
438,438,False,17.52,17.52
439,439,False,17.56,17.56
440,440,False,17.6,17.6
441,441,False,17.64,17.64
442,442,False,17.68,17.68
443,443,False,17.72,17.72
444,444,False,17.76,17.76
445,445,False,17.8,17.8
446,446,False,17.84,17.84
447,447,False,17.88,17.88
448,448,False,17.92,17.92
449,449,False,17.96,17.96
450,450,False,18.0,18.0
451,451,False,18.04,18.04
452,452,False,18.08,18.08
453,453,False,18.12,18.12
454,454,False,18.16,18.16
455,455,False,18.2,18.2
456,456,False,18.24,18.24
457,457,False,18.28,18.28
458,458,False,18.32,18.32
459,459,False,18.36,18.36
460,460,False,18.4,18.4
461,461,False,18.44,18.44
462,462,False,18.48,18.48
463,463,False,18.52,18.52
464,464,False,18.56,18.56
465,465,False,18.6,18.6
466,466,False,18.64,18.64
467,467,False,18.68,18.68
468,468,False,18.72,18.72
469,469,False,18.76,18.76
470,470,False,18.8,18.8
471,471,False,18.84,18.84
472,472,False,18.88,18.88
473,473,False,18.92,18.92
474,474,False,18.96,18.96
475,475,False,19.0,19.0
476,476,False,19.04,19.04
477,477,False,19.08,19.08
478,478,False,19.12,19.12
479,479,False,19.16,19.16
480,480,False,19.2,19.2
481,481,False,19.24,19.24
482,482,False,19.28,19.28
483,483,False,19.32,19.32
484,484,False,19.36,19.36
485,485,False,19.4,19.4
486,486,False,19.44,19.44
487,487,False,19.48,19.48
488,488,False,19.52,19.52
489,489,False,19.56,19.56
490,490,False,19.6,19.6
491,491,False,19.64,19.64
492,492,False,19.68,19.68
493,493,False,19.72,19.72
494,494,False,19.76,19.76
495,495,False,19.8,19.8
496,496,False,19.84,19.84
497,497,False,19.88,19.88
498,498,False,19.92,19.92
499,499,False,19.96,19.96
500,500,False,20.0,20.0
501,501,False,20.04,20.04
502,502,False,20.08,20.08
503,503,False,20.12,20.12
504,504,False,20.16,20.16
505,505,False,20.2,20.2
506,506,False,20.24,20.24
507,507,False,20.28,20.28
508,508,False,20.32,20.32
509,509,False,20.36,20.36
510,510,False,20.4,20.4
511,511,False,20.44,20.44
512,512,False,20.48,20.48
513,513,False,20.52,20.52
514,514,False,20.56,20.56
515,515,False,20.6,20.6
516,516,False,20.64,20.64
517,517,False,20.68,20.68
518,518,False,20.72,20.72
519,519,False,20.76,20.76
520,520,False,20.8,20.8
521,521,False,20.84,20.84
522,522,False,20.88,20.88
523,523,False,20.92,20.92
524,524,False,20.96,20.96
525,525,False,21.0,21.0
526,526,False,21.04,21.04
527,527,False,21.08,21.08
528,528,False,21.12,21.12
529,529,False,21.16,21.16
530,530,False,21.2,21.2
531,531,False,21.24,21.24
532,532,False,21.28,21.28
533,533,False,21.32,21.32
534,534,False,21.36,21.36
535,535,False,21.4,21.4
536,536,False,21.44,21.44
537,537,False,21.48,21.48
538,538,False,21.52,21.52
539,539,False,21.56,21.56
540,540,False,21.6,21.6
541,541,False,21.64,21.64
542,542,False,21.68,21.68
543,543,False,21.72,21.72
544,544,False,21.76,21.76
545,545,False,21.8,21.8
546,546,False,21.84,21.84
547,547,False,21.88,21.88
548,548,False,21.92,21.92
549,549,False,21.96,21.96
550,550,False,22.0,22.0
551,551,False,22.04,22.04
552,552,False,22.08,22.08
553,553,False,22.12,22.12
554,554,False,22.16,22.16
555,555,False,22.2,22.2
556,556,False,22.24,22.24
557,557,False,22.28,22.28
558,558,False,22.32,22.32
559,559,False,22.36,22.36
560,560,False,22.4,22.4
561,561,False,22.44,22.44
562,562,False,22.48,22.48
563,563,False,22.52,22.52
564,564,False,22.56,22.56
565,565,False,22.6,22.6
566,566,False,22.64,22.64
567,567,False,22.68,22.68
568,568,False,22.72,22.72
569,569,False,22.76,22.76
570,570,False,22.8,22.8
571,571,False,22.84,22.84
572,572,False,22.88,22.88
573,573,False,22.92,22.92
574,574,False,22.96,22.96
575,575,False,23.0,23.0
576,576,False,23.04,23.04
577,577,False,23.08,23.08
578,578,False,23.12,23.12
579,579,False,23.16,23.16
580,580,False,23.2,23.2
581,581,False,23.24,23.24
582,582,False,23.28,23.28
583,583,False,23.32,23.32
584,584,False,23.36,23.36
585,585,False,23.4,23.4
586,586,False,23.44,23.44
587,587,False,23.48,23.48
588,588,False,23.52,23.52
589,589,False,23.56,23.56
590,590,False,23.6,23.6
591,591,False,23.64,23.64
592,592,False,23.68,23.68
593,593,False,23.72,23.72
594,594,False,23.76,23.76
595,595,False,23.8,23.8
596,596,False,23.84,23.84
597,597,False,23.88,23.88
598,598,False,23.92,23.92
599,599,False,23.96,23.96
600,600,False,24.0,24.0
601,601,False,24.04,24.04
602,602,False,24.08,24.08
603,603,False,24.12,24.12
604,604,False,24.16,24.16
605,605,False,24.2,24.2
606,606,False,24.24,24.24
607,607,False,24.28,24.28
608,608,False,24.32,24.32
609,609,False,24.36,24.36
610,610,False,24.4,24.4
611,611,False,24.44,24.44
612,612,False,24.48,24.48
613,613,False,24.52,24.52
614,614,False,24.56,24.56
615,615,False,24.6,24.6
616,616,False,24.64,24.64
617,617,False,24.68,24.68
618,618,False,24.72,24.72
619,619,False,24.76,24.76
620,620,False,24.8,24.8
621,621,False,24.84,24.84
622,622,False,24.88,24.88
623,623,False,24.92,24.92
624,624,False,24.96,24.96
625,625,False,25.0,25.0
626,626,False,25.04,25.04
627,627,False,25.08,25.08
628,628,False,25.12,25.12
629,629,False,25.16,25.16
630,630,False,25.2,25.2
631,631,False,25.24,25.24
632,632,False,25.28,25.28
633,633,False,25.32,25.32
634,634,False,25.36,25.36
635,635,False,25.4,25.4
636,636,False,25.44,25.44
637,637,False,25.48,25.48
638,638,False,25.52,25.52
639,639,False,25.56,25.56
640,640,False,25.6,25.6
641,641,False,25.64,25.64
642,642,False,25.68,25.68
643,643,False,25.72,25.72
644,644,False,25.76,25.76
645,645,False,25.8,25.8
646,646,False,25.84,25.84
647,647,False,25.88,25.88
648,648,False,25.92,25.92
649,649,False,25.96,25.96
650,650,False,26.0,26.0
651,651,False,26.04,26.04
652,652,False,26.08,26.08
653,653,False,26.12,26.12
654,654,False,26.16,26.16
655,655,False,26.2,26.2
656,656,False,26.24,26.24
657,657,False,26.28,26.28
658,658,False,26.32,26.32
659,659,False,26.36,26.36
660,660,False,26.4,26.4
661,661,False,26.44,26.44
662,662,False,26.48,26.48
663,663,False,26.52,26.52
664,664,False,26.56,26.56
665,665,False,26.6,26.6
666,666,False,26.64,26.64
667,667,False,26.68,26.68
668,668,False,26.72,26.72
669,669,False,26.76,26.76
670,670,False,26.8,26.8
671,671,False,26.84,26.84
672,672,False,26.88,26.88
673,673,False,26.92,26.92
674,674,False,26.96,26.96
675,675,False,27.0,27.0
676,676,False,27.04,27.04
677,677,False,27.08,27.08
678,678,False,27.12,27.12
679,679,False,27.16,27.16
680,680,False,27.2,27.2
681,681,False,27.24,27.24
682,682,False,27.28,27.28
683,683,False,27.32,27.32
684,684,False,27.36,27.36
685,685,False,27.4,27.4
686,686,False,27.44,27.44
687,687,False,27.48,27.48
688,688,False,27.52,27.52
689,689,False,27.56,27.56
690,690,False,27.6,27.6
691,691,False,27.64,27.64
692,692,False,27.68,27.68
693,693,False,27.72,27.72
694,694,False,27.76,27.76
695,695,False,27.8,27.8
696,696,False,27.84,27.84
697,697,False,27.88,27.88
698,698,False,27.92,27.92
699,699,False,27.96,27.96
700,700,False,28.0,28.0
701,701,False,28.04,28.04
702,702,False,28.08,28.08
703,703,False,28.12,28.12
704,704,False,28.16,28.16
705,705,False,28.2,28.2
706,706,False,28.24,28.24
707,707,False,28.28,28.28
708,708,False,28.32,28.32
709,709,False,28.36,28.36
710,710,False,28.4,28.4
711,711,False,28.44,28.44
712,712,False,28.48,28.48
713,713,False,28.52,28.52
714,714,False,28.56,28.56
715,715,False,28.6,28.6
716,716,False,28.64,28.64
717,717,False,28.68,28.68
718,718,False,28.72,28.72
719,719,False,28.76,28.76
720,720,False,28.8,28.8
721,721,False,28.84,28.84
722,722,False,28.88,28.88
723,723,False,28.92,28.92
724,724,False,28.96,28.96
725,725,False,29.0,29.0
726,726,False,29.04,29.04
727,727,False,29.08,29.08
728,728,False,29.12,29.12
729,729,False,29.16,29.16
730,730,False,29.2,29.2
731,731,False,29.24,29.24
732,732,False,29.28,29.28
733,733,False,29.32,29.32
734,734,False,29.36,29.36
735,735,False,29.4,29.4
736,736,False,29.44,29.44
737,737,False,29.48,29.48
738,738,False,29.52,29.52
739,739,False,29.56,29.56
740,740,False,29.6,29.6
741,741,False,29.64,29.64
742,742,False,29.68,29.68
743,743,False,29.72,29.72
744,744,False,29.76,29.76
745,745,False,29.8,29.8
746,746,False,29.84,29.84
747,747,False,29.88,29.88
748,748,False,29.92,29.92
749,749,False,29.96,29.96
750,750,False,30.0,30.0
751,751,False,30.04,30.04
752,752,False,30.08,30.08
753,753,False,30.12,30.12
754,754,False,30.16,30.16
755,755,False,30.2,30.2
756,756,False,30.24,30.24
757,757,False,30.28,30.28
758,758,False,30.32,30.32
759,759,False,30.36,30.36
760,760,False,30.4,30.4
761,761,False,30.44,30.44
762,762,False,30.48,30.48
763,763,False,30.52,30.52
764,764,False,30.56,30.56
765,765,False,30.6,30.6
766,766,False,30.64,30.64
767,767,False,30.68,30.68
768,768,False,30.72,30.72
769,769,False,30.76,30.76
770,770,False,30.8,30.8
771,771,False,30.84,30.84
772,772,False,30.88,30.88
773,773,False,30.92,30.92
774,774,False,30.96,30.96
775,775,False,31.0,31.0
776,776,False,31.04,31.04
777,777,False,31.08,31.08
778,778,False,31.12,31.12
779,779,False,31.16,31.16
780,780,False,31.2,31.2
781,781,False,31.24,31.24
782,782,False,31.28,31.28
783,783,False,31.32,31.32
784,784,False,31.36,31.36
785,785,False,31.4,31.4
786,786,False,31.44,31.44
787,787,False,31.48,31.48
788,788,False,31.52,31.52
789,789,False,31.56,31.56
790,790,False,31.6,31.6
791,791,False,31.64,31.64
792,792,False,31.68,31.68
793,793,False,31.72,31.72
794,794,False,31.76,31.76
795,795,False,31.8,31.8
796,796,False,31.84,31.84
797,797,False,31.88,31.88
798,798,False,31.92,31.92
799,799,False,31.96,31.96
800,800,False,32.0,32.0
801,801,False,32.04,32.04
802,802,False,32.08,32.08
803,803,False,32.12,32.12
804,804,False,32.16,32.16
805,805,False,32.2,32.2
806,806,False,32.24,32.24
807,807,False,32.28,32.28
808,808,False,32.32,32.32
809,809,False,32.36,32.36
810,810,False,32.4,32.4
811,811,False,32.44,32.44
812,812,False,32.48,32.48
813,813,False,32.52,32.52
814,814,False,32.56,32.56
815,815,False,32.6,32.6
816,816,False,32.64,32.64
817,817,False,32.68,32.68
818,818,False,32.72,32.72
819,819,False,32.76,32.76
820,820,False,32.8,32.8
821,821,False,32.84,32.84
822,822,False,32.88,32.88
823,823,False,32.92,32.92
824,824,False,32.96,32.96
825,825,False,33.0,33.0
826,826,False,33.04,33.04
827,827,False,33.08,33.08
828,828,False,33.12,33.12
829,829,False,33.16,33.16
830,830,False,33.2,33.2
831,831,False,33.24,33.24
832,832,False,33.28,33.28
833,833,False,33.32,33.32
834,834,False,33.36,33.36
835,835,False,33.4,33.4
836,836,False,33.44,33.44
837,837,False,33.48,33.48
838,838,False,33.52,33.52
839,839,False,33.56,33.56
840,840,False,33.6,33.6
841,841,False,33.64,33.64
842,842,False,33.68,33.68
843,843,False,33.72,33.72
844,844,False,33.76,33.76
845,845,False,33.8,33.8
846,846,False,33.84,33.84
847,847,False,33.88,33.88
848,848,False,33.92,33.92
849,849,False,33.96,33.96
850,850,False,34.0,34.0
851,851,False,34.04,34.04
852,852,False,34.08,34.08
853,853,False,34.12,34.12
854,854,False,34.16,34.16
855,855,False,34.2,34.2
856,856,False,34.24,34.24
857,857,False,34.28,34.28
858,858,False,34.32,34.32
859,859,False,34.36,34.36
860,860,False,34.4,34.4
861,861,False,34.44,34.44
862,862,False,34.48,34.48
863,863,False,34.52,34.52
864,864,False,34.56,34.56
865,865,False,34.6,34.6
866,866,False,34.64,34.64
867,867,False,34.68,34.68
868,868,False,34.72,34.72
869,869,False,34.76,34.76
870,870,False,34.8,34.8
871,871,False,34.84,34.84
872,872,False,34.88,34.88
873,873,False,34.92,34.92
874,874,False,34.96,34.96
875,875,False,35.0,35.0
876,876,False,35.04,35.04
877,877,False,35.08,35.08
878,878,False,35.12,35.12
879,879,False,35.16,35.16
880,880,False,35.2,35.2
881,881,False,35.24,35.24
882,882,False,35.28,35.28
883,883,False,35.32,35.32
884,884,False,35.36,35.36
885,885,False,35.4,35.4
886,886,False,35.44,35.44
887,887,False,35.48,35.48
888,888,False,35.52,35.52
889,889,False,35.56,35.56
890,890,False,35.6,35.6
891,891,False,35.64,35.64
892,892,False,35.68,35.68
893,893,False,35.72,35.72
894,894,False,35.76,35.76
895,895,False,35.8,35.8
896,896,False,35.84,35.84
897,897,False,35.88,35.88
898,898,False,35.92,35.92
899,899,False,35.96,35.96
900,900,False,36.0,36.0
901,901,False,36.04,36.04
902,902,False,36.08,36.08
903,903,False,36.12,36.12
904,904,False,36.16,36.16
905,905,False,36.2,36.2
906,906,False,36.24,36.24
907,907,False,36.28,36.28
908,908,False,36.32,36.32
909,909,False,36.36,36.36
910,910,False,36.4,36.4
911,911,False,36.44,36.44
912,912,False,36.48,36.48
913,913,False,36.52,36.52
914,914,False,36.56,36.56
915,915,False,36.6,36.6
916,916,False,36.64,36.64
917,917,False,36.68,36.68
918,918,False,36.72,36.72
919,919,False,36.76,36.76
920,920,False,36.8,36.8
921,921,False,36.84,36.84
922,922,False,36.88,36.88
923,923,False,36.92,36.92
924,924,False,36.96,36.96
925,925,False,37.0,37.0
926,926,False,37.04,37.04
927,927,False,37.08,37.08
928,928,False,37.12,37.12
929,929,False,37.16,37.16
930,930,False,37.2,37.2
931,931,False,37.24,37.24
932,932,False,37.28,37.28
933,933,False,37.32,37.32
934,934,False,37.36,37.36
935,935,False,37.4,37.4
936,936,False,37.44,37.44
937,937,False,37.48,37.48
938,938,False,37.52,37.52
939,939,False,37.56,37.56
940,940,False,37.6,37.6
941,941,False,37.64,37.64
942,942,False,37.68,37.68
943,943,False,37.72,37.72
944,944,False,37.76,37.76
945,945,False,37.8,37.8
946,946,False,37.84,37.84
947,947,False,37.88,37.88
948,948,False,37.92,37.92
949,949,False,37.96,37.96
950,950,False,38.0,38.0
951,951,False,38.04,38.04
952,952,False,38.08,38.08
953,953,False,38.12,38.12
954,954,False,38.16,38.16
955,955,False,38.2,38.2
956,956,False,38.24,38.24
957,957,False,38.28,38.28
958,958,False,38.32,38.32
959,959,False,38.36,38.36
960,960,False,38.4,38.4
961,961,False,38.44,38.44
962,962,False,38.48,38.48
963,963,False,38.52,38.52
964,964,False,38.56,38.56
965,965,False,38.6,38.6
966,966,False,38.64,38.64
967,967,False,38.68,38.68
968,968,False,38.72,38.72
969,969,False,38.76,38.76
970,970,False,38.8,38.8
971,971,False,38.84,38.84
972,972,False,38.88,38.88
973,973,False,38.92,38.92
974,974,False,38.96,38.96
975,975,False,39.0,39.0
976,976,False,39.04,39.04
977,977,False,39.08,39.08
978,978,False,39.12,39.12
979,979,False,39.16,39.16
980,980,False,39.2,39.2
981,981,False,39.24,39.24
982,982,False,39.28,39.28
983,983,False,39.32,39.32
984,984,False,39.36,39.36
985,985,False,39.4,39.4
986,986,False,39.44,39.44
987,987,False,39.48,39.48
988,988,False,39.52,39.52
989,989,False,39.56,39.56
990,990,False,39.6,39.6
991,991,False,39.64,39.64
992,992,False,39.68,39.68
993,993,False,39.72,39.72
994,994,False,39.76,39.76
995,995,False,39.8,39.8
996,996,False,39.84,39.84
997,997,False,39.88,39.88
998,998,False,39.92,39.92
999,999,False,39.96,39.96
1000,1000,False,40.0,40.0
1001,1001,False,40.04,40.04
1002,1002,False,40.08,40.08
1003,1003,False,40.12,40.12
1004,1004,False,40.16,40.16
1005,1005,False,40.2,40.2
1006,1006,False,40.24,40.24
1007,1007,False,40.28,40.28
1008,1008,False,40.32,40.32
1009,1009,False,40.36,40.36
1010,1010,False,40.4,40.4
1011,1011,False,40.44,40.44
1012,1012,False,40.48,40.48
1013,1013,False,40.52,40.52
1014,1014,False,40.56,40.56
1015,1015,False,40.6,40.6
1016,1016,False,40.64,40.64
1017,1017,False,40.68,40.68
1018,1018,False,40.72,40.72
1019,1019,False,40.76,40.76
1020,1020,False,40.8,40.8
1021,1021,False,40.84,40.84
1022,1022,False,40.88,40.88
1023,1023,False,40.92,40.92
1024,1024,False,40.96,40.96
1025,1025,False,41.0,41.0
1026,1026,False,41.04,41.04
1027,1027,False,41.08,41.08
1028,1028,False,41.12,41.12
1029,1029,False,41.16,41.16
1030,1030,False,41.2,41.2
1031,1031,False,41.24,41.24
1032,1032,False,41.28,41.28
1033,1033,False,41.32,41.32
1034,1034,False,41.36,41.36
1035,1035,False,41.4,41.4
1036,1036,False,41.44,41.44
1037,1037,False,41.48,41.48
1038,1038,False,41.52,41.52
1039,1039,False,41.56,41.56
1040,1040,False,41.6,41.6
1041,1041,False,41.64,41.64
1042,1042,False,41.68,41.68
1043,1043,False,41.72,41.72
1044,1044,False,41.76,41.76
1045,1045,False,41.8,41.8
1046,1046,False,41.84,41.84
1047,1047,False,41.88,41.88
1048,1048,False,41.92,41.92
1049,1049,False,41.96,41.96
1050,1050,False,42.0,42.0
1051,1051,False,42.04,42.04
1052,1052,False,42.08,42.08
1053,1053,False,42.12,42.12
1054,1054,False,42.16,42.16
1055,1055,False,42.2,42.2
1056,1056,False,42.24,42.24
1057,1057,False,42.28,42.28
1058,1058,False,42.32,42.32
1059,1059,False,42.36,42.36
1060,1060,False,42.4,42.4
1061,1061,False,42.44,42.44
1062,1062,False,42.48,42.48
1063,1063,False,42.52,42.52
1064,1064,False,42.56,42.56
1065,1065,False,42.6,42.6
1066,1066,False,42.64,42.64
1067,1067,False,42.68,42.68
1068,1068,False,42.72,42.72
1069,1069,False,42.76,42.76
1070,1070,False,42.8,42.8
1071,1071,False,42.84,42.84
1072,1072,False,42.88,42.88
1073,1073,False,42.92,42.92
1074,1074,False,42.96,42.96
1075,1075,False,43.0,43.0
1076,1076,False,43.04,43.04
1077,1077,False,43.08,43.08
1078,1078,False,43.12,43.12
1079,1079,False,43.16,43.16
1080,1080,False,43.2,43.2
1081,1081,False,43.24,43.24
1082,1082,False,43.28,43.28
1083,1083,False,43.32,43.32
1084,1084,False,43.36,43.36
1085,1085,False,43.4,43.4
1086,1086,False,43.44,43.44
1087,1087,False,43.48,43.48
1088,1088,False,43.52,43.52
1089,1089,False,43.56,43.56
1090,1090,False,43.6,43.6
1091,1091,False,43.64,43.64
1092,1092,False,43.68,43.68
1093,1093,False,43.72,43.72
1094,1094,False,43.76,43.76
1095,1095,False,43.8,43.8
1096,1096,False,43.84,43.84
1097,1097,False,43.88,43.88
1098,1098,False,43.92,43.92
1099,1099,False,43.96,43.96
1100,1100,False,44.0,44.0
1101,1101,False,44.04,44.04
1102,1102,False,44.08,44.08
1103,1103,False,44.12,44.12
1104,1104,False,44.16,44.16
1105,1105,False,44.2,44.2
1106,1106,False,44.24,44.24
1107,1107,False,44.28,44.28
1108,1108,False,44.32,44.32
1109,1109,False,44.36,44.36
1110,1110,False,44.4,44.4
1111,1111,False,44.44,44.44
1112,1112,False,44.48,44.48
1113,1113,False,44.52,44.52
1114,1114,False,44.56,44.56
1115,1115,False,44.6,44.6
1116,1116,False,44.64,44.64
1117,1117,False,44.68,44.68
1118,1118,False,44.72,44.72
1119,1119,False,44.76,44.76
1120,1120,False,44.8,44.8
1121,1121,False,44.84,44.84
1122,1122,False,44.88,44.88
1123,1123,False,44.92,44.92
1124,1124,False,44.96,44.96
1125,1125,False,45.0,45.0
1126,1126,False,45.04,45.04
1127,1127,False,45.08,45.08
1128,1128,False,45.12,45.12
1129,1129,False,45.16,45.16
1130,1130,False,45.2,45.2
1131,1131,False,45.24,45.24
1132,1132,False,45.28,45.28
1133,1133,False,45.32,45.32
1134,1134,False,45.36,45.36
1135,1135,False,45.4,45.4
1136,1136,False,45.44,45.44
1137,1137,False,45.48,45.48
1138,1138,False,45.52,45.52
1139,1139,False,45.56,45.56
1140,1140,False,45.6,45.6
1141,1141,False,45.64,45.64
1142,1142,False,45.68,45.68
1143,1143,False,45.72,45.72
1144,1144,False,45.76,45.76
1145,1145,False,45.8,45.8
1146,1146,False,45.84,45.84
1147,1147,False,45.88,45.88
1148,1148,False,45.92,45.92
1149,1149,False,45.96,45.96
1150,1150,False,46.0,46.0
1151,1151,False,46.04,46.04
1152,1152,False,46.08,46.08
1153,1153,False,46.12,46.12
1154,1154,False,46.16,46.16
1155,1155,False,46.2,46.2
1156,1156,False,46.24,46.24
1157,1157,False,46.28,46.28
1158,1158,False,46.32,46.32
1159,1159,False,46.36,46.36
1160,1160,False,46.4,46.4
1161,1161,False,46.44,46.44
1162,1162,False,46.48,46.48
1163,1163,False,46.52,46.52
1164,1164,False,46.56,46.56
1165,1165,False,46.6,46.6
1166,1166,False,46.64,46.64
1167,1167,False,46.68,46.68
1168,1168,False,46.72,46.72
1169,1169,False,46.76,46.76
1170,1170,False,46.8,46.8
1171,1171,False,46.84,46.84
1172,1172,False,46.88,46.88
1173,1173,False,46.92,46.92
1174,1174,False,46.96,46.96
1175,1175,False,47.0,47.0
1176,1176,False,47.04,47.04
1177,1177,False,47.08,47.08
1178,1178,False,47.12,47.12
1179,1179,False,47.16,47.16
1180,1180,False,47.2,47.2
1181,1181,False,47.24,47.24
1182,1182,False,47.28,47.28
1183,1183,False,47.32,47.32
1184,1184,False,47.36,47.36
1185,1185,False,47.4,47.4
1186,1186,False,47.44,47.44
1187,1187,False,47.48,47.48
1188,1188,False,47.52,47.52
1189,1189,False,47.56,47.56
1190,1190,False,47.6,47.6
1191,1191,False,47.64,47.64
1192,1192,False,47.68,47.68
1193,1193,False,47.72,47.72
1194,1194,False,47.76,47.76
1195,1195,False,47.8,47.8
1196,1196,False,47.84,47.84
1197,1197,False,47.88,47.88
1198,1198,False,47.92,47.92
1199,1199,False,47.96,47.96
1200,1200,False,48.0,48.0
1201,1201,False,48.04,48.04
1202,1202,False,48.08,48.08
1203,1203,False,48.12,48.12
1204,1204,False,48.16,48.16
1205,1205,False,48.2,48.2
1206,1206,False,48.24,48.24
1207,1207,False,48.28,48.28
1208,1208,False,48.32,48.32
1209,1209,False,48.36,48.36
1210,1210,False,48.4,48.4
1211,1211,False,48.44,48.44
1212,1212,False,48.48,48.48
1213,1213,False,48.52,48.52
1214,1214,False,48.56,48.56
1215,1215,False,48.6,48.6
1216,1216,False,48.64,48.64
1217,1217,False,48.68,48.68
1218,1218,False,48.72,48.72
1219,1219,False,48.76,48.76
1220,1220,False,48.8,48.8
1221,1221,False,48.84,48.84
1222,1222,False,48.88,48.88
1223,1223,False,48.92,48.92
1224,1224,False,48.96,48.96
1225,1225,False,49.0,49.0
1226,1226,False,49.04,49.04
1227,1227,False,49.08,49.08
1228,1228,False,49.12,49.12
1229,1229,False,49.16,49.16
1230,1230,False,49.2,49.2
1231,1231,False,49.24,49.24
1232,1232,False,49.28,49.28
1233,1233,False,49.32,49.32
1234,1234,False,49.36,49.36
1235,1235,False,49.4,49.4
1236,1236,False,49.44,49.44
1237,1237,False,49.48,49.48
1238,1238,False,49.52,49.52
1239,1239,False,49.56,49.56
1240,1240,False,49.6,49.6
1241,1241,False,49.64,49.64
1242,1242,False,49.68,49.68
1243,1243,False,49.72,49.72
1244,1244,False,49.76,49.76
1245,1245,False,49.8,49.8
1246,1246,False,49.84,49.84
1247,1247,False,49.88,49.88
1248,1248,False,49.92,49.92
1249,1249,False,49.96,49.96
1250,1250,False,50.0,50.0
1251,1251,False,50.04,50.04
1252,1252,False,50.08,50.08
1253,1253,False,50.12,50.12
1254,1254,False,50.16,50.16
1255,1255,False,50.2,50.2
1256,1256,False,50.24,50.24
1257,1257,False,50.28,50.28
1258,1258,False,50.32,50.32
1259,1259,False,50.36,50.36
1260,1260,False,50.4,50.4
1261,1261,False,50.44,50.44
1262,1262,False,50.48,50.48
1263,1263,False,50.52,50.52
1264,1264,False,50.56,50.56
1265,1265,False,50.6,50.6
1266,1266,False,50.64,50.64
1267,1267,False,50.68,50.68
1268,1268,False,50.72,50.72
1269,1269,False,50.76,50.76
1270,1270,False,50.8,50.8
1271,1271,False,50.84,50.84
1272,1272,False,50.88,50.88
1273,1273,False,50.92,50.92
1274,1274,False,50.96,50.96
1275,1275,False,51.0,51.0
1276,1276,False,51.04,51.04
1277,1277,False,51.08,51.08
1278,1278,False,51.12,51.12
1279,1279,False,51.16,51.16
1280,1280,False,51.2,51.2
1281,1281,False,51.24,51.24
1282,1282,False,51.28,51.28
1283,1283,False,51.32,51.32
1284,1284,False,51.36,51.36
1285,1285,False,51.4,51.4
1286,1286,False,51.44,51.44
1287,1287,False,51.48,51.48
1288,1288,False,51.52,51.52
1289,1289,False,51.56,51.56
1290,1290,False,51.6,51.6
1291,1291,False,51.64,51.64
1292,1292,False,51.68,51.68
1293,1293,False,51.72,51.72
1294,1294,False,51.76,51.76
1295,1295,False,51.8,51.8
1296,1296,False,51.84,51.84
1297,1297,False,51.88,51.88
1298,1298,False,51.92,51.92
1299,1299,False,51.96,51.96
1300,1300,False,52.0,52.0
1301,1301,False,52.04,52.04
1302,1302,False,52.08,52.08
1303,1303,False,52.12,52.12
1304,1304,False,52.16,52.16
1305,1305,False,52.2,52.2
1306,1306,False,52.24,52.24
1307,1307,False,52.28,52.28
1308,1308,False,52.32,52.32
1309,1309,False,52.36,52.36
1310,1310,False,52.4,52.4
1311,1311,False,52.44,52.44
1312,1312,False,52.48,52.48
1313,1313,False,52.52,52.52
1314,1314,False,52.56,52.56
1315,1315,False,52.6,52.6
1316,1316,False,52.64,52.64
1317,1317,False,52.68,52.68
1318,1318,False,52.72,52.72
1319,1319,False,52.76,52.76
1320,1320,False,52.8,52.8
1321,1321,False,52.84,52.84
1322,1322,False,52.88,52.88
1323,1323,False,52.92,52.92
1324,1324,False,52.96,52.96
1325,1325,False,53.0,53.0
1326,1326,False,53.04,53.04
1327,1327,False,53.08,53.08
1328,1328,False,53.12,53.12
1329,1329,False,53.16,53.16
1330,1330,False,53.2,53.2
1331,1331,False,53.24,53.24
1332,1332,False,53.28,53.28
1333,1333,False,53.32,53.32
1334,1334,False,53.36,53.36
1335,1335,False,53.4,53.4
1336,1336,False,53.44,53.44
1337,1337,False,53.48,53.48
1338,1338,False,53.52,53.52
1339,1339,False,53.56,53.56
1340,1340,False,53.6,53.6
1341,1341,False,53.64,53.64
1342,1342,False,53.68,53.68
1343,1343,False,53.72,53.72
1344,1344,False,53.76,53.76
1345,1345,False,53.8,53.8
1346,1346,False,53.84,53.84
1347,1347,False,53.88,53.88
1348,1348,False,53.92,53.92
1349,1349,False,53.96,53.96
1350,1350,False,54.0,54.0
1351,1351,False,54.04,54.04
1352,1352,False,54.08,54.08
1353,1353,False,54.12,54.12
1354,1354,False,54.16,54.16
1355,1355,False,54.2,54.2
1356,1356,False,54.24,54.24
1357,1357,False,54.28,54.28
1358,1358,False,54.32,54.32
1359,1359,False,54.36,54.36
1360,1360,False,54.4,54.4
1361,1361,False,54.44,54.44
1362,1362,False,54.48,54.48
1363,1363,False,54.52,54.52
1364,1364,False,54.56,54.56
1365,1365,False,54.6,54.6
1366,1366,False,54.64,54.64
1367,1367,False,54.68,54.68
1368,1368,False,54.72,54.72
1369,1369,False,54.76,54.76
1370,1370,False,54.8,54.8
1371,1371,False,54.84,54.84
1372,1372,False,54.88,54.88
1373,1373,False,54.92,54.92
1374,1374,False,54.96,54.96
1375,1375,False,55.0,55.0
1376,1376,False,55.04,55.04
1377,1377,False,55.08,55.08
1378,1378,False,55.12,55.12
1379,1379,False,55.16,55.16
1380,1380,False,55.2,55.2
1381,1381,False,55.24,55.24
1382,1382,False,55.28,55.28
1383,1383,False,55.32,55.32
1384,1384,False,55.36,55.36
1385,1385,False,55.4,55.4
1386,1386,False,55.44,55.44
1387,1387,False,55.48,55.48
1388,1388,False,55.52,55.52
1389,1389,False,55.56,55.56
1390,1390,False,55.6,55.6
1391,1391,False,55.64,55.64
1392,1392,False,55.68,55.68
1393,1393,False,55.72,55.72
1394,1394,False,55.76,55.76
1395,1395,False,55.8,55.8
1396,1396,False,55.84,55.84
1397,1397,False,55.88,55.88
1398,1398,False,55.92,55.92
1399,1399,False,55.96,55.96
1400,1400,False,56.0,56.0
1401,1401,False,56.04,56.04
1402,1402,False,56.08,56.08
1403,1403,False,56.12,56.12
1404,1404,False,56.16,56.16
1405,1405,False,56.2,56.2
1406,1406,False,56.24,56.24
1407,1407,False,56.28,56.28
1408,1408,False,56.32,56.32
1409,1409,False,56.36,56.36
1410,1410,False,56.4,56.4
1411,1411,False,56.44,56.44
1412,1412,False,56.48,56.48
1413,1413,False,56.52,56.52
1414,1414,False,56.56,56.56
1415,1415,False,56.6,56.6
1416,1416,False,56.64,56.64
1417,1417,False,56.68,56.68
1418,1418,False,56.72,56.72
1419,1419,False,56.76,56.76
1420,1420,False,56.8,56.8
1421,1421,False,56.84,56.84
1422,1422,False,56.88,56.88
1423,1423,False,56.92,56.92
1424,1424,False,56.96,56.96
1425,1425,False,57.0,57.0
1426,1426,False,57.04,57.04
1427,1427,False,57.08,57.08
1428,1428,False,57.12,57.12
1429,1429,False,57.16,57.16
1430,1430,False,57.2,57.2
1431,1431,False,57.24,57.24
1432,1432,False,57.28,57.28
1433,1433,False,57.32,57.32
1434,1434,False,57.36,57.36
1435,1435,False,57.4,57.4
1436,1436,False,57.44,57.44
1437,1437,False,57.48,57.48
1438,1438,False,57.52,57.52
1439,1439,False,57.56,57.56
1440,1440,False,57.6,57.6
1441,1441,False,57.64,57.64
1442,1442,False,57.68,57.68
1443,1443,False,57.72,57.72
1444,1444,False,57.76,57.76
1445,1445,False,57.8,57.8
1446,1446,False,57.84,57.84
1447,1447,False,57.88,57.88
1448,1448,False,57.92,57.92
1449,1449,False,57.96,57.96
1450,1450,False,58.0,58.0
1451,1451,False,58.04,58.04
1452,1452,False,58.08,58.08
1453,1453,False,58.12,58.12
1454,1454,False,58.16,58.16
1455,1455,False,58.2,58.2
1456,1456,False,58.24,58.24
1457,1457,False,58.28,58.28
1458,1458,False,58.32,58.32
1459,1459,False,58.36,58.36
1460,1460,False,58.4,58.4
1461,1461,False,58.44,58.44
1462,1462,False,58.48,58.48
1463,1463,False,58.52,58.52
1464,1464,False,58.56,58.56
1465,1465,False,58.6,58.6
1466,1466,False,58.64,58.64
1467,1467,False,58.68,58.68
1468,1468,False,58.72,58.72
1469,1469,False,58.76,58.76
1470,1470,False,58.8,58.8
1471,1471,False,58.84,58.84
1472,1472,False,58.88,58.88
1473,1473,False,58.92,58.92
1474,1474,False,58.96,58.96
1475,1475,False,59.0,59.0
1476,1476,False,59.04,59.04
1477,1477,False,59.08,59.08
1478,1478,False,59.12,59.12
1479,1479,False,59.16,59.16
1480,1480,False,59.2,59.2
1481,1481,False,59.24,59.24
1482,1482,False,59.28,59.28
1483,1483,False,59.32,59.32
1484,1484,False,59.36,59.36
1485,1485,False,59.4,59.4
1486,1486,False,59.44,59.44
1487,1487,False,59.48,59.48
1488,1488,False,59.52,59.52
1489,1489,False,59.56,59.56
1490,1490,False,59.6,59.6
1491,1491,False,59.64,59.64
1492,1492,False,59.68,59.68
1493,1493,False,59.72,59.72
1494,1494,False,59.76,59.76
1495,1495,False,59.8,59.8
1496,1496,False,59.84,59.84
1497,1497,False,59.88,59.88
1498,1498,False,59.92,59.92
1499,1499,False,59.96,59.96
1500,1500,False,60.0,60.0
1501,1501,False,60.04,60.04
1502,1502,False,60.08,60.08
1503,1503,False,60.12,60.12
1504,1504,False,60.16,60.16
1505,1505,False,60.2,60.2
1506,1506,False,60.24,60.24
1507,1507,False,60.28,60.28
1508,1508,False,60.32,60.32
1509,1509,False,60.36,60.36
1510,1510,False,60.4,60.4
1511,1511,False,60.44,60.44
1512,1512,False,60.48,60.48
1513,1513,False,60.52,60.52
1514,1514,False,60.56,60.56
1515,1515,False,60.6,60.6
1516,1516,False,60.64,60.64
1517,1517,False,60.68,60.68
1518,1518,False,60.72,60.72
1519,1519,False,60.76,60.76
1520,1520,False,60.8,60.8
1521,1521,False,60.84,60.84
1522,1522,False,60.88,60.88
1523,1523,False,60.92,60.92
1524,1524,False,60.96,60.96
1525,1525,False,61.0,61.0
1526,1526,False,61.04,61.04
1527,1527,False,61.08,61.08
1528,1528,False,61.12,61.12
1529,1529,False,61.16,61.16
1530,1530,False,61.2,61.2
1531,1531,False,61.24,61.24
1532,1532,False,61.28,61.28
1533,1533,False,61.32,61.32
1534,1534,False,61.36,61.36
1535,1535,False,61.4,61.4
1536,1536,False,61.44,61.44
1537,1537,False,61.48,61.48
1538,1538,False,61.52,61.52
1539,1539,False,61.56,61.56
1540,1540,False,61.6,61.6
1541,1541,False,61.64,61.64
1542,1542,False,61.68,61.68
1543,1543,False,61.72,61.72
1544,1544,False,61.76,61.76
1545,1545,False,61.8,61.8
1546,1546,False,61.84,61.84
1547,1547,False,61.88,61.88
1548,1548,False,61.92,61.92
1549,1549,False,61.96,61.96
1550,1550,False,62.0,62.0
1551,1551,False,62.04,62.04
1552,1552,False,62.08,62.08
1553,1553,False,62.12,62.12
1554,1554,False,62.16,62.16
1555,1555,False,62.2,62.2
1556,1556,False,62.24,62.24
1557,1557,False,62.28,62.28
1558,1558,False,62.32,62.32
1559,1559,False,62.36,62.36
1560,1560,False,62.4,62.4
1561,1561,False,62.44,62.44
1562,1562,False,62.48,62.48
1563,1563,False,62.52,62.52
1564,1564,False,62.56,62.56
1565,1565,False,62.6,62.6
1566,1566,False,62.64,62.64
1567,1567,False,62.68,62.68
1568,1568,False,62.72,62.72
1569,1569,False,62.76,62.76
1570,1570,False,62.8,62.8
1571,1571,False,62.84,62.84
1572,1572,False,62.88,62.88
1573,1573,False,62.92,62.92
1574,1574,False,62.96,62.96
1575,1575,False,63.0,63.0
1576,1576,False,63.04,63.04
1577,1577,False,63.08,63.08
1578,1578,False,63.12,63.12
1579,1579,False,63.16,63.16
1580,1580,False,63.2,63.2
1581,1581,False,63.24,63.24
1582,1582,False,63.28,63.28
1583,1583,False,63.32,63.32
1584,1584,False,63.36,63.36
1585,1585,False,63.4,63.4
1586,1586,False,63.44,63.44
1587,1587,False,63.48,63.48
1588,1588,False,63.52,63.52
1589,1589,False,63.56,63.56
1590,1590,False,63.6,63.6
1591,1591,False,63.64,63.64
1592,1592,False,63.68,63.68
1593,1593,False,63.72,63.72
1594,1594,False,63.76,63.76
1595,1595,False,63.8,63.8
1596,1596,False,63.84,63.84
1597,1597,False,63.88,63.88
1598,1598,False,63.92,63.92
1599,1599,False,63.96,63.96
1600,1600,False,64.0,64.0
1601,1601,False,64.04,64.04
1602,1602,False,64.08,64.08
1603,1603,False,64.12,64.12
1604,1604,False,64.16,64.16
1605,1605,False,64.2,64.2
1606,1606,False,64.24,64.24
1607,1607,False,64.28,64.28
1608,1608,False,64.32,64.32
1609,1609,False,64.36,64.36
1610,1610,False,64.4,64.4
1611,1611,False,64.44,64.44
1612,1612,False,64.48,64.48
1613,1613,False,64.52,64.52
1614,1614,False,64.56,64.56
1615,1615,False,64.6,64.6
1616,1616,False,64.64,64.64
1617,1617,False,64.68,64.68
1618,1618,False,64.72,64.72
1619,1619,False,64.76,64.76
1620,1620,False,64.8,64.8
1621,1621,False,64.84,64.84
1622,1622,False,64.88,64.88
1623,1623,False,64.92,64.92
1624,1624,False,64.96,64.96
1625,1625,False,65.0,65.0
1626,1626,False,65.04,65.04
1627,1627,False,65.08,65.08
1628,1628,False,65.12,65.12
1629,1629,False,65.16,65.16
1630,1630,False,65.2,65.2
1631,1631,False,65.24,65.24
1632,1632,False,65.28,65.28
1633,1633,False,65.32,65.32
1634,1634,False,65.36,65.36
1635,1635,False,65.4,65.4
1636,1636,False,65.44,65.44
1637,1637,False,65.48,65.48
1638,1638,False,65.52,65.52
1639,1639,False,65.56,65.56
1640,1640,False,65.6,65.6
1641,1641,False,65.64,65.64
1642,1642,False,65.68,65.68
1643,1643,False,65.72,65.72
1644,1644,False,65.76,65.76
1645,1645,False,65.8,65.8
1646,1646,False,65.84,65.84
1647,1647,False,65.88,65.88
1648,1648,False,65.92,65.92
1649,1649,False,65.96,65.96
1650,1650,False,66.0,66.0
1651,1651,False,66.04,66.04
1652,1652,False,66.08,66.08
1653,1653,False,66.12,66.12
1654,1654,False,66.16,66.16
1655,1655,False,66.2,66.2
1656,1656,False,66.24,66.24
1657,1657,False,66.28,66.28
1658,1658,False,66.32,66.32
1659,1659,False,66.36,66.36
1660,1660,False,66.4,66.4
1661,1661,False,66.44,66.44
1662,1662,False,66.48,66.48
1663,1663,False,66.52,66.52
1664,1664,False,66.56,66.56
1665,1665,False,66.6,66.6
1666,1666,False,66.64,66.64
1667,1667,False,66.68,66.68
1668,1668,False,66.72,66.72
1669,1669,False,66.76,66.76
1670,1670,False,66.8,66.8
1671,1671,False,66.84,66.84
1672,1672,False,66.88,66.88
1673,1673,False,66.92,66.92
1674,1674,False,66.96,66.96
1675,1675,False,67.0,67.0
1676,1676,False,67.04,67.04
1677,1677,False,67.08,67.08
1678,1678,False,67.12,67.12
1679,1679,False,67.16,67.16
1680,1680,False,67.2,67.2
1681,1681,False,67.24,67.24
1682,1682,False,67.28,67.28
1683,1683,False,67.32,67.32
1684,1684,False,67.36,67.36
1685,1685,False,67.4,67.4
1686,1686,False,67.44,67.44
1687,1687,False,67.48,67.48
1688,1688,False,67.52,67.52
1689,1689,False,67.56,67.56
1690,1690,False,67.6,67.6
1691,1691,False,67.64,67.64
1692,1692,False,67.68,67.68
1693,1693,False,67.72,67.72
1694,1694,False,67.76,67.76
1695,1695,False,67.8,67.8
1696,1696,False,67.84,67.84
1697,1697,False,67.88,67.88
1698,1698,False,67.92,67.92
1699,1699,False,67.96,67.96
1700,1700,False,68.0,68.0
1701,1701,False,68.04,68.04
1702,1702,False,68.08,68.08
1703,1703,False,68.12,68.12
1704,1704,False,68.16,68.16
1705,1705,False,68.2,68.2
1706,1706,False,68.24,68.24
1707,1707,False,68.28,68.28
1708,1708,False,68.32,68.32
1709,1709,False,68.36,68.36
1710,1710,False,68.4,68.4
1711,1711,False,68.44,68.44
1712,1712,False,68.48,68.48
1713,1713,False,68.52,68.52
1714,1714,False,68.56,68.56
1715,1715,False,68.6,68.6
1716,1716,False,68.64,68.64
1717,1717,False,68.68,68.68
1718,1718,False,68.72,68.72
1719,1719,False,68.76,68.76
1720,1720,False,68.8,68.8
1721,1721,False,68.84,68.84
1722,1722,False,68.88,68.88
1723,1723,False,68.92,68.92
1724,1724,False,68.96,68.96
1725,1725,False,69.0,69.0
1726,1726,False,69.04,69.04
1727,1727,False,69.08,69.08
1728,1728,False,69.12,69.12
1729,1729,False,69.16,69.16
1730,1730,False,69.2,69.2
1731,1731,False,69.24,69.24
1732,1732,False,69.28,69.28
1733,1733,False,69.32,69.32
1734,1734,False,69.36,69.36
1735,1735,False,69.4,69.4
1736,1736,False,69.44,69.44
1737,1737,False,69.48,69.48
1738,1738,False,69.52,69.52
1739,1739,False,69.56,69.56
1740,1740,False,69.6,69.6
1741,1741,False,69.64,69.64
1742,1742,False,69.68,69.68
1743,1743,False,69.72,69.72
1744,1744,False,69.76,69.76
1745,1745,False,69.8,69.8
1746,1746,False,69.84,69.84
1747,1747,False,69.88,69.88
1748,1748,False,69.92,69.92
1749,1749,False,69.96,69.96
1750,1750,False,70.0,70.0
1751,1751,False,70.04,70.04
1752,1752,False,70.08,70.08
1753,1753,False,70.12,70.12
1754,1754,False,70.16,70.16
1755,1755,False,70.2,70.2
1756,1756,False,70.24,70.24
1757,1757,False,70.28,70.28
1758,1758,False,70.32,70.32
1759,1759,False,70.36,70.36
1760,1760,False,70.4,70.4
1761,1761,False,70.44,70.44
1762,1762,False,70.48,70.48
1763,1763,False,70.52,70.52
1764,1764,False,70.56,70.56
1765,1765,False,70.6,70.6
1766,1766,False,70.64,70.64
1767,1767,False,70.68,70.68
1768,1768,False,70.72,70.72
1769,1769,False,70.76,70.76
1770,1770,False,70.8,70.8
1771,1771,False,70.84,70.84
1772,1772,False,70.88,70.88
1773,1773,False,70.92,70.92
1774,1774,False,70.96,70.96
1775,1775,False,71.0,71.0
1776,1776,False,71.04,71.04
1777,1777,False,71.08,71.08
1778,1778,False,71.12,71.12
1779,1779,False,71.16,71.16
1780,1780,False,71.2,71.2
1781,1781,False,71.24,71.24
1782,1782,False,71.28,71.28
1783,1783,False,71.32,71.32
1784,1784,False,71.36,71.36
1785,1785,False,71.4,71.4
1786,1786,False,71.44,71.44
1787,1787,False,71.48,71.48
1788,1788,False,71.52,71.52
1789,1789,False,71.56,71.56
1790,1790,False,71.6,71.6
1791,1791,False,71.64,71.64
1792,1792,False,71.68,71.68
1793,1793,False,71.72,71.72
1794,1794,False,71.76,71.76
1795,1795,False,71.8,71.8
1796,1796,False,71.84,71.84
1797,1797,False,71.88,71.88
1798,1798,False,71.92,71.92
1799,1799,False,71.96,71.96
1800,1800,False,72.0,72.0
1801,1801,False,72.04,72.04
1802,1802,False,72.08,72.08
1803,1803,False,72.12,72.12
1804,1804,False,72.16,72.16
1805,1805,False,72.2,72.2
1806,1806,False,72.24,72.24
1807,1807,False,72.28,72.28
1808,1808,False,72.32,72.32
1809,1809,False,72.36,72.36
1810,1810,False,72.4,72.4
1811,1811,False,72.44,72.44
1812,1812,False,72.48,72.48
1813,1813,False,72.52,72.52
1814,1814,False,72.56,72.56
1815,1815,False,72.6,72.6
1816,1816,False,72.64,72.64
1817,1817,False,72.68,72.68
1818,1818,False,72.72,72.72
1819,1819,False,72.76,72.76
1820,1820,False,72.8,72.8
1821,1821,False,72.84,72.84
1822,1822,False,72.88,72.88
1823,1823,False,72.92,72.92
1824,1824,False,72.96,72.96
1825,1825,False,73.0,73.0
1826,1826,False,73.04,73.04
1827,1827,False,73.08,73.08
1828,1828,False,73.12,73.12
1829,1829,False,73.16,73.16
1830,1830,False,73.2,73.2
1831,1831,False,73.24,73.24
1832,1832,False,73.28,73.28
1833,1833,False,73.32,73.32
1834,1834,False,73.36,73.36
1835,1835,False,73.4,73.4
1836,1836,False,73.44,73.44
1837,1837,False,73.48,73.48
1838,1838,False,73.52,73.52
1839,1839,False,73.56,73.56
1840,1840,False,73.6,73.6
1841,1841,False,73.64,73.64
1842,1842,False,73.68,73.68
1843,1843,False,73.72,73.72
1844,1844,False,73.76,73.76
1845,1845,False,73.8,73.8
1846,1846,False,73.84,73.84
1847,1847,False,73.88,73.88
1848,1848,False,73.92,73.92
1849,1849,False,73.96,73.96
1850,1850,False,74.0,74.0
1851,1851,False,74.04,74.04
1852,1852,False,74.08,74.08
1853,1853,False,74.12,74.12
1854,1854,False,74.16,74.16
1855,1855,False,74.2,74.2
1856,1856,False,74.24,74.24
1857,1857,False,74.28,74.28
1858,1858,False,74.32,74.32
1859,1859,False,74.36,74.36
1860,1860,False,74.4,74.4
1861,1861,False,74.44,74.44
1862,1862,False,74.48,74.48
1863,1863,False,74.52,74.52
1864,1864,False,74.56,74.56
1865,1865,False,74.6,74.6
1866,1866,False,74.64,74.64
1867,1867,False,74.68,74.68
1868,1868,False,74.72,74.72
1869,1869,False,74.76,74.76
1870,1870,False,74.8,74.8
1871,1871,False,74.84,74.84
1872,1872,False,74.88,74.88
1873,1873,False,74.92,74.92
1874,1874,False,74.96,74.96
1875,1875,False,75.0,75.0
1876,1876,False,75.04,75.04
1877,1877,False,75.08,75.08
1878,1878,False,75.12,75.12
1879,1879,False,75.16,75.16
1880,1880,False,75.2,75.2
1881,1881,False,75.24,75.24
1882,1882,False,75.28,75.28
1883,1883,False,75.32,75.32
1884,1884,False,75.36,75.36
1885,1885,False,75.4,75.4
1886,1886,False,75.44,75.44
1887,1887,False,75.48,75.48
1888,1888,False,75.52,75.52
1889,1889,False,75.56,75.56
1890,1890,False,75.6,75.6
1891,1891,False,75.64,75.64
1892,1892,False,75.68,75.68
1893,1893,False,75.72,75.72
1894,1894,False,75.76,75.76
1895,1895,False,75.8,75.8
1896,1896,False,75.84,75.84
1897,1897,False,75.88,75.88
1898,1898,False,75.92,75.92
1899,1899,False,75.96,75.96
1900,1900,False,76.0,76.0
1901,1901,False,76.04,76.04
1902,1902,False,76.08,76.08
1903,1903,False,76.12,76.12
1904,1904,False,76.16,76.16
1905,1905,False,76.2,76.2
1906,1906,False,76.24,76.24
1907,1907,False,76.28,76.28
1908,1908,False,76.32,76.32
1909,1909,False,76.36,76.36
1910,1910,False,76.4,76.4
1911,1911,False,76.44,76.44
1912,1912,False,76.48,76.48
1913,1913,False,76.52,76.52
1914,1914,False,76.56,76.56
1915,1915,False,76.6,76.6
1916,1916,False,76.64,76.64
1917,1917,False,76.68,76.68
1918,1918,False,76.72,76.72
1919,1919,False,76.76,76.76
1920,1920,False,76.8,76.8
1921,1921,False,76.84,76.84
1922,1922,False,76.88,76.88
1923,1923,False,76.92,76.92
1924,1924,False,76.96,76.96
1925,1925,False,77.0,77.0
1926,1926,False,77.04,77.04
1927,1927,False,77.08,77.08
1928,1928,False,77.12,77.12
1929,1929,False,77.16,77.16
1930,1930,False,77.2,77.2
1931,1931,False,77.24,77.24
1932,1932,False,77.28,77.28
1933,1933,False,77.32,77.32
1934,1934,False,77.36,77.36
1935,1935,False,77.4,77.4
1936,1936,False,77.44,77.44
1937,1937,False,77.48,77.48
1938,1938,False,77.52,77.52
1939,1939,False,77.56,77.56
1940,1940,False,77.6,77.6
1941,1941,False,77.64,77.64
1942,1942,False,77.68,77.68
1943,1943,False,77.72,77.72
1944,1944,False,77.76,77.76
1945,1945,False,77.8,77.8
1946,1946,False,77.84,77.84
1947,1947,False,77.88,77.88
1948,1948,False,77.92,77.92
1949,1949,False,77.96,77.96
1950,1950,False,78.0,78.0
1951,1951,False,78.04,78.04
1952,1952,False,78.08,78.08
1953,1953,False,78.12,78.12
1954,1954,False,78.16,78.16
1955,1955,False,78.2,78.2
1956,1956,False,78.24,78.24
1957,1957,False,78.28,78.28
1958,1958,False,78.32,78.32
1959,1959,False,78.36,78.36
1960,1960,False,78.4,78.4
1961,1961,False,78.44,78.44
1962,1962,False,78.48,78.48
1963,1963,False,78.52,78.52
1964,1964,False,78.56,78.56
1965,1965,False,78.6,78.6
1966,1966,False,78.64,78.64
1967,1967,False,78.68,78.68
1968,1968,False,78.72,78.72
1969,1969,False,78.76,78.76
1970,1970,False,78.8,78.8
1971,1971,False,78.84,78.84
1972,1972,False,78.88,78.88
1973,1973,False,78.92,78.92
1974,1974,False,78.96,78.96
1975,1975,False,79.0,79.0
1976,1976,False,79.04,79.04
1977,1977,False,79.08,79.08
1978,1978,False,79.12,79.12
1979,1979,False,79.16,79.16
1980,1980,False,79.2,79.2
1981,1981,False,79.24,79.24
1982,1982,False,79.28,79.28
1983,1983,False,79.32,79.32
1984,1984,False,79.36,79.36
1985,1985,False,79.4,79.4
1986,1986,False,79.44,79.44
1987,1987,False,79.48,79.48
1988,1988,False,79.52,79.52
1989,1989,False,79.56,79.56
1990,1990,False,79.6,79.6
1991,1991,False,79.64,79.64
1992,1992,False,79.68,79.68
1993,1993,False,79.72,79.72
1994,1994,False,79.76,79.76
1995,1995,False,79.8,79.8
1996,1996,False,79.84,79.84
1997,1997,False,79.88,79.88
1998,1998,False,79.92,79.92
1999,1999,False,79.96,79.96
2000,2000,False,80.0,80.0
2001,2001,False,80.04,80.04
2002,2002,False,80.08,80.08
2003,2003,False,80.12,80.12
2004,2004,False,80.16,80.16
2005,2005,False,80.2,80.2
2006,2006,False,80.24,80.24
2007,2007,False,80.28,80.28
2008,2008,False,80.32,80.32
2009,2009,False,80.36,80.36
2010,2010,False,80.4,80.4
2011,2011,False,80.44,80.44
2012,2012,False,80.48,80.48
2013,2013,False,80.52,80.52
2014,2014,False,80.56,80.56
2015,2015,False,80.6,80.6
2016,2016,False,80.64,80.64
2017,2017,False,80.68,80.68
2018,2018,False,80.72,80.72
2019,2019,False,80.76,80.76
2020,2020,False,80.8,80.8
2021,2021,False,80.84,80.84
2022,2022,False,80.88,80.88
2023,2023,False,80.92,80.92
2024,2024,False,80.96,80.96
2025,2025,False,81.0,81.0
2026,2026,False,81.04,81.04
2027,2027,False,81.08,81.08
2028,2028,False,81.12,81.12
2029,2029,False,81.16,81.16
2030,2030,False,81.2,81.2
2031,2031,False,81.24,81.24
2032,2032,False,81.28,81.28
2033,2033,False,81.32,81.32
2034,2034,False,81.36,81.36
2035,2035,False,81.4,81.4
2036,2036,False,81.44,81.44
2037,2037,False,81.48,81.48
2038,2038,False,81.52,81.52
2039,2039,False,81.56,81.56
2040,2040,False,81.6,81.6
2041,2041,False,81.64,81.64
2042,2042,False,81.68,81.68
2043,2043,False,81.72,81.72
2044,2044,False,81.76,81.76
2045,2045,False,81.8,81.8
2046,2046,False,81.84,81.84
2047,2047,False,81.88,81.88
2048,2048,False,81.92,81.92
2049,2049,False,81.96,81.96
2050,2050,False,82.0,82.0
2051,2051,False,82.04,82.04
2052,2052,False,82.08,82.08
2053,2053,False,82.12,82.12
2054,2054,False,82.16,82.16
2055,2055,False,82.2,82.2
2056,2056,False,82.24,82.24
2057,2057,False,82.28,82.28
2058,2058,False,82.32,82.32
2059,2059,False,82.36,82.36
2060,2060,False,82.4,82.4
2061,2061,False,82.44,82.44
2062,2062,False,82.48,82.48
2063,2063,False,82.52,82.52
2064,2064,False,82.56,82.56
2065,2065,False,82.6,82.6
2066,2066,False,82.64,82.64
2067,2067,False,82.68,82.68
2068,2068,False,82.72,82.72
2069,2069,False,82.76,82.76
2070,2070,False,82.8,82.8
2071,2071,False,82.84,82.84
2072,2072,False,82.88,82.88
2073,2073,False,82.92,82.92
2074,2074,False,82.96,82.96
2075,2075,False,83.0,83.0
2076,2076,False,83.04,83.04
2077,2077,False,83.08,83.08
2078,2078,False,83.12,83.12
2079,2079,False,83.16,83.16
2080,2080,False,83.2,83.2
2081,2081,False,83.24,83.24
2082,2082,False,83.28,83.28
2083,2083,False,83.32,83.32
2084,2084,False,83.36,83.36
2085,2085,False,83.4,83.4
2086,2086,False,83.44,83.44
2087,2087,False,83.48,83.48
2088,2088,False,83.52,83.52
2089,2089,False,83.56,83.56
2090,2090,False,83.6,83.6
2091,2091,False,83.64,83.64
2092,2092,False,83.68,83.68
2093,2093,False,83.72,83.72
2094,2094,False,83.76,83.76
2095,2095,False,83.8,83.8
2096,2096,False,83.84,83.84
2097,2097,False,83.88,83.88
2098,2098,False,83.92,83.92
2099,2099,False,83.96,83.96
2100,2100,False,84.0,84.0
2101,2101,False,84.04,84.04
2102,2102,False,84.08,84.08
2103,2103,False,84.12,84.12
2104,2104,False,84.16,84.16
2105,2105,False,84.2,84.2
2106,2106,False,84.24,84.24
2107,2107,False,84.28,84.28
2108,2108,False,84.32,84.32
2109,2109,False,84.36,84.36
2110,2110,False,84.4,84.4
2111,2111,False,84.44,84.44
2112,2112,False,84.48,84.48
2113,2113,False,84.52,84.52
2114,2114,False,84.56,84.56
2115,2115,False,84.6,84.6
2116,2116,False,84.64,84.64
2117,2117,False,84.68,84.68
2118,2118,False,84.72,84.72
2119,2119,False,84.76,84.76
2120,2120,False,84.8,84.8
2121,2121,False,84.84,84.84
2122,2122,False,84.88,84.88
2123,2123,False,84.92,84.92
2124,2124,False,84.96,84.96
2125,2125,False,85.0,85.0
2126,2126,False,85.04,85.04
2127,2127,False,85.08,85.08
2128,2128,False,85.12,85.12
2129,2129,False,85.16,85.16
2130,2130,False,85.2,85.2
2131,2131,False,85.24,85.24
2132,2132,False,85.28,85.28
2133,2133,False,85.32,85.32
2134,2134,False,85.36,85.36
2135,2135,False,85.4,85.4
2136,2136,False,85.44,85.44
2137,2137,False,85.48,85.48
2138,2138,False,85.52,85.52
2139,2139,False,85.56,85.56
2140,2140,False,85.6,85.6
2141,2141,False,85.64,85.64
2142,2142,False,85.68,85.68
2143,2143,False,85.72,85.72
2144,2144,False,85.76,85.76
2145,2145,False,85.8,85.8
2146,2146,False,85.84,85.84
2147,2147,False,85.88,85.88
2148,2148,False,85.92,85.92
2149,2149,False,85.96,85.96
2150,2150,False,86.0,86.0
2151,2151,False,86.04,86.04
2152,2152,False,86.08,86.08
2153,2153,False,86.12,86.12
2154,2154,False,86.16,86.16
2155,2155,False,86.2,86.2
2156,2156,False,86.24,86.24
2157,2157,False,86.28,86.28
2158,2158,False,86.32,86.32
2159,2159,False,86.36,86.36
2160,2160,False,86.4,86.4
2161,2161,False,86.44,86.44
2162,2162,False,86.48,86.48
2163,2163,False,86.52,86.52
2164,2164,False,86.56,86.56
2165,2165,False,86.6,86.6
2166,2166,False,86.64,86.64
2167,2167,False,86.68,86.68
2168,2168,False,86.72,86.72
2169,2169,False,86.76,86.76
2170,2170,False,86.8,86.8
2171,2171,False,86.84,86.84
2172,2172,False,86.88,86.88
2173,2173,False,86.92,86.92
2174,2174,False,86.96,86.96
2175,2175,False,87.0,87.0
2176,2176,False,87.04,87.04
2177,2177,False,87.08,87.08
2178,2178,False,87.12,87.12
2179,2179,False,87.16,87.16
2180,2180,False,87.2,87.2
2181,2181,False,87.24,87.24
2182,2182,False,87.28,87.28
2183,2183,False,87.32,87.32
2184,2184,False,87.36,87.36
2185,2185,False,87.4,87.4
2186,2186,False,87.44,87.44
2187,2187,False,87.48,87.48
2188,2188,False,87.52,87.52
2189,2189,False,87.56,87.56
2190,2190,False,87.6,87.6
2191,2191,False,87.64,87.64
2192,2192,False,87.68,87.68
2193,2193,False,87.72,87.72
2194,2194,False,87.76,87.76
2195,2195,False,87.8,87.8
2196,2196,False,87.84,87.84
2197,2197,False,87.88,87.88
2198,2198,False,87.92,87.92
2199,2199,False,87.96,87.96
2200,2200,False,88.0,88.0
2201,2201,False,88.04,88.04
2202,2202,False,88.08,88.08
2203,2203,False,88.12,88.12
2204,2204,False,88.16,88.16
2205,2205,False,88.2,88.2
2206,2206,False,88.24,88.24
2207,2207,False,88.28,88.28
2208,2208,False,88.32,88.32
2209,2209,False,88.36,88.36
2210,2210,False,88.4,88.4
2211,2211,False,88.44,88.44
2212,2212,False,88.48,88.48
2213,2213,False,88.52,88.52
2214,2214,False,88.56,88.56
2215,2215,False,88.6,88.6
2216,2216,False,88.64,88.64
2217,2217,False,88.68,88.68
2218,2218,False,88.72,88.72
2219,2219,False,88.76,88.76
2220,2220,False,88.8,88.8
2221,2221,False,88.84,88.84
2222,2222,False,88.88,88.88
2223,2223,False,88.92,88.92
2224,2224,False,88.96,88.96
2225,2225,False,89.0,89.0
2226,2226,False,89.04,89.04
2227,2227,False,89.08,89.08
2228,2228,False,89.12,89.12
2229,2229,False,89.16,89.16
2230,2230,False,89.2,89.2
2231,2231,False,89.24,89.24
2232,2232,False,89.28,89.28
2233,2233,False,89.32,89.32
2234,2234,False,89.36,89.36
2235,2235,False,89.4,89.4
2236,2236,False,89.44,89.44
2237,2237,False,89.48,89.48
2238,2238,False,89.52,89.52
2239,2239,False,89.56,89.56
2240,2240,False,89.6,89.6
2241,2241,False,89.64,89.64
2242,2242,False,89.68,89.68
2243,2243,False,89.72,89.72
2244,2244,False,89.76,89.76
2245,2245,False,89.8,89.8
2246,2246,False,89.84,89.84
2247,2247,False,89.88,89.88
2248,2248,False,89.92,89.92
2249,2249,False,89.96,89.96
2250,2250,False,90.0,90.0
2251,2251,False,90.04,90.04
2252,2252,False,90.08,90.08
2253,2253,False,90.12,90.12
2254,2254,False,90.16,90.16
2255,2255,False,90.2,90.2
2256,2256,False,90.24,90.24
2257,2257,False,90.28,90.28
2258,2258,False,90.32,90.32
2259,2259,False,90.36,90.36
2260,2260,False,90.4,90.4
2261,2261,False,90.44,90.44
2262,2262,False,90.48,90.48
2263,2263,False,90.52,90.52
2264,2264,False,90.56,90.56
2265,2265,False,90.6,90.6
2266,2266,False,90.64,90.64
2267,2267,False,90.68,90.68
2268,2268,False,90.72,90.72
2269,2269,False,90.76,90.76
2270,2270,False,90.8,90.8
2271,2271,False,90.84,90.84
2272,2272,False,90.88,90.88
2273,2273,False,90.92,90.92
2274,2274,False,90.96,90.96
2275,2275,False,91.0,91.0
2276,2276,False,91.04,91.04
2277,2277,False,91.08,91.08
2278,2278,False,91.12,91.12
2279,2279,False,91.16,91.16
2280,2280,False,91.2,91.2
2281,2281,False,91.24,91.24
2282,2282,False,91.28,91.28
2283,2283,False,91.32,91.32
2284,2284,False,91.36,91.36
2285,2285,False,91.4,91.4
2286,2286,False,91.44,91.44
2287,2287,False,91.48,91.48
2288,2288,False,91.52,91.52
2289,2289,False,91.56,91.56
2290,2290,False,91.6,91.6
2291,2291,False,91.64,91.64
2292,2292,False,91.68,91.68
2293,2293,False,91.72,91.72
2294,2294,False,91.76,91.76
2295,2295,False,91.8,91.8
2296,2296,False,91.84,91.84
2297,2297,False,91.88,91.88
2298,2298,False,91.92,91.92
2299,2299,False,91.96,91.96
2300,2300,False,92.0,92.0
2301,2301,False,92.04,92.04
2302,2302,False,92.08,92.08
2303,2303,False,92.12,92.12
2304,2304,False,92.16,92.16
2305,2305,False,92.2,92.2
2306,2306,False,92.24,92.24
2307,2307,False,92.28,92.28
2308,2308,False,92.32,92.32
2309,2309,False,92.36,92.36
2310,2310,False,92.4,92.4
2311,2311,False,92.44,92.44
2312,2312,False,92.48,92.48
2313,2313,False,92.52,92.52
2314,2314,False,92.56,92.56
2315,2315,False,92.6,92.6
2316,2316,False,92.64,92.64
2317,2317,False,92.68,92.68
2318,2318,False,92.72,92.72
2319,2319,False,92.76,92.76
2320,2320,False,92.8,92.8
2321,2321,False,92.84,92.84
2322,2322,False,92.88,92.88
2323,2323,False,92.92,92.92
2324,2324,False,92.96,92.96
2325,2325,False,93.0,93.0
2326,2326,False,93.04,93.04
2327,2327,False,93.08,93.08
2328,2328,False,93.12,93.12
2329,2329,False,93.16,93.16
2330,2330,False,93.2,93.2
2331,2331,False,93.24,93.24
2332,2332,False,93.28,93.28
2333,2333,False,93.32,93.32
2334,2334,False,93.36,93.36
2335,2335,False,93.4,93.4
2336,2336,False,93.44,93.44
2337,2337,False,93.48,93.48
2338,2338,False,93.52,93.52
2339,2339,False,93.56,93.56
2340,2340,False,93.6,93.6
2341,2341,False,93.64,93.64
2342,2342,False,93.68,93.68
2343,2343,False,93.72,93.72
2344,2344,False,93.76,93.76
2345,2345,False,93.8,93.8
2346,2346,False,93.84,93.84
2347,2347,False,93.88,93.88
2348,2348,False,93.92,93.92
2349,2349,False,93.96,93.96
2350,2350,False,94.0,94.0
2351,2351,False,94.04,94.04
2352,2352,False,94.08,94.08
2353,2353,False,94.12,94.12
2354,2354,False,94.16,94.16
2355,2355,False,94.2,94.2
2356,2356,False,94.24,94.24
2357,2357,False,94.28,94.28
2358,2358,False,94.32,94.32
2359,2359,False,94.36,94.36
2360,2360,False,94.4,94.4
2361,2361,False,94.44,94.44
2362,2362,False,94.48,94.48
2363,2363,False,94.52,94.52
2364,2364,False,94.56,94.56
2365,2365,False,94.6,94.6
2366,2366,False,94.64,94.64
2367,2367,False,94.68,94.68
2368,2368,False,94.72,94.72
2369,2369,False,94.76,94.76
2370,2370,False,94.8,94.8
2371,2371,False,94.84,94.84
2372,2372,False,94.88,94.88
2373,2373,False,94.92,94.92
2374,2374,False,94.96,94.96
2375,2375,False,95.0,95.0
2376,2376,False,95.04,95.04
2377,2377,False,95.08,95.08
2378,2378,False,95.12,95.12
2379,2379,False,95.16,95.16
2380,2380,False,95.2,95.2
2381,2381,False,95.24,95.24
2382,2382,False,95.28,95.28
2383,2383,False,95.32,95.32
2384,2384,False,95.36,95.36
2385,2385,False,95.4,95.4
2386,2386,False,95.44,95.44
2387,2387,False,95.48,95.48
2388,2388,False,95.52,95.52
2389,2389,False,95.56,95.56
2390,2390,False,95.6,95.6
2391,2391,False,95.64,95.64
2392,2392,False,95.68,95.68
2393,2393,False,95.72,95.72
2394,2394,False,95.76,95.76
2395,2395,False,95.8,95.8
2396,2396,False,95.84,95.84
2397,2397,False,95.88,95.88
2398,2398,False,95.92,95.92
2399,2399,False,95.96,95.96
2400,2400,False,96.0,96.0
2401,2401,False,96.04,96.04
2402,2402,False,96.08,96.08
2403,2403,False,96.12,96.12
2404,2404,False,96.16,96.16
2405,2405,False,96.2,96.2
2406,2406,False,96.24,96.24
2407,2407,False,96.28,96.28
2408,2408,False,96.32,96.32
2409,2409,False,96.36,96.36
2410,2410,False,96.4,96.4
2411,2411,False,96.44,96.44
2412,2412,False,96.48,96.48
2413,2413,False,96.52,96.52
2414,2414,False,96.56,96.56
2415,2415,False,96.6,96.6
2416,2416,False,96.64,96.64
2417,2417,False,96.68,96.68
2418,2418,False,96.72,96.72
2419,2419,False,96.76,96.76
2420,2420,False,96.8,96.8
2421,2421,False,96.84,96.84
2422,2422,False,96.88,96.88
2423,2423,False,96.92,96.92
2424,2424,False,96.96,96.96
2425,2425,False,97.0,97.0
2426,2426,False,97.04,97.04
2427,2427,False,97.08,97.08
2428,2428,False,97.12,97.12
2429,2429,False,97.16,97.16
2430,2430,False,97.2,97.2
2431,2431,False,97.24,97.24
2432,2432,False,97.28,97.28
2433,2433,False,97.32,97.32
2434,2434,False,97.36,97.36
2435,2435,False,97.4,97.4
2436,2436,False,97.44,97.44
2437,2437,False,97.48,97.48
2438,2438,False,97.52,97.52
2439,2439,False,97.56,97.56
2440,2440,False,97.6,97.6
2441,2441,False,97.64,97.64
2442,2442,False,97.68,97.68
2443,2443,False,97.72,97.72
2444,2444,False,97.76,97.76
2445,2445,False,97.8,97.8
2446,2446,False,97.84,97.84
2447,2447,False,97.88,97.88
2448,2448,False,97.92,97.92
2449,2449,False,97.96,97.96
2450,2450,False,98.0,98.0
2451,2451,False,98.04,98.04
2452,2452,False,98.08,98.08
2453,2453,False,98.12,98.12
2454,2454,False,98.16,98.16
2455,2455,False,98.2,98.2
2456,2456,False,98.24,98.24
2457,2457,False,98.28,98.28
2458,2458,False,98.32,98.32
2459,2459,False,98.36,98.36
2460,2460,False,98.4,98.4
2461,2461,False,98.44,98.44
2462,2462,False,98.48,98.48
2463,2463,False,98.52,98.52
2464,2464,False,98.56,98.56
2465,2465,False,98.6,98.6
2466,2466,False,98.64,98.64
2467,2467,False,98.68,98.68
2468,2468,False,98.72,98.72
2469,2469,False,98.76,98.76
2470,2470,False,98.8,98.8
2471,2471,False,98.84,98.84
2472,2472,False,98.88,98.88
2473,2473,False,98.92,98.92
2474,2474,False,98.96,98.96
2475,2475,False,99.0,99.0
2476,2476,False,99.04,99.04
2477,2477,False,99.08,99.08
2478,2478,False,99.12,99.12
2479,2479,False,99.16,99.16
2480,2480,False,99.2,99.2
2481,2481,False,99.24,99.24
2482,2482,False,99.28,99.28
2483,2483,False,99.32,99.32
2484,2484,False,99.36,99.36
2485,2485,False,99.4,99.4
2486,2486,False,99.44,99.44
2487,2487,False,99.48,99.48
2488,2488,False,99.52,99.52
2489,2489,False,99.56,99.56
2490,2490,False,99.6,99.6
2491,2491,False,99.64,99.64
2492,2492,False,99.68,99.68
2493,2493,False,99.72,99.72
2494,2494,False,99.76,99.76
2495,2495,False,99.8,99.8
2496,2496,False,99.84,99.84
2497,2497,False,99.88,99.88
2498,2498,False,99.92,99.92
2499,2499,False,99.96,99.96
2500,2500,False,100.0,100.0
2501,2501,False,100.04,100.04
2502,2502,False,100.08,100.08
2503,2503,False,100.12,100.12
2504,2504,False,100.16,100.16
2505,2505,False,100.2,100.2
2506,2506,False,100.24,100.24
2507,2507,False,100.28,100.28
2508,2508,False,100.32,100.32
2509,2509,False,100.36,100.36
2510,2510,False,100.4,100.4
2511,2511,False,100.44,100.44
2512,2512,False,100.48,100.48
2513,2513,False,100.52,100.52
2514,2514,False,100.56,100.56
2515,2515,False,100.6,100.6
2516,2516,False,100.64,100.64
2517,2517,False,100.68,100.68
2518,2518,False,100.72,100.72
2519,2519,False,100.76,100.76
2520,2520,False,100.8,100.8
2521,2521,False,100.84,100.84
2522,2522,False,100.88,100.88
2523,2523,False,100.92,100.92
2524,2524,False,100.96,100.96
2525,2525,False,101.0,101.0
2526,2526,False,101.04,101.04
2527,2527,False,101.08,101.08
2528,2528,False,101.12,101.12
2529,2529,False,101.16,101.16
2530,2530,False,101.2,101.2
2531,2531,False,101.24,101.24
2532,2532,False,101.28,101.28
2533,2533,False,101.32,101.32
2534,2534,False,101.36,101.36
2535,2535,False,101.4,101.4
2536,2536,False,101.44,101.44
2537,2537,False,101.48,101.48
2538,2538,False,101.52,101.52
2539,2539,False,101.56,101.56
2540,2540,False,101.6,101.6
2541,2541,False,101.64,101.64
2542,2542,False,101.68,101.68
2543,2543,False,101.72,101.72
2544,2544,False,101.76,101.76
2545,2545,False,101.8,101.8
2546,2546,False,101.84,101.84
2547,2547,False,101.88,101.88
2548,2548,False,101.92,101.92
2549,2549,False,101.96,101.96
2550,2550,False,102.0,102.0
2551,2551,False,102.04,102.04
2552,2552,False,102.08,102.08
2553,2553,False,102.12,102.12
2554,2554,False,102.16,102.16
2555,2555,False,102.2,102.2
2556,2556,False,102.24,102.24
2557,2557,False,102.28,102.28
2558,2558,False,102.32,102.32
2559,2559,False,102.36,102.36
2560,2560,False,102.4,102.4
2561,2561,False,102.44,102.44
2562,2562,False,102.48,102.48
2563,2563,False,102.52,102.52
2564,2564,False,102.56,102.56
2565,2565,False,102.6,102.6
2566,2566,False,102.64,102.64
2567,2567,False,102.68,102.68
2568,2568,False,102.72,102.72
2569,2569,False,102.76,102.76
2570,2570,False,102.8,102.8
2571,2571,False,102.84,102.84
2572,2572,False,102.88,102.88
2573,2573,False,102.92,102.92
2574,2574,False,102.96,102.96
2575,2575,False,103.0,103.0
2576,2576,False,103.04,103.04
2577,2577,False,103.08,103.08
2578,2578,False,103.12,103.12
2579,2579,False,103.16,103.16
2580,2580,False,103.2,103.2
2581,2581,False,103.24,103.24
2582,2582,False,103.28,103.28
2583,2583,False,103.32,103.32
2584,2584,False,103.36,103.36
2585,2585,False,103.4,103.4
2586,2586,False,103.44,103.44
2587,2587,False,103.48,103.48
2588,2588,False,103.52,103.52
2589,2589,False,103.56,103.56
2590,2590,False,103.6,103.6
2591,2591,False,103.64,103.64
2592,2592,False,103.68,103.68
2593,2593,False,103.72,103.72
2594,2594,False,103.76,103.76
2595,2595,False,103.8,103.8
2596,2596,False,103.84,103.84
2597,2597,False,103.88,103.88
2598,2598,False,103.92,103.92
2599,2599,False,103.96,103.96
2600,2600,False,104.0,104.0
2601,2601,False,104.04,104.04
2602,2602,False,104.08,104.08
2603,2603,False,104.12,104.12
2604,2604,False,104.16,104.16
2605,2605,False,104.2,104.2
2606,2606,False,104.24,104.24
2607,2607,False,104.28,104.28
2608,2608,False,104.32,104.32
2609,2609,False,104.36,104.36
2610,2610,False,104.4,104.4
2611,2611,False,104.44,104.44
2612,2612,False,104.48,104.48
2613,2613,False,104.52,104.52
2614,2614,False,104.56,104.56
2615,2615,False,104.6,104.6
2616,2616,False,104.64,104.64
2617,2617,False,104.68,104.68
2618,2618,False,104.72,104.72
2619,2619,False,104.76,104.76
2620,2620,False,104.8,104.8
2621,2621,False,104.84,104.84
2622,2622,False,104.88,104.88
2623,2623,False,104.92,104.92
2624,2624,False,104.96,104.96
2625,2625,False,105.0,105.0
2626,2626,False,105.04,105.04
2627,2627,False,105.08,105.08
2628,2628,False,105.12,105.12
2629,2629,False,105.16,105.16
2630,2630,False,105.2,105.2
2631,2631,False,105.24,105.24
2632,2632,False,105.28,105.28
2633,2633,False,105.32,105.32
2634,2634,False,105.36,105.36
2635,2635,False,105.4,105.4
2636,2636,False,105.44,105.44
2637,2637,False,105.48,105.48
2638,2638,False,105.52,105.52
2639,2639,False,105.56,105.56
2640,2640,False,105.6,105.6
2641,2641,False,105.64,105.64
2642,2642,False,105.68,105.68
2643,2643,False,105.72,105.72
2644,2644,False,105.76,105.76
2645,2645,False,105.8,105.8
2646,2646,False,105.84,105.84
2647,2647,False,105.88,105.88
2648,2648,False,105.92,105.92
2649,2649,False,105.96,105.96
2650,2650,False,106.0,106.0
2651,2651,False,106.04,106.04
2652,2652,False,106.08,106.08
2653,2653,False,106.12,106.12
2654,2654,False,106.16,106.16
2655,2655,False,106.2,106.2
2656,2656,False,106.24,106.24
2657,2657,False,106.28,106.28
2658,2658,False,106.32,106.32
2659,2659,False,106.36,106.36
2660,2660,False,106.4,106.4
2661,2661,False,106.44,106.44
2662,2662,False,106.48,106.48
2663,2663,False,106.52,106.52
2664,2664,False,106.56,106.56
2665,2665,False,106.6,106.6
2666,2666,False,106.64,106.64
2667,2667,False,106.68,106.68
2668,2668,False,106.72,106.72
2669,2669,False,106.76,106.76
2670,2670,False,106.8,106.8
2671,2671,False,106.84,106.84
2672,2672,False,106.88,106.88
2673,2673,False,106.92,106.92
2674,2674,False,106.96,106.96
2675,2675,False,107.0,107.0
2676,2676,False,107.04,107.04
2677,2677,False,107.08,107.08
2678,2678,False,107.12,107.12
2679,2679,False,107.16,107.16
2680,2680,False,107.2,107.2
2681,2681,False,107.24,107.24
2682,2682,False,107.28,107.28
2683,2683,False,107.32,107.32
2684,2684,False,107.36,107.36
2685,2685,False,107.4,107.4
2686,2686,False,107.44,107.44
2687,2687,False,107.48,107.48
2688,2688,False,107.52,107.52
2689,2689,False,107.56,107.56
2690,2690,False,107.6,107.6
2691,2691,False,107.64,107.64
2692,2692,False,107.68,107.68
2693,2693,False,107.72,107.72
2694,2694,False,107.76,107.76
2695,2695,False,107.8,107.8
2696,2696,False,107.84,107.84
2697,2697,False,107.88,107.88
2698,2698,False,107.92,107.92
2699,2699,False,107.96,107.96
2700,2700,False,108.0,108.0
2701,2701,False,108.04,108.04
2702,2702,False,108.08,108.08
2703,2703,False,108.12,108.12
2704,2704,False,108.16,108.16
2705,2705,False,108.2,108.2
2706,2706,False,108.24,108.24
2707,2707,False,108.28,108.28
2708,2708,False,108.32,108.32
2709,2709,False,108.36,108.36
2710,2710,False,108.4,108.4
2711,2711,False,108.44,108.44
2712,2712,False,108.48,108.48
2713,2713,False,108.52,108.52
2714,2714,False,108.56,108.56
2715,2715,False,108.6,108.6
2716,2716,False,108.64,108.64
2717,2717,False,108.68,108.68
2718,2718,False,108.72,108.72
2719,2719,False,108.76,108.76
2720,2720,False,108.8,108.8
2721,2721,False,108.84,108.84
2722,2722,False,108.88,108.88
2723,2723,False,108.92,108.92
2724,2724,False,108.96,108.96
2725,2725,False,109.0,109.0
2726,2726,False,109.04,109.04
2727,2727,False,109.08,109.08
2728,2728,False,109.12,109.12
2729,2729,False,109.16,109.16
2730,2730,False,109.2,109.2
2731,2731,False,109.24,109.24
2732,2732,False,109.28,109.28
2733,2733,False,109.32,109.32
2734,2734,False,109.36,109.36
2735,2735,False,109.4,109.4
2736,2736,False,109.44,109.44
2737,2737,False,109.48,109.48
2738,2738,False,109.52,109.52
2739,2739,False,109.56,109.56
2740,2740,False,109.6,109.6
2741,2741,False,109.64,109.64
2742,2742,False,109.68,109.68
2743,2743,False,109.72,109.72
2744,2744,False,109.76,109.76
2745,2745,False,109.8,109.8
2746,2746,False,109.84,109.84
2747,2747,False,109.88,109.88
2748,2748,False,109.92,109.92
2749,2749,False,109.96,109.96
2750,2750,False,110.0,110.0
2751,2751,False,110.04,110.04
2752,2752,False,110.08,110.08
2753,2753,False,110.12,110.12
2754,2754,False,110.16,110.16
2755,2755,False,110.2,110.2
2756,2756,False,110.24,110.24
2757,2757,False,110.28,110.28
2758,2758,False,110.32,110.32
2759,2759,False,110.36,110.36
2760,2760,False,110.4,110.4
2761,2761,False,110.44,110.44
2762,2762,False,110.48,110.48
2763,2763,False,110.52,110.52
2764,2764,False,110.56,110.56
2765,2765,False,110.6,110.6
2766,2766,False,110.64,110.64
2767,2767,False,110.68,110.68
2768,2768,False,110.72,110.72
2769,2769,False,110.76,110.76
2770,2770,False,110.8,110.8
2771,2771,False,110.84,110.84
2772,2772,False,110.88,110.88
2773,2773,False,110.92,110.92
2774,2774,False,110.96,110.96
2775,2775,False,111.0,111.0
2776,2776,False,111.04,111.04
2777,2777,False,111.08,111.08
2778,2778,False,111.12,111.12
2779,2779,False,111.16,111.16
2780,2780,False,111.2,111.2
2781,2781,False,111.24,111.24
2782,2782,False,111.28,111.28
2783,2783,False,111.32,111.32
2784,2784,False,111.36,111.36
2785,2785,False,111.4,111.4
2786,2786,False,111.44,111.44
2787,2787,False,111.48,111.48
2788,2788,False,111.52,111.52
2789,2789,False,111.56,111.56
2790,2790,False,111.6,111.6
2791,2791,False,111.64,111.64
2792,2792,False,111.68,111.68
2793,2793,False,111.72,111.72
2794,2794,False,111.76,111.76
2795,2795,False,111.8,111.8
2796,2796,False,111.84,111.84
2797,2797,False,111.88,111.88
2798,2798,False,111.92,111.92
2799,2799,False,111.96,111.96
2800,2800,False,112.0,112.0
2801,2801,False,112.04,112.04
2802,2802,False,112.08,112.08
2803,2803,False,112.12,112.12
2804,2804,False,112.16,112.16
2805,2805,False,112.2,112.2
2806,2806,False,112.24,112.24
2807,2807,False,112.28,112.28
2808,2808,False,112.32,112.32
2809,2809,False,112.36,112.36
2810,2810,False,112.4,112.4
2811,2811,False,112.44,112.44
2812,2812,False,112.48,112.48
2813,2813,False,112.52,112.52
2814,2814,False,112.56,112.56
2815,2815,False,112.6,112.6
2816,2816,False,112.64,112.64
2817,2817,False,112.68,112.68
2818,2818,False,112.72,112.72
2819,2819,False,112.76,112.76
2820,2820,False,112.8,112.8
2821,2821,False,112.84,112.84
2822,2822,False,112.88,112.88
2823,2823,False,112.92,112.92
2824,2824,False,112.96,112.96
2825,2825,False,113.0,113.0
2826,2826,False,113.04,113.04
2827,2827,False,113.08,113.08
2828,2828,False,113.12,113.12
2829,2829,False,113.16,113.16
2830,2830,False,113.2,113.2
2831,2831,False,113.24,113.24
2832,2832,False,113.28,113.28
2833,2833,False,113.32,113.32
2834,2834,False,113.36,113.36
2835,2835,False,113.4,113.4
2836,2836,False,113.44,113.44
2837,2837,False,113.48,113.48
2838,2838,False,113.52,113.52
2839,2839,False,113.56,113.56
2840,2840,False,113.6,113.6
2841,2841,False,113.64,113.64
2842,2842,False,113.68,113.68
2843,2843,False,113.72,113.72
2844,2844,False,113.76,113.76
2845,2845,False,113.8,113.8
2846,2846,False,113.84,113.84
2847,2847,False,113.88,113.88
2848,2848,False,113.92,113.92
2849,2849,False,113.96,113.96
2850,2850,False,114.0,114.0
2851,2851,False,114.04,114.04
2852,2852,False,114.08,114.08
2853,2853,False,114.12,114.12
2854,2854,False,114.16,114.16
2855,2855,False,114.2,114.2
2856,2856,False,114.24,114.24
2857,2857,False,114.28,114.28
2858,2858,False,114.32,114.32
2859,2859,False,114.36,114.36
2860,2860,False,114.4,114.4
2861,2861,False,114.44,114.44
2862,2862,False,114.48,114.48
2863,2863,False,114.52,114.52
2864,2864,False,114.56,114.56
2865,2865,False,114.6,114.6
2866,2866,False,114.64,114.64
2867,2867,False,114.68,114.68
2868,2868,False,114.72,114.72
2869,2869,False,114.76,114.76
2870,2870,False,114.8,114.8
2871,2871,False,114.84,114.84
2872,2872,False,114.88,114.88
2873,2873,False,114.92,114.92
2874,2874,False,114.96,114.96
2875,2875,False,115.0,115.0
2876,2876,False,115.04,115.04
2877,2877,False,115.08,115.08
2878,2878,False,115.12,115.12
2879,2879,False,115.16,115.16
2880,2880,False,115.2,115.2
2881,2881,False,115.24,115.24
2882,2882,False,115.28,115.28
2883,2883,False,115.32,115.32
2884,2884,False,115.36,115.36
2885,2885,False,115.4,115.4
2886,2886,False,115.44,115.44
2887,2887,False,115.48,115.48
2888,2888,False,115.52,115.52
2889,2889,False,115.56,115.56
2890,2890,False,115.6,115.6
2891,2891,False,115.64,115.64
2892,2892,False,115.68,115.68
2893,2893,False,115.72,115.72
2894,2894,False,115.76,115.76
2895,2895,False,115.8,115.8
2896,2896,False,115.84,115.84
2897,2897,False,115.88,115.88
2898,2898,False,115.92,115.92
2899,2899,False,115.96,115.96
2900,2900,False,116.0,116.0
2901,2901,False,116.04,116.04
2902,2902,False,116.08,116.08
2903,2903,False,116.12,116.12
2904,2904,False,116.16,116.16
2905,2905,False,116.2,116.2
2906,2906,False,116.24,116.24
2907,2907,False,116.28,116.28
2908,2908,False,116.32,116.32
2909,2909,False,116.36,116.36
2910,2910,False,116.4,116.4
2911,2911,False,116.44,116.44
2912,2912,False,116.48,116.48
2913,2913,False,116.52,116.52
2914,2914,False,116.56,116.56
2915,2915,False,116.6,116.6
2916,2916,False,116.64,116.64
2917,2917,False,116.68,116.68
2918,2918,False,116.72,116.72
2919,2919,False,116.76,116.76
2920,2920,False,116.8,116.8
2921,2921,False,116.84,116.84
2922,2922,False,116.88,116.88
2923,2923,False,116.92,116.92
2924,2924,False,116.96,116.96
2925,2925,False,117.0,117.0
2926,2926,False,117.04,117.04
2927,2927,False,117.08,117.08
2928,2928,False,117.12,117.12
2929,2929,False,117.16,117.16
2930,2930,False,117.2,117.2
2931,2931,False,117.24,117.24
2932,2932,False,117.28,117.28
2933,2933,False,117.32,117.32
2934,2934,False,117.36,117.36
2935,2935,False,117.4,117.4
2936,2936,False,117.44,117.44
2937,2937,False,117.48,117.48
2938,2938,False,117.52,117.52
2939,2939,False,117.56,117.56
2940,2940,False,117.6,117.6
2941,2941,False,117.64,117.64
2942,2942,False,117.68,117.68
2943,2943,False,117.72,117.72
2944,2944,False,117.76,117.76
2945,2945,False,117.8,117.8
2946,2946,False,117.84,117.84
2947,2947,False,117.88,117.88
2948,2948,False,117.92,117.92
2949,2949,False,117.96,117.96
2950,2950,False,118.0,118.0
2951,2951,False,118.04,118.04
2952,2952,False,118.08,118.08
2953,2953,False,118.12,118.12
2954,2954,False,118.16,118.16
2955,2955,False,118.2,118.2
2956,2956,False,118.24,118.24
2957,2957,False,118.28,118.28
2958,2958,False,118.32,118.32
2959,2959,False,118.36,118.36
2960,2960,False,118.4,118.4
2961,2961,False,118.44,118.44
2962,2962,False,118.48,118.48
2963,2963,False,118.52,118.52
2964,2964,False,118.56,118.56
2965,2965,False,118.6,118.6
2966,2966,False,118.64,118.64
2967,2967,False,118.68,118.68
2968,2968,False,118.72,118.72
2969,2969,False,118.76,118.76
2970,2970,False,118.8,118.8
2971,2971,False,118.84,118.84
2972,2972,False,118.88,118.88
2973,2973,False,118.92,118.92
2974,2974,False,118.96,118.96
2975,2975,False,119.0,119.0
2976,2976,False,119.04,119.04
2977,2977,False,119.08,119.08
2978,2978,False,119.12,119.12
2979,2979,False,119.16,119.16
2980,2980,False,119.2,119.2
2981,2981,False,119.24,119.24
2982,2982,False,119.28,119.28
2983,2983,False,119.32,119.32
2984,2984,False,119.36,119.36
2985,2985,False,119.4,119.4
2986,2986,False,119.44,119.44
2987,2987,False,119.48,119.48
2988,2988,False,119.52,119.52
2989,2989,False,119.56,119.56
2990,2990,False,119.6,119.6
2991,2991,False,119.64,119.64
2992,2992,False,119.68,119.68
2993,2993,False,119.72,119.72
2994,2994,False,119.76,119.76
2995,2995,False,119.8,119.8
2996,2996,False,119.84,119.84
2997,2997,False,119.88,119.88
2998,2998,False,119.92,119.92
2999,2999,False,119.96,119.96
3000,3000,False,120.0,120.0
3001,3001,False,120.04,120.04
3002,3002,False,120.08,120.08
3003,3003,False,120.12,120.12
3004,3004,False,120.16,120.16
3005,3005,False,120.2,120.2
3006,3006,False,120.24,120.24
3007,3007,False,120.28,120.28
3008,3008,False,120.32,120.32
3009,3009,False,120.36,120.36
3010,3010,False,120.4,120.4
3011,3011,False,120.44,120.44
3012,3012,False,120.48,120.48
3013,3013,False,120.52,120.52
3014,3014,False,120.56,120.56
3015,3015,False,120.6,120.6
3016,3016,False,120.64,120.64
3017,3017,False,120.68,120.68
3018,3018,False,120.72,120.72
3019,3019,False,120.76,120.76
3020,3020,False,120.8,120.8
3021,3021,False,120.84,120.84
3022,3022,False,120.88,120.88
3023,3023,False,120.92,120.92
3024,3024,False,120.96,120.96
3025,3025,False,121.0,121.0
3026,3026,False,121.04,121.04
3027,3027,False,121.08,121.08
3028,3028,False,121.12,121.12
3029,3029,False,121.16,121.16
3030,3030,False,121.2,121.2
3031,3031,False,121.24,121.24
3032,3032,False,121.28,121.28
3033,3033,False,121.32,121.32
3034,3034,False,121.36,121.36
3035,3035,False,121.4,121.4
3036,3036,False,121.44,121.44
3037,3037,False,121.48,121.48
3038,3038,False,121.52,121.52
3039,3039,False,121.56,121.56
3040,3040,False,121.6,121.6
3041,3041,False,121.64,121.64
3042,3042,False,121.68,121.68
3043,3043,False,121.72,121.72
3044,3044,False,121.76,121.76
3045,3045,False,121.8,121.8
3046,3046,False,121.84,121.84
3047,3047,False,121.88,121.88
3048,3048,False,121.92,121.92
3049,3049,False,121.96,121.96
3050,3050,False,122.0,122.0
3051,3051,False,122.04,122.04
3052,3052,False,122.08,122.08
3053,3053,False,122.12,122.12
3054,3054,False,122.16,122.16
3055,3055,False,122.2,122.2
3056,3056,False,122.24,122.24
3057,3057,False,122.28,122.28
3058,3058,False,122.32,122.32
3059,3059,False,122.36,122.36
3060,3060,False,122.4,122.4
3061,3061,False,122.44,122.44
3062,3062,False,122.48,122.48
3063,3063,False,122.52,122.52
3064,3064,False,122.56,122.56
3065,3065,False,122.6,122.6
3066,3066,False,122.64,122.64
3067,3067,False,122.68,122.68
3068,3068,False,122.72,122.72
3069,3069,False,122.76,122.76
3070,3070,False,122.8,122.8
3071,3071,False,122.84,122.84
3072,3072,False,122.88,122.88
3073,3073,False,122.92,122.92
3074,3074,False,122.96,122.96
3075,3075,False,123.0,123.0
3076,3076,False,123.04,123.04
3077,3077,False,123.08,123.08
3078,3078,False,123.12,123.12
3079,3079,False,123.16,123.16
3080,3080,False,123.2,123.2
3081,3081,False,123.24,123.24
3082,3082,False,123.28,123.28
3083,3083,False,123.32,123.32
3084,3084,False,123.36,123.36
3085,3085,False,123.4,123.4
3086,3086,False,123.44,123.44
3087,3087,False,123.48,123.48
3088,3088,False,123.52,123.52
3089,3089,False,123.56,123.56
3090,3090,False,123.6,123.6
3091,3091,False,123.64,123.64
3092,3092,False,123.68,123.68
3093,3093,False,123.72,123.72
3094,3094,False,123.76,123.76
3095,3095,False,123.8,123.8
3096,3096,False,123.84,123.84
3097,3097,False,123.88,123.88
3098,3098,False,123.92,123.92
3099,3099,False,123.96,123.96
3100,3100,False,124.0,124.0
3101,3101,False,124.04,124.04
3102,3102,False,124.08,124.08
3103,3103,False,124.12,124.12
3104,3104,False,124.16,124.16
3105,3105,False,124.2,124.2
3106,3106,False,124.24,124.24
3107,3107,False,124.28,124.28
3108,3108,False,124.32,124.32
3109,3109,False,124.36,124.36
3110,3110,False,124.4,124.4
3111,3111,False,124.44,124.44
3112,3112,False,124.48,124.48
3113,3113,False,124.52,124.52
3114,3114,False,124.56,124.56
3115,3115,False,124.6,124.6
3116,3116,False,124.64,124.64
3117,3117,False,124.68,124.68
3118,3118,False,124.72,124.72
3119,3119,False,124.76,124.76
3120,3120,False,124.8,124.8
3121,3121,False,124.84,124.84
3122,3122,False,124.88,124.88
3123,3123,False,124.92,124.92
3124,3124,False,124.96,124.96
3125,3125,False,125.0,125.0
3126,3126,False,125.04,125.04
3127,3127,False,125.08,125.08
3128,3128,False,125.12,125.12
3129,3129,False,125.16,125.16
3130,3130,False,125.2,125.2
3131,3131,False,125.24,125.24
3132,3132,False,125.28,125.28
3133,3133,False,125.32,125.32
3134,3134,False,125.36,125.36
3135,3135,False,125.4,125.4
3136,3136,False,125.44,125.44
3137,3137,False,125.48,125.48
3138,3138,False,125.52,125.52
3139,3139,False,125.56,125.56
3140,3140,False,125.6,125.6
3141,3141,False,125.64,125.64
3142,3142,False,125.68,125.68
3143,3143,False,125.72,125.72
3144,3144,False,125.76,125.76
3145,3145,False,125.8,125.8
3146,3146,False,125.84,125.84
3147,3147,False,125.88,125.88
3148,3148,False,125.92,125.92
3149,3149,False,125.96,125.96
3150,3150,False,126.0,126.0
3151,3151,False,126.04,126.04
3152,3152,False,126.08,126.08
3153,3153,False,126.12,126.12
3154,3154,False,126.16,126.16
3155,3155,False,126.2,126.2
3156,3156,False,126.24,126.24
3157,3157,False,126.28,126.28
3158,3158,False,126.32,126.32
3159,3159,False,126.36,126.36
3160,3160,False,126.4,126.4
3161,3161,False,126.44,126.44
3162,3162,False,126.48,126.48
3163,3163,False,126.52,126.52
3164,3164,False,126.56,126.56
3165,3165,False,126.6,126.6
3166,3166,False,126.64,126.64
3167,3167,False,126.68,126.68
3168,3168,False,126.72,126.72
3169,3169,False,126.76,126.76
3170,3170,False,126.8,126.8
3171,3171,False,126.84,126.84
3172,3172,False,126.88,126.88
3173,3173,False,126.92,126.92
3174,3174,False,126.96,126.96
3175,3175,False,127.0,127.0
3176,3176,False,127.04,127.04
3177,3177,False,127.08,127.08
3178,3178,False,127.12,127.12
3179,3179,False,127.16,127.16
3180,3180,False,127.2,127.2
3181,3181,False,127.24,127.24
3182,3182,False,127.28,127.28
3183,3183,False,127.32,127.32
3184,3184,False,127.36,127.36
3185,3185,False,127.4,127.4
3186,3186,False,127.44,127.44
3187,3187,False,127.48,127.48
3188,3188,False,127.52,127.52
3189,3189,False,127.56,127.56
3190,3190,False,127.6,127.6
3191,3191,False,127.64,127.64
3192,3192,False,127.68,127.68
3193,3193,False,127.72,127.72
3194,3194,False,127.76,127.76
3195,3195,False,127.8,127.8
3196,3196,False,127.84,127.84
3197,3197,False,127.88,127.88
3198,3198,False,127.92,127.92
3199,3199,False,127.96,127.96
3200,3200,False,128.0,128.0
3201,3201,False,128.04,128.04
3202,3202,False,128.08,128.08
3203,3203,False,128.12,128.12
3204,3204,False,128.16,128.16
3205,3205,False,128.2,128.2
3206,3206,False,128.24,128.24
3207,3207,False,128.28,128.28
3208,3208,False,128.32,128.32
3209,3209,False,128.36,128.36
3210,3210,False,128.4,128.4
3211,3211,False,128.44,128.44
3212,3212,False,128.48,128.48
3213,3213,False,128.52,128.52
3214,3214,False,128.56,128.56
3215,3215,False,128.6,128.6
3216,3216,False,128.64,128.64
3217,3217,False,128.68,128.68
3218,3218,False,128.72,128.72
3219,3219,False,128.76,128.76
3220,3220,False,128.8,128.8
3221,3221,False,128.84,128.84
3222,3222,False,128.88,128.88
3223,3223,False,128.92,128.92
3224,3224,False,128.96,128.96
3225,3225,False,129.0,129.0
3226,3226,False,129.04,129.04
3227,3227,False,129.08,129.08
3228,3228,False,129.12,129.12
3229,3229,False,129.16,129.16
3230,3230,False,129.2,129.2
3231,3231,False,129.24,129.24
3232,3232,False,129.28,129.28
3233,3233,False,129.32,129.32
3234,3234,False,129.36,129.36
3235,3235,False,129.4,129.4
3236,3236,False,129.44,129.44
3237,3237,False,129.48,129.48
3238,3238,False,129.52,129.52
3239,3239,False,129.56,129.56
3240,3240,False,129.6,129.6
3241,3241,False,129.64,129.64
3242,3242,False,129.68,129.68
3243,3243,False,129.72,129.72
3244,3244,False,129.76,129.76
3245,3245,False,129.8,129.8
3246,3246,False,129.84,129.84
3247,3247,False,129.88,129.88
3248,3248,False,129.92,129.92
3249,3249,False,129.96,129.96
3250,3250,False,130.0,130.0
3251,3251,False,130.04,130.04
3252,3252,False,130.08,130.08
3253,3253,False,130.12,130.12
3254,3254,False,130.16,130.16
3255,3255,False,130.2,130.2
3256,3256,False,130.24,130.24
3257,3257,False,130.28,130.28
3258,3258,False,130.32,130.32
3259,3259,False,130.36,130.36
3260,3260,False,130.4,130.4
3261,3261,False,130.44,130.44
3262,3262,False,130.48,130.48
3263,3263,False,130.52,130.52
3264,3264,False,130.56,130.56
3265,3265,False,130.6,130.6
3266,3266,False,130.64,130.64
3267,3267,False,130.68,130.68
3268,3268,False,130.72,130.72
3269,3269,False,130.76,130.76
3270,3270,False,130.8,130.8
3271,3271,False,130.84,130.84
3272,3272,False,130.88,130.88
3273,3273,False,130.92,130.92
3274,3274,False,130.96,130.96
3275,3275,False,131.0,131.0
3276,3276,False,131.04,131.04
3277,3277,False,131.08,131.08
3278,3278,False,131.12,131.12
3279,3279,False,131.16,131.16
3280,3280,False,131.2,131.2
3281,3281,False,131.24,131.24
3282,3282,False,131.28,131.28
3283,3283,False,131.32,131.32
3284,3284,False,131.36,131.36
3285,3285,False,131.4,131.4
3286,3286,False,131.44,131.44
3287,3287,False,131.48,131.48
3288,3288,False,131.52,131.52
3289,3289,False,131.56,131.56
3290,3290,False,131.6,131.6
3291,3291,False,131.64,131.64
3292,3292,False,131.68,131.68
3293,3293,False,131.72,131.72
3294,3294,False,131.76,131.76
3295,3295,False,131.8,131.8
3296,3296,False,131.84,131.84
3297,3297,False,131.88,131.88
3298,3298,False,131.92,131.92
3299,3299,False,131.96,131.96
3300,3300,False,132.0,132.0
3301,3301,False,132.04,132.04
3302,3302,False,132.08,132.08
3303,3303,False,132.12,132.12
3304,3304,False,132.16,132.16
3305,3305,False,132.2,132.2
3306,3306,False,132.24,132.24
3307,3307,False,132.28,132.28
3308,3308,False,132.32,132.32
3309,3309,False,132.36,132.36
3310,3310,False,132.4,132.4
3311,3311,False,132.44,132.44
3312,3312,False,132.48,132.48
3313,3313,False,132.52,132.52
3314,3314,False,132.56,132.56
3315,3315,False,132.6,132.6
3316,3316,False,132.64,132.64
3317,3317,False,132.68,132.68
3318,3318,False,132.72,132.72
3319,3319,False,132.76,132.76
3320,3320,False,132.8,132.8
3321,3321,False,132.84,132.84
3322,3322,False,132.88,132.88
3323,3323,False,132.92,132.92
3324,3324,False,132.96,132.96
3325,-1,True,133.0,
3326,-1,True,133.04,
3327,-1,True,133.08,
3328,-1,True,133.12,
3329,-1,True,133.16,
3330,-1,True,133.2,
3331,-1,True,133.24,
3332,-1,True,133.28,
3333,-1,True,133.32,
3334,-1,True,133.36,
3335,-1,True,133.4,
3336,-1,True,133.44,
3337,-1,True,133.48,
3338,-1,True,133.52,
3339,-1,True,133.56,
3340,-1,True,133.6,
3341,-1,True,133.64,
3342,-1,True,133.68,
3343,-1,True,133.72,
3344,-1,True,133.76,
3345,-1,True,133.8,
3346,-1,True,133.84,
3347,-1,True,133.88,
3348,-1,True,133.92,
3349,-1,True,133.96,
3350,-1,True,134.0,
3351,-1,True,134.04,
3352,-1,True,134.08,
3353,-1,True,134.12,
3354,-1,True,134.16,
3355,-1,True,134.2,
3356,-1,True,134.24,
3357,-1,True,134.28,
3358,-1,True,134.32,
3359,-1,True,134.36,
3360,-1,True,134.4,
3361,-1,True,134.44,
3362,-1,True,134.48,
3363,-1,True,134.52,
3364,-1,True,134.56,
3365,-1,True,134.6,
3366,-1,True,134.64,
3367,-1,True,134.68,
3368,-1,True,134.72,
3369,-1,True,134.76,
3370,-1,True,134.8,
3371,-1,True,134.84,
3372,-1,True,134.88,
3373,-1,True,134.92,
3374,-1,True,134.96,
3375,-1,True,135.0,
3376,-1,True,135.04,
3377,-1,True,135.08,
3378,-1,True,135.12,
3379,-1,True,135.16,
3380,-1,True,135.2,
3381,-1,True,135.24,
3382,-1,True,135.28,
3383,-1,True,135.32,
3384,-1,True,135.36,
3385,-1,True,135.4,
3386,-1,True,135.44,
3387,-1,True,135.48,
3388,-1,True,135.52,
3389,-1,True,135.56,
3390,-1,True,135.6,
3391,-1,True,135.64,
3392,-1,True,135.68,
3393,-1,True,135.72,
3394,-1,True,135.76,
3395,-1,True,135.8,
3396,-1,True,135.84,
3397,-1,True,135.88,
3398,-1,True,135.92,
3399,-1,True,135.96,
3400,-1,True,136.0,
3401,-1,True,136.04,
3402,-1,True,136.08,
3403,-1,True,136.12,
3404,-1,True,136.16,
3405,-1,True,136.2,
3406,-1,True,136.24,
3407,-1,True,136.28,
3408,-1,True,136.32,
3409,-1,True,136.36,
3410,-1,True,136.4,
3411,-1,True,136.44,
3412,-1,True,136.48,
3413,-1,True,136.52,
3414,-1,True,136.56,
3415,-1,True,136.6,
3416,-1,True,136.64,
3417,-1,True,136.68,
3418,-1,True,136.72,
3419,-1,True,136.76,
3420,-1,True,136.8,
3421,-1,True,136.84,
3422,-1,True,136.88,
3423,-1,True,136.92,
3424,-1,True,136.96,
3425,-1,True,137.0,
3426,-1,True,137.04,
3427,-1,True,137.08,
3428,-1,True,137.12,
3429,-1,True,137.16,
3430,-1,True,137.2,
3431,-1,True,137.24,
3432,-1,True,137.28,
3433,-1,True,137.32,
3434,-1,True,137.36,
3435,-1,True,137.4,
3436,-1,True,137.44,
3437,-1,True,137.48,
3438,-1,True,137.52,
3439,-1,True,137.56,
3440,-1,True,137.6,
3441,-1,True,137.64,
3442,-1,True,137.68,
3443,-1,True,137.72,
3444,-1,True,137.76,
3445,-1,True,137.8,
3446,-1,True,137.84,
3447,-1,True,137.88,
3448,-1,True,137.92,
3449,-1,True,137.96,
3450,-1,True,138.0,
3451,-1,True,138.04,
3452,-1,True,138.08,
3453,-1,True,138.12,
3454,-1,True,138.16,
3455,-1,True,138.2,
3456,-1,True,138.24,
3457,-1,True,138.28,
3458,-1,True,138.32,
3459,-1,True,138.36,
3460,-1,True,138.4,
3461,-1,True,138.44,
3462,-1,True,138.48,
3463,-1,True,138.52,
3464,-1,True,138.56,
3465,-1,True,138.6,
3466,-1,True,138.64,
3467,-1,True,138.68,
3468,-1,True,138.72,
3469,-1,True,138.76,
3470,-1,True,138.8,
3471,-1,True,138.84,
3472,-1,True,138.88,
3473,-1,True,138.92,
3474,-1,True,138.96,
3475,-1,True,139.0,
3476,-1,True,139.04,
3477,-1,True,139.08,
3478,-1,True,139.12,
3479,-1,True,139.16,
3480,-1,True,139.2,
3481,-1,True,139.24,
3482,-1,True,139.28,
3483,-1,True,139.32,
3484,-1,True,139.36,
3485,-1,True,139.4,
3486,-1,True,139.44,
3487,-1,True,139.48,
3488,-1,True,139.52,
3489,-1,True,139.56,
3490,-1,True,139.6,
3491,-1,True,139.64,
3492,-1,True,139.68,
3493,-1,True,139.72,
3494,-1,True,139.76,
3495,-1,True,139.8,
3496,-1,True,139.84,
3497,-1,True,139.88,
3498,-1,True,139.92,
3499,-1,True,139.96,
3500,-1,True,140.0,
3501,-1,True,140.04,
3502,-1,True,140.08,
3503,-1,True,140.12,
3504,-1,True,140.16,
3505,-1,True,140.2,
3506,-1,True,140.24,
3507,-1,True,140.28,
3508,-1,True,140.32,
3509,-1,True,140.36,
3510,-1,True,140.4,
3511,-1,True,140.44,
3512,-1,True,140.48,
3513,-1,True,140.52,
3514,-1,True,140.56,
3515,-1,True,140.6,
3516,-1,True,140.64,
3517,-1,True,140.68,
3518,-1,True,140.72,
3519,-1,True,140.76,
3520,-1,True,140.8,
3521,-1,True,140.84,
3522,-1,True,140.88,
3523,-1,True,140.92,
3524,-1,True,140.96,
3525,-1,True,141.0,
3526,-1,True,141.04,
3527,-1,True,141.08,
3528,-1,True,141.12,
3529,-1,True,141.16,
3530,-1,True,141.2,
3531,-1,True,141.24,
3532,-1,True,141.28,
3533,-1,True,141.32,
3534,-1,True,141.36,
3535,-1,True,141.4,
3536,-1,True,141.44,
3537,-1,True,141.48,
3538,-1,True,141.52,
3539,-1,True,141.56,
3540,-1,True,141.6,
3541,-1,True,141.64,
3542,-1,True,141.68,
3543,-1,True,141.72,
3544,-1,True,141.76,
3545,-1,True,141.8,
3546,-1,True,141.84,
3547,-1,True,141.88,
3548,-1,True,141.92,
3549,-1,True,141.96,
3550,-1,True,142.0,
3551,-1,True,142.04,
3552,-1,True,142.08,
3553,-1,True,142.12,
3554,-1,True,142.16,
3555,-1,True,142.2,
3556,-1,True,142.24,
3557,-1,True,142.28,
3558,-1,True,142.32,
3559,-1,True,142.36,
3560,-1,True,142.4,
3561,-1,True,142.44,
3562,-1,True,142.48,
3563,-1,True,142.52,
3564,-1,True,142.56,
3565,-1,True,142.6,
3566,-1,True,142.64,
3567,-1,True,142.68,
3568,-1,True,142.72,
3569,-1,True,142.76,
3570,-1,True,142.8,
3571,-1,True,142.84,
3572,-1,True,142.88,
3573,-1,True,142.92,
3574,-1,True,142.96,
3575,-1,True,143.0,
3576,-1,True,143.04,
3577,-1,True,143.08,
3578,-1,True,143.12,
3579,-1,True,143.16,
3580,-1,True,143.2,
3581,-1,True,143.24,
3582,-1,True,143.28,
3583,-1,True,143.32,
3584,-1,True,143.36,
3585,-1,True,143.4,
3586,-1,True,143.44,
3587,-1,True,143.48,
3588,-1,True,143.52,
3589,-1,True,143.56,
3590,-1,True,143.6,
3591,-1,True,143.64,
3592,-1,True,143.68,
3593,-1,True,143.72,
3594,-1,True,143.76,
3595,-1,True,143.8,
3596,-1,True,143.84,
3597,-1,True,143.88,
3598,-1,True,143.92,
3599,-1,True,143.96,
3600,-1,True,144.0,
3601,-1,True,144.04,
3602,-1,True,144.08,
3603,-1,True,144.12,
3604,-1,True,144.16,
3605,-1,True,144.2,
3606,-1,True,144.24,
3607,-1,True,144.28,
3608,-1,True,144.32,
3609,-1,True,144.36,
3610,-1,True,144.4,
3611,-1,True,144.44,
3612,-1,True,144.48,
3613,-1,True,144.52,
3614,-1,True,144.56,
3615,-1,True,144.6,
3616,-1,True,144.64,
3617,-1,True,144.68,
3618,-1,True,144.72,
3619,-1,True,144.76,
3620,-1,True,144.8,
3621,-1,True,144.84,
3622,-1,True,144.88,
3623,-1,True,144.92,
3624,-1,True,144.96,
3625,-1,True,145.0,
3626,-1,True,145.04,
3627,-1,True,145.08,
3628,-1,True,145.12,
3629,-1,True,145.16,
3630,-1,True,145.2,
3631,-1,True,145.24,
3632,-1,True,145.28,
3633,-1,True,145.32,
3634,-1,True,145.36,
3635,-1,True,145.4,
3636,-1,True,145.44,
3637,-1,True,145.48,
3638,-1,True,145.52,
3639,-1,True,145.56,
3640,-1,True,145.6,
3641,-1,True,145.64,
3642,-1,True,145.68,
3643,-1,True,145.72,
3644,-1,True,145.76,
3645,-1,True,145.8,
3646,-1,True,145.84,
3647,-1,True,145.88,
3648,-1,True,145.92,
3649,-1,True,145.96,
3650,-1,True,146.0,
3651,-1,True,146.04,
3652,-1,True,146.08,
3653,-1,True,146.12,
3654,-1,True,146.16,
3655,-1,True,146.2,
3656,-1,True,146.24,
3657,-1,True,146.28,
3658,-1,True,146.32,
3659,-1,True,146.36,
3660,-1,True,146.4,
3661,-1,True,146.44,
3662,-1,True,146.48,
3663,-1,True,146.52,
3664,-1,True,146.56,
3665,-1,True,146.6,
3666,-1,True,146.64,
3667,-1,True,146.68,
3668,-1,True,146.72,
3669,-1,True,146.76,
3670,-1,True,146.8,
3671,-1,True,146.84,
3672,-1,True,146.88,
3673,-1,True,146.92,
3674,-1,True,146.96,
3675,-1,True,147.0,
3676,-1,True,147.04,
3677,-1,True,147.08,
3678,-1,True,147.12,
3679,-1,True,147.16,
3680,-1,True,147.2,
3681,-1,True,147.24,
3682,-1,True,147.28,
3683,-1,True,147.32,
3684,-1,True,147.36,
3685,-1,True,147.4,
3686,-1,True,147.44,
3687,-1,True,147.48,
3688,-1,True,147.52,
3689,-1,True,147.56,
3690,-1,True,147.6,
3691,-1,True,147.64,
3692,-1,True,147.68,
3693,-1,True,147.72,
3694,-1,True,147.76,
3695,-1,True,147.8,
3696,-1,True,147.84,
3697,-1,True,147.88,
3698,-1,True,147.92,
3699,-1,True,147.96,
3700,3325,False,148.0,133.0
3701,3326,False,148.04,133.04
3702,3327,False,148.08,133.08
3703,3328,False,148.12,133.12
3704,3329,False,148.16,133.16
3705,3330,False,148.2,133.2
3706,3331,False,148.24,133.24
3707,3332,False,148.28,133.28
3708,3333,False,148.32,133.32
3709,3334,False,148.36,133.36
3710,3335,False,148.4,133.4
3711,3336,False,148.44,133.44
3712,3337,False,148.48,133.48
3713,3338,False,148.52,133.52
3714,3339,False,148.56,133.56
3715,3340,False,148.6,133.6
3716,3341,False,148.64,133.64
3717,3342,False,148.68,133.68
3718,3343,False,148.72,133.72
3719,3344,False,148.76,133.76
3720,3345,False,148.8,133.8
3721,3346,False,148.84,133.84
3722,3347,False,148.88,133.88
3723,3348,False,148.92,133.92
3724,3349,False,148.96,133.96
3725,3350,False,149.0,134.0
3726,3351,False,149.04,134.04
3727,3352,False,149.08,134.08
3728,3353,False,149.12,134.12
3729,3354,False,149.16,134.16
3730,3355,False,149.2,134.2
3731,3356,False,149.24,134.24
3732,3357,False,149.28,134.28
3733,3358,False,149.32,134.32
3734,3359,False,149.36,134.36
3735,3360,False,149.4,134.4
3736,3361,False,149.44,134.44
3737,3362,False,149.48,134.48
3738,3363,False,149.52,134.52
3739,3364,False,149.56,134.56
3740,3365,False,149.6,134.6
3741,3366,False,149.64,134.64
3742,3367,False,149.68,134.68
3743,3368,False,149.72,134.72
3744,3369,False,149.76,134.76
3745,3370,False,149.8,134.8
3746,3371,False,149.84,134.84
3747,3372,False,149.88,134.88
3748,3373,False,149.92,134.92
3749,3374,False,149.96,134.96
3750,3375,False,150.0,135.0
3751,3376,False,150.04,135.04
3752,3377,False,150.08,135.08
3753,3378,False,150.12,135.12
3754,3379,False,150.16,135.16
3755,3380,False,150.2,135.2
3756,3381,False,150.24,135.24
3757,3382,False,150.28,135.28
3758,3383,False,150.32,135.32
3759,3384,False,150.36,135.36
3760,3385,False,150.4,135.4
3761,3386,False,150.44,135.44
3762,3387,False,150.48,135.48
3763,3388,False,150.52,135.52
3764,3389,False,150.56,135.56
3765,3390,False,150.6,135.6
3766,3391,False,150.64,135.64
3767,3392,False,150.68,135.68
3768,3393,False,150.72,135.72
3769,3394,False,150.76,135.76
3770,3395,False,150.8,135.8
3771,3396,False,150.84,135.84
3772,3397,False,150.88,135.88
3773,3398,False,150.92,135.92
3774,3399,False,150.96,135.96
3775,3400,False,151.0,136.0
3776,3401,False,151.04,136.04
3777,3402,False,151.08,136.08
3778,3403,False,151.12,136.12
3779,3404,False,151.16,136.16
3780,3405,False,151.2,136.2
3781,3406,False,151.24,136.24
3782,3407,False,151.28,136.28
3783,3408,False,151.32,136.32
3784,3409,False,151.36,136.36
3785,3410,False,151.4,136.4
3786,3411,False,151.44,136.44
3787,3412,False,151.48,136.48
3788,3413,False,151.52,136.52
3789,3414,False,151.56,136.56
3790,3415,False,151.6,136.6
3791,3416,False,151.64,136.64
3792,3417,False,151.68,136.68
3793,3418,False,151.72,136.72
3794,3419,False,151.76,136.76
3795,3420,False,151.8,136.8
3796,3421,False,151.84,136.84
3797,3422,False,151.88,136.88
3798,3423,False,151.92,136.92
3799,3424,False,151.96,136.96
3800,3425,False,152.0,137.0
3801,3426,False,152.04,137.04
3802,3427,False,152.08,137.08
3803,3428,False,152.12,137.12
3804,3429,False,152.16,137.16
3805,3430,False,152.2,137.2
3806,3431,False,152.24,137.24
3807,3432,False,152.28,137.28
3808,3433,False,152.32,137.32
3809,3434,False,152.36,137.36
3810,3435,False,152.4,137.4
3811,3436,False,152.44,137.44
3812,3437,False,152.48,137.48
3813,3438,False,152.52,137.52
3814,3439,False,152.56,137.56
3815,3440,False,152.6,137.6
3816,3441,False,152.64,137.64
3817,3442,False,152.68,137.68
3818,3443,False,152.72,137.72
3819,3444,False,152.76,137.76
3820,3445,False,152.8,137.8
3821,3446,False,152.84,137.84
3822,3447,False,152.88,137.88
3823,3448,False,152.92,137.92
3824,3449,False,152.96,137.96
3825,3450,False,153.0,138.0
3826,3451,False,153.04,138.04
3827,3452,False,153.08,138.08
3828,3453,False,153.12,138.12
3829,3454,False,153.16,138.16
3830,3455,False,153.2,138.2
3831,3456,False,153.24,138.24
3832,3457,False,153.28,138.28
3833,3458,False,153.32,138.32
3834,3459,False,153.36,138.36
3835,3460,False,153.4,138.4
3836,3461,False,153.44,138.44
3837,3462,False,153.48,138.48
3838,3463,False,153.52,138.52
3839,3464,False,153.56,138.56
3840,3465,False,153.6,138.6
3841,3466,False,153.64,138.64
3842,3467,False,153.68,138.68
3843,3468,False,153.72,138.72
3844,3469,False,153.76,138.76
3845,3470,False,153.8,138.8
3846,3471,False,153.84,138.84
3847,3472,False,153.88,138.88
3848,3473,False,153.92,138.92
3849,3474,False,153.96,138.96
3850,3475,False,154.0,139.0
3851,3476,False,154.04,139.04
3852,3477,False,154.08,139.08
3853,3478,False,154.12,139.12
3854,3479,False,154.16,139.16
3855,3480,False,154.2,139.2
3856,3481,False,154.24,139.24
3857,3482,False,154.28,139.28
3858,3483,False,154.32,139.32
3859,3484,False,154.36,139.36
3860,3485,False,154.4,139.4
3861,3486,False,154.44,139.44
3862,3487,False,154.48,139.48
3863,3488,False,154.52,139.52
3864,3489,False,154.56,139.56
3865,3490,False,154.6,139.6
3866,3491,False,154.64,139.64
3867,3492,False,154.68,139.68
3868,3493,False,154.72,139.72
3869,3494,False,154.76,139.76
3870,3495,False,154.8,139.8
3871,3496,False,154.84,139.84
3872,3497,False,154.88,139.88
3873,3498,False,154.92,139.92
3874,3499,False,154.96,139.96
3875,3500,False,155.0,140.0
3876,3501,False,155.04,140.04
3877,3502,False,155.08,140.08
3878,3503,False,155.12,140.12
3879,3504,False,155.16,140.16
3880,3505,False,155.2,140.2
3881,3506,False,155.24,140.24
3882,3507,False,155.28,140.28
3883,3508,False,155.32,140.32
3884,3509,False,155.36,140.36
3885,3510,False,155.4,140.4
3886,3511,False,155.44,140.44
3887,3512,False,155.48,140.48
3888,3513,False,155.52,140.52
3889,3514,False,155.56,140.56
3890,3515,False,155.6,140.6
3891,3516,False,155.64,140.64
3892,3517,False,155.68,140.68
3893,3518,False,155.72,140.72
3894,3519,False,155.76,140.76
3895,3520,False,155.8,140.8
3896,3521,False,155.84,140.84
3897,3522,False,155.88,140.88
3898,3523,False,155.92,140.92
3899,3524,False,155.96,140.96
3900,3525,False,156.0,141.0
3901,3526,False,156.04,141.04
3902,3527,False,156.08,141.08
3903,3528,False,156.12,141.12
3904,3529,False,156.16,141.16
3905,3530,False,156.2,141.2
3906,3531,False,156.24,141.24
3907,3532,False,156.28,141.28
3908,3533,False,156.32,141.32
3909,3534,False,156.36,141.36
3910,3535,False,156.4,141.4
3911,3536,False,156.44,141.44
3912,3537,False,156.48,141.48
3913,3538,False,156.52,141.52
3914,3539,False,156.56,141.56
3915,3540,False,156.6,141.6
3916,3541,False,156.64,141.64
3917,3542,False,156.68,141.68
3918,3543,False,156.72,141.72
3919,3544,False,156.76,141.76
3920,3545,False,156.8,141.8
3921,3546,False,156.84,141.84
3922,3547,False,156.88,141.88
3923,3548,False,156.92,141.92
3924,3549,False,156.96,141.96
3925,3550,False,157.0,142.0
3926,3551,False,157.04,142.04
3927,3552,False,157.08,142.08
3928,3553,False,157.12,142.12
3929,3554,False,157.16,142.16
3930,3555,False,157.2,142.2
3931,3556,False,157.24,142.24
3932,3557,False,157.28,142.28
3933,3558,False,157.32,142.32
3934,3559,False,157.36,142.36
3935,3560,False,157.4,142.4
3936,3561,False,157.44,142.44
3937,3562,False,157.48,142.48
3938,3563,False,157.52,142.52
3939,3564,False,157.56,142.56
3940,3565,False,157.6,142.6
3941,3566,False,157.64,142.64
3942,3567,False,157.68,142.68
3943,3568,False,157.72,142.72
3944,3569,False,157.76,142.76
3945,3570,False,157.8,142.8
3946,3571,False,157.84,142.84
3947,3572,False,157.88,142.88
3948,3573,False,157.92,142.92
3949,3574,False,157.96,142.96
3950,3575,False,158.0,143.0
3951,3576,False,158.04,143.04
3952,3577,False,158.08,143.08
3953,3578,False,158.12,143.12
3954,3579,False,158.16,143.16
3955,3580,False,158.2,143.2
3956,3581,False,158.24,143.24
3957,3582,False,158.28,143.28
3958,3583,False,158.32,143.32
3959,3584,False,158.36,143.36
3960,3585,False,158.4,143.4
3961,3586,False,158.44,143.44
3962,3587,False,158.48,143.48
3963,3588,False,158.52,143.52
3964,3589,False,158.56,143.56
3965,3590,False,158.6,143.6
3966,3591,False,158.64,143.64
3967,3592,False,158.68,143.68
3968,3593,False,158.72,143.72
3969,3594,False,158.76,143.76
3970,3595,False,158.8,143.8
3971,3596,False,158.84,143.84
3972,3597,False,158.88,143.88
3973,3598,False,158.92,143.92
3974,3599,False,158.96,143.96
3975,3600,False,159.0,144.0
3976,3601,False,159.04,144.04
3977,3602,False,159.08,144.08
3978,3603,False,159.12,144.12
3979,3604,False,159.16,144.16
3980,3605,False,159.2,144.2
3981,3606,False,159.24,144.24
3982,3607,False,159.28,144.28
3983,3608,False,159.32,144.32
3984,3609,False,159.36,144.36
3985,3610,False,159.4,144.4
3986,3611,False,159.44,144.44
3987,3612,False,159.48,144.48
3988,3613,False,159.52,144.52
3989,3614,False,159.56,144.56
3990,3615,False,159.6,144.6
3991,3616,False,159.64,144.64
3992,3617,False,159.68,144.68
3993,3618,False,159.72,144.72
3994,3619,False,159.76,144.76
3995,3620,False,159.8,144.8
3996,3621,False,159.84,144.84
3997,3622,False,159.88,144.88
3998,3623,False,159.92,144.92
3999,3624,False,159.96,144.96
4000,3625,False,160.0,145.0
4001,3626,False,160.04,145.04
4002,3627,False,160.08,145.08
4003,3628,False,160.12,145.12
4004,3629,False,160.16,145.16
4005,3630,False,160.2,145.2
4006,3631,False,160.24,145.24
4007,3632,False,160.28,145.28
4008,3633,False,160.32,145.32
4009,3634,False,160.36,145.36
4010,3635,False,160.4,145.4
4011,3636,False,160.44,145.44
4012,3637,False,160.48,145.48
4013,3638,False,160.52,145.52
4014,3639,False,160.56,145.56
4015,3640,False,160.6,145.6
4016,3641,False,160.64,145.64
4017,3642,False,160.68,145.68
4018,3643,False,160.72,145.72
4019,3644,False,160.76,145.76
4020,3645,False,160.8,145.8
4021,3646,False,160.84,145.84
4022,3647,False,160.88,145.88
4023,3648,False,160.92,145.92
4024,3649,False,160.96,145.96
4025,3650,False,161.0,146.0
4026,3651,False,161.04,146.04
4027,3652,False,161.08,146.08
4028,3653,False,161.12,146.12
4029,3654,False,161.16,146.16
4030,3655,False,161.2,146.2
4031,3656,False,161.24,146.24
4032,3657,False,161.28,146.28
4033,3658,False,161.32,146.32
4034,3659,False,161.36,146.36
4035,3660,False,161.4,146.4
4036,3661,False,161.44,146.44
4037,3662,False,161.48,146.48
4038,3663,False,161.52,146.52
4039,3664,False,161.56,146.56
4040,3665,False,161.6,146.6
4041,3666,False,161.64,146.64
4042,3667,False,161.68,146.68
4043,3668,False,161.72,146.72
4044,3669,False,161.76,146.76
4045,3670,False,161.8,146.8
4046,3671,False,161.84,146.84
4047,3672,False,161.88,146.88
4048,3673,False,161.92,146.92
4049,3674,False,161.96,146.96
4050,3675,False,162.0,147.0
4051,3676,False,162.04,147.04
4052,3677,False,162.08,147.08
4053,3678,False,162.12,147.12
4054,3679,False,162.16,147.16
4055,3680,False,162.2,147.2
4056,3681,False,162.24,147.24
4057,3682,False,162.28,147.28
4058,3683,False,162.32,147.32
4059,3684,False,162.36,147.36
4060,3685,False,162.4,147.4
4061,3686,False,162.44,147.44
4062,3687,False,162.48,147.48
4063,3688,False,162.52,147.52
4064,3689,False,162.56,147.56
4065,3690,False,162.6,147.6
4066,3691,False,162.64,147.64
4067,3692,False,162.68,147.68
4068,3693,False,162.72,147.72
4069,3694,False,162.76,147.76
4070,3695,False,162.8,147.8
4071,3696,False,162.84,147.84
4072,3697,False,162.88,147.88
4073,3698,False,162.92,147.92
4074,3699,False,162.96,147.96
4075,3700,False,163.0,148.0
4076,3701,False,163.04,148.04
4077,3702,False,163.08,148.08
4078,3703,False,163.12,148.12
4079,3704,False,163.16,148.16
4080,3705,False,163.2,148.2
4081,3706,False,163.24,148.24
4082,3707,False,163.28,148.28
4083,3708,False,163.32,148.32
4084,3709,False,163.36,148.36
4085,3710,False,163.4,148.4
4086,3711,False,163.44,148.44
4087,3712,False,163.48,148.48
4088,3713,False,163.52,148.52
4089,3714,False,163.56,148.56
4090,3715,False,163.6,148.6
4091,3716,False,163.64,148.64
4092,3717,False,163.68,148.68
4093,3718,False,163.72,148.72
4094,3719,False,163.76,148.76
4095,3720,False,163.8,148.8
4096,3721,False,163.84,148.84
4097,3722,False,163.88,148.88
4098,3723,False,163.92,148.92
4099,3724,False,163.96,148.96
4100,3725,False,164.0,149.0
4101,3726,False,164.04,149.04
4102,3727,False,164.08,149.08
4103,3728,False,164.12,149.12
4104,3729,False,164.16,149.16
4105,3730,False,164.2,149.2
4106,3731,False,164.24,149.24
4107,3732,False,164.28,149.28
4108,3733,False,164.32,149.32
4109,3734,False,164.36,149.36
4110,3735,False,164.4,149.4
4111,3736,False,164.44,149.44
4112,3737,False,164.48,149.48
4113,3738,False,164.52,149.52
4114,3739,False,164.56,149.56
4115,3740,False,164.6,149.6
4116,3741,False,164.64,149.64
4117,3742,False,164.68,149.68
4118,3743,False,164.72,149.72
4119,3744,False,164.76,149.76
4120,3745,False,164.8,149.8
4121,3746,False,164.84,149.84
4122,3747,False,164.88,149.88
4123,3748,False,164.92,149.92
4124,3749,False,164.96,149.96
4125,3750,False,165.0,150.0
4126,3751,False,165.04,150.04
4127,3752,False,165.08,150.08
4128,3753,False,165.12,150.12
4129,3754,False,165.16,150.16
4130,3755,False,165.2,150.2
4131,3756,False,165.24,150.24
4132,3757,False,165.28,150.28
4133,3758,False,165.32,150.32
4134,3759,False,165.36,150.36
4135,3760,False,165.4,150.4
4136,3761,False,165.44,150.44
4137,3762,False,165.48,150.48
4138,3763,False,165.52,150.52
4139,3764,False,165.56,150.56
4140,3765,False,165.6,150.6
4141,3766,False,165.64,150.64
4142,3767,False,165.68,150.68
4143,3768,False,165.72,150.72
4144,3769,False,165.76,150.76
4145,3770,False,165.8,150.8
4146,3771,False,165.84,150.84
4147,3772,False,165.88,150.88
4148,3773,False,165.92,150.92
4149,3774,False,165.96,150.96
4150,3775,False,166.0,151.0
4151,3776,False,166.04,151.04
4152,3777,False,166.08,151.08
4153,3778,False,166.12,151.12
4154,3779,False,166.16,151.16
4155,3780,False,166.2,151.2
4156,3781,False,166.24,151.24
4157,3782,False,166.28,151.28
4158,3783,False,166.32,151.32
4159,3784,False,166.36,151.36
4160,3785,False,166.4,151.4
4161,3786,False,166.44,151.44
4162,3787,False,166.48,151.48
4163,3788,False,166.52,151.52
4164,3789,False,166.56,151.56
4165,3790,False,166.6,151.6
4166,3791,False,166.64,151.64
4167,3792,False,166.68,151.68
4168,3793,False,166.72,151.72
4169,3794,False,166.76,151.76
4170,3795,False,166.8,151.8
4171,3796,False,166.84,151.84
4172,3797,False,166.88,151.88
4173,3798,False,166.92,151.92
4174,3799,False,166.96,151.96
4175,3800,False,167.0,152.0
4176,3801,False,167.04,152.04
4177,3802,False,167.08,152.08
4178,3803,False,167.12,152.12
4179,3804,False,167.16,152.16
4180,3805,False,167.2,152.2
4181,3806,False,167.24,152.24
4182,3807,False,167.28,152.28
4183,3808,False,167.32,152.32
4184,3809,False,167.36,152.36
4185,3810,False,167.4,152.4
4186,3811,False,167.44,152.44
4187,3812,False,167.48,152.48
4188,3813,False,167.52,152.52
4189,3814,False,167.56,152.56
4190,3815,False,167.6,152.6
4191,3816,False,167.64,152.64
4192,3817,False,167.68,152.68
4193,3818,False,167.72,152.72
4194,3819,False,167.76,152.76
4195,3820,False,167.8,152.8
4196,3821,False,167.84,152.84
4197,3822,False,167.88,152.88
4198,3823,False,167.92,152.92
4199,3824,False,167.96,152.96
4200,3825,False,168.0,153.0
4201,3826,False,168.04,153.04
4202,3827,False,168.08,153.08
4203,3828,False,168.12,153.12
4204,3829,False,168.16,153.16
4205,3830,False,168.2,153.2
4206,3831,False,168.24,153.24
4207,3832,False,168.28,153.28
4208,3833,False,168.32,153.32
4209,3834,False,168.36,153.36
4210,3835,False,168.4,153.4
4211,3836,False,168.44,153.44
4212,3837,False,168.48,153.48
4213,3838,False,168.52,153.52
4214,3839,False,168.56,153.56
4215,3840,False,168.6,153.6
4216,3841,False,168.64,153.64
4217,3842,False,168.68,153.68
4218,3843,False,168.72,153.72
4219,3844,False,168.76,153.76
4220,3845,False,168.8,153.8
4221,3846,False,168.84,153.84
4222,3847,False,168.88,153.88
4223,3848,False,168.92,153.92
4224,3849,False,168.96,153.96
4225,3850,False,169.0,154.0
4226,3851,False,169.04,154.04
4227,3852,False,169.08,154.08
4228,3853,False,169.12,154.12
4229,3854,False,169.16,154.16
4230,3855,False,169.2,154.2
4231,3856,False,169.24,154.24
4232,3857,False,169.28,154.28
4233,3858,False,169.32,154.32
4234,3859,False,169.36,154.36
4235,3860,False,169.4,154.4
4236,3861,False,169.44,154.44
4237,3862,False,169.48,154.48
4238,3863,False,169.52,154.52
4239,3864,False,169.56,154.56
4240,3865,False,169.6,154.6
4241,3866,False,169.64,154.64
4242,3867,False,169.68,154.68
4243,3868,False,169.72,154.72
4244,3869,False,169.76,154.76
4245,3870,False,169.8,154.8
4246,3871,False,169.84,154.84
4247,3872,False,169.88,154.88
4248,3873,False,169.92,154.92
4249,3874,False,169.96,154.96
4250,3875,False,170.0,155.0
4251,3876,False,170.04,155.04
4252,3877,False,170.08,155.08
4253,3878,False,170.12,155.12
4254,3879,False,170.16,155.16
4255,3880,False,170.2,155.2
4256,3881,False,170.24,155.24
4257,3882,False,170.28,155.28
4258,3883,False,170.32,155.32
4259,3884,False,170.36,155.36
4260,3885,False,170.4,155.4
4261,3886,False,170.44,155.44
4262,3887,False,170.48,155.48
4263,3888,False,170.52,155.52
4264,3889,False,170.56,155.56
4265,3890,False,170.6,155.6
4266,3891,False,170.64,155.64
4267,3892,False,170.68,155.68
4268,3893,False,170.72,155.72
4269,3894,False,170.76,155.76
4270,3895,False,170.8,155.8
4271,3896,False,170.84,155.84
4272,3897,False,170.88,155.88
4273,3898,False,170.92,155.92
4274,3899,False,170.96,155.96
4275,3900,False,171.0,156.0
4276,3901,False,171.04,156.04
4277,3902,False,171.08,156.08
4278,3903,False,171.12,156.12
4279,3904,False,171.16,156.16
4280,3905,False,171.2,156.2
4281,3906,False,171.24,156.24
4282,3907,False,171.28,156.28
4283,3908,False,171.32,156.32
4284,3909,False,171.36,156.36
4285,3910,False,171.4,156.4
4286,3911,False,171.44,156.44
4287,3912,False,171.48,156.48
4288,3913,False,171.52,156.52
4289,3914,False,171.56,156.56
4290,3915,False,171.6,156.6
4291,3916,False,171.64,156.64
4292,3917,False,171.68,156.68
4293,3918,False,171.72,156.72
4294,3919,False,171.76,156.76
4295,3920,False,171.8,156.8
4296,3921,False,171.84,156.84
4297,3922,False,171.88,156.88
4298,3923,False,171.92,156.92
4299,3924,False,171.96,156.96
4300,3925,False,172.0,157.0
4301,3926,False,172.04,157.04
4302,3927,False,172.08,157.08
4303,3928,False,172.12,157.12
4304,3929,False,172.16,157.16
4305,3930,False,172.2,157.2
4306,3931,False,172.24,157.24
4307,3932,False,172.28,157.28
4308,3933,False,172.32,157.32
4309,3934,False,172.36,157.36
4310,3935,False,172.4,157.4
4311,3936,False,172.44,157.44
4312,3937,False,172.48,157.48
4313,3938,False,172.52,157.52
4314,3939,False,172.56,157.56
4315,3940,False,172.6,157.6
4316,3941,False,172.64,157.64
4317,3942,False,172.68,157.68
4318,3943,False,172.72,157.72
4319,3944,False,172.76,157.76
4320,3945,False,172.8,157.8
4321,3946,False,172.84,157.84
4322,3947,False,172.88,157.88
4323,3948,False,172.92,157.92
4324,3949,False,172.96,157.96
4325,3950,False,173.0,158.0
4326,3951,False,173.04,158.04
4327,3952,False,173.08,158.08
4328,3953,False,173.12,158.12
4329,3954,False,173.16,158.16
4330,3955,False,173.2,158.2
4331,3956,False,173.24,158.24
4332,3957,False,173.28,158.28
4333,3958,False,173.32,158.32
4334,3959,False,173.36,158.36
4335,3960,False,173.4,158.4
4336,3961,False,173.44,158.44
4337,3962,False,173.48,158.48
4338,3963,False,173.52,158.52
4339,3964,False,173.56,158.56
4340,3965,False,173.6,158.6
4341,3966,False,173.64,158.64
4342,3967,False,173.68,158.68
4343,3968,False,173.72,158.72
4344,3969,False,173.76,158.76
4345,3970,False,173.8,158.8
4346,3971,False,173.84,158.84
4347,3972,False,173.88,158.88
4348,3973,False,173.92,158.92
4349,3974,False,173.96,158.96
4350,3975,False,174.0,159.0
4351,3976,False,174.04,159.04
4352,3977,False,174.08,159.08
4353,3978,False,174.12,159.12
4354,3979,False,174.16,159.16
4355,3980,False,174.2,159.2
4356,3981,False,174.24,159.24
4357,3982,False,174.28,159.28
4358,3983,False,174.32,159.32
4359,3984,False,174.36,159.36
4360,3985,False,174.4,159.4
4361,3986,False,174.44,159.44
4362,3987,False,174.48,159.48
4363,3988,False,174.52,159.52
4364,3989,False,174.56,159.56
4365,3990,False,174.6,159.6
4366,3991,False,174.64,159.64
4367,3992,False,174.68,159.68
4368,3993,False,174.72,159.72
4369,3994,False,174.76,159.76
4370,3995,False,174.8,159.8
4371,3996,False,174.84,159.84
4372,3997,False,174.88,159.88
4373,3998,False,174.92,159.92
4374,3999,False,174.96,159.96
4375,4000,False,175.0,160.0
4376,4001,False,175.04,160.04
4377,4002,False,175.08,160.08
4378,4003,False,175.12,160.12
4379,4004,False,175.16,160.16
4380,4005,False,175.2,160.2
4381,4006,False,175.24,160.24
4382,4007,False,175.28,160.28
4383,4008,False,175.32,160.32
4384,4009,False,175.36,160.36
4385,4010,False,175.4,160.4
4386,4011,False,175.44,160.44
4387,4012,False,175.48,160.48
4388,4013,False,175.52,160.52
4389,4014,False,175.56,160.56
4390,4015,False,175.6,160.6
4391,4016,False,175.64,160.64
4392,4017,False,175.68,160.68
4393,4018,False,175.72,160.72
4394,4019,False,175.76,160.76
4395,4020,False,175.8,160.8
4396,4021,False,175.84,160.84
4397,4022,False,175.88,160.88
4398,4023,False,175.92,160.92
4399,4024,False,175.96,160.96
4400,4025,False,176.0,161.0
4401,4026,False,176.04,161.04
4402,4027,False,176.08,161.08
4403,4028,False,176.12,161.12
4404,4029,False,176.16,161.16
4405,4030,False,176.2,161.2
4406,4031,False,176.24,161.24
4407,4032,False,176.28,161.28
4408,4033,False,176.32,161.32
4409,4034,False,176.36,161.36
4410,4035,False,176.4,161.4
4411,4036,False,176.44,161.44
4412,4037,False,176.48,161.48
4413,4038,False,176.52,161.52
4414,4039,False,176.56,161.56
4415,4040,False,176.6,161.6
4416,4041,False,176.64,161.64
4417,4042,False,176.68,161.68
4418,4043,False,176.72,161.72
4419,4044,False,176.76,161.76
4420,4045,False,176.8,161.8
4421,4046,False,176.84,161.84
4422,4047,False,176.88,161.88
4423,4048,False,176.92,161.92
4424,4049,False,176.96,161.96
4425,4050,False,177.0,162.0
4426,4051,False,177.04,162.04
4427,4052,False,177.08,162.08
4428,4053,False,177.12,162.12
4429,4054,False,177.16,162.16
4430,4055,False,177.2,162.2
4431,4056,False,177.24,162.24
4432,4057,False,177.28,162.28
4433,4058,False,177.32,162.32
4434,4059,False,177.36,162.36
4435,4060,False,177.4,162.4
4436,4061,False,177.44,162.44
4437,4062,False,177.48,162.48
4438,4063,False,177.52,162.52
4439,4064,False,177.56,162.56
4440,4065,False,177.6,162.6
4441,4066,False,177.64,162.64
4442,4067,False,177.68,162.68
4443,4068,False,177.72,162.72
4444,4069,False,177.76,162.76
4445,4070,False,177.8,162.8
4446,4071,False,177.84,162.84
4447,4072,False,177.88,162.88
4448,4073,False,177.92,162.92
4449,4074,False,177.96,162.96
4450,4075,False,178.0,163.0
4451,4076,False,178.04,163.04
4452,4077,False,178.08,163.08
4453,4078,False,178.12,163.12
4454,4079,False,178.16,163.16
4455,4080,False,178.2,163.2
4456,4081,False,178.24,163.24
4457,4082,False,178.28,163.28
4458,4083,False,178.32,163.32
4459,4084,False,178.36,163.36
4460,4085,False,178.4,163.4
4461,4086,False,178.44,163.44
4462,4087,False,178.48,163.48
4463,4088,False,178.52,163.52
4464,4089,False,178.56,163.56
4465,4090,False,178.6,163.6
4466,4091,False,178.64,163.64
4467,4092,False,178.68,163.68
4468,4093,False,178.72,163.72
4469,4094,False,178.76,163.76
4470,4095,False,178.8,163.8
4471,4096,False,178.84,163.84
4472,4097,False,178.88,163.88
4473,4098,False,178.92,163.92
4474,4099,False,178.96,163.96
4475,4100,False,179.0,164.0
4476,4101,False,179.04,164.04
4477,4102,False,179.08,164.08
4478,4103,False,179.12,164.12
4479,4104,False,179.16,164.16
4480,4105,False,179.2,164.2
4481,4106,False,179.24,164.24
4482,4107,False,179.28,164.28
4483,4108,False,179.32,164.32
4484,4109,False,179.36,164.36
4485,4110,False,179.4,164.4
4486,4111,False,179.44,164.44
4487,4112,False,179.48,164.48
4488,4113,False,179.52,164.52
4489,4114,False,179.56,164.56
4490,4115,False,179.6,164.6
4491,4116,False,179.64,164.64
4492,4117,False,179.68,164.68
4493,4118,False,179.72,164.72
4494,4119,False,179.76,164.76
4495,4120,False,179.8,164.8
4496,4121,False,179.84,164.84
4497,4122,False,179.88,164.88
4498,4123,False,179.92,164.92
4499,4124,False,179.96,164.96
4500,4125,False,180.0,165.0
4501,4126,False,180.04,165.04
4502,4127,False,180.08,165.08
4503,4128,False,180.12,165.12
4504,4129,False,180.16,165.16
4505,4130,False,180.2,165.2
4506,4131,False,180.24,165.24
4507,4132,False,180.28,165.28
4508,4133,False,180.32,165.32
4509,4134,False,180.36,165.36
4510,4135,False,180.4,165.4
4511,4136,False,180.44,165.44
4512,4137,False,180.48,165.48
4513,4138,False,180.52,165.52
4514,4139,False,180.56,165.56
4515,4140,False,180.6,165.6
4516,4141,False,180.64,165.64
4517,4142,False,180.68,165.68
4518,4143,False,180.72,165.72
4519,4144,False,180.76,165.76
4520,4145,False,180.8,165.8
4521,4146,False,180.84,165.84
4522,4147,False,180.88,165.88
4523,4148,False,180.92,165.92
4524,4149,False,180.96,165.96
4525,4150,False,181.0,166.0
4526,4151,False,181.04,166.04
4527,4152,False,181.08,166.08
4528,4153,False,181.12,166.12
4529,4154,False,181.16,166.16
4530,4155,False,181.2,166.2
4531,4156,False,181.24,166.24
4532,4157,False,181.28,166.28
4533,4158,False,181.32,166.32
4534,4159,False,181.36,166.36
4535,4160,False,181.4,166.4
4536,4161,False,181.44,166.44
4537,4162,False,181.48,166.48
4538,4163,False,181.52,166.52
4539,4164,False,181.56,166.56
4540,4165,False,181.6,166.6
4541,4166,False,181.64,166.64
4542,4167,False,181.68,166.68
4543,4168,False,181.72,166.72
4544,4169,False,181.76,166.76
4545,4170,False,181.8,166.8
4546,4171,False,181.84,166.84
4547,4172,False,181.88,166.88
4548,4173,False,181.92,166.92
4549,4174,False,181.96,166.96
4550,4175,False,182.0,167.0
4551,4176,False,182.04,167.04
4552,4177,False,182.08,167.08
4553,4178,False,182.12,167.12
4554,4179,False,182.16,167.16
4555,4180,False,182.2,167.2
4556,4181,False,182.24,167.24
4557,4182,False,182.28,167.28
4558,4183,False,182.32,167.32
4559,4184,False,182.36,167.36
4560,4185,False,182.4,167.4
4561,4186,False,182.44,167.44
4562,4187,False,182.48,167.48
4563,4188,False,182.52,167.52
4564,4189,False,182.56,167.56
4565,4190,False,182.6,167.6
4566,4191,False,182.64,167.64
4567,4192,False,182.68,167.68
4568,4193,False,182.72,167.72
4569,4194,False,182.76,167.76
4570,4195,False,182.8,167.8
4571,4196,False,182.84,167.84
4572,4197,False,182.88,167.88
4573,4198,False,182.92,167.92
4574,4199,False,182.96,167.96
4575,4200,False,183.0,168.0
4576,4201,False,183.04,168.04
4577,4202,False,183.08,168.08
4578,4203,False,183.12,168.12
4579,4204,False,183.16,168.16
4580,4205,False,183.2,168.2
4581,4206,False,183.24,168.24
4582,4207,False,183.28,168.28
4583,4208,False,183.32,168.32
4584,4209,False,183.36,168.36
4585,4210,False,183.4,168.4
4586,4211,False,183.44,168.44
4587,4212,False,183.48,168.48
4588,4213,False,183.52,168.52
4589,4214,False,183.56,168.56
4590,4215,False,183.6,168.6
4591,4216,False,183.64,168.64
4592,4217,False,183.68,168.68
4593,4218,False,183.72,168.72
4594,4219,False,183.76,168.76
4595,4220,False,183.8,168.8
4596,4221,False,183.84,168.84
4597,4222,False,183.88,168.88
4598,4223,False,183.92,168.92
4599,4224,False,183.96,168.96
4600,4225,False,184.0,169.0
4601,4226,False,184.04,169.04
4602,4227,False,184.08,169.08
4603,4228,False,184.12,169.12
4604,4229,False,184.16,169.16
4605,4230,False,184.2,169.2
4606,4231,False,184.24,169.24
4607,4232,False,184.28,169.28
4608,4233,False,184.32,169.32
4609,4234,False,184.36,169.36
4610,4235,False,184.4,169.4
4611,4236,False,184.44,169.44
4612,4237,False,184.48,169.48
4613,4238,False,184.52,169.52
4614,4239,False,184.56,169.56
4615,4240,False,184.6,169.6
4616,4241,False,184.64,169.64
4617,4242,False,184.68,169.68
4618,4243,False,184.72,169.72
4619,4244,False,184.76,169.76
4620,4245,False,184.8,169.8
4621,4246,False,184.84,169.84
4622,4247,False,184.88,169.88
4623,4248,False,184.92,169.92
4624,4249,False,184.96,169.96
4625,4250,False,185.0,170.0
4626,4251,False,185.04,170.04
4627,4252,False,185.08,170.08
4628,4253,False,185.12,170.12
4629,4254,False,185.16,170.16
4630,4255,False,185.2,170.2
4631,4256,False,185.24,170.24
4632,4257,False,185.28,170.28
4633,4258,False,185.32,170.32
4634,4259,False,185.36,170.36
4635,4260,False,185.4,170.4
4636,4261,False,185.44,170.44
4637,4262,False,185.48,170.48
4638,4263,False,185.52,170.52
4639,4264,False,185.56,170.56
4640,4265,False,185.6,170.6
4641,4266,False,185.64,170.64
4642,4267,False,185.68,170.68
4643,4268,False,185.72,170.72
4644,4269,False,185.76,170.76
4645,4270,False,185.8,170.8
4646,4271,False,185.84,170.84
4647,4272,False,185.88,170.88
4648,4273,False,185.92,170.92
4649,4274,False,185.96,170.96
4650,4275,False,186.0,171.0
4651,4276,False,186.04,171.04
4652,4277,False,186.08,171.08
4653,4278,False,186.12,171.12
4654,4279,False,186.16,171.16
4655,4280,False,186.2,171.2
4656,4281,False,186.24,171.24
4657,4282,False,186.28,171.28
4658,4283,False,186.32,171.32
4659,4284,False,186.36,171.36
4660,4285,False,186.4,171.4
4661,4286,False,186.44,171.44
4662,4287,False,186.48,171.48
4663,4288,False,186.52,171.52
4664,4289,False,186.56,171.56
4665,4290,False,186.6,171.6
4666,4291,False,186.64,171.64
4667,4292,False,186.68,171.68
4668,4293,False,186.72,171.72
4669,4294,False,186.76,171.76
4670,4295,False,186.8,171.8
4671,4296,False,186.84,171.84
4672,4297,False,186.88,171.88
4673,4298,False,186.92,171.92
4674,4299,False,186.96,171.96
4675,4300,False,187.0,172.0
4676,4301,False,187.04,172.04
4677,4302,False,187.08,172.08
4678,4303,False,187.12,172.12
4679,4304,False,187.16,172.16
4680,4305,False,187.2,172.2
4681,4306,False,187.24,172.24
4682,4307,False,187.28,172.28
4683,4308,False,187.32,172.32
4684,4309,False,187.36,172.36
4685,4310,False,187.4,172.4
4686,4311,False,187.44,172.44
4687,4312,False,187.48,172.48
4688,4313,False,187.52,172.52
4689,4314,False,187.56,172.56
4690,4315,False,187.6,172.6
4691,4316,False,187.64,172.64
4692,4317,False,187.68,172.68
4693,4318,False,187.72,172.72
4694,4319,False,187.76,172.76
4695,4320,False,187.8,172.8
4696,4321,False,187.84,172.84
4697,4322,False,187.88,172.88
4698,4323,False,187.92,172.92
4699,4324,False,187.96,172.96
4700,4325,False,188.0,173.0
4701,4326,False,188.04,173.04
4702,4327,False,188.08,173.08
4703,4328,False,188.12,173.12
4704,4329,False,188.16,173.16
4705,4330,False,188.2,173.2
4706,4331,False,188.24,173.24
4707,4332,False,188.28,173.28
4708,4333,False,188.32,173.32
4709,4334,False,188.36,173.36
4710,4335,False,188.4,173.4
4711,4336,False,188.44,173.44
4712,4337,False,188.48,173.48
4713,4338,False,188.52,173.52
4714,4339,False,188.56,173.56
4715,4340,False,188.6,173.6
4716,4341,False,188.64,173.64
4717,4342,False,188.68,173.68
4718,4343,False,188.72,173.72
4719,4344,False,188.76,173.76
4720,4345,False,188.8,173.8
4721,4346,False,188.84,173.84
4722,4347,False,188.88,173.88
4723,4348,False,188.92,173.92
4724,4349,False,188.96,173.96
4725,4350,False,189.0,174.0
4726,4351,False,189.04,174.04
4727,4352,False,189.08,174.08
4728,4353,False,189.12,174.12
4729,4354,False,189.16,174.16
4730,4355,False,189.2,174.2
4731,4356,False,189.24,174.24
4732,4357,False,189.28,174.28
4733,4358,False,189.32,174.32
4734,4359,False,189.36,174.36
4735,4360,False,189.4,174.4
4736,4361,False,189.44,174.44
4737,4362,False,189.48,174.48
4738,4363,False,189.52,174.52
4739,4364,False,189.56,174.56
4740,4365,False,189.6,174.6
4741,4366,False,189.64,174.64
4742,4367,False,189.68,174.68
4743,4368,False,189.72,174.72
4744,4369,False,189.76,174.76
4745,4370,False,189.8,174.8
4746,4371,False,189.84,174.84
4747,4372,False,189.88,174.88
4748,4373,False,189.92,174.92
4749,4374,False,189.96,174.96
4750,4375,False,190.0,175.0
4751,4376,False,190.04,175.04
4752,4377,False,190.08,175.08
4753,4378,False,190.12,175.12
4754,4379,False,190.16,175.16
4755,4380,False,190.2,175.2
4756,4381,False,190.24,175.24
4757,4382,False,190.28,175.28
4758,4383,False,190.32,175.32
4759,4384,False,190.36,175.36
4760,4385,False,190.4,175.4
4761,4386,False,190.44,175.44
4762,4387,False,190.48,175.48
4763,4388,False,190.52,175.52
4764,4389,False,190.56,175.56
4765,4390,False,190.6,175.6
4766,4391,False,190.64,175.64
4767,4392,False,190.68,175.68
4768,4393,False,190.72,175.72
4769,4394,False,190.76,175.76
4770,4395,False,190.8,175.8
4771,4396,False,190.84,175.84
4772,4397,False,190.88,175.88
4773,4398,False,190.92,175.92
4774,4399,False,190.96,175.96
4775,4400,False,191.0,176.0
4776,4401,False,191.04,176.04
4777,4402,False,191.08,176.08
4778,4403,False,191.12,176.12
4779,4404,False,191.16,176.16
4780,4405,False,191.2,176.2
4781,4406,False,191.24,176.24
4782,4407,False,191.28,176.28
4783,4408,False,191.32,176.32
4784,4409,False,191.36,176.36
4785,4410,False,191.4,176.4
4786,4411,False,191.44,176.44
4787,4412,False,191.48,176.48
4788,4413,False,191.52,176.52
4789,4414,False,191.56,176.56
4790,4415,False,191.6,176.6
4791,4416,False,191.64,176.64
4792,4417,False,191.68,176.68
4793,4418,False,191.72,176.72
4794,4419,False,191.76,176.76
4795,4420,False,191.8,176.8
4796,4421,False,191.84,176.84
4797,4422,False,191.88,176.88
4798,4423,False,191.92,176.92
4799,4424,False,191.96,176.96
4800,4425,False,192.0,177.0
4801,4426,False,192.04,177.04
4802,4427,False,192.08,177.08
4803,4428,False,192.12,177.12
4804,4429,False,192.16,177.16
4805,4430,False,192.2,177.2
4806,4431,False,192.24,177.24
4807,4432,False,192.28,177.28
4808,4433,False,192.32,177.32
4809,4434,False,192.36,177.36
4810,4435,False,192.4,177.4
4811,4436,False,192.44,177.44
4812,4437,False,192.48,177.48
4813,4438,False,192.52,177.52
4814,4439,False,192.56,177.56
4815,4440,False,192.6,177.6
4816,4441,False,192.64,177.64
4817,4442,False,192.68,177.68
4818,4443,False,192.72,177.72
4819,4444,False,192.76,177.76
4820,4445,False,192.8,177.8
4821,4446,False,192.84,177.84
4822,4447,False,192.88,177.88
4823,4448,False,192.92,177.92
4824,4449,False,192.96,177.96
4825,4450,False,193.0,178.0
4826,4451,False,193.04,178.04
4827,4452,False,193.08,178.08
4828,4453,False,193.12,178.12
4829,4454,False,193.16,178.16
4830,4455,False,193.2,178.2
4831,4456,False,193.24,178.24
4832,4457,False,193.28,178.28
4833,4458,False,193.32,178.32
4834,4459,False,193.36,178.36
4835,4460,False,193.4,178.4
4836,4461,False,193.44,178.44
4837,4462,False,193.48,178.48
4838,4463,False,193.52,178.52
4839,4464,False,193.56,178.56
4840,4465,False,193.6,178.6
4841,4466,False,193.64,178.64
4842,4467,False,193.68,178.68
4843,4468,False,193.72,178.72
4844,4469,False,193.76,178.76
4845,4470,False,193.8,178.8
4846,4471,False,193.84,178.84
4847,4472,False,193.88,178.88
4848,4473,False,193.92,178.92
4849,4474,False,193.96,178.96
4850,4475,False,194.0,179.0
4851,4476,False,194.04,179.04
4852,4477,False,194.08,179.08
4853,4478,False,194.12,179.12
4854,4479,False,194.16,179.16
4855,4480,False,194.2,179.2
4856,4481,False,194.24,179.24
4857,4482,False,194.28,179.28
4858,4483,False,194.32,179.32
4859,4484,False,194.36,179.36
4860,4485,False,194.4,179.4
4861,4486,False,194.44,179.44
4862,4487,False,194.48,179.48
4863,4488,False,194.52,179.52
4864,4489,False,194.56,179.56
4865,4490,False,194.6,179.6
4866,4491,False,194.64,179.64
4867,4492,False,194.68,179.68
4868,4493,False,194.72,179.72
4869,4494,False,194.76,179.76
4870,4495,False,194.8,179.8
4871,4496,False,194.84,179.84
4872,4497,False,194.88,179.88
4873,4498,False,194.92,179.92
4874,4499,False,194.96,179.96
4875,4500,False,195.0,180.0
4876,4501,False,195.04,180.04
4877,4502,False,195.08,180.08
4878,4503,False,195.12,180.12
4879,4504,False,195.16,180.16
4880,4505,False,195.2,180.2
4881,4506,False,195.24,180.24
4882,4507,False,195.28,180.28
4883,4508,False,195.32,180.32
4884,4509,False,195.36,180.36
4885,4510,False,195.4,180.4
4886,4511,False,195.44,180.44
4887,4512,False,195.48,180.48
4888,4513,False,195.52,180.52
4889,4514,False,195.56,180.56
4890,4515,False,195.6,180.6
4891,4516,False,195.64,180.64
4892,4517,False,195.68,180.68
4893,4518,False,195.72,180.72
4894,4519,False,195.76,180.76
4895,4520,False,195.8,180.8
4896,4521,False,195.84,180.84
4897,4522,False,195.88,180.88
4898,4523,False,195.92,180.92
4899,4524,False,195.96,180.96
4900,4525,False,196.0,181.0
4901,4526,False,196.04,181.04
4902,4527,False,196.08,181.08
4903,4528,False,196.12,181.12
4904,4529,False,196.16,181.16
4905,4530,False,196.2,181.2
4906,4531,False,196.24,181.24
4907,4532,False,196.28,181.28
4908,4533,False,196.32,181.32
4909,4534,False,196.36,181.36
4910,4535,False,196.4,181.4
4911,4536,False,196.44,181.44
4912,4537,False,196.48,181.48
4913,4538,False,196.52,181.52
4914,4539,False,196.56,181.56
4915,4540,False,196.6,181.6
4916,4541,False,196.64,181.64
4917,4542,False,196.68,181.68
4918,4543,False,196.72,181.72
4919,4544,False,196.76,181.76
4920,4545,False,196.8,181.8
4921,4546,False,196.84,181.84
4922,4547,False,196.88,181.88
4923,4548,False,196.92,181.92
4924,4549,False,196.96,181.96
4925,4550,False,197.0,182.0
4926,4551,False,197.04,182.04
4927,4552,False,197.08,182.08
4928,4553,False,197.12,182.12
4929,4554,False,197.16,182.16
4930,4555,False,197.2,182.2
4931,4556,False,197.24,182.24
4932,4557,False,197.28,182.28
4933,4558,False,197.32,182.32
4934,4559,False,197.36,182.36
4935,4560,False,197.4,182.4
4936,4561,False,197.44,182.44
4937,4562,False,197.48,182.48
4938,4563,False,197.52,182.52
4939,4564,False,197.56,182.56
4940,4565,False,197.6,182.6
4941,4566,False,197.64,182.64
4942,4567,False,197.68,182.68
4943,4568,False,197.72,182.72
4944,4569,False,197.76,182.76
4945,4570,False,197.8,182.8
4946,4571,False,197.84,182.84
4947,4572,False,197.88,182.88
4948,4573,False,197.92,182.92
4949,4574,False,197.96,182.96
4950,4575,False,198.0,183.0
4951,4576,False,198.04,183.04
4952,4577,False,198.08,183.08
4953,4578,False,198.12,183.12
4954,4579,False,198.16,183.16
4955,4580,False,198.2,183.2
4956,4581,False,198.24,183.24
4957,4582,False,198.28,183.28
4958,4583,False,198.32,183.32
4959,4584,False,198.36,183.36
4960,4585,False,198.4,183.4
4961,4586,False,198.44,183.44
4962,4587,False,198.48,183.48
4963,4588,False,198.52,183.52
4964,4589,False,198.56,183.56
4965,4590,False,198.6,183.6
4966,4591,False,198.64,183.64
4967,4592,False,198.68,183.68
4968,4593,False,198.72,183.72
4969,4594,False,198.76,183.76
4970,4595,False,198.8,183.8
4971,4596,False,198.84,183.84
4972,4597,False,198.88,183.88
4973,4598,False,198.92,183.92
4974,4599,False,198.96,183.96
4975,4600,False,199.0,184.0
4976,4601,False,199.04,184.04
4977,4602,False,199.08,184.08
4978,4603,False,199.12,184.12
4979,4604,False,199.16,184.16
4980,4605,False,199.2,184.2
4981,4606,False,199.24,184.24
4982,4607,False,199.28,184.28
4983,4608,False,199.32,184.32
4984,4609,False,199.36,184.36
4985,4610,False,199.4,184.4
4986,4611,False,199.44,184.44
4987,4612,False,199.48,184.48
4988,4613,False,199.52,184.52
4989,4614,False,199.56,184.56
4990,4615,False,199.6,184.6
4991,4616,False,199.64,184.64
4992,4617,False,199.68,184.68
4993,4618,False,199.72,184.72
4994,4619,False,199.76,184.76
4995,4620,False,199.8,184.8
4996,4621,False,199.84,184.84
4997,4622,False,199.88,184.88
4998,4623,False,199.92,184.92
4999,4624,False,199.96,184.96
5000,4625,False,200.0,185.0
5001,4626,False,200.04,185.04
5002,4627,False,200.08,185.08
5003,4628,False,200.12,185.12
5004,4629,False,200.16,185.16
5005,4630,False,200.2,185.2
5006,4631,False,200.24,185.24
5007,4632,False,200.28,185.28
5008,4633,False,200.32,185.32
5009,4634,False,200.36,185.36
5010,4635,False,200.4,185.4
5011,4636,False,200.44,185.44
5012,4637,False,200.48,185.48
5013,4638,False,200.52,185.52
5014,4639,False,200.56,185.56
5015,4640,False,200.6,185.6
5016,4641,False,200.64,185.64
5017,4642,False,200.68,185.68
5018,4643,False,200.72,185.72
5019,4644,False,200.76,185.76
5020,4645,False,200.8,185.8
5021,4646,False,200.84,185.84
5022,4647,False,200.88,185.88
5023,4648,False,200.92,185.92
5024,4649,False,200.96,185.96
5025,4650,False,201.0,186.0
5026,4651,False,201.04,186.04
5027,4652,False,201.08,186.08
5028,4653,False,201.12,186.12
5029,4654,False,201.16,186.16
5030,4655,False,201.2,186.2
5031,4656,False,201.24,186.24
5032,4657,False,201.28,186.28
5033,4658,False,201.32,186.32
5034,4659,False,201.36,186.36
5035,4660,False,201.4,186.4
5036,4661,False,201.44,186.44
5037,4662,False,201.48,186.48
5038,4663,False,201.52,186.52
5039,4664,False,201.56,186.56
5040,4665,False,201.6,186.6
5041,4666,False,201.64,186.64
5042,4667,False,201.68,186.68
5043,4668,False,201.72,186.72
5044,4669,False,201.76,186.76
5045,4670,False,201.8,186.8
5046,4671,False,201.84,186.84
5047,4672,False,201.88,186.88
5048,4673,False,201.92,186.92
5049,4674,False,201.96,186.96
5050,4675,False,202.0,187.0
5051,4676,False,202.04,187.04
5052,4677,False,202.08,187.08
5053,4678,False,202.12,187.12
5054,4679,False,202.16,187.16
5055,4680,False,202.2,187.2
5056,4681,False,202.24,187.24
5057,4682,False,202.28,187.28
5058,4683,False,202.32,187.32
5059,4684,False,202.36,187.36
5060,4685,False,202.4,187.4
5061,4686,False,202.44,187.44
5062,4687,False,202.48,187.48
5063,4688,False,202.52,187.52
5064,4689,False,202.56,187.56
5065,4690,False,202.6,187.6
5066,4691,False,202.64,187.64
5067,4692,False,202.68,187.68
5068,4693,False,202.72,187.72
5069,4694,False,202.76,187.76
5070,4695,False,202.8,187.8
5071,4696,False,202.84,187.84
5072,4697,False,202.88,187.88
5073,4698,False,202.92,187.92
5074,4699,False,202.96,187.96
5075,4700,False,203.0,188.0
5076,4701,False,203.04,188.04
5077,4702,False,203.08,188.08
5078,4703,False,203.12,188.12
5079,4704,False,203.16,188.16
5080,4705,False,203.2,188.2
5081,4706,False,203.24,188.24
5082,4707,False,203.28,188.28
5083,4708,False,203.32,188.32
5084,4709,False,203.36,188.36
5085,4710,False,203.4,188.4
5086,4711,False,203.44,188.44
5087,4712,False,203.48,188.48
5088,4713,False,203.52,188.52
5089,4714,False,203.56,188.56
5090,4715,False,203.6,188.6
5091,4716,False,203.64,188.64
5092,4717,False,203.68,188.68
5093,4718,False,203.72,188.72
5094,4719,False,203.76,188.76
5095,4720,False,203.8,188.8
5096,4721,False,203.84,188.84
5097,4722,False,203.88,188.88
5098,4723,False,203.92,188.92
5099,4724,False,203.96,188.96
5100,4725,False,204.0,189.0
5101,4726,False,204.04,189.04
5102,4727,False,204.08,189.08
5103,4728,False,204.12,189.12
5104,4729,False,204.16,189.16
5105,4730,False,204.2,189.2
5106,4731,False,204.24,189.24
5107,4732,False,204.28,189.28
5108,4733,False,204.32,189.32
5109,4734,False,204.36,189.36
5110,4735,False,204.4,189.4
5111,4736,False,204.44,189.44
5112,4737,False,204.48,189.48
5113,4738,False,204.52,189.52
5114,4739,False,204.56,189.56
5115,4740,False,204.6,189.6
5116,4741,False,204.64,189.64
5117,4742,False,204.68,189.68
5118,4743,False,204.72,189.72
5119,4744,False,204.76,189.76
5120,4745,False,204.8,189.8
5121,4746,False,204.84,189.84
5122,4747,False,204.88,189.88
5123,4748,False,204.92,189.92
5124,4749,False,204.96,189.96
5125,4750,False,205.0,190.0
5126,4751,False,205.04,190.04
5127,4752,False,205.08,190.08
5128,4753,False,205.12,190.12
5129,4754,False,205.16,190.16
5130,4755,False,205.2,190.2
5131,4756,False,205.24,190.24
5132,4757,False,205.28,190.28
5133,4758,False,205.32,190.32
5134,4759,False,205.36,190.36
5135,4760,False,205.4,190.4
5136,4761,False,205.44,190.44
5137,4762,False,205.48,190.48
5138,4763,False,205.52,190.52
5139,4764,False,205.56,190.56
5140,4765,False,205.6,190.6
5141,4766,False,205.64,190.64
5142,4767,False,205.68,190.68
5143,4768,False,205.72,190.72
5144,4769,False,205.76,190.76
5145,4770,False,205.8,190.8
5146,4771,False,205.84,190.84
5147,4772,False,205.88,190.88
5148,4773,False,205.92,190.92
5149,4774,False,205.96,190.96
5150,4775,False,206.0,191.0
5151,4776,False,206.04,191.04
5152,4777,False,206.08,191.08
5153,4778,False,206.12,191.12
5154,4779,False,206.16,191.16
5155,4780,False,206.2,191.2
5156,4781,False,206.24,191.24
5157,4782,False,206.28,191.28
5158,4783,False,206.32,191.32
5159,4784,False,206.36,191.36
5160,4785,False,206.4,191.4
5161,4786,False,206.44,191.44
5162,4787,False,206.48,191.48
5163,4788,False,206.52,191.52
5164,4789,False,206.56,191.56
5165,4790,False,206.6,191.6
5166,4791,False,206.64,191.64
5167,4792,False,206.68,191.68
5168,4793,False,206.72,191.72
5169,4794,False,206.76,191.76
5170,4795,False,206.8,191.8
5171,4796,False,206.84,191.84
5172,4797,False,206.88,191.88
5173,4798,False,206.92,191.92
5174,4799,False,206.96,191.96
5175,4800,False,207.0,192.0
5176,4801,False,207.04,192.04
5177,4802,False,207.08,192.08
5178,4803,False,207.12,192.12
5179,4804,False,207.16,192.16
5180,4805,False,207.2,192.2
5181,4806,False,207.24,192.24
5182,4807,False,207.28,192.28
5183,4808,False,207.32,192.32
5184,4809,False,207.36,192.36
5185,4810,False,207.4,192.4
5186,4811,False,207.44,192.44
5187,4812,False,207.48,192.48
5188,4813,False,207.52,192.52
5189,4814,False,207.56,192.56
5190,4815,False,207.6,192.6
5191,4816,False,207.64,192.64
5192,4817,False,207.68,192.68
5193,4818,False,207.72,192.72
5194,4819,False,207.76,192.76
5195,4820,False,207.8,192.8
5196,4821,False,207.84,192.84
5197,4822,False,207.88,192.88
5198,4823,False,207.92,192.92
5199,4824,False,207.96,192.96
5200,4825,False,208.0,193.0
5201,4826,False,208.04,193.04
5202,4827,False,208.08,193.08
5203,4828,False,208.12,193.12
5204,4829,False,208.16,193.16
5205,4830,False,208.2,193.2
5206,4831,False,208.24,193.24
5207,4832,False,208.28,193.28
5208,4833,False,208.32,193.32
5209,4834,False,208.36,193.36
5210,4835,False,208.4,193.4
5211,4836,False,208.44,193.44
5212,4837,False,208.48,193.48
5213,4838,False,208.52,193.52
5214,4839,False,208.56,193.56
5215,4840,False,208.6,193.6
5216,4841,False,208.64,193.64
5217,4842,False,208.68,193.68
5218,4843,False,208.72,193.72
5219,4844,False,208.76,193.76
5220,4845,False,208.8,193.8
5221,4846,False,208.84,193.84
5222,4847,False,208.88,193.88
5223,4848,False,208.92,193.92
5224,4849,False,208.96,193.96
5225,4850,False,209.0,194.0
5226,4851,False,209.04,194.04
5227,4852,False,209.08,194.08
5228,4853,False,209.12,194.12
5229,4854,False,209.16,194.16
5230,4855,False,209.2,194.2
5231,4856,False,209.24,194.24
5232,4857,False,209.28,194.28
5233,4858,False,209.32,194.32
5234,4859,False,209.36,194.36
5235,4860,False,209.4,194.4
5236,4861,False,209.44,194.44
5237,4862,False,209.48,194.48
5238,4863,False,209.52,194.52
5239,4864,False,209.56,194.56
5240,4865,False,209.6,194.6
5241,4866,False,209.64,194.64
5242,4867,False,209.68,194.68
5243,4868,False,209.72,194.72
5244,4869,False,209.76,194.76
5245,4870,False,209.8,194.8
5246,4871,False,209.84,194.84
5247,4872,False,209.88,194.88
5248,4873,False,209.92,194.92
5249,4874,False,209.96,194.96
5250,4875,False,210.0,195.0
5251,4876,False,210.04,195.04
5252,4877,False,210.08,195.08
5253,4878,False,210.12,195.12
5254,4879,False,210.16,195.16
5255,4880,False,210.2,195.2
5256,4881,False,210.24,195.24
5257,4882,False,210.28,195.28
5258,4883,False,210.32,195.32
5259,4884,False,210.36,195.36
5260,4885,False,210.4,195.4
5261,4886,False,210.44,195.44
5262,4887,False,210.48,195.48
5263,4888,False,210.52,195.52
5264,4889,False,210.56,195.56
5265,4890,False,210.6,195.6
5266,4891,False,210.64,195.64
5267,4892,False,210.68,195.68
5268,4893,False,210.72,195.72
5269,4894,False,210.76,195.76
5270,4895,False,210.8,195.8
5271,4896,False,210.84,195.84
5272,4897,False,210.88,195.88
5273,4898,False,210.92,195.92
5274,4899,False,210.96,195.96
5275,4900,False,211.0,196.0
5276,4901,False,211.04,196.04
5277,4902,False,211.08,196.08
5278,4903,False,211.12,196.12
5279,4904,False,211.16,196.16
5280,4905,False,211.2,196.2
5281,4906,False,211.24,196.24
5282,4907,False,211.28,196.28
5283,4908,False,211.32,196.32
5284,4909,False,211.36,196.36
5285,4910,False,211.4,196.4
5286,4911,False,211.44,196.44
5287,4912,False,211.48,196.48
5288,4913,False,211.52,196.52
5289,4914,False,211.56,196.56
5290,4915,False,211.6,196.6
5291,4916,False,211.64,196.64
5292,4917,False,211.68,196.68
5293,4918,False,211.72,196.72
5294,4919,False,211.76,196.76
5295,4920,False,211.8,196.8
5296,4921,False,211.84,196.84
5297,4922,False,211.88,196.88
5298,4923,False,211.92,196.92
5299,4924,False,211.96,196.96
5300,4925,False,212.0,197.0
5301,4926,False,212.04,197.04
5302,4927,False,212.08,197.08
5303,4928,False,212.12,197.12
5304,4929,False,212.16,197.16
5305,4930,False,212.2,197.2
5306,4931,False,212.24,197.24
5307,4932,False,212.28,197.28
5308,4933,False,212.32,197.32
5309,4934,False,212.36,197.36
5310,4935,False,212.4,197.4
5311,4936,False,212.44,197.44
5312,4937,False,212.48,197.48
5313,4938,False,212.52,197.52
5314,4939,False,212.56,197.56
5315,4940,False,212.6,197.6
5316,4941,False,212.64,197.64
5317,4942,False,212.68,197.68
5318,4943,False,212.72,197.72
5319,4944,False,212.76,197.76
5320,4945,False,212.8,197.8
5321,4946,False,212.84,197.84
5322,4947,False,212.88,197.88
5323,4948,False,212.92,197.92
5324,4949,False,212.96,197.96
5325,4950,False,213.0,198.0
5326,4951,False,213.04,198.04
5327,4952,False,213.08,198.08
5328,4953,False,213.12,198.12
5329,4954,False,213.16,198.16
5330,4955,False,213.2,198.2
5331,4956,False,213.24,198.24
5332,4957,False,213.28,198.28
5333,4958,False,213.32,198.32
5334,4959,False,213.36,198.36
5335,4960,False,213.4,198.4
5336,4961,False,213.44,198.44
5337,4962,False,213.48,198.48
5338,4963,False,213.52,198.52
5339,4964,False,213.56,198.56
5340,4965,False,213.6,198.6
5341,4966,False,213.64,198.64
5342,4967,False,213.68,198.68
5343,4968,False,213.72,198.72
5344,4969,False,213.76,198.76
5345,4970,False,213.8,198.8
5346,4971,False,213.84,198.84
5347,4972,False,213.88,198.88
5348,4973,False,213.92,198.92
5349,4974,False,213.96,198.96
5350,4975,False,214.0,199.0
5351,4976,False,214.04,199.04
5352,4977,False,214.08,199.08
5353,4978,False,214.12,199.12
5354,4979,False,214.16,199.16
5355,4980,False,214.2,199.2
5356,4981,False,214.24,199.24
5357,4982,False,214.28,199.28
5358,4983,False,214.32,199.32
5359,4984,False,214.36,199.36
5360,4985,False,214.4,199.4
5361,4986,False,214.44,199.44
5362,4987,False,214.48,199.48
5363,4988,False,214.52,199.52
5364,4989,False,214.56,199.56
5365,4990,False,214.6,199.6
5366,4991,False,214.64,199.64
5367,4992,False,214.68,199.68
5368,4993,False,214.72,199.72
5369,4994,False,214.76,199.76
5370,4995,False,214.8,199.8
5371,4996,False,214.84,199.84
5372,4997,False,214.88,199.88
5373,4998,False,214.92,199.92
5374,4999,False,214.96,199.96
5375,5000,False,215.0,200.0
5376,5001,False,215.04,200.04
5377,5002,False,215.08,200.08
5378,5003,False,215.12,200.12
5379,5004,False,215.16,200.16
5380,5005,False,215.2,200.2
5381,5006,False,215.24,200.24
5382,5007,False,215.28,200.28
5383,5008,False,215.32,200.32
5384,5009,False,215.36,200.36
5385,5010,False,215.4,200.4
5386,5011,False,215.44,200.44
5387,5012,False,215.48,200.48
5388,5013,False,215.52,200.52
5389,5014,False,215.56,200.56
5390,5015,False,215.6,200.6
5391,5016,False,215.64,200.64
5392,5017,False,215.68,200.68
5393,5018,False,215.72,200.72
5394,5019,False,215.76,200.76
5395,5020,False,215.8,200.8
5396,5021,False,215.84,200.84
5397,5022,False,215.88,200.88
5398,5023,False,215.92,200.92
5399,5024,False,215.96,200.96
5400,5025,False,216.0,201.0
5401,5026,False,216.04,201.04
5402,5027,False,216.08,201.08
5403,5028,False,216.12,201.12
5404,5029,False,216.16,201.16
5405,5030,False,216.2,201.2
5406,5031,False,216.24,201.24
5407,5032,False,216.28,201.28
5408,5033,False,216.32,201.32
5409,5034,False,216.36,201.36
5410,5035,False,216.4,201.4
5411,5036,False,216.44,201.44
5412,5037,False,216.48,201.48
5413,5038,False,216.52,201.52
5414,5039,False,216.56,201.56
5415,5040,False,216.6,201.6
5416,5041,False,216.64,201.64
5417,5042,False,216.68,201.68
5418,5043,False,216.72,201.72
5419,5044,False,216.76,201.76
5420,5045,False,216.8,201.8
5421,5046,False,216.84,201.84
5422,5047,False,216.88,201.88
5423,5048,False,216.92,201.92
5424,5049,False,216.96,201.96
5425,5050,False,217.0,202.0
5426,5051,False,217.04,202.04
5427,5052,False,217.08,202.08
5428,5053,False,217.12,202.12
5429,5054,False,217.16,202.16
5430,5055,False,217.2,202.2
5431,5056,False,217.24,202.24
5432,5057,False,217.28,202.28
5433,5058,False,217.32,202.32
5434,5059,False,217.36,202.36
5435,5060,False,217.4,202.4
5436,5061,False,217.44,202.44
5437,5062,False,217.48,202.48
5438,5063,False,217.52,202.52
5439,5064,False,217.56,202.56
5440,5065,False,217.6,202.6
5441,5066,False,217.64,202.64
5442,5067,False,217.68,202.68
5443,5068,False,217.72,202.72
5444,5069,False,217.76,202.76
5445,5070,False,217.8,202.8
5446,5071,False,217.84,202.84
5447,5072,False,217.88,202.88
5448,5073,False,217.92,202.92
5449,5074,False,217.96,202.96
5450,5075,False,218.0,203.0
5451,5076,False,218.04,203.04
5452,5077,False,218.08,203.08
5453,5078,False,218.12,203.12
5454,5079,False,218.16,203.16
5455,5080,False,218.2,203.2
5456,5081,False,218.24,203.24
5457,5082,False,218.28,203.28
5458,5083,False,218.32,203.32
5459,5084,False,218.36,203.36
5460,5085,False,218.4,203.4
5461,5086,False,218.44,203.44
5462,5087,False,218.48,203.48
5463,5088,False,218.52,203.52
5464,5089,False,218.56,203.56
5465,5090,False,218.6,203.6
5466,5091,False,218.64,203.64
5467,5092,False,218.68,203.68
5468,5093,False,218.72,203.72
5469,5094,False,218.76,203.76
5470,5095,False,218.8,203.8
5471,5096,False,218.84,203.84
5472,5097,False,218.88,203.88
5473,5098,False,218.92,203.92
5474,5099,False,218.96,203.96
5475,5100,False,219.0,204.0
5476,5101,False,219.04,204.04
5477,5102,False,219.08,204.08
5478,5103,False,219.12,204.12
5479,5104,False,219.16,204.16
5480,5105,False,219.2,204.2
5481,5106,False,219.24,204.24
5482,5107,False,219.28,204.28
5483,5108,False,219.32,204.32
5484,5109,False,219.36,204.36
5485,5110,False,219.4,204.4
5486,5111,False,219.44,204.44
5487,5112,False,219.48,204.48
5488,5113,False,219.52,204.52
5489,5114,False,219.56,204.56
5490,5115,False,219.6,204.6
5491,5116,False,219.64,204.64
5492,5117,False,219.68,204.68
5493,5118,False,219.72,204.72
5494,5119,False,219.76,204.76
5495,5120,False,219.8,204.8
5496,5121,False,219.84,204.84
5497,5122,False,219.88,204.88
5498,5123,False,219.92,204.92
5499,5124,False,219.96,204.96
5500,5125,False,220.0,205.0
5501,5126,False,220.04,205.04
5502,5127,False,220.08,205.08
5503,5128,False,220.12,205.12
5504,5129,False,220.16,205.16
5505,5130,False,220.2,205.2
5506,5131,False,220.24,205.24
5507,5132,False,220.28,205.28
5508,5133,False,220.32,205.32
5509,5134,False,220.36,205.36
5510,5135,False,220.4,205.4
5511,5136,False,220.44,205.44
5512,5137,False,220.48,205.48
5513,5138,False,220.52,205.52
5514,5139,False,220.56,205.56
5515,5140,False,220.6,205.6
5516,5141,False,220.64,205.64
5517,5142,False,220.68,205.68
5518,5143,False,220.72,205.72
5519,5144,False,220.76,205.76
5520,5145,False,220.8,205.8
5521,5146,False,220.84,205.84
5522,5147,False,220.88,205.88
5523,5148,False,220.92,205.92
5524,5149,False,220.96,205.96
5525,5150,False,221.0,206.0
5526,5151,False,221.04,206.04
5527,5152,False,221.08,206.08
5528,5153,False,221.12,206.12
5529,5154,False,221.16,206.16
5530,5155,False,221.2,206.2
5531,5156,False,221.24,206.24
5532,5157,False,221.28,206.28
5533,5158,False,221.32,206.32
5534,5159,False,221.36,206.36
5535,5160,False,221.4,206.4
5536,5161,False,221.44,206.44
5537,5162,False,221.48,206.48
5538,5163,False,221.52,206.52
5539,5164,False,221.56,206.56
5540,5165,False,221.6,206.6
5541,5166,False,221.64,206.64
5542,5167,False,221.68,206.68
5543,5168,False,221.72,206.72
5544,5169,False,221.76,206.76
5545,5170,False,221.8,206.8
5546,5171,False,221.84,206.84
5547,5172,False,221.88,206.88
5548,5173,False,221.92,206.92
5549,5174,False,221.96,206.96
5550,5175,False,222.0,207.0
5551,5176,False,222.04,207.04
5552,5177,False,222.08,207.08
5553,5178,False,222.12,207.12
5554,5179,False,222.16,207.16
5555,5180,False,222.2,207.2
5556,5181,False,222.24,207.24
5557,5182,False,222.28,207.28
5558,5183,False,222.32,207.32
5559,5184,False,222.36,207.36
5560,5185,False,222.4,207.4
5561,5186,False,222.44,207.44
5562,5187,False,222.48,207.48
5563,5188,False,222.52,207.52
5564,5189,False,222.56,207.56
5565,5190,False,222.6,207.6
5566,5191,False,222.64,207.64
5567,5192,False,222.68,207.68
5568,5193,False,222.72,207.72
5569,5194,False,222.76,207.76
5570,5195,False,222.8,207.8
5571,5196,False,222.84,207.84
5572,5197,False,222.88,207.88
5573,5198,False,222.92,207.92
5574,5199,False,222.96,207.96
5575,5200,False,223.0,208.0
5576,5201,False,223.04,208.04
5577,5202,False,223.08,208.08
5578,5203,False,223.12,208.12
5579,5204,False,223.16,208.16
5580,5205,False,223.2,208.2
5581,5206,False,223.24,208.24
5582,5207,False,223.28,208.28
5583,5208,False,223.32,208.32
5584,5209,False,223.36,208.36
5585,5210,False,223.4,208.4
5586,5211,False,223.44,208.44
5587,5212,False,223.48,208.48
5588,5213,False,223.52,208.52
5589,5214,False,223.56,208.56
5590,5215,False,223.6,208.6
5591,5216,False,223.64,208.64
5592,5217,False,223.68,208.68
5593,5218,False,223.72,208.72
5594,5219,False,223.76,208.76
5595,5220,False,223.8,208.8
5596,5221,False,223.84,208.84
5597,5222,False,223.88,208.88
5598,5223,False,223.92,208.92
5599,5224,False,223.96,208.96
5600,5225,False,224.0,209.0
5601,5226,False,224.04,209.04
5602,5227,False,224.08,209.08
5603,5228,False,224.12,209.12
5604,5229,False,224.16,209.16
5605,5230,False,224.2,209.2
5606,5231,False,224.24,209.24
5607,5232,False,224.28,209.28
5608,5233,False,224.32,209.32
5609,5234,False,224.36,209.36
5610,5235,False,224.4,209.4
5611,5236,False,224.44,209.44
5612,5237,False,224.48,209.48
5613,5238,False,224.52,209.52
5614,5239,False,224.56,209.56
5615,5240,False,224.6,209.6
5616,5241,False,224.64,209.64
5617,5242,False,224.68,209.68
5618,5243,False,224.72,209.72
5619,5244,False,224.76,209.76
5620,5245,False,224.8,209.8
5621,5246,False,224.84,209.84
5622,5247,False,224.88,209.88
5623,5248,False,224.92,209.92
5624,5249,False,224.96,209.96
5625,5250,False,225.0,210.0
5626,5251,False,225.04,210.04
5627,5252,False,225.08,210.08
5628,5253,False,225.12,210.12
5629,5254,False,225.16,210.16
5630,5255,False,225.2,210.2
5631,5256,False,225.24,210.24
5632,5257,False,225.28,210.28
5633,5258,False,225.32,210.32
5634,5259,False,225.36,210.36
5635,5260,False,225.4,210.4
5636,5261,False,225.44,210.44
5637,5262,False,225.48,210.48
5638,5263,False,225.52,210.52
5639,5264,False,225.56,210.56
5640,5265,False,225.6,210.6
5641,5266,False,225.64,210.64
5642,5267,False,225.68,210.68
5643,5268,False,225.72,210.72
5644,5269,False,225.76,210.76
5645,5270,False,225.8,210.8
5646,5271,False,225.84,210.84
5647,5272,False,225.88,210.88
5648,5273,False,225.92,210.92
5649,5274,False,225.96,210.96
5650,5275,False,226.0,211.0
5651,5276,False,226.04,211.04
5652,5277,False,226.08,211.08
5653,5278,False,226.12,211.12
5654,5279,False,226.16,211.16
5655,5280,False,226.2,211.2
5656,5281,False,226.24,211.24
5657,5282,False,226.28,211.28
5658,5283,False,226.32,211.32
5659,5284,False,226.36,211.36
5660,5285,False,226.4,211.4
5661,5286,False,226.44,211.44
5662,5287,False,226.48,211.48
5663,5288,False,226.52,211.52
5664,5289,False,226.56,211.56
5665,5290,False,226.6,211.6
5666,5291,False,226.64,211.64
5667,5292,False,226.68,211.68
5668,5293,False,226.72,211.72
5669,5294,False,226.76,211.76
5670,5295,False,226.8,211.8
5671,5296,False,226.84,211.84
5672,5297,False,226.88,211.88
5673,5298,False,226.92,211.92
5674,5299,False,226.96,211.96
5675,5300,False,227.0,212.0
5676,5301,False,227.04,212.04
5677,5302,False,227.08,212.08
5678,5303,False,227.12,212.12
5679,5304,False,227.16,212.16
5680,5305,False,227.2,212.2
5681,5306,False,227.24,212.24
5682,5307,False,227.28,212.28
5683,5308,False,227.32,212.32
5684,5309,False,227.36,212.36
5685,5310,False,227.4,212.4
5686,5311,False,227.44,212.44
5687,5312,False,227.48,212.48
5688,5313,False,227.52,212.52
5689,5314,False,227.56,212.56
5690,5315,False,227.6,212.6
5691,5316,False,227.64,212.64
5692,5317,False,227.68,212.68
5693,5318,False,227.72,212.72
5694,5319,False,227.76,212.76
5695,5320,False,227.8,212.8
5696,5321,False,227.84,212.84
5697,5322,False,227.88,212.88
5698,5323,False,227.92,212.92
5699,5324,False,227.96,212.96
5700,5325,False,228.0,213.0
5701,5326,False,228.04,213.04
5702,5327,False,228.08,213.08
5703,5328,False,228.12,213.12
5704,5329,False,228.16,213.16
5705,5330,False,228.2,213.2
5706,5331,False,228.24,213.24
5707,5332,False,228.28,213.28
5708,5333,False,228.32,213.32
5709,5334,False,228.36,213.36
5710,5335,False,228.4,213.4
5711,5336,False,228.44,213.44
5712,5337,False,228.48,213.48
5713,5338,False,228.52,213.52
5714,5339,False,228.56,213.56
5715,5340,False,228.6,213.6
5716,5341,False,228.64,213.64
5717,5342,False,228.68,213.68
5718,5343,False,228.72,213.72
5719,5344,False,228.76,213.76
5720,5345,False,228.8,213.8
5721,5346,False,228.84,213.84
5722,5347,False,228.88,213.88
5723,5348,False,228.92,213.92
5724,5349,False,228.96,213.96
5725,5350,False,229.0,214.0
5726,5351,False,229.04,214.04
5727,5352,False,229.08,214.08
5728,5353,False,229.12,214.12
5729,5354,False,229.16,214.16
5730,5355,False,229.2,214.2
5731,5356,False,229.24,214.24
5732,5357,False,229.28,214.28
5733,5358,False,229.32,214.32
5734,5359,False,229.36,214.36
5735,5360,False,229.4,214.4
5736,5361,False,229.44,214.44
5737,5362,False,229.48,214.48
5738,5363,False,229.52,214.52
5739,5364,False,229.56,214.56
5740,5365,False,229.6,214.6
5741,5366,False,229.64,214.64
5742,5367,False,229.68,214.68
5743,5368,False,229.72,214.72
5744,5369,False,229.76,214.76
5745,5370,False,229.8,214.8
5746,5371,False,229.84,214.84
5747,5372,False,229.88,214.88
5748,5373,False,229.92,214.92
5749,5374,False,229.96,214.96
5750,5375,False,230.0,215.0
5751,5376,False,230.04,215.04
5752,5377,False,230.08,215.08
5753,5378,False,230.12,215.12
5754,5379,False,230.16,215.16
5755,5380,False,230.2,215.2
5756,5381,False,230.24,215.24
5757,5382,False,230.28,215.28
5758,5383,False,230.32,215.32
5759,5384,False,230.36,215.36
5760,5385,False,230.4,215.4
5761,5386,False,230.44,215.44
5762,5387,False,230.48,215.48
5763,5388,False,230.52,215.52
5764,5389,False,230.56,215.56
5765,5390,False,230.6,215.6
5766,5391,False,230.64,215.64
5767,5392,False,230.68,215.68
5768,5393,False,230.72,215.72
5769,5394,False,230.76,215.76
5770,5395,False,230.8,215.8
5771,5396,False,230.84,215.84
5772,5397,False,230.88,215.88
5773,5398,False,230.92,215.92
5774,5399,False,230.96,215.96
5775,5400,False,231.0,216.0
5776,5401,False,231.04,216.04
5777,5402,False,231.08,216.08
5778,5403,False,231.12,216.12
5779,5404,False,231.16,216.16
5780,5405,False,231.2,216.2
5781,5406,False,231.24,216.24
5782,5407,False,231.28,216.28
5783,5408,False,231.32,216.32
5784,5409,False,231.36,216.36
5785,5410,False,231.4,216.4
5786,5411,False,231.44,216.44
5787,5412,False,231.48,216.48
5788,5413,False,231.52,216.52
5789,5414,False,231.56,216.56
5790,5415,False,231.6,216.6
5791,5416,False,231.64,216.64
5792,5417,False,231.68,216.68
5793,5418,False,231.72,216.72
5794,5419,False,231.76,216.76
5795,5420,False,231.8,216.8
5796,5421,False,231.84,216.84
5797,5422,False,231.88,216.88
5798,5423,False,231.92,216.92
5799,5424,False,231.96,216.96
5800,5425,False,232.0,217.0
5801,5426,False,232.04,217.04
5802,5427,False,232.08,217.08
5803,5428,False,232.12,217.12
5804,5429,False,232.16,217.16
5805,5430,False,232.2,217.2
5806,5431,False,232.24,217.24
5807,5432,False,232.28,217.28
5808,5433,False,232.32,217.32
5809,5434,False,232.36,217.36
5810,5435,False,232.4,217.4
5811,5436,False,232.44,217.44
5812,5437,False,232.48,217.48
5813,5438,False,232.52,217.52
5814,5439,False,232.56,217.56
5815,5440,False,232.6,217.6
5816,5441,False,232.64,217.64
5817,5442,False,232.68,217.68
5818,5443,False,232.72,217.72
5819,5444,False,232.76,217.76
5820,5445,False,232.8,217.8
5821,5446,False,232.84,217.84
5822,5447,False,232.88,217.88
5823,5448,False,232.92,217.92
5824,5449,False,232.96,217.96
5825,5450,False,233.0,218.0
5826,5451,False,233.04,218.04
5827,5452,False,233.08,218.08
5828,5453,False,233.12,218.12
5829,5454,False,233.16,218.16
5830,5455,False,233.2,218.2
5831,5456,False,233.24,218.24
5832,5457,False,233.28,218.28
5833,5458,False,233.32,218.32
5834,5459,False,233.36,218.36
5835,5460,False,233.4,218.4
5836,5461,False,233.44,218.44
5837,5462,False,233.48,218.48
5838,5463,False,233.52,218.52
5839,5464,False,233.56,218.56
5840,5465,False,233.6,218.6
5841,5466,False,233.64,218.64
5842,5467,False,233.68,218.68
5843,5468,False,233.72,218.72
5844,5469,False,233.76,218.76
5845,5470,False,233.8,218.8
5846,5471,False,233.84,218.84
5847,5472,False,233.88,218.88
5848,5473,False,233.92,218.92
5849,5474,False,233.96,218.96
5850,5475,False,234.0,219.0
5851,5476,False,234.04,219.04
5852,5477,False,234.08,219.08
5853,5478,False,234.12,219.12
5854,5479,False,234.16,219.16
5855,5480,False,234.2,219.2
5856,5481,False,234.24,219.24
5857,5482,False,234.28,219.28
5858,5483,False,234.32,219.32
5859,5484,False,234.36,219.36
5860,5485,False,234.4,219.4
5861,5486,False,234.44,219.44
5862,5487,False,234.48,219.48
5863,5488,False,234.52,219.52
5864,5489,False,234.56,219.56
5865,5490,False,234.6,219.6
5866,5491,False,234.64,219.64
5867,5492,False,234.68,219.68
5868,5493,False,234.72,219.72
5869,5494,False,234.76,219.76
5870,5495,False,234.8,219.8
5871,5496,False,234.84,219.84
5872,5497,False,234.88,219.88
5873,5498,False,234.92,219.92
5874,5499,False,234.96,219.96
5875,5500,False,235.0,220.0
5876,5501,False,235.04,220.04
5877,5502,False,235.08,220.08
5878,5503,False,235.12,220.12
5879,5504,False,235.16,220.16
5880,5505,False,235.2,220.2
5881,5506,False,235.24,220.24
5882,5507,False,235.28,220.28
5883,5508,False,235.32,220.32
5884,5509,False,235.36,220.36
5885,5510,False,235.4,220.4
5886,5511,False,235.44,220.44
5887,5512,False,235.48,220.48
5888,5513,False,235.52,220.52
5889,5514,False,235.56,220.56
5890,5515,False,235.6,220.6
5891,5516,False,235.64,220.64
5892,5517,False,235.68,220.68
5893,5518,False,235.72,220.72
5894,5519,False,235.76,220.76
5895,5520,False,235.8,220.8
5896,5521,False,235.84,220.84
5897,5522,False,235.88,220.88
5898,5523,False,235.92,220.92
5899,5524,False,235.96,220.96
5900,5525,False,236.0,221.0
5901,5526,False,236.04,221.04
5902,5527,False,236.08,221.08
5903,5528,False,236.12,221.12
5904,5529,False,236.16,221.16
5905,5530,False,236.2,221.2
5906,5531,False,236.24,221.24
5907,5532,False,236.28,221.28
5908,5533,False,236.32,221.32
5909,5534,False,236.36,221.36
5910,5535,False,236.4,221.4
5911,5536,False,236.44,221.44
5912,5537,False,236.48,221.48
5913,5538,False,236.52,221.52
5914,5539,False,236.56,221.56
5915,5540,False,236.6,221.6
5916,5541,False,236.64,221.64
5917,5542,False,236.68,221.68
5918,5543,False,236.72,221.72
5919,5544,False,236.76,221.76
5920,5545,False,236.8,221.8
5921,5546,False,236.84,221.84
5922,5547,False,236.88,221.88
5923,5548,False,236.92,221.92
5924,5549,False,236.96,221.96
5925,5550,False,237.0,222.0
5926,5551,False,237.04,222.04
5927,5552,False,237.08,222.08
5928,5553,False,237.12,222.12
5929,5554,False,237.16,222.16
5930,5555,False,237.2,222.2
5931,5556,False,237.24,222.24
5932,5557,False,237.28,222.28
5933,5558,False,237.32,222.32
5934,5559,False,237.36,222.36
5935,5560,False,237.4,222.4
5936,5561,False,237.44,222.44
5937,5562,False,237.48,222.48
5938,5563,False,237.52,222.52
5939,5564,False,237.56,222.56
5940,5565,False,237.6,222.6
5941,5566,False,237.64,222.64
5942,5567,False,237.68,222.68
5943,5568,False,237.72,222.72
5944,5569,False,237.76,222.76
5945,5570,False,237.8,222.8
5946,5571,False,237.84,222.84
5947,5572,False,237.88,222.88
5948,5573,False,237.92,222.92
5949,5574,False,237.96,222.96
5950,5575,False,238.0,223.0
5951,5576,False,238.04,223.04
5952,5577,False,238.08,223.08
5953,5578,False,238.12,223.12
5954,5579,False,238.16,223.16
5955,5580,False,238.2,223.2
5956,5581,False,238.24,223.24
5957,5582,False,238.28,223.28
5958,5583,False,238.32,223.32
5959,5584,False,238.36,223.36
5960,5585,False,238.4,223.4
5961,5586,False,238.44,223.44
5962,5587,False,238.48,223.48
5963,5588,False,238.52,223.52
5964,5589,False,238.56,223.56
5965,5590,False,238.6,223.6
5966,5591,False,238.64,223.64
5967,5592,False,238.68,223.68
5968,5593,False,238.72,223.72
5969,5594,False,238.76,223.76
5970,5595,False,238.8,223.8
5971,5596,False,238.84,223.84
5972,5597,False,238.88,223.88
5973,5598,False,238.92,223.92
5974,5599,False,238.96,223.96
5975,5600,False,239.0,224.0
5976,5601,False,239.04,224.04
5977,5602,False,239.08,224.08
5978,5603,False,239.12,224.12
5979,5604,False,239.16,224.16
5980,5605,False,239.2,224.2
5981,5606,False,239.24,224.24
5982,5607,False,239.28,224.28
5983,5608,False,239.32,224.32
5984,5609,False,239.36,224.36
5985,5610,False,239.4,224.4
5986,5611,False,239.44,224.44
5987,5612,False,239.48,224.48
5988,5613,False,239.52,224.52
5989,5614,False,239.56,224.56
5990,5615,False,239.6,224.6
5991,5616,False,239.64,224.64
5992,5617,False,239.68,224.68
5993,5618,False,239.72,224.72
5994,5619,False,239.76,224.76
5995,5620,False,239.8,224.8
5996,5621,False,239.84,224.84
5997,5622,False,239.88,224.88
5998,5623,False,239.92,224.92
5999,5624,False,239.96,224.96
6000,5625,False,240.0,225.0
6001,5626,False,240.04,225.04
6002,5627,False,240.08,225.08
6003,5628,False,240.12,225.12
6004,5629,False,240.16,225.16
6005,5630,False,240.2,225.2
6006,5631,False,240.24,225.24
6007,5632,False,240.28,225.28
6008,5633,False,240.32,225.32
6009,5634,False,240.36,225.36
6010,5635,False,240.4,225.4
6011,5636,False,240.44,225.44
6012,5637,False,240.48,225.48
6013,5638,False,240.52,225.52
6014,5639,False,240.56,225.56
6015,5640,False,240.6,225.6
6016,5641,False,240.64,225.64
6017,5642,False,240.68,225.68
6018,5643,False,240.72,225.72
6019,5644,False,240.76,225.76
6020,5645,False,240.8,225.8
6021,5646,False,240.84,225.84
6022,5647,False,240.88,225.88
6023,5648,False,240.92,225.92
6024,5649,False,240.96,225.96
6025,5650,False,241.0,226.0
6026,5651,False,241.04,226.04
6027,5652,False,241.08,226.08
6028,5653,False,241.12,226.12
6029,5654,False,241.16,226.16
6030,5655,False,241.2,226.2
6031,5656,False,241.24,226.24
6032,5657,False,241.28,226.28
6033,5658,False,241.32,226.32
6034,5659,False,241.36,226.36
6035,5660,False,241.4,226.4
6036,5661,False,241.44,226.44
6037,5662,False,241.48,226.48
6038,5663,False,241.52,226.52
6039,5664,False,241.56,226.56
6040,5665,False,241.6,226.6
6041,5666,False,241.64,226.64
6042,5667,False,241.68,226.68
6043,5668,False,241.72,226.72
6044,5669,False,241.76,226.76
6045,5670,False,241.8,226.8
6046,5671,False,241.84,226.84
6047,5672,False,241.88,226.88
6048,5673,False,241.92,226.92
6049,5674,False,241.96,226.96
6050,5675,False,242.0,227.0
6051,5676,False,242.04,227.04
6052,5677,False,242.08,227.08
6053,5678,False,242.12,227.12
6054,5679,False,242.16,227.16
6055,5680,False,242.2,227.2
6056,5681,False,242.24,227.24
6057,5682,False,242.28,227.28
6058,5683,False,242.32,227.32
6059,5684,False,242.36,227.36
6060,5685,False,242.4,227.4
6061,5686,False,242.44,227.44
6062,5687,False,242.48,227.48
6063,5688,False,242.52,227.52
6064,5689,False,242.56,227.56
6065,5690,False,242.6,227.6
6066,5691,False,242.64,227.64
6067,5692,False,242.68,227.68
6068,5693,False,242.72,227.72
6069,5694,False,242.76,227.76
6070,5695,False,242.8,227.8
6071,5696,False,242.84,227.84
6072,5697,False,242.88,227.88
6073,5698,False,242.92,227.92
6074,5699,False,242.96,227.96
6075,5700,False,243.0,228.0
6076,5701,False,243.04,228.04
6077,5702,False,243.08,228.08
6078,5703,False,243.12,228.12
6079,5704,False,243.16,228.16
6080,5705,False,243.2,228.2
6081,5706,False,243.24,228.24
6082,5707,False,243.28,228.28
6083,5708,False,243.32,228.32
6084,5709,False,243.36,228.36
6085,5710,False,243.4,228.4
6086,5711,False,243.44,228.44
6087,5712,False,243.48,228.48
6088,5713,False,243.52,228.52
6089,5714,False,243.56,228.56
6090,5715,False,243.6,228.6
6091,5716,False,243.64,228.64
6092,5717,False,243.68,228.68
6093,5718,False,243.72,228.72
6094,5719,False,243.76,228.76
6095,5720,False,243.8,228.8
6096,5721,False,243.84,228.84
6097,5722,False,243.88,228.88
6098,5723,False,243.92,228.92
6099,5724,False,243.96,228.96
6100,5725,False,244.0,229.0
6101,5726,False,244.04,229.04
6102,5727,False,244.08,229.08
6103,5728,False,244.12,229.12
6104,5729,False,244.16,229.16
6105,5730,False,244.2,229.2
6106,5731,False,244.24,229.24
6107,5732,False,244.28,229.28
6108,5733,False,244.32,229.32
6109,5734,False,244.36,229.36
6110,5735,False,244.4,229.4
6111,5736,False,244.44,229.44
6112,5737,False,244.48,229.48
6113,5738,False,244.52,229.52
6114,5739,False,244.56,229.56
6115,5740,False,244.6,229.6
6116,5741,False,244.64,229.64
6117,5742,False,244.68,229.68
6118,5743,False,244.72,229.72
6119,5744,False,244.76,229.76
6120,5745,False,244.8,229.8
6121,5746,False,244.84,229.84
6122,5747,False,244.88,229.88
6123,5748,False,244.92,229.92
6124,5749,False,244.96,229.96
6125,5750,False,245.0,230.0
6126,5751,False,245.04,230.04
6127,5752,False,245.08,230.08
6128,5753,False,245.12,230.12
6129,5754,False,245.16,230.16
6130,5755,False,245.2,230.2
6131,5756,False,245.24,230.24
6132,5757,False,245.28,230.28
6133,5758,False,245.32,230.32
6134,5759,False,245.36,230.36
6135,5760,False,245.4,230.4
6136,5761,False,245.44,230.44
6137,5762,False,245.48,230.48
6138,5763,False,245.52,230.52
6139,5764,False,245.56,230.56
6140,5765,False,245.6,230.6
6141,5766,False,245.64,230.64
6142,5767,False,245.68,230.68
6143,5768,False,245.72,230.72
6144,5769,False,245.76,230.76
6145,5770,False,245.8,230.8
6146,5771,False,245.84,230.84
6147,5772,False,245.88,230.88
6148,5773,False,245.92,230.92
6149,5774,False,245.96,230.96
6150,5775,False,246.0,231.0
6151,5776,False,246.04,231.04
6152,5777,False,246.08,231.08
6153,5778,False,246.12,231.12
6154,5779,False,246.16,231.16
6155,5780,False,246.2,231.2
6156,5781,False,246.24,231.24
6157,5782,False,246.28,231.28
6158,5783,False,246.32,231.32
6159,5784,False,246.36,231.36
6160,5785,False,246.4,231.4
6161,5786,False,246.44,231.44
6162,5787,False,246.48,231.48
6163,5788,False,246.52,231.52
6164,5789,False,246.56,231.56
6165,5790,False,246.6,231.6
6166,5791,False,246.64,231.64
6167,5792,False,246.68,231.68
6168,5793,False,246.72,231.72
6169,5794,False,246.76,231.76
6170,5795,False,246.8,231.8
6171,5796,False,246.84,231.84
6172,5797,False,246.88,231.88
6173,5798,False,246.92,231.92
6174,5799,False,246.96,231.96
6175,5800,False,247.0,232.0
6176,5801,False,247.04,232.04
6177,5802,False,247.08,232.08
6178,5803,False,247.12,232.12
6179,5804,False,247.16,232.16
6180,5805,False,247.2,232.2
6181,5806,False,247.24,232.24
6182,5807,False,247.28,232.28
6183,5808,False,247.32,232.32
6184,5809,False,247.36,232.36
6185,5810,False,247.4,232.4
6186,5811,False,247.44,232.44
6187,5812,False,247.48,232.48
6188,5813,False,247.52,232.52
6189,5814,False,247.56,232.56
6190,5815,False,247.6,232.6
6191,5816,False,247.64,232.64
6192,5817,False,247.68,232.68
6193,5818,False,247.72,232.72
6194,5819,False,247.76,232.76
6195,5820,False,247.8,232.8
6196,5821,False,247.84,232.84
6197,5822,False,247.88,232.88
6198,5823,False,247.92,232.92
6199,5824,False,247.96,232.96
6200,5825,False,248.0,233.0
6201,5826,False,248.04,233.04
6202,5827,False,248.08,233.08
6203,5828,False,248.12,233.12
6204,5829,False,248.16,233.16
6205,5830,False,248.2,233.2
6206,5831,False,248.24,233.24
6207,5832,False,248.28,233.28
6208,5833,False,248.32,233.32
6209,5834,False,248.36,233.36
6210,5835,False,248.4,233.4
6211,5836,False,248.44,233.44
6212,5837,False,248.48,233.48
6213,5838,False,248.52,233.52
6214,5839,False,248.56,233.56
6215,5840,False,248.6,233.6
6216,5841,False,248.64,233.64
6217,5842,False,248.68,233.68
6218,5843,False,248.72,233.72
6219,5844,False,248.76,233.76
6220,5845,False,248.8,233.8
6221,5846,False,248.84,233.84
6222,5847,False,248.88,233.88
6223,5848,False,248.92,233.92
6224,5849,False,248.96,233.96
6225,5850,False,249.0,234.0
6226,5851,False,249.04,234.04
6227,5852,False,249.08,234.08
6228,5853,False,249.12,234.12
6229,5854,False,249.16,234.16
6230,5855,False,249.2,234.2
6231,5856,False,249.24,234.24
6232,5857,False,249.28,234.28
6233,5858,False,249.32,234.32
6234,5859,False,249.36,234.36
6235,5860,False,249.4,234.4
6236,5861,False,249.44,234.44
6237,5862,False,249.48,234.48
6238,5863,False,249.52,234.52
6239,5864,False,249.56,234.56
6240,5865,False,249.6,234.6
6241,5866,False,249.64,234.64
6242,5867,False,249.68,234.68
6243,5868,False,249.72,234.72
6244,5869,False,249.76,234.76
6245,5870,False,249.8,234.8
6246,5871,False,249.84,234.84
6247,5872,False,249.88,234.88
6248,5873,False,249.92,234.92
6249,5874,False,249.96,234.96
6250,5875,False,250.0,235.0
6251,5876,False,250.04,235.04
6252,5877,False,250.08,235.08
6253,5878,False,250.12,235.12
6254,5879,False,250.16,235.16
6255,5880,False,250.2,235.2
6256,5881,False,250.24,235.24
6257,5882,False,250.28,235.28
6258,5883,False,250.32,235.32
6259,5884,False,250.36,235.36
6260,5885,False,250.4,235.4
6261,5886,False,250.44,235.44
6262,5887,False,250.48,235.48
6263,5888,False,250.52,235.52
6264,5889,False,250.56,235.56
6265,5890,False,250.6,235.6
6266,5891,False,250.64,235.64
6267,5892,False,250.68,235.68
6268,5893,False,250.72,235.72
6269,5894,False,250.76,235.76
6270,5895,False,250.8,235.8
6271,5896,False,250.84,235.84
6272,5897,False,250.88,235.88
6273,5898,False,250.92,235.92
6274,5899,False,250.96,235.96
6275,5900,False,251.0,236.0
6276,5901,False,251.04,236.04
6277,5902,False,251.08,236.08
6278,5903,False,251.12,236.12
6279,5904,False,251.16,236.16
6280,5905,False,251.2,236.2
6281,5906,False,251.24,236.24
6282,5907,False,251.28,236.28
6283,5908,False,251.32,236.32
6284,5909,False,251.36,236.36
6285,5910,False,251.4,236.4
6286,5911,False,251.44,236.44
6287,5912,False,251.48,236.48
6288,5913,False,251.52,236.52
6289,5914,False,251.56,236.56
6290,5915,False,251.6,236.6
6291,5916,False,251.64,236.64
6292,5917,False,251.68,236.68
6293,5918,False,251.72,236.72
6294,5919,False,251.76,236.76
6295,5920,False,251.8,236.8
6296,5921,False,251.84,236.84
6297,5922,False,251.88,236.88
6298,5923,False,251.92,236.92
6299,5924,False,251.96,236.96
6300,5925,False,252.0,237.0
6301,5926,False,252.04,237.04
6302,5927,False,252.08,237.08
6303,5928,False,252.12,237.12
6304,5929,False,252.16,237.16
6305,5930,False,252.2,237.2
6306,5931,False,252.24,237.24
6307,5932,False,252.28,237.28
6308,5933,False,252.32,237.32
6309,5934,False,252.36,237.36
6310,5935,False,252.4,237.4
6311,5936,False,252.44,237.44
6312,5937,False,252.48,237.48
6313,5938,False,252.52,237.52
6314,5939,False,252.56,237.56
6315,5940,False,252.6,237.6
6316,5941,False,252.64,237.64
6317,5942,False,252.68,237.68
6318,5943,False,252.72,237.72
6319,5944,False,252.76,237.76
6320,5945,False,252.8,237.8
6321,5946,False,252.84,237.84
6322,5947,False,252.88,237.88
6323,5948,False,252.92,237.92
6324,5949,False,252.96,237.96
6325,5950,False,253.0,238.0
6326,5951,False,253.04,238.04
6327,5952,False,253.08,238.08
6328,5953,False,253.12,238.12
6329,5954,False,253.16,238.16
6330,5955,False,253.2,238.2
6331,5956,False,253.24,238.24
6332,5957,False,253.28,238.28
6333,5958,False,253.32,238.32
6334,5959,False,253.36,238.36
6335,5960,False,253.4,238.4
6336,5961,False,253.44,238.44
6337,5962,False,253.48,238.48
6338,5963,False,253.52,238.52
6339,5964,False,253.56,238.56
6340,5965,False,253.6,238.6
6341,5966,False,253.64,238.64
6342,5967,False,253.68,238.68
6343,5968,False,253.72,238.72
6344,5969,False,253.76,238.76
6345,5970,False,253.8,238.8
6346,5971,False,253.84,238.84
6347,5972,False,253.88,238.88
6348,5973,False,253.92,238.92
6349,5974,False,253.96,238.96
6350,5975,False,254.0,239.0
6351,5976,False,254.04,239.04
6352,5977,False,254.08,239.08
6353,5978,False,254.12,239.12
6354,5979,False,254.16,239.16
6355,5980,False,254.2,239.2
6356,5981,False,254.24,239.24
6357,5982,False,254.28,239.28
6358,5983,False,254.32,239.32
6359,5984,False,254.36,239.36
6360,5985,False,254.4,239.4
6361,5986,False,254.44,239.44
6362,5987,False,254.48,239.48
6363,5988,False,254.52,239.52
6364,5989,False,254.56,239.56
6365,5990,False,254.6,239.6
6366,5991,False,254.64,239.64
6367,5992,False,254.68,239.68
6368,5993,False,254.72,239.72
6369,5994,False,254.76,239.76
6370,5995,False,254.8,239.8
6371,5996,False,254.84,239.84
6372,5997,False,254.88,239.88
6373,5998,False,254.92,239.92
6374,5999,False,254.96,239.96
6375,6000,False,255.0,240.0
6376,6001,False,255.04,240.04
6377,6002,False,255.08,240.08
6378,6003,False,255.12,240.12
6379,6004,False,255.16,240.16
6380,6005,False,255.2,240.2
6381,6006,False,255.24,240.24
6382,6007,False,255.28,240.28
6383,6008,False,255.32,240.32
6384,6009,False,255.36,240.36
6385,6010,False,255.4,240.4
6386,6011,False,255.44,240.44
6387,6012,False,255.48,240.48
6388,6013,False,255.52,240.52
6389,6014,False,255.56,240.56
6390,6015,False,255.6,240.6
6391,6016,False,255.64,240.64
6392,6017,False,255.68,240.68
6393,6018,False,255.72,240.72
6394,6019,False,255.76,240.76
6395,6020,False,255.8,240.8
6396,6021,False,255.84,240.84
6397,6022,False,255.88,240.88
6398,6023,False,255.92,240.92
6399,6024,False,255.96,240.96
6400,6025,False,256.0,241.0
6401,6026,False,256.04,241.04
6402,6027,False,256.08,241.08
6403,6028,False,256.12,241.12
6404,6029,False,256.16,241.16
6405,6030,False,256.2,241.2
6406,6031,False,256.24,241.24
6407,6032,False,256.28,241.28
6408,6033,False,256.32,241.32
6409,6034,False,256.36,241.36
6410,6035,False,256.4,241.4
6411,6036,False,256.44,241.44
6412,6037,False,256.48,241.48
6413,6038,False,256.52,241.52
6414,6039,False,256.56,241.56
6415,6040,False,256.6,241.6
6416,6041,False,256.64,241.64
6417,6042,False,256.68,241.68
6418,6043,False,256.72,241.72
6419,6044,False,256.76,241.76
6420,6045,False,256.8,241.8
6421,6046,False,256.84,241.84
6422,6047,False,256.88,241.88
6423,6048,False,256.92,241.92
6424,6049,False,256.96,241.96
6425,6050,False,257.0,242.0
6426,6051,False,257.04,242.04
6427,6052,False,257.08,242.08
6428,6053,False,257.12,242.12
6429,6054,False,257.16,242.16
6430,6055,False,257.2,242.2
6431,6056,False,257.24,242.24
6432,6057,False,257.28,242.28
6433,6058,False,257.32,242.32
6434,6059,False,257.36,242.36
6435,6060,False,257.4,242.4
6436,6061,False,257.44,242.44
6437,6062,False,257.48,242.48
6438,6063,False,257.52,242.52
6439,6064,False,257.56,242.56
6440,6065,False,257.6,242.6
6441,6066,False,257.64,242.64
6442,6067,False,257.68,242.68
6443,6068,False,257.72,242.72
6444,6069,False,257.76,242.76
6445,6070,False,257.8,242.8
6446,6071,False,257.84,242.84
6447,6072,False,257.88,242.88
6448,6073,False,257.92,242.92
6449,6074,False,257.96,242.96
6450,6075,False,258.0,243.0
6451,6076,False,258.04,243.04
6452,6077,False,258.08,243.08
6453,6078,False,258.12,243.12
6454,6079,False,258.16,243.16
6455,6080,False,258.2,243.2
6456,6081,False,258.24,243.24
6457,6082,False,258.28,243.28
6458,6083,False,258.32,243.32
6459,6084,False,258.36,243.36
6460,6085,False,258.4,243.4
6461,6086,False,258.44,243.44
6462,6087,False,258.48,243.48
6463,6088,False,258.52,243.52
6464,6089,False,258.56,243.56
6465,6090,False,258.6,243.6
6466,6091,False,258.64,243.64
6467,6092,False,258.68,243.68
6468,6093,False,258.72,243.72
6469,6094,False,258.76,243.76
6470,6095,False,258.8,243.8
6471,6096,False,258.84,243.84
6472,6097,False,258.88,243.88
6473,6098,False,258.92,243.92
6474,6099,False,258.96,243.96
6475,6100,False,259.0,244.0
6476,6101,False,259.04,244.04
6477,6102,False,259.08,244.08
6478,6103,False,259.12,244.12
6479,6104,False,259.16,244.16
6480,6105,False,259.2,244.2
6481,6106,False,259.24,244.24
6482,6107,False,259.28,244.28
6483,6108,False,259.32,244.32
6484,6109,False,259.36,244.36
6485,6110,False,259.4,244.4
6486,6111,False,259.44,244.44
6487,6112,False,259.48,244.48
6488,6113,False,259.52,244.52
6489,6114,False,259.56,244.56
6490,6115,False,259.6,244.6
6491,6116,False,259.64,244.64
6492,6117,False,259.68,244.68
6493,6118,False,259.72,244.72
6494,6119,False,259.76,244.76
6495,6120,False,259.8,244.8
6496,6121,False,259.84,244.84
6497,6122,False,259.88,244.88
6498,6123,False,259.92,244.92
6499,6124,False,259.96,244.96
6500,6125,False,260.0,245.0
6501,6126,False,260.04,245.04
6502,6127,False,260.08,245.08
6503,6128,False,260.12,245.12
6504,6129,False,260.16,245.16
6505,6130,False,260.2,245.2
6506,6131,False,260.24,245.24
6507,6132,False,260.28,245.28
6508,6133,False,260.32,245.32
6509,6134,False,260.36,245.36
6510,6135,False,260.4,245.4
6511,6136,False,260.44,245.44
6512,6137,False,260.48,245.48
6513,6138,False,260.52,245.52
6514,6139,False,260.56,245.56
6515,6140,False,260.6,245.6
6516,6141,False,260.64,245.64
6517,6142,False,260.68,245.68
6518,6143,False,260.72,245.72
6519,6144,False,260.76,245.76
6520,6145,False,260.8,245.8
6521,6146,False,260.84,245.84
6522,6147,False,260.88,245.88
6523,6148,False,260.92,245.92
6524,6149,False,260.96,245.96
6525,6150,False,261.0,246.0
6526,6151,False,261.04,246.04
6527,6152,False,261.08,246.08
6528,6153,False,261.12,246.12
6529,6154,False,261.16,246.16
6530,6155,False,261.2,246.2
6531,6156,False,261.24,246.24
6532,6157,False,261.28,246.28
6533,6158,False,261.32,246.32
6534,6159,False,261.36,246.36
6535,6160,False,261.4,246.4
6536,6161,False,261.44,246.44
6537,6162,False,261.48,246.48
6538,6163,False,261.52,246.52
6539,6164,False,261.56,246.56
6540,6165,False,261.6,246.6
6541,6166,False,261.64,246.64
6542,6167,False,261.68,246.68
6543,6168,False,261.72,246.72
6544,6169,False,261.76,246.76
6545,6170,False,261.8,246.8
6546,6171,False,261.84,246.84
6547,6172,False,261.88,246.88
6548,6173,False,261.92,246.92
6549,6174,False,261.96,246.96
6550,6175,False,262.0,247.0
6551,6176,False,262.04,247.04
6552,6177,False,262.08,247.08
6553,6178,False,262.12,247.12
6554,6179,False,262.16,247.16
6555,6180,False,262.2,247.2
6556,6181,False,262.24,247.24
6557,6182,False,262.28,247.28
6558,6183,False,262.32,247.32
6559,6184,False,262.36,247.36
6560,6185,False,262.4,247.4
6561,6186,False,262.44,247.44
6562,6187,False,262.48,247.48
6563,6188,False,262.52,247.52
6564,6189,False,262.56,247.56
6565,6190,False,262.6,247.6
6566,6191,False,262.64,247.64
6567,6192,False,262.68,247.68
6568,6193,False,262.72,247.72
6569,6194,False,262.76,247.76
6570,6195,False,262.8,247.8
6571,6196,False,262.84,247.84
6572,6197,False,262.88,247.88
6573,6198,False,262.92,247.92
6574,6199,False,262.96,247.96
6575,6200,False,263.0,248.0
6576,6201,False,263.04,248.04
6577,6202,False,263.08,248.08
6578,6203,False,263.12,248.12
6579,6204,False,263.16,248.16
6580,6205,False,263.2,248.2
6581,6206,False,263.24,248.24
6582,6207,False,263.28,248.28
6583,6208,False,263.32,248.32
6584,6209,False,263.36,248.36
6585,6210,False,263.4,248.4
6586,6211,False,263.44,248.44
6587,6212,False,263.48,248.48
6588,6213,False,263.52,248.52
6589,6214,False,263.56,248.56
6590,6215,False,263.6,248.6
6591,6216,False,263.64,248.64
6592,6217,False,263.68,248.68
6593,6218,False,263.72,248.72
6594,6219,False,263.76,248.76
6595,6220,False,263.8,248.8
6596,6221,False,263.84,248.84
6597,6222,False,263.88,248.88
6598,6223,False,263.92,248.92
6599,6224,False,263.96,248.96
6600,6225,False,264.0,249.0
6601,6226,False,264.04,249.04
6602,6227,False,264.08,249.08
6603,6228,False,264.12,249.12
6604,6229,False,264.16,249.16
6605,6230,False,264.2,249.2
6606,6231,False,264.24,249.24
6607,6232,False,264.28,249.28
6608,6233,False,264.32,249.32
6609,6234,False,264.36,249.36
6610,6235,False,264.4,249.4
6611,6236,False,264.44,249.44
6612,6237,False,264.48,249.48
6613,6238,False,264.52,249.52
6614,6239,False,264.56,249.56
6615,6240,False,264.6,249.6
6616,6241,False,264.64,249.64
6617,6242,False,264.68,249.68
6618,6243,False,264.72,249.72
6619,6244,False,264.76,249.76
6620,6245,False,264.8,249.8
6621,6246,False,264.84,249.84
6622,6247,False,264.88,249.88
6623,6248,False,264.92,249.92
6624,6249,False,264.96,249.96
6625,6250,False,265.0,250.0
6626,6251,False,265.04,250.04
6627,6252,False,265.08,250.08
6628,6253,False,265.12,250.12
6629,6254,False,265.16,250.16
6630,6255,False,265.2,250.2
6631,6256,False,265.24,250.24
6632,6257,False,265.28,250.28
6633,6258,False,265.32,250.32
6634,6259,False,265.36,250.36
6635,6260,False,265.4,250.4
6636,6261,False,265.44,250.44
6637,6262,False,265.48,250.48
6638,6263,False,265.52,250.52
6639,6264,False,265.56,250.56
6640,6265,False,265.6,250.6
6641,6266,False,265.64,250.64
6642,6267,False,265.68,250.68
6643,6268,False,265.72,250.72
6644,6269,False,265.76,250.76
6645,6270,False,265.8,250.8
6646,6271,False,265.84,250.84
6647,6272,False,265.88,250.88
6648,6273,False,265.92,250.92
6649,6274,False,265.96,250.96
6650,6275,False,266.0,251.0
6651,6276,False,266.04,251.04
6652,6277,False,266.08,251.08
6653,6278,False,266.12,251.12
6654,6279,False,266.16,251.16
6655,6280,False,266.2,251.2
6656,6281,False,266.24,251.24
6657,6282,False,266.28,251.28
6658,6283,False,266.32,251.32
6659,6284,False,266.36,251.36
6660,6285,False,266.4,251.4
6661,6286,False,266.44,251.44
6662,6287,False,266.48,251.48
6663,6288,False,266.52,251.52
6664,6289,False,266.56,251.56
6665,6290,False,266.6,251.6
6666,6291,False,266.64,251.64
6667,6292,False,266.68,251.68
6668,6293,False,266.72,251.72
6669,6294,False,266.76,251.76
6670,6295,False,266.8,251.8
6671,6296,False,266.84,251.84
6672,6297,False,266.88,251.88
6673,6298,False,266.92,251.92
6674,6299,False,266.96,251.96
6675,6300,False,267.0,252.0
6676,6301,False,267.04,252.04
6677,6302,False,267.08,252.08
6678,6303,False,267.12,252.12
6679,6304,False,267.16,252.16
6680,6305,False,267.2,252.2
6681,6306,False,267.24,252.24
6682,6307,False,267.28,252.28
6683,6308,False,267.32,252.32
6684,6309,False,267.36,252.36
6685,6310,False,267.4,252.4
6686,6311,False,267.44,252.44
6687,6312,False,267.48,252.48
6688,6313,False,267.52,252.52
6689,6314,False,267.56,252.56
6690,6315,False,267.6,252.6
6691,6316,False,267.64,252.64
6692,6317,False,267.68,252.68
6693,6318,False,267.72,252.72
6694,6319,False,267.76,252.76
6695,6320,False,267.8,252.8
6696,6321,False,267.84,252.84
6697,6322,False,267.88,252.88
6698,6323,False,267.92,252.92
6699,6324,False,267.96,252.96
6700,6325,False,268.0,253.0
6701,6326,False,268.04,253.04
6702,6327,False,268.08,253.08
6703,6328,False,268.12,253.12
6704,6329,False,268.16,253.16
6705,6330,False,268.2,253.2
6706,6331,False,268.24,253.24
6707,6332,False,268.28,253.28
6708,6333,False,268.32,253.32
6709,6334,False,268.36,253.36
6710,6335,False,268.4,253.4
6711,6336,False,268.44,253.44
6712,6337,False,268.48,253.48
6713,6338,False,268.52,253.52
6714,6339,False,268.56,253.56
6715,6340,False,268.6,253.6
6716,6341,False,268.64,253.64
6717,6342,False,268.68,253.68
6718,6343,False,268.72,253.72
6719,6344,False,268.76,253.76
6720,6345,False,268.8,253.8
6721,6346,False,268.84,253.84
6722,6347,False,268.88,253.88
6723,6348,False,268.92,253.92
6724,6349,False,268.96,253.96
6725,6350,False,269.0,254.0
6726,6351,False,269.04,254.04
6727,6352,False,269.08,254.08
6728,6353,False,269.12,254.12
6729,6354,False,269.16,254.16
6730,6355,False,269.2,254.2
6731,6356,False,269.24,254.24
6732,6357,False,269.28,254.28
6733,6358,False,269.32,254.32
6734,6359,False,269.36,254.36
6735,6360,False,269.4,254.4
6736,6361,False,269.44,254.44
6737,6362,False,269.48,254.48
6738,6363,False,269.52,254.52
6739,6364,False,269.56,254.56
6740,6365,False,269.6,254.6
6741,6366,False,269.64,254.64
6742,6367,False,269.68,254.68
6743,6368,False,269.72,254.72
6744,6369,False,269.76,254.76
6745,6370,False,269.8,254.8
6746,6371,False,269.84,254.84
6747,6372,False,269.88,254.88
6748,6373,False,269.92,254.92
6749,6374,False,269.96,254.96
6750,6375,False,270.0,255.0
6751,6376,False,270.04,255.04
6752,6377,False,270.08,255.08
6753,6378,False,270.12,255.12
6754,6379,False,270.16,255.16
6755,6380,False,270.2,255.2
6756,6381,False,270.24,255.24
6757,6382,False,270.28,255.28
6758,6383,False,270.32,255.32
6759,6384,False,270.36,255.36
6760,6385,False,270.4,255.4
6761,6386,False,270.44,255.44
6762,6387,False,270.48,255.48
6763,6388,False,270.52,255.52
6764,6389,False,270.56,255.56
6765,6390,False,270.6,255.6
6766,6391,False,270.64,255.64
6767,6392,False,270.68,255.68
6768,6393,False,270.72,255.72
6769,6394,False,270.76,255.76
6770,6395,False,270.8,255.8
6771,6396,False,270.84,255.84
6772,6397,False,270.88,255.88
6773,6398,False,270.92,255.92
6774,6399,False,270.96,255.96
6775,6400,False,271.0,256.0
6776,6401,False,271.04,256.04
6777,6402,False,271.08,256.08
6778,6403,False,271.12,256.12
6779,6404,False,271.16,256.16
6780,6405,False,271.2,256.2
6781,6406,False,271.24,256.24
6782,6407,False,271.28,256.28
6783,6408,False,271.32,256.32
6784,6409,False,271.36,256.36
6785,6410,False,271.4,256.4
6786,6411,False,271.44,256.44
6787,6412,False,271.48,256.48
6788,6413,False,271.52,256.52
6789,6414,False,271.56,256.56
6790,6415,False,271.6,256.6
6791,6416,False,271.64,256.64
6792,6417,False,271.68,256.68
6793,6418,False,271.72,256.72
6794,6419,False,271.76,256.76
6795,6420,False,271.8,256.8
6796,6421,False,271.84,256.84
6797,6422,False,271.88,256.88
6798,6423,False,271.92,256.92
6799,6424,False,271.96,256.96
6800,6425,False,272.0,257.0
6801,6426,False,272.04,257.04
6802,6427,False,272.08,257.08
6803,6428,False,272.12,257.12
6804,6429,False,272.16,257.16
6805,6430,False,272.2,257.2
6806,6431,False,272.24,257.24
6807,6432,False,272.28,257.28
6808,6433,False,272.32,257.32
6809,6434,False,272.36,257.36
6810,6435,False,272.4,257.4
6811,6436,False,272.44,257.44
6812,6437,False,272.48,257.48
6813,6438,False,272.52,257.52
6814,6439,False,272.56,257.56
6815,6440,False,272.6,257.6
6816,6441,False,272.64,257.64
6817,6442,False,272.68,257.68
6818,6443,False,272.72,257.72
6819,6444,False,272.76,257.76
6820,6445,False,272.8,257.8
6821,6446,False,272.84,257.84
6822,6447,False,272.88,257.88
6823,6448,False,272.92,257.92
6824,6449,False,272.96,257.96
6825,6450,False,273.0,258.0
6826,6451,False,273.04,258.04
6827,6452,False,273.08,258.08
6828,6453,False,273.12,258.12
6829,6454,False,273.16,258.16
6830,6455,False,273.2,258.2
6831,6456,False,273.24,258.24
6832,6457,False,273.28,258.28
6833,6458,False,273.32,258.32
6834,6459,False,273.36,258.36
6835,6460,False,273.4,258.4
6836,6461,False,273.44,258.44
6837,6462,False,273.48,258.48
6838,6463,False,273.52,258.52
6839,6464,False,273.56,258.56
6840,6465,False,273.6,258.6
6841,6466,False,273.64,258.64
6842,6467,False,273.68,258.68
6843,6468,False,273.72,258.72
6844,6469,False,273.76,258.76
6845,6470,False,273.8,258.8
6846,6471,False,273.84,258.84
6847,6472,False,273.88,258.88
6848,6473,False,273.92,258.92
6849,6474,False,273.96,258.96
6850,6475,False,274.0,259.0
6851,6476,False,274.04,259.04
6852,6477,False,274.08,259.08
6853,6478,False,274.12,259.12
6854,6479,False,274.16,259.16
6855,6480,False,274.2,259.2
6856,6481,False,274.24,259.24
6857,6482,False,274.28,259.28
6858,6483,False,274.32,259.32
6859,6484,False,274.36,259.36
6860,6485,False,274.4,259.4
6861,6486,False,274.44,259.44
6862,6487,False,274.48,259.48
6863,6488,False,274.52,259.52
6864,6489,False,274.56,259.56
6865,6490,False,274.6,259.6
6866,6491,False,274.64,259.64
6867,6492,False,274.68,259.68
6868,6493,False,274.72,259.72
6869,6494,False,274.76,259.76
6870,6495,False,274.8,259.8
6871,6496,False,274.84,259.84
6872,6497,False,274.88,259.88
6873,6498,False,274.92,259.92
6874,6499,False,274.96,259.96
6875,6500,False,275.0,260.0
6876,6501,False,275.04,260.04
6877,6502,False,275.08,260.08
6878,6503,False,275.12,260.12
6879,6504,False,275.16,260.16
6880,6505,False,275.2,260.2
6881,6506,False,275.24,260.24
6882,6507,False,275.28,260.28
6883,6508,False,275.32,260.32
6884,6509,False,275.36,260.36
6885,6510,False,275.4,260.4
6886,6511,False,275.44,260.44
6887,6512,False,275.48,260.48
6888,6513,False,275.52,260.52
6889,6514,False,275.56,260.56
6890,6515,False,275.6,260.6
6891,6516,False,275.64,260.64
6892,6517,False,275.68,260.68
6893,6518,False,275.72,260.72
6894,6519,False,275.76,260.76
6895,6520,False,275.8,260.8
6896,6521,False,275.84,260.84
6897,6522,False,275.88,260.88
6898,6523,False,275.92,260.92
6899,6524,False,275.96,260.96
6900,6525,False,276.0,261.0
6901,6526,False,276.04,261.04
6902,6527,False,276.08,261.08
6903,6528,False,276.12,261.12
6904,6529,False,276.16,261.16
6905,6530,False,276.2,261.2
6906,6531,False,276.24,261.24
6907,6532,False,276.28,261.28
6908,6533,False,276.32,261.32
6909,6534,False,276.36,261.36
6910,6535,False,276.4,261.4
6911,6536,False,276.44,261.44
6912,6537,False,276.48,261.48
6913,6538,False,276.52,261.52
6914,6539,False,276.56,261.56
6915,6540,False,276.6,261.6
6916,6541,False,276.64,261.64
6917,6542,False,276.68,261.68
6918,6543,False,276.72,261.72
6919,6544,False,276.76,261.76
6920,6545,False,276.8,261.8
6921,6546,False,276.84,261.84
6922,6547,False,276.88,261.88
6923,6548,False,276.92,261.92
6924,6549,False,276.96,261.96
6925,6550,False,277.0,262.0
6926,6551,False,277.04,262.04
6927,6552,False,277.08,262.08
6928,6553,False,277.12,262.12
6929,6554,False,277.16,262.16
6930,6555,False,277.2,262.2
6931,6556,False,277.24,262.24
6932,6557,False,277.28,262.28
6933,6558,False,277.32,262.32
6934,6559,False,277.36,262.36
6935,6560,False,277.4,262.4
6936,6561,False,277.44,262.44
6937,6562,False,277.48,262.48
6938,6563,False,277.52,262.52
6939,6564,False,277.56,262.56
6940,6565,False,277.6,262.6
6941,6566,False,277.64,262.64
6942,6567,False,277.68,262.68
6943,6568,False,277.72,262.72
6944,6569,False,277.76,262.76
6945,6570,False,277.8,262.8
6946,6571,False,277.84,262.84
6947,6572,False,277.88,262.88
6948,6573,False,277.92,262.92
6949,6574,False,277.96,262.96
6950,6575,False,278.0,263.0
6951,6576,False,278.04,263.04
6952,6577,False,278.08,263.08
6953,6578,False,278.12,263.12
6954,6579,False,278.16,263.16
6955,6580,False,278.2,263.2
6956,6581,False,278.24,263.24
6957,6582,False,278.28,263.28
6958,6583,False,278.32,263.32
6959,6584,False,278.36,263.36
6960,6585,False,278.4,263.4
6961,6586,False,278.44,263.44
6962,6587,False,278.48,263.48
6963,6588,False,278.52,263.52
6964,6589,False,278.56,263.56
6965,6590,False,278.6,263.6
6966,6591,False,278.64,263.64
6967,6592,False,278.68,263.68
6968,6593,False,278.72,263.72
6969,6594,False,278.76,263.76
6970,6595,False,278.8,263.8
6971,6596,False,278.84,263.84
6972,6597,False,278.88,263.88
6973,6598,False,278.92,263.92
6974,6599,False,278.96,263.96
6975,6600,False,279.0,264.0
6976,6601,False,279.04,264.04
6977,6602,False,279.08,264.08
6978,6603,False,279.12,264.12
6979,6604,False,279.16,264.16
6980,6605,False,279.2,264.2
6981,6606,False,279.24,264.24
6982,6607,False,279.28,264.28
6983,6608,False,279.32,264.32
6984,6609,False,279.36,264.36
6985,6610,False,279.4,264.4
6986,6611,False,279.44,264.44
6987,6612,False,279.48,264.48
6988,6613,False,279.52,264.52
6989,6614,False,279.56,264.56
6990,6615,False,279.6,264.6
6991,6616,False,279.64,264.64
6992,6617,False,279.68,264.68
6993,6618,False,279.72,264.72
6994,6619,False,279.76,264.76
6995,6620,False,279.8,264.8
6996,6621,False,279.84,264.84
6997,6622,False,279.88,264.88
6998,6623,False,279.92,264.92
6999,6624,False,279.96,264.96
7000,6625,False,280.0,265.0
7001,6626,False,280.04,265.04
7002,6627,False,280.08,265.08
7003,6628,False,280.12,265.12
7004,6629,False,280.16,265.16
7005,6630,False,280.2,265.2
7006,6631,False,280.24,265.24
7007,6632,False,280.28,265.28
7008,6633,False,280.32,265.32
7009,6634,False,280.36,265.36
7010,6635,False,280.4,265.4
7011,6636,False,280.44,265.44
7012,6637,False,280.48,265.48
7013,6638,False,280.52,265.52
7014,6639,False,280.56,265.56
7015,6640,False,280.6,265.6
7016,6641,False,280.64,265.64
7017,6642,False,280.68,265.68
7018,6643,False,280.72,265.72
7019,6644,False,280.76,265.76
7020,6645,False,280.8,265.8
7021,6646,False,280.84,265.84
7022,6647,False,280.88,265.88
7023,6648,False,280.92,265.92
7024,6649,False,280.96,265.96
7025,6650,False,281.0,266.0
7026,6651,False,281.04,266.04
7027,6652,False,281.08,266.08
7028,6653,False,281.12,266.12
7029,6654,False,281.16,266.16
7030,6655,False,281.2,266.2
7031,6656,False,281.24,266.24
7032,6657,False,281.28,266.28
7033,6658,False,281.32,266.32
7034,6659,False,281.36,266.36
7035,6660,False,281.4,266.4
7036,6661,False,281.44,266.44
7037,6662,False,281.48,266.48
7038,6663,False,281.52,266.52
7039,6664,False,281.56,266.56
7040,6665,False,281.6,266.6
7041,6666,False,281.64,266.64
7042,6667,False,281.68,266.68
7043,6668,False,281.72,266.72
7044,6669,False,281.76,266.76
7045,6670,False,281.8,266.8
7046,6671,False,281.84,266.84
7047,6672,False,281.88,266.88
7048,6673,False,281.92,266.92
7049,6674,False,281.96,266.96
7050,6675,False,282.0,267.0
7051,6676,False,282.04,267.04
7052,6677,False,282.08,267.08
7053,6678,False,282.12,267.12
7054,6679,False,282.16,267.16
7055,6680,False,282.2,267.2
7056,6681,False,282.24,267.24
7057,6682,False,282.28,267.28
7058,6683,False,282.32,267.32
7059,6684,False,282.36,267.36
7060,6685,False,282.4,267.4
7061,6686,False,282.44,267.44
7062,6687,False,282.48,267.48
7063,6688,False,282.52,267.52
7064,6689,False,282.56,267.56
7065,6690,False,282.6,267.6
7066,6691,False,282.64,267.64
7067,6692,False,282.68,267.68
7068,6693,False,282.72,267.72
7069,6694,False,282.76,267.76
7070,6695,False,282.8,267.8
7071,6696,False,282.84,267.84
7072,6697,False,282.88,267.88
7073,6698,False,282.92,267.92
7074,6699,False,282.96,267.96
7075,6700,False,283.0,268.0
7076,6701,False,283.04,268.04
7077,6702,False,283.08,268.08
7078,6703,False,283.12,268.12
7079,6704,False,283.16,268.16
7080,6705,False,283.2,268.2
7081,6706,False,283.24,268.24
7082,6707,False,283.28,268.28
7083,6708,False,283.32,268.32
7084,6709,False,283.36,268.36
7085,6710,False,283.4,268.4
7086,6711,False,283.44,268.44
7087,6712,False,283.48,268.48
7088,6713,False,283.52,268.52
7089,6714,False,283.56,268.56
7090,6715,False,283.6,268.6
7091,6716,False,283.64,268.64
7092,6717,False,283.68,268.68
7093,6718,False,283.72,268.72
7094,6719,False,283.76,268.76
7095,6720,False,283.8,268.8
7096,6721,False,283.84,268.84
7097,6722,False,283.88,268.88
7098,6723,False,283.92,268.92
7099,6724,False,283.96,268.96
7100,6725,False,284.0,269.0
7101,6726,False,284.04,269.04
7102,6727,False,284.08,269.08
7103,6728,False,284.12,269.12
7104,6729,False,284.16,269.16
7105,6730,False,284.2,269.2
7106,6731,False,284.24,269.24
7107,6732,False,284.28,269.28
7108,6733,False,284.32,269.32
7109,6734,False,284.36,269.36
7110,6735,False,284.4,269.4
7111,6736,False,284.44,269.44
7112,6737,False,284.48,269.48
7113,6738,False,284.52,269.52
7114,6739,False,284.56,269.56
7115,6740,False,284.6,269.6
7116,6741,False,284.64,269.64
7117,6742,False,284.68,269.68
7118,6743,False,284.72,269.72
7119,6744,False,284.76,269.76
7120,6745,False,284.8,269.8
7121,6746,False,284.84,269.84
7122,6747,False,284.88,269.88
7123,6748,False,284.92,269.92
7124,6749,False,284.96,269.96
7125,6750,False,285.0,270.0
7126,6751,False,285.04,270.04
7127,6752,False,285.08,270.08
7128,6753,False,285.12,270.12
7129,6754,False,285.16,270.16
7130,6755,False,285.2,270.2
7131,6756,False,285.24,270.24
7132,6757,False,285.28,270.28
7133,6758,False,285.32,270.32
7134,6759,False,285.36,270.36
7135,6760,False,285.4,270.4
7136,6761,False,285.44,270.44
7137,6762,False,285.48,270.48
7138,6763,False,285.52,270.52
7139,6764,False,285.56,270.56
7140,6765,False,285.6,270.6
7141,6766,False,285.64,270.64
7142,6767,False,285.68,270.68
7143,6768,False,285.72,270.72
7144,6769,False,285.76,270.76
7145,6770,False,285.8,270.8
7146,6771,False,285.84,270.84
7147,6772,False,285.88,270.88
7148,6773,False,285.92,270.92
7149,6774,False,285.96,270.96
7150,6775,False,286.0,271.0
7151,6776,False,286.04,271.04
7152,6777,False,286.08,271.08
7153,6778,False,286.12,271.12
7154,6779,False,286.16,271.16
7155,6780,False,286.2,271.2
7156,6781,False,286.24,271.24
7157,6782,False,286.28,271.28
7158,6783,False,286.32,271.32
7159,6784,False,286.36,271.36
7160,6785,False,286.4,271.4
7161,6786,False,286.44,271.44
7162,6787,False,286.48,271.48
7163,6788,False,286.52,271.52
7164,6789,False,286.56,271.56
7165,6790,False,286.6,271.6
7166,6791,False,286.64,271.64
7167,6792,False,286.68,271.68
7168,6793,False,286.72,271.72
7169,6794,False,286.76,271.76
7170,6795,False,286.8,271.8
7171,6796,False,286.84,271.84
7172,6797,False,286.88,271.88
7173,6798,False,286.92,271.92
7174,6799,False,286.96,271.96
7175,6800,False,287.0,272.0
7176,6801,False,287.04,272.04
7177,6802,False,287.08,272.08
7178,6803,False,287.12,272.12
7179,6804,False,287.16,272.16
7180,6805,False,287.2,272.2
7181,6806,False,287.24,272.24
7182,6807,False,287.28,272.28
7183,6808,False,287.32,272.32
7184,6809,False,287.36,272.36
7185,6810,False,287.4,272.4
7186,6811,False,287.44,272.44
7187,6812,False,287.48,272.48
7188,6813,False,287.52,272.52
7189,6814,False,287.56,272.56
7190,6815,False,287.6,272.6
7191,6816,False,287.64,272.64
7192,6817,False,287.68,272.68
7193,6818,False,287.72,272.72
7194,6819,False,287.76,272.76
7195,6820,False,287.8,272.8
7196,6821,False,287.84,272.84
7197,6822,False,287.88,272.88
7198,6823,False,287.92,272.92
7199,6824,False,287.96,272.96
7200,6825,False,288.0,273.0
7201,6826,False,288.04,273.04
7202,6827,False,288.08,273.08
7203,6828,False,288.12,273.12
7204,6829,False,288.16,273.16
7205,6830,False,288.2,273.2
7206,6831,False,288.24,273.24
7207,6832,False,288.28,273.28
7208,6833,False,288.32,273.32
7209,6834,False,288.36,273.36
7210,6835,False,288.4,273.4
7211,6836,False,288.44,273.44
7212,6837,False,288.48,273.48
7213,6838,False,288.52,273.52
7214,6839,False,288.56,273.56
7215,6840,False,288.6,273.6
7216,6841,False,288.64,273.64
7217,6842,False,288.68,273.68
7218,6843,False,288.72,273.72
7219,6844,False,288.76,273.76
7220,6845,False,288.8,273.8
7221,6846,False,288.84,273.84
7222,6847,False,288.88,273.88
7223,6848,False,288.92,273.92
7224,6849,False,288.96,273.96
7225,6850,False,289.0,274.0
7226,6851,False,289.04,274.04
7227,6852,False,289.08,274.08
7228,6853,False,289.12,274.12
7229,6854,False,289.16,274.16
7230,6855,False,289.2,274.2
7231,6856,False,289.24,274.24
7232,6857,False,289.28,274.28
7233,6858,False,289.32,274.32
7234,6859,False,289.36,274.36
7235,6860,False,289.4,274.4
7236,6861,False,289.44,274.44
7237,6862,False,289.48,274.48
7238,6863,False,289.52,274.52
7239,6864,False,289.56,274.56
7240,6865,False,289.6,274.6
7241,6866,False,289.64,274.64
7242,6867,False,289.68,274.68
7243,6868,False,289.72,274.72
7244,6869,False,289.76,274.76
7245,6870,False,289.8,274.8
7246,6871,False,289.84,274.84
7247,6872,False,289.88,274.88
7248,6873,False,289.92,274.92
7249,6874,False,289.96,274.96
7250,6875,False,290.0,275.0
7251,6876,False,290.04,275.04
7252,6877,False,290.08,275.08
7253,6878,False,290.12,275.12
7254,6879,False,290.16,275.16
7255,6880,False,290.2,275.2
7256,6881,False,290.24,275.24
7257,6882,False,290.28,275.28
7258,6883,False,290.32,275.32
7259,6884,False,290.36,275.36
7260,6885,False,290.4,275.4
7261,6886,False,290.44,275.44
7262,6887,False,290.48,275.48
7263,6888,False,290.52,275.52
7264,6889,False,290.56,275.56
7265,6890,False,290.6,275.6
7266,6891,False,290.64,275.64
7267,6892,False,290.68,275.68
7268,6893,False,290.72,275.72
7269,6894,False,290.76,275.76
7270,6895,False,290.8,275.8
7271,6896,False,290.84,275.84
7272,6897,False,290.88,275.88
7273,6898,False,290.92,275.92
7274,6899,False,290.96,275.96
7275,6900,False,291.0,276.0
7276,6901,False,291.04,276.04
7277,6902,False,291.08,276.08
7278,6903,False,291.12,276.12
7279,6904,False,291.16,276.16
7280,6905,False,291.2,276.2
7281,6906,False,291.24,276.24
7282,6907,False,291.28,276.28
7283,6908,False,291.32,276.32
7284,6909,False,291.36,276.36
7285,6910,False,291.4,276.4
7286,6911,False,291.44,276.44
7287,6912,False,291.48,276.48
7288,6913,False,291.52,276.52
7289,6914,False,291.56,276.56
7290,6915,False,291.6,276.6
7291,6916,False,291.64,276.64
7292,6917,False,291.68,276.68
7293,6918,False,291.72,276.72
7294,6919,False,291.76,276.76
7295,6920,False,291.8,276.8
7296,6921,False,291.84,276.84
7297,6922,False,291.88,276.88
7298,6923,False,291.92,276.92
7299,6924,False,291.96,276.96
7300,6925,False,292.0,277.0
7301,6926,False,292.04,277.04
7302,6927,False,292.08,277.08
7303,6928,False,292.12,277.12
7304,6929,False,292.16,277.16
7305,6930,False,292.2,277.2
7306,6931,False,292.24,277.24
7307,6932,False,292.28,277.28
7308,6933,False,292.32,277.32
7309,6934,False,292.36,277.36
7310,6935,False,292.4,277.4
7311,6936,False,292.44,277.44
7312,6937,False,292.48,277.48
7313,6938,False,292.52,277.52
7314,6939,False,292.56,277.56
7315,6940,False,292.6,277.6
7316,6941,False,292.64,277.64
7317,6942,False,292.68,277.68
7318,6943,False,292.72,277.72
7319,6944,False,292.76,277.76
7320,6945,False,292.8,277.8
7321,6946,False,292.84,277.84
7322,6947,False,292.88,277.88
7323,6948,False,292.92,277.92
7324,6949,False,292.96,277.96
7325,6950,False,293.0,278.0
7326,6951,False,293.04,278.04
7327,6952,False,293.08,278.08
7328,6953,False,293.12,278.12
7329,6954,False,293.16,278.16
7330,6955,False,293.2,278.2
7331,6956,False,293.24,278.24
7332,6957,False,293.28,278.28
7333,6958,False,293.32,278.32
7334,6959,False,293.36,278.36
7335,6960,False,293.4,278.4
7336,6961,False,293.44,278.44
7337,6962,False,293.48,278.48
7338,6963,False,293.52,278.52
7339,6964,False,293.56,278.56
7340,6965,False,293.6,278.6
7341,6966,False,293.64,278.64
7342,6967,False,293.68,278.68
7343,6968,False,293.72,278.72
7344,6969,False,293.76,278.76
7345,6970,False,293.8,278.8
7346,6971,False,293.84,278.84
7347,6972,False,293.88,278.88
7348,6973,False,293.92,278.92
7349,6974,False,293.96,278.96
7350,6975,False,294.0,279.0
7351,6976,False,294.04,279.04
7352,6977,False,294.08,279.08
7353,6978,False,294.12,279.12
7354,6979,False,294.16,279.16
7355,6980,False,294.2,279.2
7356,6981,False,294.24,279.24
7357,6982,False,294.28,279.28
7358,6983,False,294.32,279.32
7359,6984,False,294.36,279.36
7360,6985,False,294.4,279.4
7361,6986,False,294.44,279.44
7362,6987,False,294.48,279.48
7363,6988,False,294.52,279.52
7364,6989,False,294.56,279.56
7365,6990,False,294.6,279.6
7366,6991,False,294.64,279.64
7367,6992,False,294.68,279.68
7368,6993,False,294.72,279.72
7369,6994,False,294.76,279.76
7370,6995,False,294.8,279.8
7371,6996,False,294.84,279.84
7372,6997,False,294.88,279.88
7373,6998,False,294.92,279.92
7374,6999,False,294.96,279.96
7375,7000,False,295.0,280.0
7376,7001,False,295.04,280.04
7377,7002,False,295.08,280.08
7378,7003,False,295.12,280.12
7379,7004,False,295.16,280.16
7380,7005,False,295.2,280.2
7381,7006,False,295.24,280.24
7382,7007,False,295.28,280.28
7383,7008,False,295.32,280.32
7384,7009,False,295.36,280.36
7385,7010,False,295.4,280.4
7386,7011,False,295.44,280.44
7387,7012,False,295.48,280.48
7388,7013,False,295.52,280.52
7389,7014,False,295.56,280.56
7390,7015,False,295.6,280.6
7391,7016,False,295.64,280.64
7392,7017,False,295.68,280.68
7393,7018,False,295.72,280.72
7394,7019,False,295.76,280.76
7395,7020,False,295.8,280.8
7396,7021,False,295.84,280.84
7397,7022,False,295.88,280.88
7398,7023,False,295.92,280.92
7399,7024,False,295.96,280.96
7400,7025,False,296.0,281.0
7401,7026,False,296.04,281.04
7402,7027,False,296.08,281.08
7403,7028,False,296.12,281.12
7404,7029,False,296.16,281.16
7405,7030,False,296.2,281.2
7406,7031,False,296.24,281.24
7407,7032,False,296.28,281.28
7408,7033,False,296.32,281.32
7409,7034,False,296.36,281.36
7410,7035,False,296.4,281.4
7411,7036,False,296.44,281.44
7412,7037,False,296.48,281.48
7413,7038,False,296.52,281.52
7414,7039,False,296.56,281.56
7415,7040,False,296.6,281.6
7416,7041,False,296.64,281.64
7417,7042,False,296.68,281.68
7418,7043,False,296.72,281.72
7419,7044,False,296.76,281.76
7420,7045,False,296.8,281.8
7421,7046,False,296.84,281.84
7422,7047,False,296.88,281.88
7423,7048,False,296.92,281.92
7424,7049,False,296.96,281.96
7425,7050,False,297.0,282.0
7426,7051,False,297.04,282.04
7427,7052,False,297.08,282.08
7428,7053,False,297.12,282.12
7429,7054,False,297.16,282.16
7430,7055,False,297.2,282.2
7431,7056,False,297.24,282.24
7432,7057,False,297.28,282.28
7433,7058,False,297.32,282.32
7434,7059,False,297.36,282.36
7435,7060,False,297.4,282.4
7436,7061,False,297.44,282.44
7437,7062,False,297.48,282.48
7438,7063,False,297.52,282.52
7439,7064,False,297.56,282.56
7440,7065,False,297.6,282.6
7441,7066,False,297.64,282.64
7442,7067,False,297.68,282.68
7443,7068,False,297.72,282.72
7444,7069,False,297.76,282.76
7445,7070,False,297.8,282.8
7446,7071,False,297.84,282.84
7447,7072,False,297.88,282.88
7448,7073,False,297.92,282.92
7449,7074,False,297.96,282.96
7450,7075,False,298.0,283.0
7451,7076,False,298.04,283.04
7452,7077,False,298.08,283.08
7453,7078,False,298.12,283.12
7454,7079,False,298.16,283.16
7455,7080,False,298.2,283.2
7456,7081,False,298.24,283.24
7457,7082,False,298.28,283.28
7458,7083,False,298.32,283.32
7459,7084,False,298.36,283.36
7460,7085,False,298.4,283.4
7461,7086,False,298.44,283.44
7462,7087,False,298.48,283.48
7463,7088,False,298.52,283.52
7464,7089,False,298.56,283.56
7465,7090,False,298.6,283.6
7466,7091,False,298.64,283.64
7467,7092,False,298.68,283.68
7468,7093,False,298.72,283.72
7469,7094,False,298.76,283.76
7470,7095,False,298.8,283.8
7471,7096,False,298.84,283.84
7472,7097,False,298.88,283.88
7473,7098,False,298.92,283.92
7474,7099,False,298.96,283.96
7475,7100,False,299.0,284.0
7476,7101,False,299.04,284.04
7477,7102,False,299.08,284.08
7478,7103,False,299.12,284.12
7479,7104,False,299.16,284.16
7480,7105,False,299.2,284.2
7481,7106,False,299.24,284.24
7482,7107,False,299.28,284.28
7483,7108,False,299.32,284.32
7484,7109,False,299.36,284.36
7485,7110,False,299.4,284.4
7486,7111,False,299.44,284.44
7487,7112,False,299.48,284.48
7488,7113,False,299.52,284.52
7489,7114,False,299.56,284.56
7490,7115,False,299.6,284.6
7491,7116,False,299.64,284.64
7492,7117,False,299.68,284.68
7493,7118,False,299.72,284.72
7494,7119,False,299.76,284.76
7495,7120,False,299.8,284.8
7496,7121,False,299.84,284.84
7497,7122,False,299.88,284.88
7498,7123,False,299.92,284.92
7499,7124,False,299.96,284.96
7500,7125,False,300.0,285.0
7501,7126,False,300.04,285.04
7502,7127,False,300.08,285.08
7503,7128,False,300.12,285.12
7504,7129,False,300.16,285.16
7505,7130,False,300.2,285.2
7506,7131,False,300.24,285.24
7507,7132,False,300.28,285.28
7508,7133,False,300.32,285.32
7509,7134,False,300.36,285.36
7510,7135,False,300.4,285.4
7511,7136,False,300.44,285.44
7512,7137,False,300.48,285.48
7513,7138,False,300.52,285.52
7514,7139,False,300.56,285.56
7515,7140,False,300.6,285.6
7516,7141,False,300.64,285.64
7517,7142,False,300.68,285.68
7518,7143,False,300.72,285.72
7519,7144,False,300.76,285.76
7520,7145,False,300.8,285.8
7521,7146,False,300.84,285.84
7522,7147,False,300.88,285.88
7523,7148,False,300.92,285.92
7524,7149,False,300.96,285.96
7525,7150,False,301.0,286.0
7526,7151,False,301.04,286.04
7527,7152,False,301.08,286.08
7528,7153,False,301.12,286.12
7529,7154,False,301.16,286.16
7530,7155,False,301.2,286.2
7531,7156,False,301.24,286.24
7532,7157,False,301.28,286.28
7533,7158,False,301.32,286.32
7534,7159,False,301.36,286.36
7535,7160,False,301.4,286.4
7536,7161,False,301.44,286.44
7537,7162,False,301.48,286.48
7538,7163,False,301.52,286.52
7539,7164,False,301.56,286.56
7540,7165,False,301.6,286.6
7541,7166,False,301.64,286.64
7542,7167,False,301.68,286.68
7543,7168,False,301.72,286.72
7544,7169,False,301.76,286.76
7545,7170,False,301.8,286.8
7546,7171,False,301.84,286.84
7547,7172,False,301.88,286.88
7548,7173,False,301.92,286.92
7549,7174,False,301.96,286.96
7550,7175,False,302.0,287.0
7551,7176,False,302.04,287.04
7552,7177,False,302.08,287.08
7553,7178,False,302.12,287.12
7554,7179,False,302.16,287.16
7555,7180,False,302.2,287.2
7556,7181,False,302.24,287.24
7557,7182,False,302.28,287.28
7558,7183,False,302.32,287.32
7559,7184,False,302.36,287.36
7560,7185,False,302.4,287.4
7561,7186,False,302.44,287.44
7562,7187,False,302.48,287.48
7563,7188,False,302.52,287.52
7564,7189,False,302.56,287.56
7565,7190,False,302.6,287.6
7566,7191,False,302.64,287.64
7567,7192,False,302.68,287.68
7568,7193,False,302.72,287.72
7569,7194,False,302.76,287.76
7570,7195,False,302.8,287.8
7571,7196,False,302.84,287.84
7572,7197,False,302.88,287.88
7573,7198,False,302.92,287.92
7574,7199,False,302.96,287.96
7575,7200,False,303.0,288.0
7576,7201,False,303.04,288.04
7577,7202,False,303.08,288.08
7578,7203,False,303.12,288.12
7579,7204,False,303.16,288.16
7580,7205,False,303.2,288.2
7581,7206,False,303.24,288.24
7582,7207,False,303.28,288.28
7583,7208,False,303.32,288.32
7584,7209,False,303.36,288.36
7585,7210,False,303.4,288.4
7586,7211,False,303.44,288.44
7587,7212,False,303.48,288.48
7588,7213,False,303.52,288.52
7589,7214,False,303.56,288.56
7590,7215,False,303.6,288.6
7591,7216,False,303.64,288.64
7592,7217,False,303.68,288.68
7593,7218,False,303.72,288.72
7594,7219,False,303.76,288.76
7595,7220,False,303.8,288.8
7596,7221,False,303.84,288.84
7597,7222,False,303.88,288.88
7598,7223,False,303.92,288.92
7599,7224,False,303.96,288.96
7600,7225,False,304.0,289.0
7601,7226,False,304.04,289.04
7602,7227,False,304.08,289.08
7603,7228,False,304.12,289.12
7604,7229,False,304.16,289.16
7605,7230,False,304.2,289.2
7606,7231,False,304.24,289.24
7607,7232,False,304.28,289.28
7608,7233,False,304.32,289.32
7609,7234,False,304.36,289.36
7610,7235,False,304.4,289.4
7611,7236,False,304.44,289.44
7612,7237,False,304.48,289.48
7613,7238,False,304.52,289.52
7614,7239,False,304.56,289.56
7615,7240,False,304.6,289.6
7616,7241,False,304.64,289.64
7617,7242,False,304.68,289.68
7618,7243,False,304.72,289.72
7619,7244,False,304.76,289.76
7620,7245,False,304.8,289.8
7621,7246,False,304.84,289.84
7622,7247,False,304.88,289.88
7623,7248,False,304.92,289.92
7624,7249,False,304.96,289.96
7625,7250,False,305.0,290.0
7626,7251,False,305.04,290.04
7627,7252,False,305.08,290.08
7628,7253,False,305.12,290.12
7629,7254,False,305.16,290.16
7630,7255,False,305.2,290.2
7631,7256,False,305.24,290.24
7632,7257,False,305.28,290.28
7633,7258,False,305.32,290.32
7634,7259,False,305.36,290.36
7635,7260,False,305.4,290.4
7636,7261,False,305.44,290.44
7637,7262,False,305.48,290.48
7638,7263,False,305.52,290.52
7639,7264,False,305.56,290.56
7640,7265,False,305.6,290.6
7641,7266,False,305.64,290.64
7642,7267,False,305.68,290.68
7643,7268,False,305.72,290.72
7644,7269,False,305.76,290.76
7645,7270,False,305.8,290.8
7646,7271,False,305.84,290.84
7647,7272,False,305.88,290.88
7648,7273,False,305.92,290.92
7649,7274,False,305.96,290.96
7650,7275,False,306.0,291.0
7651,7276,False,306.04,291.04
7652,7277,False,306.08,291.08
7653,7278,False,306.12,291.12
7654,7279,False,306.16,291.16
7655,7280,False,306.2,291.2
7656,7281,False,306.24,291.24
7657,7282,False,306.28,291.28
7658,7283,False,306.32,291.32
7659,7284,False,306.36,291.36
7660,7285,False,306.4,291.4
7661,7286,False,306.44,291.44
7662,7287,False,306.48,291.48
7663,7288,False,306.52,291.52
7664,7289,False,306.56,291.56
7665,7290,False,306.6,291.6
7666,7291,False,306.64,291.64
7667,7292,False,306.68,291.68
7668,7293,False,306.72,291.72
7669,7294,False,306.76,291.76
7670,7295,False,306.8,291.8
7671,7296,False,306.84,291.84
7672,7297,False,306.88,291.88
7673,7298,False,306.92,291.92
7674,7299,False,306.96,291.96
7675,7300,False,307.0,292.0
7676,7301,False,307.04,292.04
7677,7302,False,307.08,292.08
7678,7303,False,307.12,292.12
7679,7304,False,307.16,292.16
7680,7305,False,307.2,292.2
7681,7306,False,307.24,292.24
7682,7307,False,307.28,292.28
7683,7308,False,307.32,292.32
7684,7309,False,307.36,292.36
7685,7310,False,307.4,292.4
7686,7311,False,307.44,292.44
7687,7312,False,307.48,292.48
7688,7313,False,307.52,292.52
7689,7314,False,307.56,292.56
7690,7315,False,307.6,292.6
7691,7316,False,307.64,292.64
7692,7317,False,307.68,292.68
7693,7318,False,307.72,292.72
7694,7319,False,307.76,292.76
7695,7320,False,307.8,292.8
7696,7321,False,307.84,292.84
7697,7322,False,307.88,292.88
7698,7323,False,307.92,292.92
7699,7324,False,307.96,292.96
7700,7325,False,308.0,293.0
7701,7326,False,308.04,293.04
7702,7327,False,308.08,293.08
7703,7328,False,308.12,293.12
7704,7329,False,308.16,293.16
7705,7330,False,308.2,293.2
7706,7331,False,308.24,293.24
7707,7332,False,308.28,293.28
7708,7333,False,308.32,293.32
7709,7334,False,308.36,293.36
7710,7335,False,308.4,293.4
7711,7336,False,308.44,293.44
7712,7337,False,308.48,293.48
7713,7338,False,308.52,293.52
7714,7339,False,308.56,293.56
7715,7340,False,308.6,293.6
7716,7341,False,308.64,293.64
7717,7342,False,308.68,293.68
7718,7343,False,308.72,293.72
7719,7344,False,308.76,293.76
7720,7345,False,308.8,293.8
7721,7346,False,308.84,293.84
7722,7347,False,308.88,293.88
7723,7348,False,308.92,293.92
7724,7349,False,308.96,293.96
7725,7350,False,309.0,294.0
7726,7351,False,309.04,294.04
7727,7352,False,309.08,294.08
7728,7353,False,309.12,294.12
7729,7354,False,309.16,294.16
7730,7355,False,309.2,294.2
7731,7356,False,309.24,294.24
7732,7357,False,309.28,294.28
7733,7358,False,309.32,294.32
7734,7359,False,309.36,294.36
7735,7360,False,309.4,294.4
7736,7361,False,309.44,294.44
7737,7362,False,309.48,294.48
7738,7363,False,309.52,294.52
7739,7364,False,309.56,294.56
7740,7365,False,309.6,294.6
7741,7366,False,309.64,294.64
7742,7367,False,309.68,294.68
7743,7368,False,309.72,294.72
7744,7369,False,309.76,294.76
7745,7370,False,309.8,294.8
7746,7371,False,309.84,294.84
7747,7372,False,309.88,294.88
7748,7373,False,309.92,294.92
7749,7374,False,309.96,294.96
7750,7375,False,310.0,295.0
7751,7376,False,310.04,295.04
7752,7377,False,310.08,295.08
7753,7378,False,310.12,295.12
7754,7379,False,310.16,295.16
7755,7380,False,310.2,295.2
7756,7381,False,310.24,295.24
7757,7382,False,310.28,295.28
7758,7383,False,310.32,295.32
7759,7384,False,310.36,295.36
7760,7385,False,310.4,295.4
7761,7386,False,310.44,295.44
7762,7387,False,310.48,295.48
7763,7388,False,310.52,295.52
7764,7389,False,310.56,295.56
7765,7390,False,310.6,295.6
7766,7391,False,310.64,295.64
7767,7392,False,310.68,295.68
7768,7393,False,310.72,295.72
7769,7394,False,310.76,295.76
7770,7395,False,310.8,295.8
7771,7396,False,310.84,295.84
7772,7397,False,310.88,295.88
7773,7398,False,310.92,295.92
7774,7399,False,310.96,295.96
7775,7400,False,311.0,296.0
7776,7401,False,311.04,296.04
7777,7402,False,311.08,296.08
7778,7403,False,311.12,296.12
7779,7404,False,311.16,296.16
7780,7405,False,311.2,296.2
7781,7406,False,311.24,296.24
7782,7407,False,311.28,296.28
7783,7408,False,311.32,296.32
7784,7409,False,311.36,296.36
7785,7410,False,311.4,296.4
7786,7411,False,311.44,296.44
7787,7412,False,311.48,296.48
7788,7413,False,311.52,296.52
7789,7414,False,311.56,296.56
7790,7415,False,311.6,296.6
7791,7416,False,311.64,296.64
7792,7417,False,311.68,296.68
7793,7418,False,311.72,296.72
7794,7419,False,311.76,296.76
7795,7420,False,311.8,296.8
7796,7421,False,311.84,296.84
7797,7422,False,311.88,296.88
7798,7423,False,311.92,296.92
7799,7424,False,311.96,296.96
7800,7425,False,312.0,297.0
7801,7426,False,312.04,297.04
7802,7427,False,312.08,297.08
7803,7428,False,312.12,297.12
7804,7429,False,312.16,297.16
7805,7430,False,312.2,297.2
7806,7431,False,312.24,297.24
7807,7432,False,312.28,297.28
7808,7433,False,312.32,297.32
7809,7434,False,312.36,297.36
7810,7435,False,312.4,297.4
7811,7436,False,312.44,297.44
7812,7437,False,312.48,297.48
7813,7438,False,312.52,297.52
7814,7439,False,312.56,297.56
7815,7440,False,312.6,297.6
7816,7441,False,312.64,297.64
7817,7442,False,312.68,297.68
7818,7443,False,312.72,297.72
7819,7444,False,312.76,297.76
7820,7445,False,312.8,297.8
7821,7446,False,312.84,297.84
7822,7447,False,312.88,297.88
7823,7448,False,312.92,297.92
7824,7449,False,312.96,297.96
7825,7450,False,313.0,298.0
7826,7451,False,313.04,298.04
7827,7452,False,313.08,298.08
7828,7453,False,313.12,298.12
7829,7454,False,313.16,298.16
7830,7455,False,313.2,298.2
7831,7456,False,313.24,298.24
7832,7457,False,313.28,298.28
7833,7458,False,313.32,298.32
7834,7459,False,313.36,298.36
7835,7460,False,313.4,298.4
7836,7461,False,313.44,298.44
7837,7462,False,313.48,298.48
7838,7463,False,313.52,298.52
7839,7464,False,313.56,298.56
7840,7465,False,313.6,298.6
7841,7466,False,313.64,298.64
7842,7467,False,313.68,298.68
7843,7468,False,313.72,298.72
7844,7469,False,313.76,298.76
7845,7470,False,313.8,298.8
7846,7471,False,313.84,298.84
7847,7472,False,313.88,298.88
7848,7473,False,313.92,298.92
7849,7474,False,313.96,298.96
7850,7475,False,314.0,299.0
7851,7476,False,314.04,299.04
7852,7477,False,314.08,299.08
7853,7478,False,314.12,299.12
7854,7479,False,314.16,299.16
7855,7480,False,314.2,299.2
7856,7481,False,314.24,299.24
7857,7482,False,314.28,299.28
7858,7483,False,314.32,299.32
7859,7484,False,314.36,299.36
7860,7485,False,314.4,299.4
7861,7486,False,314.44,299.44
7862,7487,False,314.48,299.48
7863,7488,False,314.52,299.52
7864,7489,False,314.56,299.56
7865,7490,False,314.6,299.6
7866,7491,False,314.64,299.64
7867,7492,False,314.68,299.68
7868,7493,False,314.72,299.72
7869,7494,False,314.76,299.76
7870,7495,False,314.8,299.8
7871,7496,False,314.84,299.84
7872,7497,False,314.88,299.88
7873,7498,False,314.92,299.92
7874,7499,False,314.96,299.96
7875,7500,False,315.0,300.0
7876,7501,False,315.04,300.04
7877,7502,False,315.08,300.08
7878,7503,False,315.12,300.12
7879,7504,False,315.16,300.16
7880,7505,False,315.2,300.2
7881,7506,False,315.24,300.24
7882,7507,False,315.28,300.28
7883,7508,False,315.32,300.32
7884,7509,False,315.36,300.36
7885,7510,False,315.4,300.4
7886,7511,False,315.44,300.44
7887,7512,False,315.48,300.48
7888,7513,False,315.52,300.52
7889,7514,False,315.56,300.56
7890,7515,False,315.6,300.6
7891,7516,False,315.64,300.64
7892,7517,False,315.68,300.68
7893,7518,False,315.72,300.72
7894,7519,False,315.76,300.76
7895,7520,False,315.8,300.8
7896,7521,False,315.84,300.84
7897,7522,False,315.88,300.88
7898,7523,False,315.92,300.92
7899,7524,False,315.96,300.96
7900,7525,False,316.0,301.0
7901,7526,False,316.04,301.04
7902,7527,False,316.08,301.08
7903,7528,False,316.12,301.12
7904,7529,False,316.16,301.16
7905,7530,False,316.2,301.2
7906,7531,False,316.24,301.24
7907,7532,False,316.28,301.28
7908,7533,False,316.32,301.32
7909,7534,False,316.36,301.36
7910,7535,False,316.4,301.4
7911,7536,False,316.44,301.44
7912,7537,False,316.48,301.48
7913,7538,False,316.52,301.52
7914,7539,False,316.56,301.56
7915,7540,False,316.6,301.6
7916,7541,False,316.64,301.64
7917,7542,False,316.68,301.68
7918,7543,False,316.72,301.72
7919,7544,False,316.76,301.76
7920,7545,False,316.8,301.8
7921,7546,False,316.84,301.84
7922,7547,False,316.88,301.88
7923,7548,False,316.92,301.92
7924,7549,False,316.96,301.96
7925,7550,False,317.0,302.0
7926,7551,False,317.04,302.04
7927,7552,False,317.08,302.08
7928,7553,False,317.12,302.12
7929,7554,False,317.16,302.16
7930,7555,False,317.2,302.2
7931,7556,False,317.24,302.24
7932,7557,False,317.28,302.28
7933,7558,False,317.32,302.32
7934,7559,False,317.36,302.36
7935,7560,False,317.4,302.4
7936,7561,False,317.44,302.44
7937,7562,False,317.48,302.48
7938,7563,False,317.52,302.52
7939,7564,False,317.56,302.56
7940,7565,False,317.6,302.6
7941,7566,False,317.64,302.64
7942,7567,False,317.68,302.68
7943,7568,False,317.72,302.72
7944,7569,False,317.76,302.76
7945,7570,False,317.8,302.8
7946,7571,False,317.84,302.84
7947,7572,False,317.88,302.88
7948,7573,False,317.92,302.92
7949,7574,False,317.96,302.96
7950,7575,False,318.0,303.0
7951,7576,False,318.04,303.04
7952,7577,False,318.08,303.08
7953,7578,False,318.12,303.12
7954,7579,False,318.16,303.16
7955,7580,False,318.2,303.2
7956,7581,False,318.24,303.24
7957,7582,False,318.28,303.28
7958,7583,False,318.32,303.32
7959,7584,False,318.36,303.36
7960,7585,False,318.4,303.4
7961,7586,False,318.44,303.44
7962,7587,False,318.48,303.48
7963,7588,False,318.52,303.52
7964,7589,False,318.56,303.56
7965,7590,False,318.6,303.6
7966,7591,False,318.64,303.64
7967,7592,False,318.68,303.68
7968,7593,False,318.72,303.72
7969,7594,False,318.76,303.76
7970,7595,False,318.8,303.8
7971,7596,False,318.84,303.84
7972,7597,False,318.88,303.88
7973,7598,False,318.92,303.92
7974,7599,False,318.96,303.96
7975,7600,False,319.0,304.0
7976,7601,False,319.04,304.04
7977,7602,False,319.08,304.08
7978,7603,False,319.12,304.12
7979,7604,False,319.16,304.16
7980,7605,False,319.2,304.2
7981,7606,False,319.24,304.24
7982,7607,False,319.28,304.28
7983,7608,False,319.32,304.32
7984,7609,False,319.36,304.36
7985,7610,False,319.4,304.4
7986,7611,False,319.44,304.44
7987,7612,False,319.48,304.48
7988,7613,False,319.52,304.52
7989,7614,False,319.56,304.56
7990,7615,False,319.6,304.6
7991,7616,False,319.64,304.64
7992,7617,False,319.68,304.68
7993,7618,False,319.72,304.72
7994,7619,False,319.76,304.76
7995,7620,False,319.8,304.8
7996,7621,False,319.84,304.84
7997,7622,False,319.88,304.88
7998,7623,False,319.92,304.92
7999,7624,False,319.96,304.96
8000,7625,False,320.0,305.0
8001,7626,False,320.04,305.04
8002,7627,False,320.08,305.08
8003,7628,False,320.12,305.12
8004,7629,False,320.16,305.16
8005,7630,False,320.2,305.2
8006,7631,False,320.24,305.24
8007,7632,False,320.28,305.28
8008,7633,False,320.32,305.32
8009,7634,False,320.36,305.36
8010,7635,False,320.4,305.4
8011,7636,False,320.44,305.44
8012,7637,False,320.48,305.48
8013,7638,False,320.52,305.52
8014,7639,False,320.56,305.56
8015,7640,False,320.6,305.6
8016,7641,False,320.64,305.64
8017,7642,False,320.68,305.68
8018,7643,False,320.72,305.72
8019,7644,False,320.76,305.76
8020,7645,False,320.8,305.8
8021,7646,False,320.84,305.84
8022,7647,False,320.88,305.88
8023,7648,False,320.92,305.92
8024,7649,False,320.96,305.96
8025,7650,False,321.0,306.0
8026,7651,False,321.04,306.04
8027,7652,False,321.08,306.08
8028,7653,False,321.12,306.12
8029,7654,False,321.16,306.16
8030,7655,False,321.2,306.2
8031,7656,False,321.24,306.24
8032,7657,False,321.28,306.28
8033,7658,False,321.32,306.32
8034,7659,False,321.36,306.36
8035,7660,False,321.4,306.4
8036,7661,False,321.44,306.44
8037,7662,False,321.48,306.48
8038,7663,False,321.52,306.52
8039,7664,False,321.56,306.56
8040,7665,False,321.6,306.6
8041,7666,False,321.64,306.64
8042,7667,False,321.68,306.68
8043,7668,False,321.72,306.72
8044,7669,False,321.76,306.76
8045,7670,False,321.8,306.8
8046,7671,False,321.84,306.84
8047,7672,False,321.88,306.88
8048,7673,False,321.92,306.92
8049,7674,False,321.96,306.96
8050,7675,False,322.0,307.0
8051,7676,False,322.04,307.04
8052,7677,False,322.08,307.08
8053,7678,False,322.12,307.12
8054,7679,False,322.16,307.16
8055,7680,False,322.2,307.2
8056,7681,False,322.24,307.24
8057,7682,False,322.28,307.28
8058,7683,False,322.32,307.32
8059,7684,False,322.36,307.36
8060,7685,False,322.4,307.4
8061,7686,False,322.44,307.44
8062,7687,False,322.48,307.48
8063,7688,False,322.52,307.52
8064,7689,False,322.56,307.56
8065,7690,False,322.6,307.6
8066,7691,False,322.64,307.64
8067,7692,False,322.68,307.68
8068,7693,False,322.72,307.72
8069,7694,False,322.76,307.76
8070,7695,False,322.8,307.8
8071,7696,False,322.84,307.84
8072,7697,False,322.88,307.88
8073,7698,False,322.92,307.92
8074,7699,False,322.96,307.96
8075,7700,False,323.0,308.0
8076,7701,False,323.04,308.04
8077,7702,False,323.08,308.08
8078,7703,False,323.12,308.12
8079,7704,False,323.16,308.16
8080,7705,False,323.2,308.2
8081,7706,False,323.24,308.24
8082,7707,False,323.28,308.28
8083,7708,False,323.32,308.32
8084,7709,False,323.36,308.36
8085,7710,False,323.4,308.4
8086,7711,False,323.44,308.44
8087,7712,False,323.48,308.48
8088,7713,False,323.52,308.52
8089,7714,False,323.56,308.56
8090,7715,False,323.6,308.6
8091,7716,False,323.64,308.64
8092,7717,False,323.68,308.68
8093,7718,False,323.72,308.72
8094,7719,False,323.76,308.76
8095,7720,False,323.8,308.8
8096,7721,False,323.84,308.84
8097,7722,False,323.88,308.88
8098,7723,False,323.92,308.92
8099,7724,False,323.96,308.96
8100,7725,False,324.0,309.0
8101,7726,False,324.04,309.04
8102,7727,False,324.08,309.08
8103,7728,False,324.12,309.12
8104,7729,False,324.16,309.16
8105,7730,False,324.2,309.2
8106,7731,False,324.24,309.24
8107,7732,False,324.28,309.28
8108,7733,False,324.32,309.32
8109,7734,False,324.36,309.36
8110,7735,False,324.4,309.4
8111,7736,False,324.44,309.44
8112,7737,False,324.48,309.48
8113,7738,False,324.52,309.52
8114,7739,False,324.56,309.56
8115,7740,False,324.6,309.6
8116,7741,False,324.64,309.64
8117,7742,False,324.68,309.68
8118,7743,False,324.72,309.72
8119,7744,False,324.76,309.76
8120,7745,False,324.8,309.8
8121,7746,False,324.84,309.84
8122,7747,False,324.88,309.88
8123,7748,False,324.92,309.92
8124,7749,False,324.96,309.96
8125,7750,False,325.0,310.0
8126,7751,False,325.04,310.04
8127,7752,False,325.08,310.08
8128,7753,False,325.12,310.12
8129,7754,False,325.16,310.16
8130,7755,False,325.2,310.2
8131,7756,False,325.24,310.24
8132,7757,False,325.28,310.28
8133,7758,False,325.32,310.32
8134,7759,False,325.36,310.36
8135,7760,False,325.4,310.4
8136,7761,False,325.44,310.44
8137,7762,False,325.48,310.48
8138,7763,False,325.52,310.52
8139,7764,False,325.56,310.56
8140,7765,False,325.6,310.6
8141,7766,False,325.64,310.64
8142,7767,False,325.68,310.68
8143,7768,False,325.72,310.72
8144,7769,False,325.76,310.76
8145,7770,False,325.8,310.8
8146,7771,False,325.84,310.84
8147,7772,False,325.88,310.88
8148,7773,False,325.92,310.92
8149,7774,False,325.96,310.96
8150,7775,False,326.0,311.0
8151,7776,False,326.04,311.04
8152,7777,False,326.08,311.08
8153,7778,False,326.12,311.12
8154,7779,False,326.16,311.16
8155,7780,False,326.2,311.2
8156,7781,False,326.24,311.24
8157,7782,False,326.28,311.28
8158,7783,False,326.32,311.32
8159,7784,False,326.36,311.36
8160,7785,False,326.4,311.4
8161,7786,False,326.44,311.44
8162,7787,False,326.48,311.48
8163,7788,False,326.52,311.52
8164,7789,False,326.56,311.56
8165,7790,False,326.6,311.6
8166,7791,False,326.64,311.64
8167,7792,False,326.68,311.68
8168,7793,False,326.72,311.72
8169,7794,False,326.76,311.76
8170,7795,False,326.8,311.8
8171,7796,False,326.84,311.84
8172,7797,False,326.88,311.88
8173,7798,False,326.92,311.92
8174,7799,False,326.96,311.96
8175,7800,False,327.0,312.0
8176,7801,False,327.04,312.04
8177,7802,False,327.08,312.08
8178,7803,False,327.12,312.12
8179,7804,False,327.16,312.16
8180,7805,False,327.2,312.2
8181,7806,False,327.24,312.24
8182,7807,False,327.28,312.28
8183,7808,False,327.32,312.32
8184,7809,False,327.36,312.36
8185,7810,False,327.4,312.4
8186,7811,False,327.44,312.44
8187,7812,False,327.48,312.48
8188,7813,False,327.52,312.52
8189,7814,False,327.56,312.56
8190,7815,False,327.6,312.6
8191,7816,False,327.64,312.64
8192,7817,False,327.68,312.68
8193,7818,False,327.72,312.72
8194,7819,False,327.76,312.76
8195,7820,False,327.8,312.8
8196,7821,False,327.84,312.84
8197,7822,False,327.88,312.88
8198,7823,False,327.92,312.92
8199,7824,False,327.96,312.96
8200,7825,False,328.0,313.0
8201,7826,False,328.04,313.04
8202,7827,False,328.08,313.08
8203,7828,False,328.12,313.12
8204,7829,False,328.16,313.16
8205,7830,False,328.2,313.2
8206,7831,False,328.24,313.24
8207,7832,False,328.28,313.28
8208,7833,False,328.32,313.32
8209,7834,False,328.36,313.36
8210,7835,False,328.4,313.4
8211,7836,False,328.44,313.44
8212,7837,False,328.48,313.48
8213,7838,False,328.52,313.52
8214,7839,False,328.56,313.56
8215,7840,False,328.6,313.6
8216,7841,False,328.64,313.64
8217,7842,False,328.68,313.68
8218,7843,False,328.72,313.72
8219,7844,False,328.76,313.76
8220,7845,False,328.8,313.8
8221,7846,False,328.84,313.84
8222,7847,False,328.88,313.88
8223,7848,False,328.92,313.92
8224,7849,False,328.96,313.96
8225,7850,False,329.0,314.0
8226,7851,False,329.04,314.04
8227,7852,False,329.08,314.08
8228,7853,False,329.12,314.12
8229,7854,False,329.16,314.16
8230,7855,False,329.2,314.2
8231,7856,False,329.24,314.24
8232,7857,False,329.28,314.28
8233,7858,False,329.32,314.32
8234,7859,False,329.36,314.36
8235,7860,False,329.4,314.4
8236,7861,False,329.44,314.44
8237,7862,False,329.48,314.48
8238,7863,False,329.52,314.52
8239,7864,False,329.56,314.56
8240,7865,False,329.6,314.6
8241,7866,False,329.64,314.64
8242,7867,False,329.68,314.68
8243,7868,False,329.72,314.72
8244,7869,False,329.76,314.76
8245,7870,False,329.8,314.8
8246,7871,False,329.84,314.84
8247,7872,False,329.88,314.88
8248,7873,False,329.92,314.92
8249,7874,False,329.96,314.96
8250,7875,False,330.0,315.0
8251,7876,False,330.04,315.04
8252,7877,False,330.08,315.08
8253,7878,False,330.12,315.12
8254,7879,False,330.16,315.16
8255,7880,False,330.2,315.2
8256,7881,False,330.24,315.24
8257,7882,False,330.28,315.28
8258,7883,False,330.32,315.32
8259,7884,False,330.36,315.36
8260,7885,False,330.4,315.4
8261,7886,False,330.44,315.44
8262,7887,False,330.48,315.48
8263,7888,False,330.52,315.52
8264,7889,False,330.56,315.56
8265,7890,False,330.6,315.6
8266,7891,False,330.64,315.64
8267,7892,False,330.68,315.68
8268,7893,False,330.72,315.72
8269,7894,False,330.76,315.76
8270,7895,False,330.8,315.8
8271,7896,False,330.84,315.84
8272,7897,False,330.88,315.88
8273,7898,False,330.92,315.92
8274,7899,False,330.96,315.96
8275,7900,False,331.0,316.0
8276,7901,False,331.04,316.04
8277,7902,False,331.08,316.08
8278,7903,False,331.12,316.12
8279,7904,False,331.16,316.16
8280,7905,False,331.2,316.2
8281,7906,False,331.24,316.24
8282,7907,False,331.28,316.28
8283,7908,False,331.32,316.32
8284,7909,False,331.36,316.36
8285,7910,False,331.4,316.4
8286,7911,False,331.44,316.44
8287,7912,False,331.48,316.48
8288,7913,False,331.52,316.52
8289,7914,False,331.56,316.56
8290,7915,False,331.6,316.6
8291,7916,False,331.64,316.64
8292,7917,False,331.68,316.68
8293,7918,False,331.72,316.72
8294,7919,False,331.76,316.76
8295,7920,False,331.8,316.8
8296,7921,False,331.84,316.84
8297,7922,False,331.88,316.88
8298,7923,False,331.92,316.92
8299,7924,False,331.96,316.96
8300,7925,False,332.0,317.0
8301,7926,False,332.04,317.04
8302,7927,False,332.08,317.08
8303,7928,False,332.12,317.12
8304,7929,False,332.16,317.16
8305,7930,False,332.2,317.2
8306,7931,False,332.24,317.24
8307,7932,False,332.28,317.28
8308,7933,False,332.32,317.32
8309,7934,False,332.36,317.36
8310,7935,False,332.4,317.4
8311,7936,False,332.44,317.44
8312,7937,False,332.48,317.48
8313,7938,False,332.52,317.52
8314,7939,False,332.56,317.56
8315,7940,False,332.6,317.6
8316,7941,False,332.64,317.64
8317,7942,False,332.68,317.68
8318,7943,False,332.72,317.72
8319,7944,False,332.76,317.76
8320,7945,False,332.8,317.8
8321,7946,False,332.84,317.84
8322,7947,False,332.88,317.88
8323,7948,False,332.92,317.92
8324,7949,False,332.96,317.96
8325,7950,False,333.0,318.0
8326,7951,False,333.04,318.04
8327,7952,False,333.08,318.08
8328,7953,False,333.12,318.12
8329,7954,False,333.16,318.16
8330,7955,False,333.2,318.2
8331,7956,False,333.24,318.24
8332,7957,False,333.28,318.28
8333,7958,False,333.32,318.32
8334,7959,False,333.36,318.36
8335,7960,False,333.4,318.4
8336,7961,False,333.44,318.44
8337,7962,False,333.48,318.48
8338,7963,False,333.52,318.52
8339,7964,False,333.56,318.56
8340,7965,False,333.6,318.6
8341,7966,False,333.64,318.64
8342,7967,False,333.68,318.68
8343,7968,False,333.72,318.72
8344,7969,False,333.76,318.76
8345,7970,False,333.8,318.8
8346,7971,False,333.84,318.84
8347,7972,False,333.88,318.88
8348,7973,False,333.92,318.92
8349,7974,False,333.96,318.96
8350,7975,False,334.0,319.0
8351,7976,False,334.04,319.04
8352,7977,False,334.08,319.08
8353,7978,False,334.12,319.12
8354,7979,False,334.16,319.16
8355,7980,False,334.2,319.2
8356,7981,False,334.24,319.24
8357,7982,False,334.28,319.28
8358,7983,False,334.32,319.32
8359,7984,False,334.36,319.36
8360,7985,False,334.4,319.4
8361,7986,False,334.44,319.44
8362,7987,False,334.48,319.48
8363,7988,False,334.52,319.52
8364,7989,False,334.56,319.56
8365,7990,False,334.6,319.6
8366,7991,False,334.64,319.64
8367,7992,False,334.68,319.68
8368,7993,False,334.72,319.72
8369,7994,False,334.76,319.76
8370,7995,False,334.8,319.8
8371,7996,False,334.84,319.84
8372,7997,False,334.88,319.88
8373,7998,False,334.92,319.92
8374,7999,False,334.96,319.96
8375,8000,False,335.0,320.0
8376,8001,False,335.04,320.04
8377,8002,False,335.08,320.08
8378,8003,False,335.12,320.12
8379,8004,False,335.16,320.16
8380,8005,False,335.2,320.2
8381,8006,False,335.24,320.24
8382,8007,False,335.28,320.28
8383,8008,False,335.32,320.32
8384,8009,False,335.36,320.36
8385,8010,False,335.4,320.4
8386,8011,False,335.44,320.44
8387,8012,False,335.48,320.48
8388,8013,False,335.52,320.52
8389,8014,False,335.56,320.56
8390,8015,False,335.6,320.6
8391,8016,False,335.64,320.64
8392,8017,False,335.68,320.68
8393,8018,False,335.72,320.72
8394,8019,False,335.76,320.76
8395,8020,False,335.8,320.8
8396,8021,False,335.84,320.84
8397,8022,False,335.88,320.88
8398,8023,False,335.92,320.92
8399,8024,False,335.96,320.96
8400,-1,True,336.0,
8401,-1,True,336.04,
8402,-1,True,336.08,
8403,-1,True,336.12,
8404,-1,True,336.16,
8405,-1,True,336.2,
8406,-1,True,336.24,
8407,-1,True,336.28,
8408,-1,True,336.32,
8409,-1,True,336.36,
8410,-1,True,336.4,
8411,-1,True,336.44,
8412,-1,True,336.48,
8413,-1,True,336.52,
8414,-1,True,336.56,
8415,-1,True,336.6,
8416,-1,True,336.64,
8417,-1,True,336.68,
8418,-1,True,336.72,
8419,-1,True,336.76,
8420,-1,True,336.8,
8421,-1,True,336.84,
8422,-1,True,336.88,
8423,-1,True,336.92,
8424,-1,True,336.96,
8425,-1,True,337.0,
8426,-1,True,337.04,
8427,-1,True,337.08,
8428,-1,True,337.12,
8429,-1,True,337.16,
8430,-1,True,337.2,
8431,-1,True,337.24,
8432,-1,True,337.28,
8433,-1,True,337.32,
8434,-1,True,337.36,
8435,-1,True,337.4,
8436,-1,True,337.44,
8437,-1,True,337.48,
8438,-1,True,337.52,
8439,-1,True,337.56,
8440,-1,True,337.6,
8441,-1,True,337.64,
8442,-1,True,337.68,
8443,-1,True,337.72,
8444,-1,True,337.76,
8445,-1,True,337.8,
8446,-1,True,337.84,
8447,-1,True,337.88,
8448,-1,True,337.92,
8449,-1,True,337.96,
8450,-1,True,338.0,
8451,-1,True,338.04,
8452,-1,True,338.08,
8453,-1,True,338.12,
8454,-1,True,338.16,
8455,-1,True,338.2,
8456,-1,True,338.24,
8457,-1,True,338.28,
8458,-1,True,338.32,
8459,-1,True,338.36,
8460,-1,True,338.4,
8461,-1,True,338.44,
8462,-1,True,338.48,
8463,-1,True,338.52,
8464,-1,True,338.56,
8465,-1,True,338.6,
8466,-1,True,338.64,
8467,-1,True,338.68,
8468,-1,True,338.72,
8469,-1,True,338.76,
8470,-1,True,338.8,
8471,-1,True,338.84,
8472,-1,True,338.88,
8473,-1,True,338.92,
8474,-1,True,338.96,
8475,-1,True,339.0,
8476,-1,True,339.04,
8477,-1,True,339.08,
8478,-1,True,339.12,
8479,-1,True,339.16,
8480,-1,True,339.2,
8481,-1,True,339.24,
8482,-1,True,339.28,
8483,-1,True,339.32,
8484,-1,True,339.36,
8485,-1,True,339.4,
8486,-1,True,339.44,
8487,-1,True,339.48,
8488,-1,True,339.52,
8489,-1,True,339.56,
8490,-1,True,339.6,
8491,-1,True,339.64,
8492,-1,True,339.68,
8493,-1,True,339.72,
8494,-1,True,339.76,
8495,-1,True,339.8,
8496,-1,True,339.84,
8497,-1,True,339.88,
8498,-1,True,339.92,
8499,-1,True,339.96,
8500,8025,False,340.0,321.0
8501,8026,False,340.04,321.04
8502,8027,False,340.08,321.08
8503,8028,False,340.12,321.12
8504,8029,False,340.16,321.16
8505,8030,False,340.2,321.2
8506,8031,False,340.24,321.24
8507,8032,False,340.28,321.28
8508,8033,False,340.32,321.32
8509,8034,False,340.36,321.36
8510,8035,False,340.4,321.4
8511,8036,False,340.44,321.44
8512,8037,False,340.48,321.48
8513,8038,False,340.52,321.52
8514,8039,False,340.56,321.56
8515,8040,False,340.6,321.6
8516,8041,False,340.64,321.64
8517,8042,False,340.68,321.68
8518,8043,False,340.72,321.72
8519,8044,False,340.76,321.76
8520,8045,False,340.8,321.8
8521,8046,False,340.84,321.84
8522,8047,False,340.88,321.88
8523,8048,False,340.92,321.92
8524,8049,False,340.96,321.96
8525,8050,False,341.0,322.0
8526,8051,False,341.04,322.04
8527,8052,False,341.08,322.08
8528,8053,False,341.12,322.12
8529,8054,False,341.16,322.16
8530,8055,False,341.2,322.2
8531,8056,False,341.24,322.24
8532,8057,False,341.28,322.28
8533,8058,False,341.32,322.32
8534,8059,False,341.36,322.36
8535,8060,False,341.4,322.4
8536,8061,False,341.44,322.44
8537,8062,False,341.48,322.48
8538,8063,False,341.52,322.52
8539,8064,False,341.56,322.56
8540,8065,False,341.6,322.6
8541,8066,False,341.64,322.64
8542,8067,False,341.68,322.68
8543,8068,False,341.72,322.72
8544,8069,False,341.76,322.76
8545,8070,False,341.8,322.8
8546,8071,False,341.84,322.84
8547,8072,False,341.88,322.88
8548,8073,False,341.92,322.92
8549,8074,False,341.96,322.96
8550,8075,False,342.0,323.0
8551,8076,False,342.04,323.04
8552,8077,False,342.08,323.08
8553,8078,False,342.12,323.12
8554,8079,False,342.16,323.16
8555,8080,False,342.2,323.2
8556,8081,False,342.24,323.24
8557,8082,False,342.28,323.28
8558,8083,False,342.32,323.32
8559,8084,False,342.36,323.36
8560,8085,False,342.4,323.4
8561,8086,False,342.44,323.44
8562,8087,False,342.48,323.48
8563,8088,False,342.52,323.52
8564,8089,False,342.56,323.56
8565,8090,False,342.6,323.6
8566,8091,False,342.64,323.64
8567,8092,False,342.68,323.68
8568,8093,False,342.72,323.72
8569,8094,False,342.76,323.76
8570,8095,False,342.8,323.8
8571,8096,False,342.84,323.84
8572,8097,False,342.88,323.88
8573,8098,False,342.92,323.92
8574,8099,False,342.96,323.96
8575,8100,False,343.0,324.0
8576,8101,False,343.04,324.04
8577,8102,False,343.08,324.08
8578,8103,False,343.12,324.12
8579,8104,False,343.16,324.16
8580,8105,False,343.2,324.2
8581,8106,False,343.24,324.24
8582,8107,False,343.28,324.28
8583,8108,False,343.32,324.32
8584,8109,False,343.36,324.36
8585,8110,False,343.4,324.4
8586,8111,False,343.44,324.44
8587,8112,False,343.48,324.48
8588,8113,False,343.52,324.52
8589,8114,False,343.56,324.56
8590,8115,False,343.6,324.6
8591,8116,False,343.64,324.64
8592,8117,False,343.68,324.68
8593,8118,False,343.72,324.72
8594,8119,False,343.76,324.76
8595,8120,False,343.8,324.8
8596,8121,False,343.84,324.84
8597,8122,False,343.88,324.88
8598,8123,False,343.92,324.92
8599,8124,False,343.96,324.96
8600,8125,False,344.0,325.0
8601,8126,False,344.04,325.04
8602,8127,False,344.08,325.08
8603,8128,False,344.12,325.12
8604,8129,False,344.16,325.16
8605,8130,False,344.2,325.2
8606,8131,False,344.24,325.24
8607,8132,False,344.28,325.28
8608,8133,False,344.32,325.32
8609,8134,False,344.36,325.36
8610,8135,False,344.4,325.4
8611,8136,False,344.44,325.44
8612,8137,False,344.48,325.48
8613,8138,False,344.52,325.52
8614,8139,False,344.56,325.56
8615,8140,False,344.6,325.6
8616,8141,False,344.64,325.64
8617,8142,False,344.68,325.68
8618,8143,False,344.72,325.72
8619,8144,False,344.76,325.76
8620,8145,False,344.8,325.8
8621,8146,False,344.84,325.84
8622,8147,False,344.88,325.88
8623,8148,False,344.92,325.92
8624,8149,False,344.96,325.96
8625,8150,False,345.0,326.0
8626,8151,False,345.04,326.04
8627,8152,False,345.08,326.08
8628,8153,False,345.12,326.12
8629,8154,False,345.16,326.16
8630,8155,False,345.2,326.2
8631,8156,False,345.24,326.24
8632,8157,False,345.28,326.28
8633,8158,False,345.32,326.32
8634,8159,False,345.36,326.36
8635,8160,False,345.4,326.4
8636,8161,False,345.44,326.44
8637,8162,False,345.48,326.48
8638,8163,False,345.52,326.52
8639,8164,False,345.56,326.56
8640,8165,False,345.6,326.6
8641,8166,False,345.64,326.64
8642,8167,False,345.68,326.68
8643,8168,False,345.72,326.72
8644,8169,False,345.76,326.76
8645,8170,False,345.8,326.8
8646,8171,False,345.84,326.84
8647,8172,False,345.88,326.88
8648,8173,False,345.92,326.92
8649,8174,False,345.96,326.96
8650,8175,False,346.0,327.0
8651,8176,False,346.04,327.04
8652,8177,False,346.08,327.08
8653,8178,False,346.12,327.12
8654,8179,False,346.16,327.16
8655,8180,False,346.2,327.2
8656,8181,False,346.24,327.24
8657,8182,False,346.28,327.28
8658,8183,False,346.32,327.32
8659,8184,False,346.36,327.36
8660,8185,False,346.4,327.4
8661,8186,False,346.44,327.44
8662,8187,False,346.48,327.48
8663,8188,False,346.52,327.52
8664,8189,False,346.56,327.56
8665,8190,False,346.6,327.6
8666,8191,False,346.64,327.64
8667,8192,False,346.68,327.68
8668,8193,False,346.72,327.72
8669,8194,False,346.76,327.76
8670,8195,False,346.8,327.8
8671,8196,False,346.84,327.84
8672,8197,False,346.88,327.88
8673,8198,False,346.92,327.92
8674,8199,False,346.96,327.96
8675,8200,False,347.0,328.0
8676,8201,False,347.04,328.04
8677,8202,False,347.08,328.08
8678,8203,False,347.12,328.12
8679,8204,False,347.16,328.16
8680,8205,False,347.2,328.2
8681,8206,False,347.24,328.24
8682,8207,False,347.28,328.28
8683,8208,False,347.32,328.32
8684,8209,False,347.36,328.36
8685,8210,False,347.4,328.4
8686,8211,False,347.44,328.44
8687,8212,False,347.48,328.48
8688,8213,False,347.52,328.52
8689,8214,False,347.56,328.56
8690,8215,False,347.6,328.6
8691,8216,False,347.64,328.64
8692,8217,False,347.68,328.68
8693,8218,False,347.72,328.72
8694,8219,False,347.76,328.76
8695,8220,False,347.8,328.8
8696,8221,False,347.84,328.84
8697,8222,False,347.88,328.88
8698,8223,False,347.92,328.92
8699,8224,False,347.96,328.96
8700,8225,False,348.0,329.0
8701,8226,False,348.04,329.04
8702,8227,False,348.08,329.08
8703,8228,False,348.12,329.12
8704,8229,False,348.16,329.16
8705,8230,False,348.2,329.2
8706,8231,False,348.24,329.24
8707,8232,False,348.28,329.28
8708,8233,False,348.32,329.32
8709,8234,False,348.36,329.36
8710,8235,False,348.4,329.4
8711,8236,False,348.44,329.44
8712,8237,False,348.48,329.48
8713,8238,False,348.52,329.52
8714,8239,False,348.56,329.56
8715,8240,False,348.6,329.6
8716,8241,False,348.64,329.64
8717,8242,False,348.68,329.68
8718,8243,False,348.72,329.72
8719,8244,False,348.76,329.76
8720,8245,False,348.8,329.8
8721,8246,False,348.84,329.84
8722,8247,False,348.88,329.88
8723,8248,False,348.92,329.92
8724,8249,False,348.96,329.96
8725,8250,False,349.0,330.0
8726,8251,False,349.04,330.04
8727,8252,False,349.08,330.08
8728,8253,False,349.12,330.12
8729,8254,False,349.16,330.16
8730,8255,False,349.2,330.2
8731,8256,False,349.24,330.24
8732,8257,False,349.28,330.28
8733,8258,False,349.32,330.32
8734,8259,False,349.36,330.36
8735,8260,False,349.4,330.4
8736,8261,False,349.44,330.44
8737,8262,False,349.48,330.48
8738,8263,False,349.52,330.52
8739,8264,False,349.56,330.56
8740,8265,False,349.6,330.6
8741,8266,False,349.64,330.64
8742,8267,False,349.68,330.68
8743,8268,False,349.72,330.72
8744,8269,False,349.76,330.76
8745,8270,False,349.8,330.8
8746,8271,False,349.84,330.84
8747,8272,False,349.88,330.88
8748,8273,False,349.92,330.92
8749,8274,False,349.96,330.96
8750,8275,False,350.0,331.0
8751,8276,False,350.04,331.04
8752,8277,False,350.08,331.08
8753,8278,False,350.12,331.12
8754,8279,False,350.16,331.16
8755,8280,False,350.2,331.2
8756,8281,False,350.24,331.24
8757,8282,False,350.28,331.28
8758,8283,False,350.32,331.32
8759,8284,False,350.36,331.36
8760,8285,False,350.4,331.4
8761,8286,False,350.44,331.44
8762,8287,False,350.48,331.48
8763,8288,False,350.52,331.52
8764,8289,False,350.56,331.56
8765,8290,False,350.6,331.6
8766,8291,False,350.64,331.64
8767,8292,False,350.68,331.68
8768,8293,False,350.72,331.72
8769,8294,False,350.76,331.76
8770,8295,False,350.8,331.8
8771,8296,False,350.84,331.84
8772,8297,False,350.88,331.88
8773,8298,False,350.92,331.92
8774,8299,False,350.96,331.96
8775,8300,False,351.0,332.0
8776,8301,False,351.04,332.04
8777,8302,False,351.08,332.08
8778,8303,False,351.12,332.12
8779,8304,False,351.16,332.16
8780,8305,False,351.2,332.2
8781,8306,False,351.24,332.24
8782,8307,False,351.28,332.28
8783,8308,False,351.32,332.32
8784,8309,False,351.36,332.36
8785,8310,False,351.4,332.4
8786,8311,False,351.44,332.44
8787,8312,False,351.48,332.48
8788,8313,False,351.52,332.52
8789,8314,False,351.56,332.56
8790,8315,False,351.6,332.6
8791,8316,False,351.64,332.64
8792,8317,False,351.68,332.68
8793,8318,False,351.72,332.72
8794,8319,False,351.76,332.76
8795,8320,False,351.8,332.8
8796,8321,False,351.84,332.84
8797,8322,False,351.88,332.88
8798,8323,False,351.92,332.92
8799,8324,False,351.96,332.96
8800,8325,False,352.0,333.0
8801,8326,False,352.04,333.04
8802,8327,False,352.08,333.08
8803,8328,False,352.12,333.12
8804,8329,False,352.16,333.16
8805,8330,False,352.2,333.2
8806,8331,False,352.24,333.24
8807,8332,False,352.28,333.28
8808,8333,False,352.32,333.32
8809,8334,False,352.36,333.36
8810,8335,False,352.4,333.4
8811,8336,False,352.44,333.44
8812,8337,False,352.48,333.48
8813,8338,False,352.52,333.52
8814,8339,False,352.56,333.56
8815,8340,False,352.6,333.6
8816,8341,False,352.64,333.64
8817,8342,False,352.68,333.68
8818,8343,False,352.72,333.72
8819,8344,False,352.76,333.76
8820,8345,False,352.8,333.8
8821,8346,False,352.84,333.84
8822,8347,False,352.88,333.88
8823,8348,False,352.92,333.92
8824,8349,False,352.96,333.96
8825,8350,False,353.0,334.0
8826,8351,False,353.04,334.04
8827,8352,False,353.08,334.08
8828,8353,False,353.12,334.12
8829,8354,False,353.16,334.16
8830,8355,False,353.2,334.2
8831,8356,False,353.24,334.24
8832,8357,False,353.28,334.28
8833,8358,False,353.32,334.32
8834,8359,False,353.36,334.36
8835,8360,False,353.4,334.4
8836,8361,False,353.44,334.44
8837,8362,False,353.48,334.48
8838,8363,False,353.52,334.52
8839,8364,False,353.56,334.56
8840,8365,False,353.6,334.6
8841,8366,False,353.64,334.64
8842,8367,False,353.68,334.68
8843,8368,False,353.72,334.72
8844,8369,False,353.76,334.76
8845,8370,False,353.8,334.8
8846,8371,False,353.84,334.84
8847,8372,False,353.88,334.88
8848,8373,False,353.92,334.92
8849,8374,False,353.96,334.96
8850,8375,False,354.0,335.0
8851,8376,False,354.04,335.04
8852,8377,False,354.08,335.08
8853,8378,False,354.12,335.12
8854,8379,False,354.16,335.16
8855,8380,False,354.2,335.2
8856,8381,False,354.24,335.24
8857,8382,False,354.28,335.28
8858,8383,False,354.32,335.32
8859,8384,False,354.36,335.36
8860,8385,False,354.4,335.4
8861,8386,False,354.44,335.44
8862,8387,False,354.48,335.48
8863,8388,False,354.52,335.52
8864,8389,False,354.56,335.56
8865,8390,False,354.6,335.6
8866,8391,False,354.64,335.64
8867,8392,False,354.68,335.68
8868,8393,False,354.72,335.72
8869,8394,False,354.76,335.76
8870,8395,False,354.8,335.8
8871,8396,False,354.84,335.84
8872,8397,False,354.88,335.88
8873,8398,False,354.92,335.92
8874,8399,False,354.96,335.96
8875,8400,False,355.0,336.0
8876,8401,False,355.04,336.04
8877,8402,False,355.08,336.08
8878,8403,False,355.12,336.12
8879,8404,False,355.16,336.16
8880,8405,False,355.2,336.2
8881,8406,False,355.24,336.24
8882,8407,False,355.28,336.28
8883,8408,False,355.32,336.32
8884,8409,False,355.36,336.36
8885,8410,False,355.4,336.4
8886,8411,False,355.44,336.44
8887,8412,False,355.48,336.48
8888,8413,False,355.52,336.52
8889,8414,False,355.56,336.56
8890,8415,False,355.6,336.6
8891,8416,False,355.64,336.64
8892,8417,False,355.68,336.68
8893,8418,False,355.72,336.72
8894,8419,False,355.76,336.76
8895,8420,False,355.8,336.8
8896,8421,False,355.84,336.84
8897,8422,False,355.88,336.88
8898,8423,False,355.92,336.92
8899,8424,False,355.96,336.96
8900,8425,False,356.0,337.0
8901,8426,False,356.04,337.04
8902,8427,False,356.08,337.08
8903,8428,False,356.12,337.12
8904,8429,False,356.16,337.16
8905,8430,False,356.2,337.2
8906,8431,False,356.24,337.24
8907,8432,False,356.28,337.28
8908,8433,False,356.32,337.32
8909,8434,False,356.36,337.36
8910,8435,False,356.4,337.4
8911,8436,False,356.44,337.44
8912,8437,False,356.48,337.48
8913,8438,False,356.52,337.52
8914,8439,False,356.56,337.56
8915,8440,False,356.6,337.6
8916,8441,False,356.64,337.64
8917,8442,False,356.68,337.68
8918,8443,False,356.72,337.72
8919,8444,False,356.76,337.76
8920,8445,False,356.8,337.8
8921,8446,False,356.84,337.84
8922,8447,False,356.88,337.88
8923,8448,False,356.92,337.92
8924,8449,False,356.96,337.96
8925,8450,False,357.0,338.0
8926,8451,False,357.04,338.04
8927,8452,False,357.08,338.08
8928,8453,False,357.12,338.12
8929,8454,False,357.16,338.16
8930,8455,False,357.2,338.2
8931,8456,False,357.24,338.24
8932,8457,False,357.28,338.28
8933,8458,False,357.32,338.32
8934,8459,False,357.36,338.36
8935,8460,False,357.4,338.4
8936,8461,False,357.44,338.44
8937,8462,False,357.48,338.48
8938,8463,False,357.52,338.52
8939,8464,False,357.56,338.56
8940,8465,False,357.6,338.6
8941,8466,False,357.64,338.64
8942,8467,False,357.68,338.68
8943,8468,False,357.72,338.72
8944,8469,False,357.76,338.76
8945,8470,False,357.8,338.8
8946,8471,False,357.84,338.84
8947,8472,False,357.88,338.88
8948,8473,False,357.92,338.92
8949,8474,False,357.96,338.96
8950,8475,False,358.0,339.0
8951,8476,False,358.04,339.04
8952,8477,False,358.08,339.08
8953,8478,False,358.12,339.12
8954,8479,False,358.16,339.16
8955,8480,False,358.2,339.2
8956,8481,False,358.24,339.24
8957,8482,False,358.28,339.28
8958,8483,False,358.32,339.32
8959,8484,False,358.36,339.36
8960,8485,False,358.4,339.4
8961,8486,False,358.44,339.44
8962,8487,False,358.48,339.48
8963,8488,False,358.52,339.52
8964,8489,False,358.56,339.56
8965,8490,False,358.6,339.6
8966,8491,False,358.64,339.64
8967,8492,False,358.68,339.68
8968,8493,False,358.72,339.72
8969,8494,False,358.76,339.76
8970,8495,False,358.8,339.8
8971,8496,False,358.84,339.84
8972,8497,False,358.88,339.88
8973,8498,False,358.92,339.92
8974,8499,False,358.96,339.96
8975,8500,False,359.0,340.0
8976,8501,False,359.04,340.04
8977,8502,False,359.08,340.08
8978,8503,False,359.12,340.12
8979,8504,False,359.16,340.16
8980,8505,False,359.2,340.2
8981,8506,False,359.24,340.24
8982,8507,False,359.28,340.28
8983,8508,False,359.32,340.32
8984,8509,False,359.36,340.36
8985,8510,False,359.4,340.4
8986,8511,False,359.44,340.44
8987,8512,False,359.48,340.48
8988,8513,False,359.52,340.52
8989,8514,False,359.56,340.56
8990,8515,False,359.6,340.6
8991,8516,False,359.64,340.64
8992,8517,False,359.68,340.68
8993,8518,False,359.72,340.72
8994,8519,False,359.76,340.76
8995,8520,False,359.8,340.8
8996,8521,False,359.84,340.84
8997,8522,False,359.88,340.88
8998,8523,False,359.92,340.92
8999,8524,False,359.96,340.96
9000,8525,False,360.0,341.0
9001,8526,False,360.04,341.04
9002,8527,False,360.08,341.08
9003,8528,False,360.12,341.12
9004,8529,False,360.16,341.16
9005,8530,False,360.2,341.2
9006,8531,False,360.24,341.24
9007,8532,False,360.28,341.28
9008,8533,False,360.32,341.32
9009,8534,False,360.36,341.36
9010,8535,False,360.4,341.4
9011,8536,False,360.44,341.44
9012,8537,False,360.48,341.48
9013,8538,False,360.52,341.52
9014,8539,False,360.56,341.56
9015,8540,False,360.6,341.6
9016,8541,False,360.64,341.64
9017,8542,False,360.68,341.68
9018,8543,False,360.72,341.72
9019,8544,False,360.76,341.76
9020,8545,False,360.8,341.8
9021,8546,False,360.84,341.84
9022,8547,False,360.88,341.88
9023,8548,False,360.92,341.92
9024,8549,False,360.96,341.96
9025,8550,False,361.0,342.0
9026,8551,False,361.04,342.04
9027,8552,False,361.08,342.08
9028,8553,False,361.12,342.12
9029,8554,False,361.16,342.16
9030,8555,False,361.2,342.2
9031,8556,False,361.24,342.24
9032,8557,False,361.28,342.28
9033,8558,False,361.32,342.32
9034,8559,False,361.36,342.36
9035,8560,False,361.4,342.4
9036,8561,False,361.44,342.44
9037,8562,False,361.48,342.48
9038,8563,False,361.52,342.52
9039,8564,False,361.56,342.56
9040,8565,False,361.6,342.6
9041,8566,False,361.64,342.64
9042,8567,False,361.68,342.68
9043,8568,False,361.72,342.72
9044,8569,False,361.76,342.76
9045,8570,False,361.8,342.8
9046,8571,False,361.84,342.84
9047,8572,False,361.88,342.88
9048,8573,False,361.92,342.92
9049,8574,False,361.96,342.96
9050,8575,False,362.0,343.0
9051,8576,False,362.04,343.04
9052,8577,False,362.08,343.08
9053,8578,False,362.12,343.12
9054,8579,False,362.16,343.16
9055,8580,False,362.2,343.2
9056,8581,False,362.24,343.24
9057,8582,False,362.28,343.28
9058,8583,False,362.32,343.32
9059,8584,False,362.36,343.36
9060,8585,False,362.4,343.4
9061,8586,False,362.44,343.44
9062,8587,False,362.48,343.48
9063,8588,False,362.52,343.52
9064,8589,False,362.56,343.56
9065,8590,False,362.6,343.6
9066,8591,False,362.64,343.64
9067,8592,False,362.68,343.68
9068,8593,False,362.72,343.72
9069,8594,False,362.76,343.76
9070,8595,False,362.8,343.8
9071,8596,False,362.84,343.84
9072,8597,False,362.88,343.88
9073,8598,False,362.92,343.92
9074,8599,False,362.96,343.96
9075,8600,False,363.0,344.0
9076,8601,False,363.04,344.04
9077,8602,False,363.08,344.08
9078,8603,False,363.12,344.12
9079,8604,False,363.16,344.16
9080,8605,False,363.2,344.2
9081,8606,False,363.24,344.24
9082,8607,False,363.28,344.28
9083,8608,False,363.32,344.32
9084,8609,False,363.36,344.36
9085,8610,False,363.4,344.4
9086,8611,False,363.44,344.44
9087,8612,False,363.48,344.48
9088,8613,False,363.52,344.52
9089,8614,False,363.56,344.56
9090,8615,False,363.6,344.6
9091,8616,False,363.64,344.64
9092,8617,False,363.68,344.68
9093,8618,False,363.72,344.72
9094,8619,False,363.76,344.76
9095,8620,False,363.8,344.8
9096,8621,False,363.84,344.84
9097,8622,False,363.88,344.88
9098,8623,False,363.92,344.92
9099,8624,False,363.96,344.96
9100,8625,False,364.0,345.0
9101,8626,False,364.04,345.04
9102,8627,False,364.08,345.08
9103,8628,False,364.12,345.12
9104,8629,False,364.16,345.16
9105,8630,False,364.2,345.2
9106,8631,False,364.24,345.24
9107,8632,False,364.28,345.28
9108,8633,False,364.32,345.32
9109,8634,False,364.36,345.36
9110,8635,False,364.4,345.4
9111,8636,False,364.44,345.44
9112,8637,False,364.48,345.48
9113,8638,False,364.52,345.52
9114,8639,False,364.56,345.56
9115,8640,False,364.6,345.6
9116,8641,False,364.64,345.64
9117,8642,False,364.68,345.68
9118,8643,False,364.72,345.72
9119,8644,False,364.76,345.76
9120,8645,False,364.8,345.8
9121,8646,False,364.84,345.84
9122,8647,False,364.88,345.88
9123,8648,False,364.92,345.92
9124,8649,False,364.96,345.96
9125,8650,False,365.0,346.0
9126,8651,False,365.04,346.04
9127,8652,False,365.08,346.08
9128,8653,False,365.12,346.12
9129,8654,False,365.16,346.16
9130,8655,False,365.2,346.2
9131,8656,False,365.24,346.24
9132,8657,False,365.28,346.28
9133,8658,False,365.32,346.32
9134,8659,False,365.36,346.36
9135,8660,False,365.4,346.4
9136,8661,False,365.44,346.44
9137,8662,False,365.48,346.48
9138,8663,False,365.52,346.52
9139,8664,False,365.56,346.56
9140,8665,False,365.6,346.6
9141,8666,False,365.64,346.64
9142,8667,False,365.68,346.68
9143,8668,False,365.72,346.72
9144,8669,False,365.76,346.76
9145,8670,False,365.8,346.8
9146,8671,False,365.84,346.84
9147,8672,False,365.88,346.88
9148,8673,False,365.92,346.92
9149,8674,False,365.96,346.96
9150,8675,False,366.0,347.0
9151,8676,False,366.04,347.04
9152,8677,False,366.08,347.08
9153,8678,False,366.12,347.12
9154,8679,False,366.16,347.16
9155,8680,False,366.2,347.2
9156,8681,False,366.24,347.24
9157,8682,False,366.28,347.28
9158,8683,False,366.32,347.32
9159,8684,False,366.36,347.36
9160,8685,False,366.4,347.4
9161,8686,False,366.44,347.44
9162,8687,False,366.48,347.48
9163,8688,False,366.52,347.52
9164,8689,False,366.56,347.56
9165,8690,False,366.6,347.6
9166,8691,False,366.64,347.64
9167,8692,False,366.68,347.68
9168,8693,False,366.72,347.72
9169,8694,False,366.76,347.76
9170,8695,False,366.8,347.8
9171,8696,False,366.84,347.84
9172,8697,False,366.88,347.88
9173,8698,False,366.92,347.92
9174,8699,False,366.96,347.96
9175,8700,False,367.0,348.0
9176,8701,False,367.04,348.04
9177,8702,False,367.08,348.08
9178,8703,False,367.12,348.12
9179,8704,False,367.16,348.16
9180,8705,False,367.2,348.2
9181,8706,False,367.24,348.24
9182,8707,False,367.28,348.28
9183,8708,False,367.32,348.32
9184,8709,False,367.36,348.36
9185,8710,False,367.4,348.4
9186,8711,False,367.44,348.44
9187,8712,False,367.48,348.48
9188,8713,False,367.52,348.52
9189,8714,False,367.56,348.56
9190,8715,False,367.6,348.6
9191,8716,False,367.64,348.64
9192,8717,False,367.68,348.68
9193,8718,False,367.72,348.72
9194,8719,False,367.76,348.76
9195,8720,False,367.8,348.8
9196,8721,False,367.84,348.84
9197,8722,False,367.88,348.88
9198,8723,False,367.92,348.92
9199,8724,False,367.96,348.96
9200,8725,False,368.0,349.0
9201,8726,False,368.04,349.04
9202,8727,False,368.08,349.08
9203,8728,False,368.12,349.12
9204,8729,False,368.16,349.16
9205,8730,False,368.2,349.2
9206,8731,False,368.24,349.24
9207,8732,False,368.28,349.28
9208,8733,False,368.32,349.32
9209,8734,False,368.36,349.36
9210,8735,False,368.4,349.4
9211,8736,False,368.44,349.44
9212,8737,False,368.48,349.48
9213,8738,False,368.52,349.52
9214,8739,False,368.56,349.56
9215,8740,False,368.6,349.6
9216,8741,False,368.64,349.64
9217,8742,False,368.68,349.68
9218,8743,False,368.72,349.72
9219,8744,False,368.76,349.76
9220,8745,False,368.8,349.8
9221,8746,False,368.84,349.84
9222,8747,False,368.88,349.88
9223,8748,False,368.92,349.92
9224,8749,False,368.96,349.96
9225,8750,False,369.0,350.0
9226,8751,False,369.04,350.04
9227,8752,False,369.08,350.08
9228,8753,False,369.12,350.12
9229,8754,False,369.16,350.16
9230,8755,False,369.2,350.2
9231,8756,False,369.24,350.24
9232,8757,False,369.28,350.28
9233,8758,False,369.32,350.32
9234,8759,False,369.36,350.36
9235,8760,False,369.4,350.4
9236,8761,False,369.44,350.44
9237,8762,False,369.48,350.48
9238,8763,False,369.52,350.52
9239,8764,False,369.56,350.56
9240,8765,False,369.6,350.6
9241,8766,False,369.64,350.64
9242,8767,False,369.68,350.68
9243,8768,False,369.72,350.72
9244,8769,False,369.76,350.76
9245,8770,False,369.8,350.8
9246,8771,False,369.84,350.84
9247,8772,False,369.88,350.88
9248,8773,False,369.92,350.92
9249,8774,False,369.96,350.96
9250,8775,False,370.0,351.0
9251,8776,False,370.04,351.04
9252,8777,False,370.08,351.08
9253,8778,False,370.12,351.12
9254,8779,False,370.16,351.16
9255,8780,False,370.2,351.2
9256,8781,False,370.24,351.24
9257,8782,False,370.28,351.28
9258,8783,False,370.32,351.32
9259,8784,False,370.36,351.36
9260,8785,False,370.4,351.4
9261,8786,False,370.44,351.44
9262,8787,False,370.48,351.48
9263,8788,False,370.52,351.52
9264,8789,False,370.56,351.56
9265,8790,False,370.6,351.6
9266,8791,False,370.64,351.64
9267,8792,False,370.68,351.68
9268,8793,False,370.72,351.72
9269,8794,False,370.76,351.76
9270,8795,False,370.8,351.8
9271,8796,False,370.84,351.84
9272,8797,False,370.88,351.88
9273,8798,False,370.92,351.92
9274,8799,False,370.96,351.96
9275,8800,False,371.0,352.0
9276,8801,False,371.04,352.04
9277,8802,False,371.08,352.08
9278,8803,False,371.12,352.12
9279,8804,False,371.16,352.16
9280,8805,False,371.2,352.2
9281,8806,False,371.24,352.24
9282,8807,False,371.28,352.28
9283,8808,False,371.32,352.32
9284,8809,False,371.36,352.36
9285,8810,False,371.4,352.4
9286,8811,False,371.44,352.44
9287,8812,False,371.48,352.48
9288,8813,False,371.52,352.52
9289,8814,False,371.56,352.56
9290,8815,False,371.6,352.6
9291,8816,False,371.64,352.64
9292,8817,False,371.68,352.68
9293,8818,False,371.72,352.72
9294,8819,False,371.76,352.76
9295,8820,False,371.8,352.8
9296,8821,False,371.84,352.84
9297,8822,False,371.88,352.88
9298,8823,False,371.92,352.92
9299,8824,False,371.96,352.96
9300,8825,False,372.0,353.0
9301,8826,False,372.04,353.04
9302,8827,False,372.08,353.08
9303,8828,False,372.12,353.12
9304,8829,False,372.16,353.16
9305,8830,False,372.2,353.2
9306,8831,False,372.24,353.24
9307,8832,False,372.28,353.28
9308,8833,False,372.32,353.32
9309,8834,False,372.36,353.36
9310,8835,False,372.4,353.4
9311,8836,False,372.44,353.44
9312,8837,False,372.48,353.48
9313,8838,False,372.52,353.52
9314,8839,False,372.56,353.56
9315,8840,False,372.6,353.6
9316,8841,False,372.64,353.64
9317,8842,False,372.68,353.68
9318,8843,False,372.72,353.72
9319,8844,False,372.76,353.76
9320,8845,False,372.8,353.8
9321,8846,False,372.84,353.84
9322,8847,False,372.88,353.88
9323,8848,False,372.92,353.92
9324,8849,False,372.96,353.96
9325,8850,False,373.0,354.0
9326,8851,False,373.04,354.04
9327,8852,False,373.08,354.08
9328,8853,False,373.12,354.12
9329,8854,False,373.16,354.16
9330,8855,False,373.2,354.2
9331,8856,False,373.24,354.24
9332,8857,False,373.28,354.28
9333,8858,False,373.32,354.32
9334,8859,False,373.36,354.36
9335,8860,False,373.4,354.4
9336,8861,False,373.44,354.44
9337,8862,False,373.48,354.48
9338,8863,False,373.52,354.52
9339,8864,False,373.56,354.56
9340,8865,False,373.6,354.6
9341,8866,False,373.64,354.64
9342,8867,False,373.68,354.68
9343,8868,False,373.72,354.72
9344,8869,False,373.76,354.76
9345,8870,False,373.8,354.8
9346,8871,False,373.84,354.84
9347,8872,False,373.88,354.88
9348,8873,False,373.92,354.92
9349,8874,False,373.96,354.96
9350,8875,False,374.0,355.0
9351,8876,False,374.04,355.04
9352,8877,False,374.08,355.08
9353,8878,False,374.12,355.12
9354,8879,False,374.16,355.16
9355,8880,False,374.2,355.2
9356,8881,False,374.24,355.24
9357,8882,False,374.28,355.28
9358,8883,False,374.32,355.32
9359,8884,False,374.36,355.36
9360,8885,False,374.4,355.4
9361,8886,False,374.44,355.44
9362,8887,False,374.48,355.48
9363,8888,False,374.52,355.52
9364,8889,False,374.56,355.56
9365,8890,False,374.6,355.6
9366,8891,False,374.64,355.64
9367,8892,False,374.68,355.68
9368,8893,False,374.72,355.72
9369,8894,False,374.76,355.76
9370,8895,False,374.8,355.8
9371,8896,False,374.84,355.84
9372,8897,False,374.88,355.88
9373,8898,False,374.92,355.92
9374,8899,False,374.96,355.96
9375,8900,False,375.0,356.0
9376,8901,False,375.04,356.04
9377,8902,False,375.08,356.08
9378,8903,False,375.12,356.12
9379,8904,False,375.16,356.16
9380,8905,False,375.2,356.2
9381,8906,False,375.24,356.24
9382,8907,False,375.28,356.28
9383,8908,False,375.32,356.32
9384,8909,False,375.36,356.36
9385,8910,False,375.4,356.4
9386,8911,False,375.44,356.44
9387,8912,False,375.48,356.48
9388,8913,False,375.52,356.52
9389,8914,False,375.56,356.56
9390,8915,False,375.6,356.6
9391,8916,False,375.64,356.64
9392,8917,False,375.68,356.68
9393,8918,False,375.72,356.72
9394,8919,False,375.76,356.76
9395,8920,False,375.8,356.8
9396,8921,False,375.84,356.84
9397,8922,False,375.88,356.88
9398,8923,False,375.92,356.92
9399,8924,False,375.96,356.96
9400,8925,False,376.0,357.0
9401,8926,False,376.04,357.04
9402,8927,False,376.08,357.08
9403,8928,False,376.12,357.12
9404,8929,False,376.16,357.16
9405,8930,False,376.2,357.2
9406,8931,False,376.24,357.24
9407,8932,False,376.28,357.28
9408,8933,False,376.32,357.32
9409,8934,False,376.36,357.36
9410,8935,False,376.4,357.4
9411,8936,False,376.44,357.44
9412,8937,False,376.48,357.48
9413,8938,False,376.52,357.52
9414,8939,False,376.56,357.56
9415,8940,False,376.6,357.6
9416,8941,False,376.64,357.64
9417,8942,False,376.68,357.68
9418,8943,False,376.72,357.72
9419,8944,False,376.76,357.76
9420,8945,False,376.8,357.8
9421,8946,False,376.84,357.84
9422,8947,False,376.88,357.88
9423,8948,False,376.92,357.92
9424,8949,False,376.96,357.96
9425,8950,False,377.0,358.0
9426,8951,False,377.04,358.04
9427,8952,False,377.08,358.08
9428,8953,False,377.12,358.12
9429,8954,False,377.16,358.16
9430,8955,False,377.2,358.2
9431,8956,False,377.24,358.24
9432,8957,False,377.28,358.28
9433,8958,False,377.32,358.32
9434,8959,False,377.36,358.36
9435,8960,False,377.4,358.4
9436,8961,False,377.44,358.44
9437,8962,False,377.48,358.48
9438,8963,False,377.52,358.52
9439,8964,False,377.56,358.56
9440,8965,False,377.6,358.6
9441,8966,False,377.64,358.64
9442,8967,False,377.68,358.68
9443,8968,False,377.72,358.72
9444,8969,False,377.76,358.76
9445,8970,False,377.8,358.8
9446,8971,False,377.84,358.84
9447,8972,False,377.88,358.88
9448,8973,False,377.92,358.92
9449,8974,False,377.96,358.96
9450,8975,False,378.0,359.0
9451,8976,False,378.04,359.04
9452,8977,False,378.08,359.08
9453,8978,False,378.12,359.12
9454,8979,False,378.16,359.16
9455,8980,False,378.2,359.2
9456,8981,False,378.24,359.24
9457,8982,False,378.28,359.28
9458,8983,False,378.32,359.32
9459,8984,False,378.36,359.36
9460,8985,False,378.4,359.4
9461,8986,False,378.44,359.44
9462,8987,False,378.48,359.48
9463,8988,False,378.52,359.52
9464,8989,False,378.56,359.56
9465,8990,False,378.6,359.6
9466,8991,False,378.64,359.64
9467,8992,False,378.68,359.68
9468,8993,False,378.72,359.72
9469,8994,False,378.76,359.76
9470,8995,False,378.8,359.8
9471,8996,False,378.84,359.84
9472,8997,False,378.88,359.88
9473,8998,False,378.92,359.92
9474,8999,False,378.96,359.96
9475,9000,False,379.0,360.0
9476,9001,False,379.04,360.04
9477,9002,False,379.08,360.08
9478,9003,False,379.12,360.12
9479,9004,False,379.16,360.16
9480,9005,False,379.2,360.2
9481,9006,False,379.24,360.24
9482,9007,False,379.28,360.28
9483,9008,False,379.32,360.32
9484,9009,False,379.36,360.36
9485,9010,False,379.4,360.4
9486,9011,False,379.44,360.44
9487,9012,False,379.48,360.48
9488,9013,False,379.52,360.52
9489,9014,False,379.56,360.56
9490,9015,False,379.6,360.6
9491,9016,False,379.64,360.64
9492,9017,False,379.68,360.68
9493,9018,False,379.72,360.72
9494,9019,False,379.76,360.76
9495,9020,False,379.8,360.8
9496,9021,False,379.84,360.84
9497,9022,False,379.88,360.88
9498,9023,False,379.92,360.92
9499,9024,False,379.96,360.96
9500,9025,False,380.0,361.0
9501,9026,False,380.04,361.04
9502,9027,False,380.08,361.08
9503,9028,False,380.12,361.12
9504,9029,False,380.16,361.16
9505,9030,False,380.2,361.2
9506,9031,False,380.24,361.24
9507,9032,False,380.28,361.28
9508,9033,False,380.32,361.32
9509,9034,False,380.36,361.36
9510,9035,False,380.4,361.4
9511,9036,False,380.44,361.44
9512,9037,False,380.48,361.48
9513,9038,False,380.52,361.52
9514,9039,False,380.56,361.56
9515,9040,False,380.6,361.6
9516,9041,False,380.64,361.64
9517,9042,False,380.68,361.68
9518,9043,False,380.72,361.72
9519,9044,False,380.76,361.76
9520,9045,False,380.8,361.8
9521,9046,False,380.84,361.84
9522,9047,False,380.88,361.88
9523,9048,False,380.92,361.92
9524,9049,False,380.96,361.96
9525,9050,False,381.0,362.0
9526,9051,False,381.04,362.04
9527,9052,False,381.08,362.08
9528,9053,False,381.12,362.12
9529,9054,False,381.16,362.16
9530,9055,False,381.2,362.2
9531,9056,False,381.24,362.24
9532,9057,False,381.28,362.28
9533,9058,False,381.32,362.32
9534,9059,False,381.36,362.36
9535,9060,False,381.4,362.4
9536,9061,False,381.44,362.44
9537,9062,False,381.48,362.48
9538,9063,False,381.52,362.52
9539,9064,False,381.56,362.56
9540,9065,False,381.6,362.6
9541,9066,False,381.64,362.64
9542,9067,False,381.68,362.68
9543,9068,False,381.72,362.72
9544,9069,False,381.76,362.76
9545,9070,False,381.8,362.8
9546,9071,False,381.84,362.84
9547,9072,False,381.88,362.88
9548,9073,False,381.92,362.92
9549,9074,False,381.96,362.96
9550,9075,False,382.0,363.0
9551,9076,False,382.04,363.04
9552,9077,False,382.08,363.08
9553,9078,False,382.12,363.12
9554,9079,False,382.16,363.16
9555,9080,False,382.2,363.2
9556,9081,False,382.24,363.24
9557,9082,False,382.28,363.28
9558,9083,False,382.32,363.32
9559,9084,False,382.36,363.36
9560,9085,False,382.4,363.4
9561,9086,False,382.44,363.44
9562,9087,False,382.48,363.48
9563,9088,False,382.52,363.52
9564,9089,False,382.56,363.56
9565,9090,False,382.6,363.6
9566,9091,False,382.64,363.64
9567,9092,False,382.68,363.68
9568,9093,False,382.72,363.72
9569,9094,False,382.76,363.76
9570,9095,False,382.8,363.8
9571,9096,False,382.84,363.84
9572,9097,False,382.88,363.88
9573,9098,False,382.92,363.92
9574,9099,False,382.96,363.96
9575,9100,False,383.0,364.0
9576,9101,False,383.04,364.04
9577,9102,False,383.08,364.08
9578,9103,False,383.12,364.12
9579,9104,False,383.16,364.16
9580,9105,False,383.2,364.2
9581,9106,False,383.24,364.24
9582,9107,False,383.28,364.28
9583,9108,False,383.32,364.32
9584,9109,False,383.36,364.36
9585,9110,False,383.4,364.4
9586,9111,False,383.44,364.44
9587,9112,False,383.48,364.48
9588,9113,False,383.52,364.52
9589,9114,False,383.56,364.56
9590,9115,False,383.6,364.6
9591,9116,False,383.64,364.64
9592,9117,False,383.68,364.68
9593,9118,False,383.72,364.72
9594,9119,False,383.76,364.76
9595,9120,False,383.8,364.8
9596,9121,False,383.84,364.84
9597,9122,False,383.88,364.88
9598,9123,False,383.92,364.92
9599,9124,False,383.96,364.96
9600,9125,False,384.0,365.0
9601,9126,False,384.04,365.04
9602,9127,False,384.08,365.08
9603,9128,False,384.12,365.12
9604,9129,False,384.16,365.16
9605,9130,False,384.2,365.2
9606,9131,False,384.24,365.24
9607,9132,False,384.28,365.28
9608,9133,False,384.32,365.32
9609,9134,False,384.36,365.36
9610,9135,False,384.4,365.4
9611,9136,False,384.44,365.44
9612,9137,False,384.48,365.48
9613,9138,False,384.52,365.52
9614,9139,False,384.56,365.56
9615,9140,False,384.6,365.6
9616,9141,False,384.64,365.64
9617,9142,False,384.68,365.68
9618,9143,False,384.72,365.72
9619,9144,False,384.76,365.76
9620,9145,False,384.8,365.8
9621,9146,False,384.84,365.84
9622,9147,False,384.88,365.88
9623,9148,False,384.92,365.92
9624,9149,False,384.96,365.96
9625,9150,False,385.0,366.0
9626,9151,False,385.04,366.04
9627,9152,False,385.08,366.08
9628,9153,False,385.12,366.12
9629,9154,False,385.16,366.16
9630,9155,False,385.2,366.2
9631,9156,False,385.24,366.24
9632,9157,False,385.28,366.28
9633,9158,False,385.32,366.32
9634,9159,False,385.36,366.36
9635,9160,False,385.4,366.4
9636,9161,False,385.44,366.44
9637,9162,False,385.48,366.48
9638,9163,False,385.52,366.52
9639,9164,False,385.56,366.56
9640,9165,False,385.6,366.6
9641,9166,False,385.64,366.64
9642,9167,False,385.68,366.68
9643,9168,False,385.72,366.72
9644,9169,False,385.76,366.76
9645,9170,False,385.8,366.8
9646,9171,False,385.84,366.84
9647,9172,False,385.88,366.88
9648,9173,False,385.92,366.92
9649,9174,False,385.96,366.96
9650,9175,False,386.0,367.0
9651,9176,False,386.04,367.04
9652,9177,False,386.08,367.08
9653,9178,False,386.12,367.12
9654,9179,False,386.16,367.16
9655,9180,False,386.2,367.2
9656,9181,False,386.24,367.24
9657,9182,False,386.28,367.28
9658,9183,False,386.32,367.32
9659,9184,False,386.36,367.36
9660,9185,False,386.4,367.4
9661,9186,False,386.44,367.44
9662,9187,False,386.48,367.48
9663,9188,False,386.52,367.52
9664,9189,False,386.56,367.56
9665,9190,False,386.6,367.6
9666,9191,False,386.64,367.64
9667,9192,False,386.68,367.68
9668,9193,False,386.72,367.72
9669,9194,False,386.76,367.76
9670,9195,False,386.8,367.8
9671,9196,False,386.84,367.84
9672,9197,False,386.88,367.88
9673,9198,False,386.92,367.92
9674,9199,False,386.96,367.96
9675,9200,False,387.0,368.0
9676,9201,False,387.04,368.04
9677,9202,False,387.08,368.08
9678,9203,False,387.12,368.12
9679,9204,False,387.16,368.16
9680,9205,False,387.2,368.2
9681,9206,False,387.24,368.24
9682,9207,False,387.28,368.28
9683,9208,False,387.32,368.32
9684,9209,False,387.36,368.36
9685,9210,False,387.4,368.4
9686,9211,False,387.44,368.44
9687,9212,False,387.48,368.48
9688,9213,False,387.52,368.52
9689,9214,False,387.56,368.56
9690,9215,False,387.6,368.6
9691,9216,False,387.64,368.64
9692,9217,False,387.68,368.68
9693,9218,False,387.72,368.72
9694,9219,False,387.76,368.76
9695,9220,False,387.8,368.8
9696,9221,False,387.84,368.84
9697,9222,False,387.88,368.88
9698,9223,False,387.92,368.92
9699,9224,False,387.96,368.96
9700,9225,False,388.0,369.0
9701,9226,False,388.04,369.04
9702,9227,False,388.08,369.08
9703,9228,False,388.12,369.12
9704,9229,False,388.16,369.16
9705,9230,False,388.2,369.2
9706,9231,False,388.24,369.24
9707,9232,False,388.28,369.28
9708,9233,False,388.32,369.32
9709,9234,False,388.36,369.36
9710,9235,False,388.4,369.4
9711,9236,False,388.44,369.44
9712,9237,False,388.48,369.48
9713,9238,False,388.52,369.52
9714,9239,False,388.56,369.56
9715,9240,False,388.6,369.6
9716,9241,False,388.64,369.64
9717,9242,False,388.68,369.68
9718,9243,False,388.72,369.72
9719,9244,False,388.76,369.76
9720,9245,False,388.8,369.8
9721,9246,False,388.84,369.84
9722,9247,False,388.88,369.88
9723,9248,False,388.92,369.92
9724,9249,False,388.96,369.96
9725,9250,False,389.0,370.0
9726,9251,False,389.04,370.04
9727,9252,False,389.08,370.08
9728,9253,False,389.12,370.12
9729,9254,False,389.16,370.16
9730,9255,False,389.2,370.2
9731,9256,False,389.24,370.24
9732,9257,False,389.28,370.28
9733,9258,False,389.32,370.32
9734,9259,False,389.36,370.36
9735,9260,False,389.4,370.4
9736,9261,False,389.44,370.44
9737,9262,False,389.48,370.48
9738,9263,False,389.52,370.52
9739,9264,False,389.56,370.56
9740,9265,False,389.6,370.6
9741,9266,False,389.64,370.64
9742,9267,False,389.68,370.68
9743,9268,False,389.72,370.72
9744,9269,False,389.76,370.76
9745,9270,False,389.8,370.8
9746,9271,False,389.84,370.84
9747,9272,False,389.88,370.88
9748,9273,False,389.92,370.92
9749,9274,False,389.96,370.96
9750,9275,False,390.0,371.0
9751,9276,False,390.04,371.04
9752,9277,False,390.08,371.08
9753,9278,False,390.12,371.12
9754,9279,False,390.16,371.16
9755,9280,False,390.2,371.2
9756,9281,False,390.24,371.24
9757,9282,False,390.28,371.28
9758,9283,False,390.32,371.32
9759,9284,False,390.36,371.36
9760,9285,False,390.4,371.4
9761,9286,False,390.44,371.44
9762,9287,False,390.48,371.48
9763,9288,False,390.52,371.52
9764,9289,False,390.56,371.56
9765,9290,False,390.6,371.6
9766,9291,False,390.64,371.64
9767,9292,False,390.68,371.68
9768,9293,False,390.72,371.72
9769,9294,False,390.76,371.76
9770,9295,False,390.8,371.8
9771,9296,False,390.84,371.84
9772,9297,False,390.88,371.88
9773,9298,False,390.92,371.92
9774,9299,False,390.96,371.96
9775,9300,False,391.0,372.0
9776,9301,False,391.04,372.04
9777,9302,False,391.08,372.08
9778,9303,False,391.12,372.12
9779,9304,False,391.16,372.16
9780,9305,False,391.2,372.2
9781,9306,False,391.24,372.24
9782,9307,False,391.28,372.28
9783,9308,False,391.32,372.32
9784,9309,False,391.36,372.36
9785,9310,False,391.4,372.4
9786,9311,False,391.44,372.44
9787,9312,False,391.48,372.48
9788,9313,False,391.52,372.52
9789,9314,False,391.56,372.56
9790,9315,False,391.6,372.6
9791,9316,False,391.64,372.64
9792,9317,False,391.68,372.68
9793,9318,False,391.72,372.72
9794,9319,False,391.76,372.76
9795,9320,False,391.8,372.8
9796,9321,False,391.84,372.84
9797,9322,False,391.88,372.88
9798,9323,False,391.92,372.92
9799,9324,False,391.96,372.96
9800,9325,False,392.0,373.0
9801,9326,False,392.04,373.04
9802,9327,False,392.08,373.08
9803,9328,False,392.12,373.12
9804,9329,False,392.16,373.16
9805,9330,False,392.2,373.2
9806,9331,False,392.24,373.24
9807,9332,False,392.28,373.28
9808,9333,False,392.32,373.32
9809,9334,False,392.36,373.36
9810,9335,False,392.4,373.4
9811,9336,False,392.44,373.44
9812,9337,False,392.48,373.48
9813,9338,False,392.52,373.52
9814,9339,False,392.56,373.56
9815,9340,False,392.6,373.6
9816,9341,False,392.64,373.64
9817,9342,False,392.68,373.68
9818,9343,False,392.72,373.72
9819,9344,False,392.76,373.76
9820,9345,False,392.8,373.8
9821,9346,False,392.84,373.84
9822,9347,False,392.88,373.88
9823,9348,False,392.92,373.92
9824,9349,False,392.96,373.96
9825,9350,False,393.0,374.0
9826,9351,False,393.04,374.04
9827,9352,False,393.08,374.08
9828,9353,False,393.12,374.12
9829,9354,False,393.16,374.16
9830,9355,False,393.2,374.2
9831,9356,False,393.24,374.24
9832,9357,False,393.28,374.28
9833,9358,False,393.32,374.32
9834,9359,False,393.36,374.36
9835,9360,False,393.4,374.4
9836,9361,False,393.44,374.44
9837,9362,False,393.48,374.48
9838,9363,False,393.52,374.52
9839,9364,False,393.56,374.56
9840,9365,False,393.6,374.6
9841,9366,False,393.64,374.64
9842,9367,False,393.68,374.68
9843,9368,False,393.72,374.72
9844,9369,False,393.76,374.76
9845,9370,False,393.8,374.8
9846,9371,False,393.84,374.84
9847,9372,False,393.88,374.88
9848,9373,False,393.92,374.92
9849,9374,False,393.96,374.96
9850,9375,False,394.0,375.0
9851,9376,False,394.04,375.04
9852,9377,False,394.08,375.08
9853,9378,False,394.12,375.12
9854,9379,False,394.16,375.16
9855,9380,False,394.2,375.2
9856,9381,False,394.24,375.24
9857,9382,False,394.28,375.28
9858,9383,False,394.32,375.32
9859,9384,False,394.36,375.36
9860,9385,False,394.4,375.4
9861,9386,False,394.44,375.44
9862,9387,False,394.48,375.48
9863,9388,False,394.52,375.52
9864,9389,False,394.56,375.56
9865,9390,False,394.6,375.6
9866,9391,False,394.64,375.64
9867,9392,False,394.68,375.68
9868,9393,False,394.72,375.72
9869,9394,False,394.76,375.76
9870,9395,False,394.8,375.8
9871,9396,False,394.84,375.84
9872,9397,False,394.88,375.88
9873,9398,False,394.92,375.92
9874,9399,False,394.96,375.96
9875,9400,False,395.0,376.0
9876,9401,False,395.04,376.04
9877,9402,False,395.08,376.08
9878,9403,False,395.12,376.12
9879,9404,False,395.16,376.16
9880,9405,False,395.2,376.2
9881,9406,False,395.24,376.24
9882,9407,False,395.28,376.28
9883,9408,False,395.32,376.32
9884,9409,False,395.36,376.36
9885,9410,False,395.4,376.4
9886,9411,False,395.44,376.44
9887,9412,False,395.48,376.48
9888,9413,False,395.52,376.52
9889,9414,False,395.56,376.56
9890,9415,False,395.6,376.6
9891,9416,False,395.64,376.64
9892,9417,False,395.68,376.68
9893,9418,False,395.72,376.72
9894,9419,False,395.76,376.76
9895,9420,False,395.8,376.8
9896,9421,False,395.84,376.84
9897,9422,False,395.88,376.88
9898,9423,False,395.92,376.92
9899,9424,False,395.96,376.96
9900,9425,False,396.0,377.0
9901,9426,False,396.04,377.04
9902,9427,False,396.08,377.08
9903,9428,False,396.12,377.12
9904,9429,False,396.16,377.16
9905,9430,False,396.2,377.2
9906,9431,False,396.24,377.24
9907,9432,False,396.28,377.28
9908,9433,False,396.32,377.32
9909,9434,False,396.36,377.36
9910,9435,False,396.4,377.4
9911,9436,False,396.44,377.44
9912,9437,False,396.48,377.48
9913,9438,False,396.52,377.52
9914,9439,False,396.56,377.56
9915,9440,False,396.6,377.6
9916,9441,False,396.64,377.64
9917,9442,False,396.68,377.68
9918,9443,False,396.72,377.72
9919,9444,False,396.76,377.76
9920,9445,False,396.8,377.8
9921,9446,False,396.84,377.84
9922,9447,False,396.88,377.88
9923,9448,False,396.92,377.92
9924,9449,False,396.96,377.96
9925,9450,False,397.0,378.0
9926,9451,False,397.04,378.04
9927,9452,False,397.08,378.08
9928,9453,False,397.12,378.12
9929,9454,False,397.16,378.16
9930,9455,False,397.2,378.2
9931,9456,False,397.24,378.24
9932,9457,False,397.28,378.28
9933,9458,False,397.32,378.32
9934,9459,False,397.36,378.36
9935,9460,False,397.4,378.4
9936,9461,False,397.44,378.44
9937,9462,False,397.48,378.48
9938,9463,False,397.52,378.52
9939,9464,False,397.56,378.56
9940,9465,False,397.6,378.6
9941,9466,False,397.64,378.64
9942,9467,False,397.68,378.68
9943,9468,False,397.72,378.72
9944,9469,False,397.76,378.76
9945,9470,False,397.8,378.8
9946,9471,False,397.84,378.84
9947,9472,False,397.88,378.88
9948,9473,False,397.92,378.92
9949,9474,False,397.96,378.96
9950,9475,False,398.0,379.0
9951,9476,False,398.04,379.04
9952,9477,False,398.08,379.08
9953,9478,False,398.12,379.12
9954,9479,False,398.16,379.16
9955,9480,False,398.2,379.2
9956,9481,False,398.24,379.24
9957,9482,False,398.28,379.28
9958,9483,False,398.32,379.32
9959,9484,False,398.36,379.36
9960,9485,False,398.4,379.4
9961,9486,False,398.44,379.44
9962,9487,False,398.48,379.48
9963,9488,False,398.52,379.52
9964,9489,False,398.56,379.56
9965,9490,False,398.6,379.6
9966,9491,False,398.64,379.64
9967,9492,False,398.68,379.68
9968,9493,False,398.72,379.72
9969,9494,False,398.76,379.76
9970,9495,False,398.8,379.8
9971,9496,False,398.84,379.84
9972,9497,False,398.88,379.88
9973,9498,False,398.92,379.92
9974,9499,False,398.96,379.96
9975,9500,False,399.0,380.0
9976,9501,False,399.04,380.04
9977,9502,False,399.08,380.08
9978,9503,False,399.12,380.12
9979,9504,False,399.16,380.16
9980,9505,False,399.2,380.2
9981,9506,False,399.24,380.24
9982,9507,False,399.28,380.28
9983,9508,False,399.32,380.32
9984,9509,False,399.36,380.36
9985,9510,False,399.4,380.4
9986,9511,False,399.44,380.44
9987,9512,False,399.48,380.48
9988,9513,False,399.52,380.52
9989,9514,False,399.56,380.56
9990,9515,False,399.6,380.6
9991,9516,False,399.64,380.64
9992,9517,False,399.68,380.68
9993,9518,False,399.72,380.72
9994,9519,False,399.76,380.76
9995,9520,False,399.8,380.8
9996,9521,False,399.84,380.84
9997,9522,False,399.88,380.88
9998,9523,False,399.92,380.92
9999,9524,False,399.96,380.96
10000,9525,False,400.0,381.0
10001,9526,False,400.04,381.04
10002,9527,False,400.08,381.08
10003,9528,False,400.12,381.12
10004,9529,False,400.16,381.16
10005,9530,False,400.2,381.2
10006,9531,False,400.24,381.24
10007,9532,False,400.28,381.28
10008,9533,False,400.32,381.32
10009,9534,False,400.36,381.36
10010,9535,False,400.4,381.4
10011,9536,False,400.44,381.44
10012,9537,False,400.48,381.48
10013,9538,False,400.52,381.52
10014,9539,False,400.56,381.56
10015,9540,False,400.6,381.6
10016,9541,False,400.64,381.64
10017,9542,False,400.68,381.68
10018,9543,False,400.72,381.72
10019,9544,False,400.76,381.76
10020,9545,False,400.8,381.8
10021,9546,False,400.84,381.84
10022,9547,False,400.88,381.88
10023,9548,False,400.92,381.92
10024,9549,False,400.96,381.96
10025,9550,False,401.0,382.0
10026,9551,False,401.04,382.04
10027,9552,False,401.08,382.08
10028,9553,False,401.12,382.12
10029,9554,False,401.16,382.16
10030,9555,False,401.2,382.2
10031,9556,False,401.24,382.24
10032,9557,False,401.28,382.28
10033,9558,False,401.32,382.32
10034,9559,False,401.36,382.36
10035,9560,False,401.4,382.4
10036,9561,False,401.44,382.44
10037,9562,False,401.48,382.48
10038,9563,False,401.52,382.52
10039,9564,False,401.56,382.56
10040,9565,False,401.6,382.6
10041,9566,False,401.64,382.64
10042,9567,False,401.68,382.68
10043,9568,False,401.72,382.72
10044,9569,False,401.76,382.76
10045,9570,False,401.8,382.8
10046,9571,False,401.84,382.84
10047,9572,False,401.88,382.88
10048,9573,False,401.92,382.92
10049,9574,False,401.96,382.96
10050,9575,False,402.0,383.0
10051,9576,False,402.04,383.04
10052,9577,False,402.08,383.08
10053,9578,False,402.12,383.12
10054,9579,False,402.16,383.16
10055,9580,False,402.2,383.2
10056,9581,False,402.24,383.24
10057,9582,False,402.28,383.28
10058,9583,False,402.32,383.32
10059,9584,False,402.36,383.36
10060,9585,False,402.4,383.4
10061,9586,False,402.44,383.44
10062,9587,False,402.48,383.48
10063,9588,False,402.52,383.52
10064,9589,False,402.56,383.56
10065,9590,False,402.6,383.6
10066,9591,False,402.64,383.64
10067,9592,False,402.68,383.68
10068,9593,False,402.72,383.72
10069,9594,False,402.76,383.76
10070,9595,False,402.8,383.8
10071,9596,False,402.84,383.84
10072,9597,False,402.88,383.88
10073,9598,False,402.92,383.92
10074,9599,False,402.96,383.96
10075,9600,False,403.0,384.0
10076,9601,False,403.04,384.04
10077,9602,False,403.08,384.08
10078,9603,False,403.12,384.12
10079,9604,False,403.16,384.16
10080,9605,False,403.2,384.2
10081,9606,False,403.24,384.24
10082,9607,False,403.28,384.28
10083,9608,False,403.32,384.32
10084,9609,False,403.36,384.36
10085,9610,False,403.4,384.4
10086,9611,False,403.44,384.44
10087,9612,False,403.48,384.48
10088,9613,False,403.52,384.52
10089,9614,False,403.56,384.56
10090,9615,False,403.6,384.6
10091,9616,False,403.64,384.64
10092,9617,False,403.68,384.68
10093,9618,False,403.72,384.72
10094,9619,False,403.76,384.76
10095,9620,False,403.8,384.8
10096,9621,False,403.84,384.84
10097,9622,False,403.88,384.88
10098,9623,False,403.92,384.92
10099,9624,False,403.96,384.96
10100,9625,False,404.0,385.0
10101,9626,False,404.04,385.04
10102,9627,False,404.08,385.08
10103,9628,False,404.12,385.12
10104,9629,False,404.16,385.16
10105,9630,False,404.2,385.2
10106,9631,False,404.24,385.24
10107,9632,False,404.28,385.28
10108,9633,False,404.32,385.32
10109,9634,False,404.36,385.36
10110,9635,False,404.4,385.4
10111,9636,False,404.44,385.44
10112,9637,False,404.48,385.48
10113,9638,False,404.52,385.52
10114,9639,False,404.56,385.56
10115,9640,False,404.6,385.6
10116,9641,False,404.64,385.64
10117,9642,False,404.68,385.68
10118,9643,False,404.72,385.72
10119,9644,False,404.76,385.76
10120,9645,False,404.8,385.8
10121,9646,False,404.84,385.84
10122,9647,False,404.88,385.88
10123,9648,False,404.92,385.92
10124,9649,False,404.96,385.96
10125,9650,False,405.0,386.0
10126,9651,False,405.04,386.04
10127,9652,False,405.08,386.08
10128,9653,False,405.12,386.12
10129,9654,False,405.16,386.16
10130,9655,False,405.2,386.2
10131,9656,False,405.24,386.24
10132,9657,False,405.28,386.28
10133,9658,False,405.32,386.32
10134,9659,False,405.36,386.36
10135,9660,False,405.4,386.4
10136,9661,False,405.44,386.44
10137,9662,False,405.48,386.48
10138,9663,False,405.52,386.52
10139,9664,False,405.56,386.56
10140,9665,False,405.6,386.6
10141,9666,False,405.64,386.64
10142,9667,False,405.68,386.68
10143,9668,False,405.72,386.72
10144,9669,False,405.76,386.76
10145,9670,False,405.8,386.8
10146,9671,False,405.84,386.84
10147,9672,False,405.88,386.88
10148,9673,False,405.92,386.92
10149,9674,False,405.96,386.96
10150,9675,False,406.0,387.0
10151,9676,False,406.04,387.04
10152,9677,False,406.08,387.08
10153,9678,False,406.12,387.12
10154,9679,False,406.16,387.16
10155,9680,False,406.2,387.2
10156,9681,False,406.24,387.24
10157,9682,False,406.28,387.28
10158,9683,False,406.32,387.32
10159,9684,False,406.36,387.36
10160,9685,False,406.4,387.4
10161,9686,False,406.44,387.44
10162,9687,False,406.48,387.48
10163,9688,False,406.52,387.52
10164,9689,False,406.56,387.56
10165,9690,False,406.6,387.6
10166,9691,False,406.64,387.64
10167,9692,False,406.68,387.68
10168,9693,False,406.72,387.72
10169,9694,False,406.76,387.76
10170,9695,False,406.8,387.8
10171,9696,False,406.84,387.84
10172,9697,False,406.88,387.88
10173,9698,False,406.92,387.92
10174,9699,False,406.96,387.96
10175,9700,False,407.0,388.0
10176,9701,False,407.04,388.04
10177,9702,False,407.08,388.08
10178,9703,False,407.12,388.12
10179,9704,False,407.16,388.16
10180,9705,False,407.2,388.2
10181,9706,False,407.24,388.24
10182,9707,False,407.28,388.28
10183,9708,False,407.32,388.32
10184,9709,False,407.36,388.36
10185,9710,False,407.4,388.4
10186,9711,False,407.44,388.44
10187,9712,False,407.48,388.48
10188,9713,False,407.52,388.52
10189,9714,False,407.56,388.56
10190,9715,False,407.6,388.6
10191,9716,False,407.64,388.64
10192,9717,False,407.68,388.68
10193,9718,False,407.72,388.72
10194,9719,False,407.76,388.76
10195,9720,False,407.8,388.8
10196,9721,False,407.84,388.84
10197,9722,False,407.88,388.88
10198,9723,False,407.92,388.92
10199,9724,False,407.96,388.96
10200,9725,False,408.0,389.0
10201,9726,False,408.04,389.04
10202,9727,False,408.08,389.08
10203,9728,False,408.12,389.12
10204,9729,False,408.16,389.16
10205,9730,False,408.2,389.2
10206,9731,False,408.24,389.24
10207,9732,False,408.28,389.28
10208,9733,False,408.32,389.32
10209,9734,False,408.36,389.36
10210,9735,False,408.4,389.4
10211,9736,False,408.44,389.44
10212,9737,False,408.48,389.48
10213,9738,False,408.52,389.52
10214,9739,False,408.56,389.56
10215,9740,False,408.6,389.6
10216,9741,False,408.64,389.64
10217,9742,False,408.68,389.68
10218,9743,False,408.72,389.72
10219,9744,False,408.76,389.76
10220,9745,False,408.8,389.8
10221,9746,False,408.84,389.84
10222,9747,False,408.88,389.88
10223,9748,False,408.92,389.92
10224,9749,False,408.96,389.96
10225,9750,False,409.0,390.0
10226,9751,False,409.04,390.04
10227,9752,False,409.08,390.08
10228,9753,False,409.12,390.12
10229,9754,False,409.16,390.16
10230,9755,False,409.2,390.2
10231,9756,False,409.24,390.24
10232,9757,False,409.28,390.28
10233,9758,False,409.32,390.32
10234,9759,False,409.36,390.36
10235,9760,False,409.4,390.4
10236,9761,False,409.44,390.44
10237,9762,False,409.48,390.48
10238,9763,False,409.52,390.52
10239,9764,False,409.56,390.56
10240,9765,False,409.6,390.6
10241,9766,False,409.64,390.64
10242,9767,False,409.68,390.68
10243,9768,False,409.72,390.72
10244,9769,False,409.76,390.76
10245,9770,False,409.8,390.8
10246,9771,False,409.84,390.84
10247,9772,False,409.88,390.88
10248,9773,False,409.92,390.92
10249,9774,False,409.96,390.96
10250,9775,False,410.0,391.0
10251,9776,False,410.04,391.04
10252,9777,False,410.08,391.08
10253,9778,False,410.12,391.12
10254,9779,False,410.16,391.16
10255,9780,False,410.2,391.2
10256,9781,False,410.24,391.24
10257,9782,False,410.28,391.28
10258,9783,False,410.32,391.32
10259,9784,False,410.36,391.36
10260,9785,False,410.4,391.4
10261,9786,False,410.44,391.44
10262,9787,False,410.48,391.48
10263,9788,False,410.52,391.52
10264,9789,False,410.56,391.56
10265,9790,False,410.6,391.6
10266,9791,False,410.64,391.64
10267,9792,False,410.68,391.68
10268,9793,False,410.72,391.72
10269,9794,False,410.76,391.76
10270,9795,False,410.8,391.8
10271,9796,False,410.84,391.84
10272,9797,False,410.88,391.88
10273,9798,False,410.92,391.92
10274,9799,False,410.96,391.96
10275,9800,False,411.0,392.0
10276,9801,False,411.04,392.04
10277,9802,False,411.08,392.08
10278,9803,False,411.12,392.12
10279,9804,False,411.16,392.16
10280,9805,False,411.2,392.2
10281,9806,False,411.24,392.24
10282,9807,False,411.28,392.28
10283,9808,False,411.32,392.32
10284,9809,False,411.36,392.36
10285,9810,False,411.4,392.4
10286,9811,False,411.44,392.44
10287,9812,False,411.48,392.48
10288,9813,False,411.52,392.52
10289,9814,False,411.56,392.56
10290,9815,False,411.6,392.6
10291,9816,False,411.64,392.64
10292,9817,False,411.68,392.68
10293,9818,False,411.72,392.72
10294,9819,False,411.76,392.76
10295,9820,False,411.8,392.8
10296,9821,False,411.84,392.84
10297,9822,False,411.88,392.88
10298,9823,False,411.92,392.92
10299,9824,False,411.96,392.96
10300,9825,False,412.0,393.0
10301,9826,False,412.04,393.04
10302,9827,False,412.08,393.08
10303,9828,False,412.12,393.12
10304,9829,False,412.16,393.16
10305,9830,False,412.2,393.2
10306,9831,False,412.24,393.24
10307,9832,False,412.28,393.28
10308,9833,False,412.32,393.32
10309,9834,False,412.36,393.36
10310,9835,False,412.4,393.4
10311,9836,False,412.44,393.44
10312,9837,False,412.48,393.48
10313,9838,False,412.52,393.52
10314,9839,False,412.56,393.56
10315,9840,False,412.6,393.6
10316,9841,False,412.64,393.64
10317,9842,False,412.68,393.68
10318,9843,False,412.72,393.72
10319,9844,False,412.76,393.76
10320,9845,False,412.8,393.8
10321,9846,False,412.84,393.84
10322,9847,False,412.88,393.88
10323,9848,False,412.92,393.92
10324,9849,False,412.96,393.96
10325,9850,False,413.0,394.0
10326,9851,False,413.04,394.04
10327,9852,False,413.08,394.08
10328,9853,False,413.12,394.12
10329,9854,False,413.16,394.16
10330,9855,False,413.2,394.2
10331,9856,False,413.24,394.24
10332,9857,False,413.28,394.28
10333,9858,False,413.32,394.32
10334,9859,False,413.36,394.36
10335,9860,False,413.4,394.4
10336,9861,False,413.44,394.44
10337,9862,False,413.48,394.48
10338,9863,False,413.52,394.52
10339,9864,False,413.56,394.56
10340,9865,False,413.6,394.6
10341,9866,False,413.64,394.64
10342,9867,False,413.68,394.68
10343,9868,False,413.72,394.72
10344,9869,False,413.76,394.76
10345,9870,False,413.8,394.8
10346,9871,False,413.84,394.84
10347,9872,False,413.88,394.88
10348,9873,False,413.92,394.92
10349,9874,False,413.96,394.96
10350,9875,False,414.0,395.0
10351,9876,False,414.04,395.04
10352,9877,False,414.08,395.08
10353,9878,False,414.12,395.12
10354,9879,False,414.16,395.16
10355,9880,False,414.2,395.2
10356,9881,False,414.24,395.24
10357,9882,False,414.28,395.28
10358,9883,False,414.32,395.32
10359,9884,False,414.36,395.36
10360,9885,False,414.4,395.4
10361,9886,False,414.44,395.44
10362,9887,False,414.48,395.48
10363,9888,False,414.52,395.52
10364,9889,False,414.56,395.56
10365,9890,False,414.6,395.6
10366,9891,False,414.64,395.64
10367,9892,False,414.68,395.68
10368,9893,False,414.72,395.72
10369,9894,False,414.76,395.76
10370,9895,False,414.8,395.8
10371,9896,False,414.84,395.84
10372,9897,False,414.88,395.88
10373,9898,False,414.92,395.92
10374,9899,False,414.96,395.96
10375,9900,False,415.0,396.0
10376,9901,False,415.04,396.04
10377,9902,False,415.08,396.08
10378,9903,False,415.12,396.12
10379,9904,False,415.16,396.16
10380,9905,False,415.2,396.2
10381,9906,False,415.24,396.24
10382,9907,False,415.28,396.28
10383,9908,False,415.32,396.32
10384,9909,False,415.36,396.36
10385,9910,False,415.4,396.4
10386,9911,False,415.44,396.44
10387,9912,False,415.48,396.48
10388,9913,False,415.52,396.52
10389,9914,False,415.56,396.56
10390,9915,False,415.6,396.6
10391,9916,False,415.64,396.64
10392,9917,False,415.68,396.68
10393,9918,False,415.72,396.72
10394,9919,False,415.76,396.76
10395,9920,False,415.8,396.8
10396,9921,False,415.84,396.84
10397,9922,False,415.88,396.88
10398,9923,False,415.92,396.92
10399,9924,False,415.96,396.96
10400,9925,False,416.0,397.0
10401,9926,False,416.04,397.04
10402,9927,False,416.08,397.08
10403,9928,False,416.12,397.12
10404,9929,False,416.16,397.16
10405,9930,False,416.2,397.2
10406,9931,False,416.24,397.24
10407,9932,False,416.28,397.28
10408,9933,False,416.32,397.32
10409,9934,False,416.36,397.36
10410,9935,False,416.4,397.4
10411,9936,False,416.44,397.44
10412,9937,False,416.48,397.48
10413,9938,False,416.52,397.52
10414,9939,False,416.56,397.56
10415,9940,False,416.6,397.6
10416,9941,False,416.64,397.64
10417,9942,False,416.68,397.68
10418,9943,False,416.72,397.72
10419,9944,False,416.76,397.76
10420,9945,False,416.8,397.8
10421,9946,False,416.84,397.84
10422,9947,False,416.88,397.88
10423,9948,False,416.92,397.92
10424,9949,False,416.96,397.96
10425,9950,False,417.0,398.0
10426,9951,False,417.04,398.04
10427,9952,False,417.08,398.08
10428,9953,False,417.12,398.12
10429,9954,False,417.16,398.16
10430,9955,False,417.2,398.2
10431,9956,False,417.24,398.24
10432,9957,False,417.28,398.28
10433,9958,False,417.32,398.32
10434,9959,False,417.36,398.36
10435,9960,False,417.4,398.4
10436,9961,False,417.44,398.44
10437,9962,False,417.48,398.48
10438,9963,False,417.52,398.52
10439,9964,False,417.56,398.56
10440,9965,False,417.6,398.6
10441,9966,False,417.64,398.64
10442,9967,False,417.68,398.68
10443,9968,False,417.72,398.72
10444,9969,False,417.76,398.76
10445,9970,False,417.8,398.8
10446,9971,False,417.84,398.84
10447,9972,False,417.88,398.88
10448,9973,False,417.92,398.92
10449,9974,False,417.96,398.96
10450,9975,False,418.0,399.0
10451,9976,False,418.04,399.04
10452,9977,False,418.08,399.08
10453,9978,False,418.12,399.12
10454,9979,False,418.16,399.16
10455,9980,False,418.2,399.2
10456,9981,False,418.24,399.24
10457,9982,False,418.28,399.28
10458,9983,False,418.32,399.32
10459,9984,False,418.36,399.36
10460,9985,False,418.4,399.4
10461,9986,False,418.44,399.44
10462,9987,False,418.48,399.48
10463,9988,False,418.52,399.52
10464,9989,False,418.56,399.56
10465,9990,False,418.6,399.6
10466,9991,False,418.64,399.64
10467,9992,False,418.68,399.68
10468,9993,False,418.72,399.72
10469,9994,False,418.76,399.76
10470,9995,False,418.8,399.8
10471,9996,False,418.84,399.84
10472,9997,False,418.88,399.88
10473,9998,False,418.92,399.92
10474,9999,False,418.96,399.96
10475,10000,False,419.0,400.0
10476,10001,False,419.04,400.04
10477,10002,False,419.08,400.08
10478,10003,False,419.12,400.12
10479,10004,False,419.16,400.16
10480,10005,False,419.2,400.2
10481,10006,False,419.24,400.24
10482,10007,False,419.28,400.28
10483,10008,False,419.32,400.32
10484,10009,False,419.36,400.36
10485,10010,False,419.4,400.4
10486,10011,False,419.44,400.44
10487,10012,False,419.48,400.48
10488,10013,False,419.52,400.52
10489,10014,False,419.56,400.56
10490,10015,False,419.6,400.6
10491,10016,False,419.64,400.64
10492,10017,False,419.68,400.68
10493,10018,False,419.72,400.72
10494,10019,False,419.76,400.76
10495,10020,False,419.8,400.8
10496,10021,False,419.84,400.84
10497,10022,False,419.88,400.88
10498,10023,False,419.92,400.92
10499,10024,False,419.96,400.96
10500,10025,False,420.0,401.0
10501,10026,False,420.04,401.04
10502,10027,False,420.08,401.08
10503,10028,False,420.12,401.12
10504,10029,False,420.16,401.16
10505,10030,False,420.2,401.2
10506,10031,False,420.24,401.24
10507,10032,False,420.28,401.28
10508,10033,False,420.32,401.32
10509,10034,False,420.36,401.36
10510,10035,False,420.4,401.4
10511,10036,False,420.44,401.44
10512,10037,False,420.48,401.48
10513,10038,False,420.52,401.52
10514,10039,False,420.56,401.56
10515,10040,False,420.6,401.6
10516,10041,False,420.64,401.64
10517,10042,False,420.68,401.68
10518,10043,False,420.72,401.72
10519,10044,False,420.76,401.76
10520,10045,False,420.8,401.8
10521,10046,False,420.84,401.84
10522,10047,False,420.88,401.88
10523,10048,False,420.92,401.92
10524,10049,False,420.96,401.96
10525,10050,False,421.0,402.0
10526,10051,False,421.04,402.04
10527,10052,False,421.08,402.08
10528,10053,False,421.12,402.12
10529,10054,False,421.16,402.16
10530,10055,False,421.2,402.2
10531,10056,False,421.24,402.24
10532,10057,False,421.28,402.28
10533,10058,False,421.32,402.32
10534,10059,False,421.36,402.36
10535,10060,False,421.4,402.4
10536,10061,False,421.44,402.44
10537,10062,False,421.48,402.48
10538,10063,False,421.52,402.52
10539,10064,False,421.56,402.56
10540,10065,False,421.6,402.6
10541,10066,False,421.64,402.64
10542,10067,False,421.68,402.68
10543,10068,False,421.72,402.72
10544,10069,False,421.76,402.76
10545,10070,False,421.8,402.8
10546,10071,False,421.84,402.84
10547,10072,False,421.88,402.88
10548,10073,False,421.92,402.92
10549,10074,False,421.96,402.96
10550,10075,False,422.0,403.0
10551,10076,False,422.04,403.04
10552,10077,False,422.08,403.08
10553,10078,False,422.12,403.12
10554,10079,False,422.16,403.16
10555,10080,False,422.2,403.2
10556,10081,False,422.24,403.24
10557,10082,False,422.28,403.28
10558,10083,False,422.32,403.32
10559,10084,False,422.36,403.36
10560,10085,False,422.4,403.4
10561,10086,False,422.44,403.44
10562,10087,False,422.48,403.48
10563,10088,False,422.52,403.52
10564,10089,False,422.56,403.56
10565,10090,False,422.6,403.6
10566,10091,False,422.64,403.64
10567,10092,False,422.68,403.68
10568,10093,False,422.72,403.72
10569,10094,False,422.76,403.76
10570,10095,False,422.8,403.8
10571,10096,False,422.84,403.84
10572,10097,False,422.88,403.88
10573,10098,False,422.92,403.92
10574,10099,False,422.96,403.96
10575,10100,False,423.0,404.0
10576,10101,False,423.04,404.04
10577,10102,False,423.08,404.08
10578,10103,False,423.12,404.12
10579,10104,False,423.16,404.16
10580,10105,False,423.2,404.2
10581,10106,False,423.24,404.24
10582,10107,False,423.28,404.28
10583,10108,False,423.32,404.32
10584,10109,False,423.36,404.36
10585,10110,False,423.4,404.4
10586,10111,False,423.44,404.44
10587,10112,False,423.48,404.48
10588,10113,False,423.52,404.52
10589,10114,False,423.56,404.56
10590,10115,False,423.6,404.6
10591,10116,False,423.64,404.64
10592,10117,False,423.68,404.68
10593,10118,False,423.72,404.72
10594,10119,False,423.76,404.76
10595,10120,False,423.8,404.8
10596,10121,False,423.84,404.84
10597,10122,False,423.88,404.88
10598,10123,False,423.92,404.92
10599,10124,False,423.96,404.96
10600,10125,False,424.0,405.0
10601,10126,False,424.04,405.04
10602,10127,False,424.08,405.08
10603,10128,False,424.12,405.12
10604,10129,False,424.16,405.16
10605,10130,False,424.2,405.2
10606,10131,False,424.24,405.24
10607,10132,False,424.28,405.28
10608,10133,False,424.32,405.32
10609,10134,False,424.36,405.36
10610,10135,False,424.4,405.4
10611,10136,False,424.44,405.44
10612,10137,False,424.48,405.48
10613,10138,False,424.52,405.52
10614,10139,False,424.56,405.56
10615,10140,False,424.6,405.6
10616,10141,False,424.64,405.64
10617,10142,False,424.68,405.68
10618,10143,False,424.72,405.72
10619,10144,False,424.76,405.76
10620,10145,False,424.8,405.8
10621,10146,False,424.84,405.84
10622,10147,False,424.88,405.88
10623,10148,False,424.92,405.92
10624,10149,False,424.96,405.96
10625,10150,False,425.0,406.0
10626,10151,False,425.04,406.04
10627,10152,False,425.08,406.08
10628,10153,False,425.12,406.12
10629,10154,False,425.16,406.16
10630,10155,False,425.2,406.2
10631,10156,False,425.24,406.24
10632,10157,False,425.28,406.28
10633,10158,False,425.32,406.32
10634,10159,False,425.36,406.36
10635,10160,False,425.4,406.4
10636,10161,False,425.44,406.44
10637,10162,False,425.48,406.48
10638,10163,False,425.52,406.52
10639,10164,False,425.56,406.56
10640,10165,False,425.6,406.6
10641,10166,False,425.64,406.64
10642,10167,False,425.68,406.68
10643,10168,False,425.72,406.72
10644,10169,False,425.76,406.76
10645,10170,False,425.8,406.8
10646,10171,False,425.84,406.84
10647,10172,False,425.88,406.88
10648,10173,False,425.92,406.92
10649,10174,False,425.96,406.96
10650,10175,False,426.0,407.0
10651,10176,False,426.04,407.04
10652,10177,False,426.08,407.08
10653,10178,False,426.12,407.12
10654,10179,False,426.16,407.16
10655,10180,False,426.2,407.2
10656,10181,False,426.24,407.24
10657,10182,False,426.28,407.28
10658,10183,False,426.32,407.32
10659,10184,False,426.36,407.36
10660,10185,False,426.4,407.4
10661,10186,False,426.44,407.44
10662,10187,False,426.48,407.48
10663,10188,False,426.52,407.52
10664,10189,False,426.56,407.56
10665,10190,False,426.6,407.6
10666,10191,False,426.64,407.64
10667,10192,False,426.68,407.68
10668,10193,False,426.72,407.72
10669,10194,False,426.76,407.76
10670,10195,False,426.8,407.8
10671,10196,False,426.84,407.84
10672,10197,False,426.88,407.88
10673,10198,False,426.92,407.92
10674,10199,False,426.96,407.96
10675,10200,False,427.0,408.0
10676,10201,False,427.04,408.04
10677,10202,False,427.08,408.08
10678,10203,False,427.12,408.12
10679,10204,False,427.16,408.16
10680,10205,False,427.2,408.2
10681,10206,False,427.24,408.24
10682,10207,False,427.28,408.28
10683,10208,False,427.32,408.32
10684,10209,False,427.36,408.36
10685,10210,False,427.4,408.4
10686,10211,False,427.44,408.44
10687,10212,False,427.48,408.48
10688,10213,False,427.52,408.52
10689,10214,False,427.56,408.56
10690,10215,False,427.6,408.6
10691,10216,False,427.64,408.64
10692,10217,False,427.68,408.68
10693,10218,False,427.72,408.72
10694,10219,False,427.76,408.76
10695,10220,False,427.8,408.8
10696,10221,False,427.84,408.84
10697,10222,False,427.88,408.88
10698,10223,False,427.92,408.92
10699,10224,False,427.96,408.96
10700,10225,False,428.0,409.0
10701,10226,False,428.04,409.04
10702,10227,False,428.08,409.08
10703,10228,False,428.12,409.12
10704,10229,False,428.16,409.16
10705,10230,False,428.2,409.2
10706,10231,False,428.24,409.24
10707,10232,False,428.28,409.28
10708,10233,False,428.32,409.32
10709,10234,False,428.36,409.36
10710,10235,False,428.4,409.4
10711,10236,False,428.44,409.44
10712,10237,False,428.48,409.48
10713,10238,False,428.52,409.52
10714,10239,False,428.56,409.56
10715,10240,False,428.6,409.6
10716,10241,False,428.64,409.64
10717,10242,False,428.68,409.68
10718,10243,False,428.72,409.72
10719,10244,False,428.76,409.76
10720,10245,False,428.8,409.8
10721,10246,False,428.84,409.84
10722,10247,False,428.88,409.88
10723,10248,False,428.92,409.92
10724,10249,False,428.96,409.96
10725,10250,False,429.0,410.0
10726,10251,False,429.04,410.04
10727,10252,False,429.08,410.08
10728,10253,False,429.12,410.12
10729,10254,False,429.16,410.16
10730,10255,False,429.2,410.2
10731,10256,False,429.24,410.24
10732,10257,False,429.28,410.28
10733,10258,False,429.32,410.32
10734,10259,False,429.36,410.36
10735,10260,False,429.4,410.4
10736,10261,False,429.44,410.44
10737,10262,False,429.48,410.48
10738,10263,False,429.52,410.52
10739,10264,False,429.56,410.56
10740,10265,False,429.6,410.6
10741,10266,False,429.64,410.64
10742,10267,False,429.68,410.68
10743,10268,False,429.72,410.72
10744,10269,False,429.76,410.76
10745,10270,False,429.8,410.8
10746,10271,False,429.84,410.84
10747,10272,False,429.88,410.88
10748,10273,False,429.92,410.92
10749,10274,False,429.96,410.96
10750,10275,False,430.0,411.0
10751,10276,False,430.04,411.04
10752,10277,False,430.08,411.08
10753,10278,False,430.12,411.12
10754,10279,False,430.16,411.16
10755,10280,False,430.2,411.2
10756,10281,False,430.24,411.24
10757,10282,False,430.28,411.28
10758,10283,False,430.32,411.32
10759,10284,False,430.36,411.36
10760,10285,False,430.4,411.4
10761,10286,False,430.44,411.44
10762,10287,False,430.48,411.48
10763,10288,False,430.52,411.52
10764,10289,False,430.56,411.56
10765,10290,False,430.6,411.6
10766,10291,False,430.64,411.64
10767,10292,False,430.68,411.68
10768,10293,False,430.72,411.72
10769,10294,False,430.76,411.76
10770,10295,False,430.8,411.8
10771,10296,False,430.84,411.84
10772,10297,False,430.88,411.88
10773,10298,False,430.92,411.92
10774,10299,False,430.96,411.96
10775,10300,False,431.0,412.0
10776,10301,False,431.04,412.04
10777,10302,False,431.08,412.08
10778,10303,False,431.12,412.12
10779,10304,False,431.16,412.16
10780,10305,False,431.2,412.2
10781,10306,False,431.24,412.24
10782,10307,False,431.28,412.28
10783,10308,False,431.32,412.32
10784,10309,False,431.36,412.36
10785,10310,False,431.4,412.4
10786,10311,False,431.44,412.44
10787,10312,False,431.48,412.48
10788,10313,False,431.52,412.52
10789,10314,False,431.56,412.56
10790,10315,False,431.6,412.6
10791,10316,False,431.64,412.64
10792,10317,False,431.68,412.68
10793,10318,False,431.72,412.72
10794,10319,False,431.76,412.76
10795,10320,False,431.8,412.8
10796,10321,False,431.84,412.84
10797,10322,False,431.88,412.88
10798,10323,False,431.92,412.92
10799,10324,False,431.96,412.96
10800,10325,False,432.0,413.0
10801,10326,False,432.04,413.04
10802,10327,False,432.08,413.08
10803,10328,False,432.12,413.12
10804,10329,False,432.16,413.16
10805,10330,False,432.2,413.2
10806,10331,False,432.24,413.24
10807,10332,False,432.28,413.28
10808,10333,False,432.32,413.32
10809,10334,False,432.36,413.36
10810,10335,False,432.4,413.4
10811,10336,False,432.44,413.44
10812,10337,False,432.48,413.48
10813,10338,False,432.52,413.52
10814,10339,False,432.56,413.56
10815,10340,False,432.6,413.6
10816,10341,False,432.64,413.64
10817,10342,False,432.68,413.68
10818,10343,False,432.72,413.72
10819,10344,False,432.76,413.76
10820,10345,False,432.8,413.8
10821,10346,False,432.84,413.84
10822,10347,False,432.88,413.88
10823,10348,False,432.92,413.92
10824,10349,False,432.96,413.96
10825,10350,False,433.0,414.0
10826,10351,False,433.04,414.04
10827,10352,False,433.08,414.08
10828,10353,False,433.12,414.12
10829,10354,False,433.16,414.16
10830,10355,False,433.2,414.2
10831,10356,False,433.24,414.24
10832,10357,False,433.28,414.28
10833,10358,False,433.32,414.32
10834,10359,False,433.36,414.36
10835,10360,False,433.4,414.4
10836,10361,False,433.44,414.44
10837,10362,False,433.48,414.48
10838,10363,False,433.52,414.52
10839,10364,False,433.56,414.56
10840,10365,False,433.6,414.6
10841,10366,False,433.64,414.64
10842,10367,False,433.68,414.68
10843,10368,False,433.72,414.72
10844,10369,False,433.76,414.76
10845,10370,False,433.8,414.8
10846,10371,False,433.84,414.84
10847,10372,False,433.88,414.88
10848,10373,False,433.92,414.92
10849,10374,False,433.96,414.96
10850,10375,False,434.0,415.0
10851,10376,False,434.04,415.04
10852,10377,False,434.08,415.08
10853,10378,False,434.12,415.12
10854,10379,False,434.16,415.16
10855,10380,False,434.2,415.2
10856,10381,False,434.24,415.24
10857,10382,False,434.28,415.28
10858,10383,False,434.32,415.32
10859,10384,False,434.36,415.36
10860,10385,False,434.4,415.4
10861,10386,False,434.44,415.44
10862,10387,False,434.48,415.48
10863,10388,False,434.52,415.52
10864,10389,False,434.56,415.56
10865,10390,False,434.6,415.6
10866,10391,False,434.64,415.64
10867,10392,False,434.68,415.68
10868,10393,False,434.72,415.72
10869,10394,False,434.76,415.76
10870,10395,False,434.8,415.8
10871,10396,False,434.84,415.84
10872,10397,False,434.88,415.88
10873,10398,False,434.92,415.92
10874,10399,False,434.96,415.96
10875,10400,False,435.0,416.0
10876,10401,False,435.04,416.04
10877,10402,False,435.08,416.08
10878,10403,False,435.12,416.12
10879,10404,False,435.16,416.16
10880,10405,False,435.2,416.2
10881,10406,False,435.24,416.24
10882,10407,False,435.28,416.28
10883,10408,False,435.32,416.32
10884,10409,False,435.36,416.36
10885,10410,False,435.4,416.4
10886,10411,False,435.44,416.44
10887,10412,False,435.48,416.48
10888,10413,False,435.52,416.52
10889,10414,False,435.56,416.56
10890,10415,False,435.6,416.6
10891,10416,False,435.64,416.64
10892,10417,False,435.68,416.68
10893,10418,False,435.72,416.72
10894,10419,False,435.76,416.76
10895,10420,False,435.8,416.8
10896,10421,False,435.84,416.84
10897,10422,False,435.88,416.88
10898,10423,False,435.92,416.92
10899,10424,False,435.96,416.96
10900,10425,False,436.0,417.0
10901,10426,False,436.04,417.04
10902,10427,False,436.08,417.08
10903,10428,False,436.12,417.12
10904,10429,False,436.16,417.16
10905,10430,False,436.2,417.2
10906,10431,False,436.24,417.24
10907,10432,False,436.28,417.28
10908,10433,False,436.32,417.32
10909,10434,False,436.36,417.36
10910,10435,False,436.4,417.4
10911,10436,False,436.44,417.44
10912,10437,False,436.48,417.48
10913,10438,False,436.52,417.52
10914,10439,False,436.56,417.56
10915,10440,False,436.6,417.6
10916,10441,False,436.64,417.64
10917,10442,False,436.68,417.68
10918,10443,False,436.72,417.72
10919,10444,False,436.76,417.76
10920,10445,False,436.8,417.8
10921,10446,False,436.84,417.84
10922,10447,False,436.88,417.88
10923,10448,False,436.92,417.92
10924,10449,False,436.96,417.96
10925,10450,False,437.0,418.0
10926,10451,False,437.04,418.04
10927,10452,False,437.08,418.08
10928,10453,False,437.12,418.12
10929,10454,False,437.16,418.16
10930,10455,False,437.2,418.2
10931,10456,False,437.24,418.24
10932,10457,False,437.28,418.28
10933,10458,False,437.32,418.32
10934,10459,False,437.36,418.36
10935,10460,False,437.4,418.4
10936,10461,False,437.44,418.44
10937,10462,False,437.48,418.48
10938,10463,False,437.52,418.52
10939,10464,False,437.56,418.56
10940,10465,False,437.6,418.6
10941,10466,False,437.64,418.64
10942,10467,False,437.68,418.68
10943,10468,False,437.72,418.72
10944,10469,False,437.76,418.76
10945,10470,False,437.8,418.8
10946,10471,False,437.84,418.84
10947,10472,False,437.88,418.88
10948,10473,False,437.92,418.92
10949,10474,False,437.96,418.96
10950,10475,False,438.0,419.0
10951,10476,False,438.04,419.04
10952,10477,False,438.08,419.08
10953,10478,False,438.12,419.12
10954,10479,False,438.16,419.16
10955,10480,False,438.2,419.2
10956,10481,False,438.24,419.24
10957,10482,False,438.28,419.28
10958,10483,False,438.32,419.32
10959,10484,False,438.36,419.36
10960,10485,False,438.4,419.4
10961,10486,False,438.44,419.44
10962,10487,False,438.48,419.48
10963,10488,False,438.52,419.52
10964,10489,False,438.56,419.56
10965,10490,False,438.6,419.6
10966,10491,False,438.64,419.64
10967,10492,False,438.68,419.68
10968,10493,False,438.72,419.72
10969,10494,False,438.76,419.76
10970,10495,False,438.8,419.8
10971,10496,False,438.84,419.84
10972,10497,False,438.88,419.88
10973,10498,False,438.92,419.92
10974,10499,False,438.96,419.96
10975,10500,False,439.0,420.0
10976,10501,False,439.04,420.04
10977,10502,False,439.08,420.08
10978,10503,False,439.12,420.12
10979,10504,False,439.16,420.16
10980,10505,False,439.2,420.2
10981,10506,False,439.24,420.24
10982,10507,False,439.28,420.28
10983,10508,False,439.32,420.32
10984,10509,False,439.36,420.36
10985,10510,False,439.4,420.4
10986,10511,False,439.44,420.44
10987,10512,False,439.48,420.48
10988,10513,False,439.52,420.52
10989,10514,False,439.56,420.56
10990,10515,False,439.6,420.6
10991,10516,False,439.64,420.64
10992,10517,False,439.68,420.68
10993,10518,False,439.72,420.72
10994,10519,False,439.76,420.76
10995,10520,False,439.8,420.8
10996,10521,False,439.84,420.84
10997,10522,False,439.88,420.88
10998,10523,False,439.92,420.92
10999,10524,False,439.96,420.96
11000,10525,False,440.0,421.0
11001,10526,False,440.04,421.04
11002,10527,False,440.08,421.08
11003,10528,False,440.12,421.12
11004,10529,False,440.16,421.16
11005,10530,False,440.2,421.2
11006,10531,False,440.24,421.24
11007,10532,False,440.28,421.28
11008,10533,False,440.32,421.32
11009,10534,False,440.36,421.36
11010,10535,False,440.4,421.4
11011,10536,False,440.44,421.44
11012,10537,False,440.48,421.48
11013,10538,False,440.52,421.52
11014,10539,False,440.56,421.56
11015,10540,False,440.6,421.6
11016,10541,False,440.64,421.64
11017,10542,False,440.68,421.68
11018,10543,False,440.72,421.72
11019,10544,False,440.76,421.76
11020,10545,False,440.8,421.8
11021,10546,False,440.84,421.84
11022,10547,False,440.88,421.88
11023,10548,False,440.92,421.92
11024,10549,False,440.96,421.96
11025,10550,False,441.0,422.0
11026,10551,False,441.04,422.04
11027,10552,False,441.08,422.08
11028,10553,False,441.12,422.12
11029,10554,False,441.16,422.16
11030,10555,False,441.2,422.2
11031,10556,False,441.24,422.24
11032,10557,False,441.28,422.28
11033,10558,False,441.32,422.32
11034,10559,False,441.36,422.36
11035,10560,False,441.4,422.4
11036,10561,False,441.44,422.44
11037,10562,False,441.48,422.48
11038,10563,False,441.52,422.52
11039,10564,False,441.56,422.56
11040,10565,False,441.6,422.6
11041,10566,False,441.64,422.64
11042,10567,False,441.68,422.68
11043,10568,False,441.72,422.72
11044,10569,False,441.76,422.76
11045,10570,False,441.8,422.8
11046,10571,False,441.84,422.84
11047,10572,False,441.88,422.88
11048,10573,False,441.92,422.92
11049,10574,False,441.96,422.96
11050,10575,False,442.0,423.0
11051,10576,False,442.04,423.04
11052,10577,False,442.08,423.08
11053,10578,False,442.12,423.12
11054,10579,False,442.16,423.16
11055,10580,False,442.2,423.2
11056,10581,False,442.24,423.24
11057,10582,False,442.28,423.28
11058,10583,False,442.32,423.32
11059,10584,False,442.36,423.36
11060,10585,False,442.4,423.4
11061,10586,False,442.44,423.44
11062,10587,False,442.48,423.48
11063,10588,False,442.52,423.52
11064,10589,False,442.56,423.56
11065,10590,False,442.6,423.6
11066,10591,False,442.64,423.64
11067,10592,False,442.68,423.68
11068,10593,False,442.72,423.72
11069,10594,False,442.76,423.76
11070,10595,False,442.8,423.8
11071,10596,False,442.84,423.84
11072,10597,False,442.88,423.88
11073,10598,False,442.92,423.92
11074,10599,False,442.96,423.96
11075,10600,False,443.0,424.0
11076,10601,False,443.04,424.04
11077,10602,False,443.08,424.08
11078,10603,False,443.12,424.12
11079,10604,False,443.16,424.16
11080,10605,False,443.2,424.2
11081,10606,False,443.24,424.24
11082,10607,False,443.28,424.28
11083,10608,False,443.32,424.32
11084,10609,False,443.36,424.36
11085,10610,False,443.4,424.4
11086,10611,False,443.44,424.44
11087,10612,False,443.48,424.48
11088,10613,False,443.52,424.52
11089,10614,False,443.56,424.56
11090,10615,False,443.6,424.6
11091,10616,False,443.64,424.64
11092,10617,False,443.68,424.68
11093,10618,False,443.72,424.72
11094,10619,False,443.76,424.76
11095,10620,False,443.8,424.8
11096,10621,False,443.84,424.84
11097,10622,False,443.88,424.88
11098,10623,False,443.92,424.92
11099,10624,False,443.96,424.96
11100,10625,False,444.0,425.0
11101,10626,False,444.04,425.04
11102,10627,False,444.08,425.08
11103,10628,False,444.12,425.12
11104,10629,False,444.16,425.16
11105,10630,False,444.2,425.2
11106,10631,False,444.24,425.24
11107,10632,False,444.28,425.28
11108,10633,False,444.32,425.32
11109,10634,False,444.36,425.36
11110,10635,False,444.4,425.4
11111,10636,False,444.44,425.44
11112,10637,False,444.48,425.48
11113,10638,False,444.52,425.52
11114,10639,False,444.56,425.56
11115,10640,False,444.6,425.6
11116,10641,False,444.64,425.64
11117,10642,False,444.68,425.68
11118,10643,False,444.72,425.72
11119,10644,False,444.76,425.76
11120,10645,False,444.8,425.8
11121,10646,False,444.84,425.84
11122,10647,False,444.88,425.88
11123,10648,False,444.92,425.92
11124,10649,False,444.96,425.96
11125,10650,False,445.0,426.0
11126,10651,False,445.04,426.04
11127,10652,False,445.08,426.08
11128,10653,False,445.12,426.12
11129,10654,False,445.16,426.16
11130,10655,False,445.2,426.2
11131,10656,False,445.24,426.24
11132,10657,False,445.28,426.28
11133,10658,False,445.32,426.32
11134,10659,False,445.36,426.36
11135,10660,False,445.4,426.4
11136,10661,False,445.44,426.44
11137,10662,False,445.48,426.48
11138,10663,False,445.52,426.52
11139,10664,False,445.56,426.56
11140,10665,False,445.6,426.6
11141,10666,False,445.64,426.64
11142,10667,False,445.68,426.68
11143,10668,False,445.72,426.72
11144,10669,False,445.76,426.76
11145,10670,False,445.8,426.8
11146,10671,False,445.84,426.84
11147,10672,False,445.88,426.88
11148,10673,False,445.92,426.92
11149,10674,False,445.96,426.96
11150,10675,False,446.0,427.0
11151,10676,False,446.04,427.04
11152,10677,False,446.08,427.08
11153,10678,False,446.12,427.12
11154,10679,False,446.16,427.16
11155,10680,False,446.2,427.2
11156,10681,False,446.24,427.24
11157,10682,False,446.28,427.28
11158,10683,False,446.32,427.32
11159,10684,False,446.36,427.36
11160,10685,False,446.4,427.4
11161,10686,False,446.44,427.44
11162,10687,False,446.48,427.48
11163,10688,False,446.52,427.52
11164,10689,False,446.56,427.56
11165,10690,False,446.6,427.6
11166,10691,False,446.64,427.64
11167,10692,False,446.68,427.68
11168,10693,False,446.72,427.72
11169,10694,False,446.76,427.76
11170,10695,False,446.8,427.8
11171,10696,False,446.84,427.84
11172,10697,False,446.88,427.88
11173,10698,False,446.92,427.92
11174,10699,False,446.96,427.96
11175,10700,False,447.0,428.0
11176,10701,False,447.04,428.04
11177,10702,False,447.08,428.08
11178,10703,False,447.12,428.12
11179,10704,False,447.16,428.16
11180,10705,False,447.2,428.2
11181,10706,False,447.24,428.24
11182,10707,False,447.28,428.28
11183,10708,False,447.32,428.32
11184,10709,False,447.36,428.36
11185,10710,False,447.4,428.4
11186,10711,False,447.44,428.44
11187,10712,False,447.48,428.48
11188,10713,False,447.52,428.52
11189,10714,False,447.56,428.56
11190,10715,False,447.6,428.6
11191,10716,False,447.64,428.64
11192,10717,False,447.68,428.68
11193,10718,False,447.72,428.72
11194,10719,False,447.76,428.76
11195,10720,False,447.8,428.8
11196,10721,False,447.84,428.84
11197,10722,False,447.88,428.88
11198,10723,False,447.92,428.92
11199,10724,False,447.96,428.96
11200,10725,False,448.0,429.0
11201,10726,False,448.04,429.04
11202,10727,False,448.08,429.08
11203,10728,False,448.12,429.12
11204,10729,False,448.16,429.16
11205,10730,False,448.2,429.2
11206,10731,False,448.24,429.24
11207,10732,False,448.28,429.28
11208,10733,False,448.32,429.32
11209,10734,False,448.36,429.36
11210,10735,False,448.4,429.4
11211,10736,False,448.44,429.44
11212,10737,False,448.48,429.48
11213,10738,False,448.52,429.52
11214,10739,False,448.56,429.56
11215,10740,False,448.6,429.6
11216,10741,False,448.64,429.64
11217,10742,False,448.68,429.68
11218,10743,False,448.72,429.72
11219,10744,False,448.76,429.76
11220,10745,False,448.8,429.8
11221,10746,False,448.84,429.84
11222,10747,False,448.88,429.88
11223,10748,False,448.92,429.92
11224,10749,False,448.96,429.96
11225,10750,False,449.0,430.0
11226,10751,False,449.04,430.04
11227,10752,False,449.08,430.08
11228,10753,False,449.12,430.12
11229,10754,False,449.16,430.16
11230,10755,False,449.2,430.2
11231,10756,False,449.24,430.24
11232,10757,False,449.28,430.28
11233,10758,False,449.32,430.32
11234,10759,False,449.36,430.36
11235,10760,False,449.4,430.4
11236,10761,False,449.44,430.44
11237,10762,False,449.48,430.48
11238,10763,False,449.52,430.52
11239,10764,False,449.56,430.56
11240,10765,False,449.6,430.6
11241,10766,False,449.64,430.64
11242,10767,False,449.68,430.68
11243,10768,False,449.72,430.72
11244,10769,False,449.76,430.76
11245,10770,False,449.8,430.8
11246,10771,False,449.84,430.84
11247,10772,False,449.88,430.88
11248,10773,False,449.92,430.92
11249,10774,False,449.96,430.96
11250,10775,False,450.0,431.0
11251,10776,False,450.04,431.04
11252,10777,False,450.08,431.08
11253,10778,False,450.12,431.12
11254,10779,False,450.16,431.16
11255,10780,False,450.2,431.2
11256,10781,False,450.24,431.24
11257,10782,False,450.28,431.28
11258,10783,False,450.32,431.32
11259,10784,False,450.36,431.36
11260,10785,False,450.4,431.4
11261,10786,False,450.44,431.44
11262,10787,False,450.48,431.48
11263,10788,False,450.52,431.52
11264,10789,False,450.56,431.56
11265,10790,False,450.6,431.6
11266,10791,False,450.64,431.64
11267,10792,False,450.68,431.68
11268,10793,False,450.72,431.72
11269,10794,False,450.76,431.76
11270,10795,False,450.8,431.8
11271,10796,False,450.84,431.84
11272,10797,False,450.88,431.88
11273,10798,False,450.92,431.92
11274,10799,False,450.96,431.96
11275,10800,False,451.0,432.0
11276,10801,False,451.04,432.04
11277,10802,False,451.08,432.08
11278,10803,False,451.12,432.12
11279,10804,False,451.16,432.16
11280,10805,False,451.2,432.2
11281,10806,False,451.24,432.24
11282,10807,False,451.28,432.28
11283,10808,False,451.32,432.32
11284,10809,False,451.36,432.36
11285,10810,False,451.4,432.4
11286,10811,False,451.44,432.44
11287,10812,False,451.48,432.48
11288,10813,False,451.52,432.52
11289,10814,False,451.56,432.56
11290,10815,False,451.6,432.6
11291,10816,False,451.64,432.64
11292,10817,False,451.68,432.68
11293,10818,False,451.72,432.72
11294,10819,False,451.76,432.76
11295,10820,False,451.8,432.8
11296,10821,False,451.84,432.84
11297,10822,False,451.88,432.88
11298,10823,False,451.92,432.92
11299,10824,False,451.96,432.96
11300,10825,False,452.0,433.0
11301,10826,False,452.04,433.04
11302,10827,False,452.08,433.08
11303,10828,False,452.12,433.12
11304,10829,False,452.16,433.16
11305,10830,False,452.2,433.2
11306,10831,False,452.24,433.24
11307,10832,False,452.28,433.28
11308,10833,False,452.32,433.32
11309,10834,False,452.36,433.36
11310,10835,False,452.4,433.4
11311,10836,False,452.44,433.44
11312,10837,False,452.48,433.48
11313,10838,False,452.52,433.52
11314,10839,False,452.56,433.56
11315,10840,False,452.6,433.6
11316,10841,False,452.64,433.64
11317,10842,False,452.68,433.68
11318,10843,False,452.72,433.72
11319,10844,False,452.76,433.76
11320,10845,False,452.8,433.8
11321,10846,False,452.84,433.84
11322,10847,False,452.88,433.88
11323,10848,False,452.92,433.92
11324,10849,False,452.96,433.96
11325,10850,False,453.0,434.0
11326,10851,False,453.04,434.04
11327,10852,False,453.08,434.08
11328,10853,False,453.12,434.12
11329,10854,False,453.16,434.16
11330,10855,False,453.2,434.2
11331,10856,False,453.24,434.24
11332,10857,False,453.28,434.28
11333,10858,False,453.32,434.32
11334,10859,False,453.36,434.36
11335,10860,False,453.4,434.4
11336,10861,False,453.44,434.44
11337,10862,False,453.48,434.48
11338,10863,False,453.52,434.52
11339,10864,False,453.56,434.56
11340,10865,False,453.6,434.6
11341,10866,False,453.64,434.64
11342,10867,False,453.68,434.68
11343,10868,False,453.72,434.72
11344,10869,False,453.76,434.76
11345,10870,False,453.8,434.8
11346,10871,False,453.84,434.84
11347,10872,False,453.88,434.88
11348,10873,False,453.92,434.92
11349,10874,False,453.96,434.96
11350,10875,False,454.0,435.0
11351,10876,False,454.04,435.04
11352,10877,False,454.08,435.08
11353,10878,False,454.12,435.12
11354,10879,False,454.16,435.16
11355,10880,False,454.2,435.2
11356,10881,False,454.24,435.24
11357,10882,False,454.28,435.28
11358,10883,False,454.32,435.32
11359,10884,False,454.36,435.36
11360,10885,False,454.4,435.4
11361,10886,False,454.44,435.44
11362,10887,False,454.48,435.48
11363,10888,False,454.52,435.52
11364,10889,False,454.56,435.56
11365,10890,False,454.6,435.6
11366,10891,False,454.64,435.64
11367,10892,False,454.68,435.68
11368,10893,False,454.72,435.72
11369,10894,False,454.76,435.76
11370,10895,False,454.8,435.8
11371,10896,False,454.84,435.84
11372,10897,False,454.88,435.88
11373,10898,False,454.92,435.92
11374,10899,False,454.96,435.96
11375,10900,False,455.0,436.0
11376,10901,False,455.04,436.04
11377,10902,False,455.08,436.08
11378,10903,False,455.12,436.12
11379,10904,False,455.16,436.16
11380,10905,False,455.2,436.2
11381,10906,False,455.24,436.24
11382,10907,False,455.28,436.28
11383,10908,False,455.32,436.32
11384,10909,False,455.36,436.36
11385,10910,False,455.4,436.4
11386,10911,False,455.44,436.44
11387,10912,False,455.48,436.48
11388,10913,False,455.52,436.52
11389,10914,False,455.56,436.56
11390,10915,False,455.6,436.6
11391,10916,False,455.64,436.64
11392,10917,False,455.68,436.68
11393,10918,False,455.72,436.72
11394,10919,False,455.76,436.76
11395,10920,False,455.8,436.8
11396,10921,False,455.84,436.84
11397,10922,False,455.88,436.88
11398,10923,False,455.92,436.92
11399,10924,False,455.96,436.96
11400,10925,False,456.0,437.0
11401,10926,False,456.04,437.04
11402,10927,False,456.08,437.08
11403,10928,False,456.12,437.12
11404,10929,False,456.16,437.16
11405,10930,False,456.2,437.2
11406,10931,False,456.24,437.24
11407,10932,False,456.28,437.28
11408,10933,False,456.32,437.32
11409,10934,False,456.36,437.36
11410,10935,False,456.4,437.4
11411,10936,False,456.44,437.44
11412,10937,False,456.48,437.48
11413,10938,False,456.52,437.52
11414,10939,False,456.56,437.56
11415,10940,False,456.6,437.6
11416,10941,False,456.64,437.64
11417,10942,False,456.68,437.68
11418,10943,False,456.72,437.72
11419,10944,False,456.76,437.76
11420,10945,False,456.8,437.8
11421,10946,False,456.84,437.84
11422,10947,False,456.88,437.88
11423,10948,False,456.92,437.92
11424,10949,False,456.96,437.96
11425,10950,False,457.0,438.0
11426,10951,False,457.04,438.04
11427,10952,False,457.08,438.08
11428,10953,False,457.12,438.12
11429,10954,False,457.16,438.16
11430,10955,False,457.2,438.2
11431,10956,False,457.24,438.24
11432,10957,False,457.28,438.28
11433,10958,False,457.32,438.32
11434,10959,False,457.36,438.36
11435,10960,False,457.4,438.4
11436,10961,False,457.44,438.44
11437,10962,False,457.48,438.48
11438,10963,False,457.52,438.52
11439,10964,False,457.56,438.56
11440,10965,False,457.6,438.6
11441,10966,False,457.64,438.64
11442,10967,False,457.68,438.68
11443,10968,False,457.72,438.72
11444,10969,False,457.76,438.76
11445,10970,False,457.8,438.8
11446,10971,False,457.84,438.84
11447,10972,False,457.88,438.88
11448,10973,False,457.92,438.92
11449,10974,False,457.96,438.96
11450,10975,False,458.0,439.0
11451,10976,False,458.04,439.04
11452,10977,False,458.08,439.08
11453,10978,False,458.12,439.12
11454,10979,False,458.16,439.16
11455,10980,False,458.2,439.2
11456,10981,False,458.24,439.24
11457,10982,False,458.28,439.28
11458,10983,False,458.32,439.32
11459,10984,False,458.36,439.36
11460,10985,False,458.4,439.4
11461,10986,False,458.44,439.44
11462,10987,False,458.48,439.48
11463,10988,False,458.52,439.52
11464,10989,False,458.56,439.56
11465,10990,False,458.6,439.6
11466,10991,False,458.64,439.64
11467,10992,False,458.68,439.68
11468,10993,False,458.72,439.72
11469,10994,False,458.76,439.76
11470,10995,False,458.8,439.8
11471,10996,False,458.84,439.84
11472,10997,False,458.88,439.88
11473,10998,False,458.92,439.92
11474,10999,False,458.96,439.96
11475,11000,False,459.0,440.0
11476,11001,False,459.04,440.04
11477,11002,False,459.08,440.08
11478,11003,False,459.12,440.12
11479,11004,False,459.16,440.16
11480,11005,False,459.2,440.2
11481,11006,False,459.24,440.24
11482,11007,False,459.28,440.28
11483,11008,False,459.32,440.32
11484,11009,False,459.36,440.36
11485,11010,False,459.4,440.4
11486,11011,False,459.44,440.44
11487,11012,False,459.48,440.48
11488,11013,False,459.52,440.52
11489,11014,False,459.56,440.56
11490,11015,False,459.6,440.6
11491,11016,False,459.64,440.64
11492,11017,False,459.68,440.68
11493,11018,False,459.72,440.72
11494,11019,False,459.76,440.76
11495,11020,False,459.8,440.8
11496,11021,False,459.84,440.84
11497,11022,False,459.88,440.88
11498,11023,False,459.92,440.92
11499,11024,False,459.96,440.96
11500,11025,False,460.0,441.0
11501,11026,False,460.04,441.04
11502,11027,False,460.08,441.08
11503,11028,False,460.12,441.12
11504,11029,False,460.16,441.16
11505,11030,False,460.2,441.2
11506,11031,False,460.24,441.24
11507,11032,False,460.28,441.28
11508,11033,False,460.32,441.32
11509,11034,False,460.36,441.36
11510,11035,False,460.4,441.4
11511,11036,False,460.44,441.44
11512,11037,False,460.48,441.48
11513,11038,False,460.52,441.52
11514,11039,False,460.56,441.56
11515,11040,False,460.6,441.6
11516,11041,False,460.64,441.64
11517,11042,False,460.68,441.68
11518,11043,False,460.72,441.72
11519,11044,False,460.76,441.76
11520,11045,False,460.8,441.8
11521,11046,False,460.84,441.84
11522,11047,False,460.88,441.88
11523,11048,False,460.92,441.92
11524,11049,False,460.96,441.96
11525,11050,False,461.0,442.0
11526,11051,False,461.04,442.04
11527,11052,False,461.08,442.08
11528,11053,False,461.12,442.12
11529,11054,False,461.16,442.16
11530,11055,False,461.2,442.2
11531,11056,False,461.24,442.24
11532,11057,False,461.28,442.28
11533,11058,False,461.32,442.32
11534,11059,False,461.36,442.36
11535,11060,False,461.4,442.4
11536,11061,False,461.44,442.44
11537,11062,False,461.48,442.48
11538,11063,False,461.52,442.52
11539,11064,False,461.56,442.56
11540,11065,False,461.6,442.6
11541,11066,False,461.64,442.64
11542,11067,False,461.68,442.68
11543,11068,False,461.72,442.72
11544,11069,False,461.76,442.76
11545,11070,False,461.8,442.8
11546,11071,False,461.84,442.84
11547,11072,False,461.88,442.88
11548,11073,False,461.92,442.92
11549,11074,False,461.96,442.96
11550,11075,False,462.0,443.0
11551,11076,False,462.04,443.04
11552,11077,False,462.08,443.08
11553,11078,False,462.12,443.12
11554,11079,False,462.16,443.16
11555,11080,False,462.2,443.2
11556,11081,False,462.24,443.24
11557,11082,False,462.28,443.28
11558,11083,False,462.32,443.32
11559,11084,False,462.36,443.36
11560,11085,False,462.4,443.4
11561,11086,False,462.44,443.44
11562,11087,False,462.48,443.48
11563,11088,False,462.52,443.52
11564,11089,False,462.56,443.56
11565,11090,False,462.6,443.6
11566,11091,False,462.64,443.64
11567,11092,False,462.68,443.68
11568,11093,False,462.72,443.72
11569,11094,False,462.76,443.76
11570,11095,False,462.8,443.8
11571,11096,False,462.84,443.84
11572,11097,False,462.88,443.88
11573,11098,False,462.92,443.92
11574,11099,False,462.96,443.96
11575,11100,False,463.0,444.0
11576,11101,False,463.04,444.04
11577,11102,False,463.08,444.08
11578,11103,False,463.12,444.12
11579,11104,False,463.16,444.16
11580,11105,False,463.2,444.2
11581,11106,False,463.24,444.24
11582,11107,False,463.28,444.28
11583,11108,False,463.32,444.32
11584,11109,False,463.36,444.36
11585,11110,False,463.4,444.4
11586,11111,False,463.44,444.44
11587,11112,False,463.48,444.48
11588,11113,False,463.52,444.52
11589,11114,False,463.56,444.56
11590,11115,False,463.6,444.6
11591,11116,False,463.64,444.64
11592,11117,False,463.68,444.68
11593,11118,False,463.72,444.72
11594,11119,False,463.76,444.76
11595,11120,False,463.8,444.8
11596,11121,False,463.84,444.84
11597,11122,False,463.88,444.88
11598,11123,False,463.92,444.92
11599,11124,False,463.96,444.96
11600,11125,False,464.0,445.0
11601,11126,False,464.04,445.04
11602,11127,False,464.08,445.08
11603,11128,False,464.12,445.12
11604,11129,False,464.16,445.16
11605,11130,False,464.2,445.2
11606,11131,False,464.24,445.24
11607,11132,False,464.28,445.28
11608,11133,False,464.32,445.32
11609,11134,False,464.36,445.36
11610,11135,False,464.4,445.4
11611,11136,False,464.44,445.44
11612,11137,False,464.48,445.48
11613,11138,False,464.52,445.52
11614,11139,False,464.56,445.56
11615,11140,False,464.6,445.6
11616,11141,False,464.64,445.64
11617,11142,False,464.68,445.68
11618,11143,False,464.72,445.72
11619,11144,False,464.76,445.76
11620,11145,False,464.8,445.8
11621,11146,False,464.84,445.84
11622,11147,False,464.88,445.88
11623,11148,False,464.92,445.92
11624,11149,False,464.96,445.96
11625,11150,False,465.0,446.0
11626,11151,False,465.04,446.04
11627,11152,False,465.08,446.08
11628,11153,False,465.12,446.12
11629,11154,False,465.16,446.16
11630,11155,False,465.2,446.2
11631,11156,False,465.24,446.24
11632,11157,False,465.28,446.28
11633,11158,False,465.32,446.32
11634,11159,False,465.36,446.36
11635,11160,False,465.4,446.4
11636,11161,False,465.44,446.44
11637,11162,False,465.48,446.48
11638,11163,False,465.52,446.52
11639,11164,False,465.56,446.56
11640,11165,False,465.6,446.6
11641,11166,False,465.64,446.64
11642,11167,False,465.68,446.68
11643,11168,False,465.72,446.72
11644,11169,False,465.76,446.76
11645,11170,False,465.8,446.8
11646,11171,False,465.84,446.84
11647,11172,False,465.88,446.88
11648,11173,False,465.92,446.92
11649,11174,False,465.96,446.96
11650,11175,False,466.0,447.0
11651,11176,False,466.04,447.04
11652,11177,False,466.08,447.08
11653,11178,False,466.12,447.12
11654,11179,False,466.16,447.16
11655,11180,False,466.2,447.2
11656,11181,False,466.24,447.24
11657,11182,False,466.28,447.28
11658,11183,False,466.32,447.32
11659,11184,False,466.36,447.36
11660,11185,False,466.4,447.4
11661,11186,False,466.44,447.44
11662,11187,False,466.48,447.48
11663,11188,False,466.52,447.52
11664,11189,False,466.56,447.56
11665,11190,False,466.6,447.6
11666,11191,False,466.64,447.64
11667,11192,False,466.68,447.68
11668,11193,False,466.72,447.72
11669,11194,False,466.76,447.76
11670,11195,False,466.8,447.8
11671,11196,False,466.84,447.84
11672,11197,False,466.88,447.88
11673,11198,False,466.92,447.92
11674,11199,False,466.96,447.96
11675,11200,False,467.0,448.0
11676,11201,False,467.04,448.04
11677,11202,False,467.08,448.08
11678,11203,False,467.12,448.12
11679,11204,False,467.16,448.16
11680,11205,False,467.2,448.2
11681,11206,False,467.24,448.24
11682,11207,False,467.28,448.28
11683,11208,False,467.32,448.32
11684,11209,False,467.36,448.36
11685,11210,False,467.4,448.4
11686,11211,False,467.44,448.44
11687,11212,False,467.48,448.48
11688,11213,False,467.52,448.52
11689,11214,False,467.56,448.56
11690,11215,False,467.6,448.6
11691,11216,False,467.64,448.64
11692,11217,False,467.68,448.68
11693,11218,False,467.72,448.72
11694,11219,False,467.76,448.76
11695,11220,False,467.8,448.8
11696,11221,False,467.84,448.84
11697,11222,False,467.88,448.88
11698,11223,False,467.92,448.92
11699,11224,False,467.96,448.96
11700,11225,False,468.0,449.0
11701,11226,False,468.04,449.04
11702,11227,False,468.08,449.08
11703,11228,False,468.12,449.12
11704,11229,False,468.16,449.16
11705,11230,False,468.2,449.2
11706,11231,False,468.24,449.24
11707,11232,False,468.28,449.28
11708,11233,False,468.32,449.32
11709,11234,False,468.36,449.36
11710,11235,False,468.4,449.4
11711,11236,False,468.44,449.44
11712,11237,False,468.48,449.48
11713,11238,False,468.52,449.52
11714,11239,False,468.56,449.56
11715,11240,False,468.6,449.6
11716,11241,False,468.64,449.64
11717,11242,False,468.68,449.68
11718,11243,False,468.72,449.72
11719,11244,False,468.76,449.76
11720,11245,False,468.8,449.8
11721,11246,False,468.84,449.84
11722,11247,False,468.88,449.88
11723,11248,False,468.92,449.92
11724,11249,False,468.96,449.96
11725,11250,False,469.0,450.0
11726,11251,False,469.04,450.04
11727,11252,False,469.08,450.08
11728,11253,False,469.12,450.12
11729,11254,False,469.16,450.16
11730,11255,False,469.2,450.2
11731,11256,False,469.24,450.24
11732,11257,False,469.28,450.28
11733,11258,False,469.32,450.32
11734,11259,False,469.36,450.36
11735,11260,False,469.4,450.4
11736,11261,False,469.44,450.44
11737,11262,False,469.48,450.48
11738,11263,False,469.52,450.52
11739,11264,False,469.56,450.56
11740,11265,False,469.6,450.6
11741,11266,False,469.64,450.64
11742,11267,False,469.68,450.68
11743,11268,False,469.72,450.72
11744,11269,False,469.76,450.76
11745,11270,False,469.8,450.8
11746,11271,False,469.84,450.84
11747,11272,False,469.88,450.88
11748,11273,False,469.92,450.92
11749,11274,False,469.96,450.96
11750,11275,False,470.0,451.0
11751,11276,False,470.04,451.04
11752,11277,False,470.08,451.08
11753,11278,False,470.12,451.12
11754,11279,False,470.16,451.16
11755,11280,False,470.2,451.2
11756,11281,False,470.24,451.24
11757,11282,False,470.28,451.28
11758,11283,False,470.32,451.32
11759,11284,False,470.36,451.36
11760,11285,False,470.4,451.4
11761,11286,False,470.44,451.44
11762,11287,False,470.48,451.48
11763,11288,False,470.52,451.52
11764,11289,False,470.56,451.56
11765,11290,False,470.6,451.6
11766,11291,False,470.64,451.64
11767,11292,False,470.68,451.68
11768,11293,False,470.72,451.72
11769,11294,False,470.76,451.76
11770,11295,False,470.8,451.8
11771,11296,False,470.84,451.84
11772,11297,False,470.88,451.88
11773,11298,False,470.92,451.92
11774,11299,False,470.96,451.96
11775,11300,False,471.0,452.0
11776,11301,False,471.04,452.04
11777,11302,False,471.08,452.08
11778,11303,False,471.12,452.12
11779,11304,False,471.16,452.16
11780,11305,False,471.2,452.2
11781,11306,False,471.24,452.24
11782,11307,False,471.28,452.28
11783,11308,False,471.32,452.32
11784,11309,False,471.36,452.36
11785,11310,False,471.4,452.4
11786,11311,False,471.44,452.44
11787,11312,False,471.48,452.48
11788,11313,False,471.52,452.52
11789,11314,False,471.56,452.56
11790,11315,False,471.6,452.6
11791,11316,False,471.64,452.64
11792,11317,False,471.68,452.68
11793,11318,False,471.72,452.72
11794,11319,False,471.76,452.76
11795,11320,False,471.8,452.8
11796,11321,False,471.84,452.84
11797,11322,False,471.88,452.88
11798,11323,False,471.92,452.92
11799,11324,False,471.96,452.96
11800,11325,False,472.0,453.0
11801,11326,False,472.04,453.04
11802,11327,False,472.08,453.08
11803,11328,False,472.12,453.12
11804,11329,False,472.16,453.16
11805,11330,False,472.2,453.2
11806,11331,False,472.24,453.24
11807,11332,False,472.28,453.28
11808,11333,False,472.32,453.32
11809,11334,False,472.36,453.36
11810,11335,False,472.4,453.4
11811,11336,False,472.44,453.44
11812,11337,False,472.48,453.48
11813,11338,False,472.52,453.52
11814,11339,False,472.56,453.56
11815,11340,False,472.6,453.6
11816,11341,False,472.64,453.64
11817,11342,False,472.68,453.68
11818,11343,False,472.72,453.72
11819,11344,False,472.76,453.76
11820,11345,False,472.8,453.8
11821,11346,False,472.84,453.84
11822,11347,False,472.88,453.88
11823,11348,False,472.92,453.92
11824,11349,False,472.96,453.96
11825,11350,False,473.0,454.0
11826,11351,False,473.04,454.04
11827,11352,False,473.08,454.08
11828,11353,False,473.12,454.12
11829,11354,False,473.16,454.16
11830,11355,False,473.2,454.2
11831,11356,False,473.24,454.24
11832,11357,False,473.28,454.28
11833,11358,False,473.32,454.32
11834,11359,False,473.36,454.36
11835,11360,False,473.4,454.4
11836,11361,False,473.44,454.44
11837,11362,False,473.48,454.48
11838,11363,False,473.52,454.52
11839,11364,False,473.56,454.56
11840,11365,False,473.6,454.6
11841,11366,False,473.64,454.64
11842,11367,False,473.68,454.68
11843,11368,False,473.72,454.72
11844,11369,False,473.76,454.76
11845,11370,False,473.8,454.8
11846,11371,False,473.84,454.84
11847,11372,False,473.88,454.88
11848,11373,False,473.92,454.92
11849,11374,False,473.96,454.96
11850,11375,False,474.0,455.0
11851,11376,False,474.04,455.04
11852,11377,False,474.08,455.08
11853,11378,False,474.12,455.12
11854,11379,False,474.16,455.16
11855,11380,False,474.2,455.2
11856,11381,False,474.24,455.24
11857,11382,False,474.28,455.28
11858,11383,False,474.32,455.32
11859,11384,False,474.36,455.36
11860,11385,False,474.4,455.4
11861,11386,False,474.44,455.44
11862,11387,False,474.48,455.48
11863,11388,False,474.52,455.52
11864,11389,False,474.56,455.56
11865,11390,False,474.6,455.6
11866,11391,False,474.64,455.64
11867,11392,False,474.68,455.68
11868,11393,False,474.72,455.72
11869,11394,False,474.76,455.76
11870,11395,False,474.8,455.8
11871,11396,False,474.84,455.84
11872,11397,False,474.88,455.88
11873,11398,False,474.92,455.92
11874,11399,False,474.96,455.96
11875,11400,False,475.0,456.0
11876,11401,False,475.04,456.04
11877,11402,False,475.08,456.08
11878,11403,False,475.12,456.12
11879,11404,False,475.16,456.16
11880,11405,False,475.2,456.2
11881,11406,False,475.24,456.24
11882,11407,False,475.28,456.28
11883,11408,False,475.32,456.32
11884,11409,False,475.36,456.36
11885,11410,False,475.4,456.4
11886,11411,False,475.44,456.44
11887,11412,False,475.48,456.48
11888,11413,False,475.52,456.52
11889,11414,False,475.56,456.56
11890,11415,False,475.6,456.6
11891,11416,False,475.64,456.64
11892,11417,False,475.68,456.68
11893,11418,False,475.72,456.72
11894,11419,False,475.76,456.76
11895,11420,False,475.8,456.8
11896,11421,False,475.84,456.84
11897,11422,False,475.88,456.88
11898,11423,False,475.92,456.92
11899,11424,False,475.96,456.96
11900,11425,False,476.0,457.0
11901,11426,False,476.04,457.04
11902,11427,False,476.08,457.08
11903,11428,False,476.12,457.12
11904,11429,False,476.16,457.16
11905,11430,False,476.2,457.2
11906,11431,False,476.24,457.24
11907,11432,False,476.28,457.28
11908,11433,False,476.32,457.32
11909,11434,False,476.36,457.36
11910,11435,False,476.4,457.4
11911,11436,False,476.44,457.44
11912,11437,False,476.48,457.48
11913,11438,False,476.52,457.52
11914,11439,False,476.56,457.56
11915,11440,False,476.6,457.6
11916,11441,False,476.64,457.64
11917,11442,False,476.68,457.68
11918,11443,False,476.72,457.72
11919,11444,False,476.76,457.76
11920,11445,False,476.8,457.8
11921,11446,False,476.84,457.84
11922,11447,False,476.88,457.88
11923,11448,False,476.92,457.92
11924,11449,False,476.96,457.96
11925,11450,False,477.0,458.0
11926,11451,False,477.04,458.04
11927,11452,False,477.08,458.08
11928,11453,False,477.12,458.12
11929,11454,False,477.16,458.16
11930,11455,False,477.2,458.2
11931,11456,False,477.24,458.24
11932,11457,False,477.28,458.28
11933,11458,False,477.32,458.32
11934,11459,False,477.36,458.36
11935,11460,False,477.4,458.4
11936,11461,False,477.44,458.44
11937,11462,False,477.48,458.48
11938,11463,False,477.52,458.52
11939,11464,False,477.56,458.56
11940,11465,False,477.6,458.6
11941,11466,False,477.64,458.64
11942,11467,False,477.68,458.68
11943,11468,False,477.72,458.72
11944,11469,False,477.76,458.76
11945,11470,False,477.8,458.8
11946,11471,False,477.84,458.84
11947,11472,False,477.88,458.88
11948,11473,False,477.92,458.92
11949,11474,False,477.96,458.96
11950,11475,False,478.0,459.0
11951,11476,False,478.04,459.04
11952,11477,False,478.08,459.08
11953,11478,False,478.12,459.12
11954,11479,False,478.16,459.16
11955,11480,False,478.2,459.2
11956,11481,False,478.24,459.24
11957,11482,False,478.28,459.28
11958,11483,False,478.32,459.32
11959,11484,False,478.36,459.36
11960,11485,False,478.4,459.4
11961,11486,False,478.44,459.44
11962,11487,False,478.48,459.48
11963,11488,False,478.52,459.52
11964,11489,False,478.56,459.56
11965,11490,False,478.6,459.6
11966,11491,False,478.64,459.64
11967,11492,False,478.68,459.68
11968,11493,False,478.72,459.72
11969,11494,False,478.76,459.76
11970,11495,False,478.8,459.8
11971,11496,False,478.84,459.84
11972,11497,False,478.88,459.88
11973,11498,False,478.92,459.92
11974,11499,False,478.96,459.96
11975,11500,False,479.0,460.0
11976,11501,False,479.04,460.04
11977,11502,False,479.08,460.08
11978,11503,False,479.12,460.12
11979,11504,False,479.16,460.16
11980,11505,False,479.2,460.2
11981,11506,False,479.24,460.24
11982,11507,False,479.28,460.28
11983,11508,False,479.32,460.32
11984,11509,False,479.36,460.36
11985,11510,False,479.4,460.4
11986,11511,False,479.44,460.44
11987,11512,False,479.48,460.48
11988,11513,False,479.52,460.52
11989,11514,False,479.56,460.56
11990,11515,False,479.6,460.6
11991,11516,False,479.64,460.64
11992,11517,False,479.68,460.68
11993,11518,False,479.72,460.72
11994,11519,False,479.76,460.76
11995,11520,False,479.8,460.8
11996,11521,False,479.84,460.84
11997,11522,False,479.88,460.88
11998,11523,False,479.92,460.92
11999,11524,False,479.96,460.96
12000,11525,False,480.0,461.0
12001,11526,False,480.04,461.04
12002,11527,False,480.08,461.08
12003,11528,False,480.12,461.12
12004,11529,False,480.16,461.16
12005,11530,False,480.2,461.2
12006,11531,False,480.24,461.24
12007,11532,False,480.28,461.28
12008,11533,False,480.32,461.32
12009,11534,False,480.36,461.36
12010,11535,False,480.4,461.4
12011,11536,False,480.44,461.44
12012,11537,False,480.48,461.48
12013,11538,False,480.52,461.52
12014,11539,False,480.56,461.56
12015,11540,False,480.6,461.6
12016,11541,False,480.64,461.64
12017,11542,False,480.68,461.68
12018,11543,False,480.72,461.72
12019,11544,False,480.76,461.76
12020,11545,False,480.8,461.8
12021,11546,False,480.84,461.84
12022,11547,False,480.88,461.88
12023,11548,False,480.92,461.92
12024,11549,False,480.96,461.96
12025,11550,False,481.0,462.0
12026,11551,False,481.04,462.04
12027,11552,False,481.08,462.08
12028,11553,False,481.12,462.12
12029,11554,False,481.16,462.16
12030,11555,False,481.2,462.2
12031,11556,False,481.24,462.24
12032,11557,False,481.28,462.28
12033,11558,False,481.32,462.32
12034,11559,False,481.36,462.36
12035,11560,False,481.4,462.4
12036,11561,False,481.44,462.44
12037,11562,False,481.48,462.48
12038,11563,False,481.52,462.52
12039,11564,False,481.56,462.56
12040,11565,False,481.6,462.6
12041,11566,False,481.64,462.64
12042,11567,False,481.68,462.68
12043,11568,False,481.72,462.72
12044,11569,False,481.76,462.76
12045,11570,False,481.8,462.8
12046,11571,False,481.84,462.84
12047,11572,False,481.88,462.88
12048,11573,False,481.92,462.92
12049,11574,False,481.96,462.96
12050,11575,False,482.0,463.0
12051,11576,False,482.04,463.04
12052,11577,False,482.08,463.08
12053,11578,False,482.12,463.12
12054,11579,False,482.16,463.16
12055,11580,False,482.2,463.2
12056,11581,False,482.24,463.24
12057,11582,False,482.28,463.28
12058,11583,False,482.32,463.32
12059,11584,False,482.36,463.36
12060,11585,False,482.4,463.4
12061,11586,False,482.44,463.44
12062,11587,False,482.48,463.48
12063,11588,False,482.52,463.52
12064,11589,False,482.56,463.56
12065,11590,False,482.6,463.6
12066,11591,False,482.64,463.64
12067,11592,False,482.68,463.68
12068,11593,False,482.72,463.72
12069,11594,False,482.76,463.76
12070,11595,False,482.8,463.8
12071,11596,False,482.84,463.84
12072,11597,False,482.88,463.88
12073,11598,False,482.92,463.92
12074,11599,False,482.96,463.96
12075,11600,False,483.0,464.0
12076,11601,False,483.04,464.04
12077,11602,False,483.08,464.08
12078,11603,False,483.12,464.12
12079,11604,False,483.16,464.16
12080,11605,False,483.2,464.2
12081,11606,False,483.24,464.24
12082,11607,False,483.28,464.28
12083,11608,False,483.32,464.32
12084,11609,False,483.36,464.36
12085,11610,False,483.4,464.4
12086,11611,False,483.44,464.44
12087,11612,False,483.48,464.48
12088,11613,False,483.52,464.52
12089,11614,False,483.56,464.56
12090,11615,False,483.6,464.6
12091,11616,False,483.64,464.64
12092,11617,False,483.68,464.68
12093,11618,False,483.72,464.72
12094,11619,False,483.76,464.76
12095,11620,False,483.8,464.8
12096,11621,False,483.84,464.84
12097,11622,False,483.88,464.88
12098,11623,False,483.92,464.92
12099,11624,False,483.96,464.96
12100,11625,False,484.0,465.0
12101,11626,False,484.04,465.04
12102,11627,False,484.08,465.08
12103,11628,False,484.12,465.12
12104,11629,False,484.16,465.16
12105,11630,False,484.2,465.2
12106,11631,False,484.24,465.24
12107,11632,False,484.28,465.28
12108,11633,False,484.32,465.32
12109,11634,False,484.36,465.36
12110,11635,False,484.4,465.4
12111,11636,False,484.44,465.44
12112,11637,False,484.48,465.48
12113,11638,False,484.52,465.52
12114,11639,False,484.56,465.56
12115,11640,False,484.6,465.6
12116,11641,False,484.64,465.64
12117,11642,False,484.68,465.68
12118,11643,False,484.72,465.72
12119,11644,False,484.76,465.76
12120,11645,False,484.8,465.8
12121,11646,False,484.84,465.84
12122,11647,False,484.88,465.88
12123,11648,False,484.92,465.92
12124,11649,False,484.96,465.96
12125,11650,False,485.0,466.0
12126,11651,False,485.04,466.04
12127,11652,False,485.08,466.08
12128,11653,False,485.12,466.12
12129,11654,False,485.16,466.16
12130,11655,False,485.2,466.2
12131,11656,False,485.24,466.24
12132,11657,False,485.28,466.28
12133,11658,False,485.32,466.32
12134,11659,False,485.36,466.36
12135,11660,False,485.4,466.4
12136,11661,False,485.44,466.44
12137,11662,False,485.48,466.48
12138,11663,False,485.52,466.52
12139,11664,False,485.56,466.56
12140,11665,False,485.6,466.6
12141,11666,False,485.64,466.64
12142,11667,False,485.68,466.68
12143,11668,False,485.72,466.72
12144,11669,False,485.76,466.76
12145,11670,False,485.8,466.8
12146,11671,False,485.84,466.84
12147,11672,False,485.88,466.88
12148,11673,False,485.92,466.92
12149,11674,False,485.96,466.96
12150,11675,False,486.0,467.0
12151,11676,False,486.04,467.04
12152,11677,False,486.08,467.08
12153,11678,False,486.12,467.12
12154,11679,False,486.16,467.16
12155,11680,False,486.2,467.2
12156,11681,False,486.24,467.24
12157,11682,False,486.28,467.28
12158,11683,False,486.32,467.32
12159,11684,False,486.36,467.36
12160,11685,False,486.4,467.4
12161,11686,False,486.44,467.44
12162,11687,False,486.48,467.48
12163,11688,False,486.52,467.52
12164,11689,False,486.56,467.56
12165,11690,False,486.6,467.6
12166,11691,False,486.64,467.64
12167,11692,False,486.68,467.68
12168,11693,False,486.72,467.72
12169,11694,False,486.76,467.76
12170,11695,False,486.8,467.8
12171,11696,False,486.84,467.84
12172,11697,False,486.88,467.88
12173,11698,False,486.92,467.92
12174,11699,False,486.96,467.96
12175,11700,False,487.0,468.0
12176,11701,False,487.04,468.04
12177,11702,False,487.08,468.08
12178,11703,False,487.12,468.12
12179,11704,False,487.16,468.16
12180,11705,False,487.2,468.2
12181,11706,False,487.24,468.24
12182,11707,False,487.28,468.28
12183,11708,False,487.32,468.32
12184,11709,False,487.36,468.36
12185,11710,False,487.4,468.4
12186,11711,False,487.44,468.44
12187,11712,False,487.48,468.48
12188,11713,False,487.52,468.52
12189,11714,False,487.56,468.56
12190,11715,False,487.6,468.6
12191,11716,False,487.64,468.64
12192,11717,False,487.68,468.68
12193,11718,False,487.72,468.72
12194,11719,False,487.76,468.76
12195,11720,False,487.8,468.8
12196,11721,False,487.84,468.84
12197,11722,False,487.88,468.88
12198,11723,False,487.92,468.92
12199,11724,False,487.96,468.96
12200,11725,False,488.0,469.0
12201,11726,False,488.04,469.04
12202,11727,False,488.08,469.08
12203,11728,False,488.12,469.12
12204,11729,False,488.16,469.16
12205,11730,False,488.2,469.2
12206,11731,False,488.24,469.24
12207,11732,False,488.28,469.28
12208,11733,False,488.32,469.32
12209,11734,False,488.36,469.36
12210,11735,False,488.4,469.4
12211,11736,False,488.44,469.44
12212,11737,False,488.48,469.48
12213,11738,False,488.52,469.52
12214,11739,False,488.56,469.56
12215,11740,False,488.6,469.6
12216,11741,False,488.64,469.64
12217,11742,False,488.68,469.68
12218,11743,False,488.72,469.72
12219,11744,False,488.76,469.76
12220,11745,False,488.8,469.8
12221,11746,False,488.84,469.84
12222,11747,False,488.88,469.88
12223,11748,False,488.92,469.92
12224,11749,False,488.96,469.96
12225,11750,False,489.0,470.0
12226,11751,False,489.04,470.04
12227,11752,False,489.08,470.08
12228,11753,False,489.12,470.12
12229,11754,False,489.16,470.16
12230,11755,False,489.2,470.2
12231,11756,False,489.24,470.24
12232,11757,False,489.28,470.28
12233,11758,False,489.32,470.32
12234,11759,False,489.36,470.36
12235,11760,False,489.4,470.4
12236,11761,False,489.44,470.44
12237,11762,False,489.48,470.48
12238,11763,False,489.52,470.52
12239,11764,False,489.56,470.56
12240,11765,False,489.6,470.6
12241,11766,False,489.64,470.64
12242,11767,False,489.68,470.68
12243,11768,False,489.72,470.72
12244,11769,False,489.76,470.76
12245,11770,False,489.8,470.8
12246,11771,False,489.84,470.84
12247,11772,False,489.88,470.88
12248,11773,False,489.92,470.92
12249,11774,False,489.96,470.96
12250,11775,False,490.0,471.0
12251,11776,False,490.04,471.04
12252,11777,False,490.08,471.08
12253,11778,False,490.12,471.12
12254,11779,False,490.16,471.16
12255,11780,False,490.2,471.2
12256,11781,False,490.24,471.24
12257,11782,False,490.28,471.28
12258,11783,False,490.32,471.32
12259,11784,False,490.36,471.36
12260,11785,False,490.4,471.4
12261,11786,False,490.44,471.44
12262,11787,False,490.48,471.48
12263,11788,False,490.52,471.52
12264,11789,False,490.56,471.56
12265,11790,False,490.6,471.6
12266,11791,False,490.64,471.64
12267,11792,False,490.68,471.68
12268,11793,False,490.72,471.72
12269,11794,False,490.76,471.76
12270,11795,False,490.8,471.8
12271,11796,False,490.84,471.84
12272,11797,False,490.88,471.88
12273,11798,False,490.92,471.92
12274,11799,False,490.96,471.96
12275,11800,False,491.0,472.0
12276,11801,False,491.04,472.04
12277,11802,False,491.08,472.08
12278,11803,False,491.12,472.12
12279,11804,False,491.16,472.16
12280,11805,False,491.2,472.2
12281,11806,False,491.24,472.24
12282,11807,False,491.28,472.28
12283,11808,False,491.32,472.32
12284,11809,False,491.36,472.36
12285,11810,False,491.4,472.4
12286,11811,False,491.44,472.44
12287,11812,False,491.48,472.48
12288,11813,False,491.52,472.52
12289,11814,False,491.56,472.56
12290,11815,False,491.6,472.6
12291,11816,False,491.64,472.64
12292,11817,False,491.68,472.68
12293,11818,False,491.72,472.72
12294,11819,False,491.76,472.76
12295,11820,False,491.8,472.8
12296,11821,False,491.84,472.84
12297,11822,False,491.88,472.88
12298,11823,False,491.92,472.92
12299,11824,False,491.96,472.96
12300,11825,False,492.0,473.0
12301,11826,False,492.04,473.04
12302,11827,False,492.08,473.08
12303,11828,False,492.12,473.12
12304,11829,False,492.16,473.16
12305,11830,False,492.2,473.2
12306,11831,False,492.24,473.24
12307,11832,False,492.28,473.28
12308,11833,False,492.32,473.32
12309,11834,False,492.36,473.36
12310,11835,False,492.4,473.4
12311,11836,False,492.44,473.44
12312,11837,False,492.48,473.48
12313,11838,False,492.52,473.52
12314,11839,False,492.56,473.56
12315,11840,False,492.6,473.6
12316,11841,False,492.64,473.64
12317,11842,False,492.68,473.68
12318,11843,False,492.72,473.72
12319,11844,False,492.76,473.76
12320,11845,False,492.8,473.8
12321,11846,False,492.84,473.84
12322,11847,False,492.88,473.88
12323,11848,False,492.92,473.92
12324,11849,False,492.96,473.96
12325,11850,False,493.0,474.0
12326,11851,False,493.04,474.04
12327,11852,False,493.08,474.08
12328,11853,False,493.12,474.12
12329,11854,False,493.16,474.16
12330,11855,False,493.2,474.2
12331,11856,False,493.24,474.24
12332,11857,False,493.28,474.28
12333,11858,False,493.32,474.32
12334,11859,False,493.36,474.36
12335,11860,False,493.4,474.4
12336,11861,False,493.44,474.44
12337,11862,False,493.48,474.48
12338,11863,False,493.52,474.52
12339,11864,False,493.56,474.56
12340,11865,False,493.6,474.6
12341,11866,False,493.64,474.64
12342,11867,False,493.68,474.68
12343,11868,False,493.72,474.72
12344,11869,False,493.76,474.76
12345,11870,False,493.8,474.8
12346,11871,False,493.84,474.84
12347,11872,False,493.88,474.88
12348,11873,False,493.92,474.92
12349,11874,False,493.96,474.96
12350,11875,False,494.0,475.0
12351,11876,False,494.04,475.04
12352,11877,False,494.08,475.08
12353,11878,False,494.12,475.12
12354,11879,False,494.16,475.16
12355,11880,False,494.2,475.2
12356,11881,False,494.24,475.24
12357,11882,False,494.28,475.28
12358,11883,False,494.32,475.32
12359,11884,False,494.36,475.36
12360,11885,False,494.4,475.4
12361,11886,False,494.44,475.44
12362,11887,False,494.48,475.48
12363,11888,False,494.52,475.52
12364,11889,False,494.56,475.56
12365,11890,False,494.6,475.6
12366,11891,False,494.64,475.64
12367,11892,False,494.68,475.68
12368,11893,False,494.72,475.72
12369,11894,False,494.76,475.76
12370,11895,False,494.8,475.8
12371,11896,False,494.84,475.84
12372,11897,False,494.88,475.88
12373,11898,False,494.92,475.92
12374,11899,False,494.96,475.96
12375,11900,False,495.0,476.0
12376,11901,False,495.04,476.04
12377,11902,False,495.08,476.08
12378,11903,False,495.12,476.12
12379,11904,False,495.16,476.16
12380,11905,False,495.2,476.2
12381,11906,False,495.24,476.24
12382,11907,False,495.28,476.28
12383,11908,False,495.32,476.32
12384,11909,False,495.36,476.36
12385,11910,False,495.4,476.4
12386,11911,False,495.44,476.44
12387,11912,False,495.48,476.48
12388,11913,False,495.52,476.52
12389,11914,False,495.56,476.56
12390,11915,False,495.6,476.6
12391,11916,False,495.64,476.64
12392,11917,False,495.68,476.68
12393,11918,False,495.72,476.72
12394,11919,False,495.76,476.76
12395,11920,False,495.8,476.8
12396,11921,False,495.84,476.84
12397,11922,False,495.88,476.88
12398,11923,False,495.92,476.92
12399,11924,False,495.96,476.96
12400,11925,False,496.0,477.0
12401,11926,False,496.04,477.04
12402,11927,False,496.08,477.08
12403,11928,False,496.12,477.12
12404,11929,False,496.16,477.16
12405,11930,False,496.2,477.2
12406,11931,False,496.24,477.24
12407,11932,False,496.28,477.28
12408,11933,False,496.32,477.32
12409,11934,False,496.36,477.36
12410,11935,False,496.4,477.4
12411,11936,False,496.44,477.44
12412,11937,False,496.48,477.48
12413,11938,False,496.52,477.52
12414,11939,False,496.56,477.56
12415,11940,False,496.6,477.6
12416,11941,False,496.64,477.64
12417,11942,False,496.68,477.68
12418,11943,False,496.72,477.72
12419,11944,False,496.76,477.76
12420,11945,False,496.8,477.8
12421,11946,False,496.84,477.84
12422,11947,False,496.88,477.88
12423,11948,False,496.92,477.92
12424,11949,False,496.96,477.96
12425,11950,False,497.0,478.0
12426,11951,False,497.04,478.04
12427,11952,False,497.08,478.08
12428,11953,False,497.12,478.12
12429,11954,False,497.16,478.16
12430,11955,False,497.2,478.2
12431,11956,False,497.24,478.24
12432,11957,False,497.28,478.28
12433,11958,False,497.32,478.32
12434,11959,False,497.36,478.36
12435,11960,False,497.4,478.4
12436,11961,False,497.44,478.44
12437,11962,False,497.48,478.48
12438,11963,False,497.52,478.52
12439,11964,False,497.56,478.56
12440,11965,False,497.6,478.6
12441,11966,False,497.64,478.64
12442,11967,False,497.68,478.68
12443,11968,False,497.72,478.72
12444,11969,False,497.76,478.76
12445,11970,False,497.8,478.8
12446,11971,False,497.84,478.84
12447,11972,False,497.88,478.88
12448,11973,False,497.92,478.92
12449,11974,False,497.96,478.96
12450,11975,False,498.0,479.0
12451,11976,False,498.04,479.04
12452,11977,False,498.08,479.08
12453,11978,False,498.12,479.12
12454,11979,False,498.16,479.16
12455,11980,False,498.2,479.2
12456,11981,False,498.24,479.24
12457,11982,False,498.28,479.28
12458,11983,False,498.32,479.32
12459,11984,False,498.36,479.36
12460,11985,False,498.4,479.4
12461,11986,False,498.44,479.44
12462,11987,False,498.48,479.48
12463,11988,False,498.52,479.52
12464,11989,False,498.56,479.56
12465,11990,False,498.6,479.6
12466,11991,False,498.64,479.64
12467,11992,False,498.68,479.68
12468,11993,False,498.72,479.72
12469,11994,False,498.76,479.76
12470,11995,False,498.8,479.8
12471,11996,False,498.84,479.84
12472,11997,False,498.88,479.88
12473,11998,False,498.92,479.92
12474,11999,False,498.96,479.96
12475,12000,False,499.0,480.0
12476,12001,False,499.04,480.04
12477,12002,False,499.08,480.08
12478,12003,False,499.12,480.12
12479,12004,False,499.16,480.16
12480,12005,False,499.2,480.2
12481,12006,False,499.24,480.24
12482,12007,False,499.28,480.28
12483,12008,False,499.32,480.32
12484,12009,False,499.36,480.36
12485,12010,False,499.4,480.4
12486,12011,False,499.44,480.44
12487,12012,False,499.48,480.48
12488,12013,False,499.52,480.52
12489,12014,False,499.56,480.56
12490,12015,False,499.6,480.6
12491,12016,False,499.64,480.64
12492,12017,False,499.68,480.68
12493,12018,False,499.72,480.72
12494,12019,False,499.76,480.76
12495,12020,False,499.8,480.8
12496,12021,False,499.84,480.84
12497,12022,False,499.88,480.88
12498,12023,False,499.92,480.92
12499,12024,False,499.96,480.96
12500,12025,False,500.0,481.0
12501,12026,False,500.04,481.04
12502,12027,False,500.08,481.08
12503,12028,False,500.12,481.12
12504,12029,False,500.16,481.16
12505,12030,False,500.2,481.2
12506,12031,False,500.24,481.24
12507,12032,False,500.28,481.28
12508,12033,False,500.32,481.32
12509,12034,False,500.36,481.36
12510,12035,False,500.4,481.4
12511,12036,False,500.44,481.44
12512,12037,False,500.48,481.48
12513,12038,False,500.52,481.52
12514,12039,False,500.56,481.56
12515,12040,False,500.6,481.6
12516,12041,False,500.64,481.64
12517,12042,False,500.68,481.68
12518,12043,False,500.72,481.72
12519,12044,False,500.76,481.76
12520,12045,False,500.8,481.8
12521,12046,False,500.84,481.84
12522,12047,False,500.88,481.88
12523,12048,False,500.92,481.92
12524,12049,False,500.96,481.96
12525,12050,False,501.0,482.0
12526,12051,False,501.04,482.04
12527,12052,False,501.08,482.08
12528,12053,False,501.12,482.12
12529,12054,False,501.16,482.16
12530,12055,False,501.2,482.2
12531,12056,False,501.24,482.24
12532,12057,False,501.28,482.28
12533,12058,False,501.32,482.32
12534,12059,False,501.36,482.36
12535,12060,False,501.4,482.4
12536,12061,False,501.44,482.44
12537,12062,False,501.48,482.48
12538,12063,False,501.52,482.52
12539,12064,False,501.56,482.56
12540,12065,False,501.6,482.6
12541,12066,False,501.64,482.64
12542,12067,False,501.68,482.68
12543,12068,False,501.72,482.72
12544,12069,False,501.76,482.76
12545,12070,False,501.8,482.8
12546,12071,False,501.84,482.84
12547,12072,False,501.88,482.88
12548,12073,False,501.92,482.92
12549,12074,False,501.96,482.96
12550,12075,False,502.0,483.0
12551,12076,False,502.04,483.04
12552,12077,False,502.08,483.08
12553,12078,False,502.12,483.12
12554,12079,False,502.16,483.16
12555,12080,False,502.2,483.2
12556,12081,False,502.24,483.24
12557,12082,False,502.28,483.28
12558,12083,False,502.32,483.32
12559,12084,False,502.36,483.36
12560,12085,False,502.4,483.4
12561,12086,False,502.44,483.44
12562,12087,False,502.48,483.48
12563,12088,False,502.52,483.52
12564,12089,False,502.56,483.56
12565,12090,False,502.6,483.6
12566,12091,False,502.64,483.64
12567,12092,False,502.68,483.68
12568,12093,False,502.72,483.72
12569,12094,False,502.76,483.76
12570,12095,False,502.8,483.8
12571,12096,False,502.84,483.84
12572,12097,False,502.88,483.88
12573,12098,False,502.92,483.92
12574,12099,False,502.96,483.96
12575,12100,False,503.0,484.0
12576,12101,False,503.04,484.04
12577,12102,False,503.08,484.08
12578,12103,False,503.12,484.12
12579,12104,False,503.16,484.16
12580,12105,False,503.2,484.2
12581,12106,False,503.24,484.24
12582,12107,False,503.28,484.28
12583,12108,False,503.32,484.32
12584,12109,False,503.36,484.36
12585,12110,False,503.4,484.4
12586,12111,False,503.44,484.44
12587,12112,False,503.48,484.48
12588,12113,False,503.52,484.52
12589,12114,False,503.56,484.56
12590,12115,False,503.6,484.6
12591,12116,False,503.64,484.64
12592,12117,False,503.68,484.68
12593,12118,False,503.72,484.72
12594,12119,False,503.76,484.76
12595,12120,False,503.8,484.8
12596,12121,False,503.84,484.84
12597,12122,False,503.88,484.88
12598,12123,False,503.92,484.92
12599,12124,False,503.96,484.96
12600,12125,False,504.0,485.0
12601,12126,False,504.04,485.04
12602,12127,False,504.08,485.08
12603,12128,False,504.12,485.12
12604,12129,False,504.16,485.16
12605,12130,False,504.2,485.2
12606,12131,False,504.24,485.24
12607,12132,False,504.28,485.28
12608,12133,False,504.32,485.32
12609,12134,False,504.36,485.36
12610,12135,False,504.4,485.4
12611,12136,False,504.44,485.44
12612,12137,False,504.48,485.48
12613,12138,False,504.52,485.52
12614,12139,False,504.56,485.56
12615,12140,False,504.6,485.6
12616,12141,False,504.64,485.64
12617,12142,False,504.68,485.68
12618,12143,False,504.72,485.72
12619,12144,False,504.76,485.76
12620,12145,False,504.8,485.8
12621,12146,False,504.84,485.84
12622,12147,False,504.88,485.88
12623,12148,False,504.92,485.92
12624,12149,False,504.96,485.96
12625,12150,False,505.0,486.0
12626,12151,False,505.04,486.04
12627,12152,False,505.08,486.08
12628,12153,False,505.12,486.12
12629,12154,False,505.16,486.16
12630,12155,False,505.2,486.2
12631,12156,False,505.24,486.24
12632,12157,False,505.28,486.28
12633,12158,False,505.32,486.32
12634,12159,False,505.36,486.36
12635,12160,False,505.4,486.4
12636,12161,False,505.44,486.44
12637,12162,False,505.48,486.48
12638,12163,False,505.52,486.52
12639,12164,False,505.56,486.56
12640,12165,False,505.6,486.6
12641,12166,False,505.64,486.64
12642,12167,False,505.68,486.68
12643,12168,False,505.72,486.72
12644,12169,False,505.76,486.76
12645,12170,False,505.8,486.8
12646,12171,False,505.84,486.84
12647,12172,False,505.88,486.88
12648,12173,False,505.92,486.92
12649,12174,False,505.96,486.96
12650,12175,False,506.0,487.0
12651,12176,False,506.04,487.04
12652,12177,False,506.08,487.08
12653,12178,False,506.12,487.12
12654,12179,False,506.16,487.16
12655,12180,False,506.2,487.2
12656,12181,False,506.24,487.24
12657,12182,False,506.28,487.28
12658,12183,False,506.32,487.32
12659,12184,False,506.36,487.36
12660,12185,False,506.4,487.4
12661,12186,False,506.44,487.44
12662,12187,False,506.48,487.48
12663,12188,False,506.52,487.52
12664,12189,False,506.56,487.56
12665,12190,False,506.6,487.6
12666,12191,False,506.64,487.64
12667,12192,False,506.68,487.68
12668,12193,False,506.72,487.72
12669,12194,False,506.76,487.76
12670,12195,False,506.8,487.8
12671,12196,False,506.84,487.84
12672,12197,False,506.88,487.88
12673,12198,False,506.92,487.92
12674,12199,False,506.96,487.96
12675,12200,False,507.0,488.0
12676,12201,False,507.04,488.04
12677,12202,False,507.08,488.08
12678,12203,False,507.12,488.12
12679,12204,False,507.16,488.16
12680,12205,False,507.2,488.2
12681,12206,False,507.24,488.24
12682,12207,False,507.28,488.28
12683,12208,False,507.32,488.32
12684,12209,False,507.36,488.36
12685,12210,False,507.4,488.4
12686,12211,False,507.44,488.44
12687,12212,False,507.48,488.48
12688,12213,False,507.52,488.52
12689,12214,False,507.56,488.56
12690,12215,False,507.6,488.6
12691,12216,False,507.64,488.64
12692,12217,False,507.68,488.68
12693,12218,False,507.72,488.72
12694,12219,False,507.76,488.76
12695,12220,False,507.8,488.8
12696,12221,False,507.84,488.84
12697,12222,False,507.88,488.88
12698,12223,False,507.92,488.92
12699,12224,False,507.96,488.96
12700,12225,False,508.0,489.0
12701,12226,False,508.04,489.04
12702,12227,False,508.08,489.08
12703,12228,False,508.12,489.12
12704,12229,False,508.16,489.16
12705,12230,False,508.2,489.2
12706,12231,False,508.24,489.24
12707,12232,False,508.28,489.28
12708,12233,False,508.32,489.32
12709,12234,False,508.36,489.36
12710,12235,False,508.4,489.4
12711,12236,False,508.44,489.44
12712,12237,False,508.48,489.48
12713,12238,False,508.52,489.52
12714,12239,False,508.56,489.56
12715,12240,False,508.6,489.6
12716,12241,False,508.64,489.64
12717,12242,False,508.68,489.68
12718,12243,False,508.72,489.72
12719,12244,False,508.76,489.76
12720,12245,False,508.8,489.8
12721,12246,False,508.84,489.84
12722,12247,False,508.88,489.88
12723,12248,False,508.92,489.92
12724,12249,False,508.96,489.96
12725,12250,False,509.0,490.0
12726,12251,False,509.04,490.04
12727,12252,False,509.08,490.08
12728,12253,False,509.12,490.12
12729,12254,False,509.16,490.16
12730,12255,False,509.2,490.2
12731,12256,False,509.24,490.24
12732,12257,False,509.28,490.28
12733,12258,False,509.32,490.32
12734,12259,False,509.36,490.36
12735,12260,False,509.4,490.4
12736,12261,False,509.44,490.44
12737,12262,False,509.48,490.48
12738,12263,False,509.52,490.52
12739,12264,False,509.56,490.56
12740,12265,False,509.6,490.6
12741,12266,False,509.64,490.64
12742,12267,False,509.68,490.68
12743,12268,False,509.72,490.72
12744,12269,False,509.76,490.76
12745,12270,False,509.8,490.8
12746,12271,False,509.84,490.84
12747,12272,False,509.88,490.88
12748,12273,False,509.92,490.92
12749,12274,False,509.96,490.96
12750,12275,False,510.0,491.0
12751,12276,False,510.04,491.04
12752,12277,False,510.08,491.08
12753,12278,False,510.12,491.12
12754,12279,False,510.16,491.16
12755,12280,False,510.2,491.2
12756,12281,False,510.24,491.24
12757,12282,False,510.28,491.28
12758,12283,False,510.32,491.32
12759,12284,False,510.36,491.36
12760,12285,False,510.4,491.4
12761,12286,False,510.44,491.44
12762,12287,False,510.48,491.48
12763,12288,False,510.52,491.52
12764,12289,False,510.56,491.56
12765,12290,False,510.6,491.6
12766,12291,False,510.64,491.64
12767,12292,False,510.68,491.68
12768,12293,False,510.72,491.72
12769,12294,False,510.76,491.76
12770,12295,False,510.8,491.8
12771,12296,False,510.84,491.84
12772,12297,False,510.88,491.88
12773,12298,False,510.92,491.92
12774,12299,False,510.96,491.96
12775,12300,False,511.0,492.0
12776,12301,False,511.04,492.04
12777,12302,False,511.08,492.08
12778,12303,False,511.12,492.12
12779,12304,False,511.16,492.16
12780,12305,False,511.2,492.2
12781,12306,False,511.24,492.24
12782,12307,False,511.28,492.28
12783,12308,False,511.32,492.32
12784,12309,False,511.36,492.36
12785,12310,False,511.4,492.4
12786,12311,False,511.44,492.44
12787,12312,False,511.48,492.48
12788,12313,False,511.52,492.52
12789,12314,False,511.56,492.56
12790,12315,False,511.6,492.6
12791,12316,False,511.64,492.64
12792,12317,False,511.68,492.68
12793,12318,False,511.72,492.72
12794,12319,False,511.76,492.76
12795,12320,False,511.8,492.8
12796,12321,False,511.84,492.84
12797,12322,False,511.88,492.88
12798,12323,False,511.92,492.92
12799,12324,False,511.96,492.96
12800,12325,False,512.0,493.0
12801,12326,False,512.04,493.04
12802,12327,False,512.08,493.08
12803,12328,False,512.12,493.12
12804,12329,False,512.16,493.16
12805,12330,False,512.2,493.2
12806,12331,False,512.24,493.24
12807,12332,False,512.28,493.28
12808,12333,False,512.32,493.32
12809,12334,False,512.36,493.36
12810,12335,False,512.4,493.4
12811,12336,False,512.44,493.44
12812,12337,False,512.48,493.48
12813,12338,False,512.52,493.52
12814,12339,False,512.56,493.56
12815,12340,False,512.6,493.6
12816,12341,False,512.64,493.64
12817,12342,False,512.68,493.68
12818,12343,False,512.72,493.72
12819,12344,False,512.76,493.76
12820,12345,False,512.8,493.8
12821,12346,False,512.84,493.84
12822,12347,False,512.88,493.88
12823,12348,False,512.92,493.92
12824,12349,False,512.96,493.96
12825,12350,False,513.0,494.0
12826,12351,False,513.04,494.04
12827,12352,False,513.08,494.08
12828,12353,False,513.12,494.12
12829,12354,False,513.16,494.16
12830,12355,False,513.2,494.2
12831,12356,False,513.24,494.24
12832,12357,False,513.28,494.28
12833,12358,False,513.32,494.32
12834,12359,False,513.36,494.36
12835,12360,False,513.4,494.4
12836,12361,False,513.44,494.44
12837,12362,False,513.48,494.48
12838,12363,False,513.52,494.52
12839,12364,False,513.56,494.56
12840,12365,False,513.6,494.6
12841,12366,False,513.64,494.64
12842,12367,False,513.68,494.68
12843,12368,False,513.72,494.72
12844,12369,False,513.76,494.76
12845,12370,False,513.8,494.8
12846,12371,False,513.84,494.84
12847,12372,False,513.88,494.88
12848,12373,False,513.92,494.92
12849,12374,False,513.96,494.96
12850,12375,False,514.0,495.0
12851,12376,False,514.04,495.04
12852,12377,False,514.08,495.08
12853,12378,False,514.12,495.12
12854,12379,False,514.16,495.16
12855,12380,False,514.2,495.2
12856,12381,False,514.24,495.24
12857,12382,False,514.28,495.28
12858,12383,False,514.32,495.32
12859,12384,False,514.36,495.36
12860,12385,False,514.4,495.4
12861,12386,False,514.44,495.44
12862,12387,False,514.48,495.48
12863,12388,False,514.52,495.52
12864,12389,False,514.56,495.56
12865,12390,False,514.6,495.6
12866,12391,False,514.64,495.64
12867,12392,False,514.68,495.68
12868,12393,False,514.72,495.72
12869,12394,False,514.76,495.76
12870,12395,False,514.8,495.8
12871,12396,False,514.84,495.84
12872,12397,False,514.88,495.88
12873,12398,False,514.92,495.92
12874,12399,False,514.96,495.96
12875,12400,False,515.0,496.0
12876,12401,False,515.04,496.04
12877,12402,False,515.08,496.08
12878,12403,False,515.12,496.12
12879,12404,False,515.16,496.16
12880,12405,False,515.2,496.2
12881,12406,False,515.24,496.24
12882,12407,False,515.28,496.28
12883,12408,False,515.32,496.32
12884,12409,False,515.36,496.36
12885,12410,False,515.4,496.4
12886,12411,False,515.44,496.44
12887,12412,False,515.48,496.48
12888,12413,False,515.52,496.52
12889,12414,False,515.56,496.56
12890,12415,False,515.6,496.6
12891,12416,False,515.64,496.64
12892,12417,False,515.68,496.68
12893,12418,False,515.72,496.72
12894,12419,False,515.76,496.76
12895,12420,False,515.8,496.8
12896,12421,False,515.84,496.84
12897,12422,False,515.88,496.88
12898,12423,False,515.92,496.92
12899,12424,False,515.96,496.96
12900,12425,False,516.0,497.0
12901,12426,False,516.04,497.04
12902,12427,False,516.08,497.08
12903,12428,False,516.12,497.12
12904,12429,False,516.16,497.16
12905,12430,False,516.2,497.2
12906,12431,False,516.24,497.24
12907,12432,False,516.28,497.28
12908,12433,False,516.32,497.32
12909,12434,False,516.36,497.36
12910,12435,False,516.4,497.4
12911,12436,False,516.44,497.44
12912,12437,False,516.48,497.48
12913,12438,False,516.52,497.52
12914,12439,False,516.56,497.56
12915,12440,False,516.6,497.6
12916,12441,False,516.64,497.64
12917,12442,False,516.68,497.68
12918,12443,False,516.72,497.72
12919,12444,False,516.76,497.76
12920,12445,False,516.8,497.8
12921,12446,False,516.84,497.84
12922,12447,False,516.88,497.88
12923,12448,False,516.92,497.92
12924,12449,False,516.96,497.96
12925,12450,False,517.0,498.0
12926,12451,False,517.04,498.04
12927,12452,False,517.08,498.08
12928,12453,False,517.12,498.12
12929,12454,False,517.16,498.16
12930,12455,False,517.2,498.2
12931,12456,False,517.24,498.24
12932,12457,False,517.28,498.28
12933,12458,False,517.32,498.32
12934,12459,False,517.36,498.36
12935,12460,False,517.4,498.4
12936,12461,False,517.44,498.44
12937,12462,False,517.48,498.48
12938,12463,False,517.52,498.52
12939,12464,False,517.56,498.56
12940,12465,False,517.6,498.6
12941,12466,False,517.64,498.64
12942,12467,False,517.68,498.68
12943,12468,False,517.72,498.72
12944,12469,False,517.76,498.76
12945,12470,False,517.8,498.8
12946,12471,False,517.84,498.84
12947,12472,False,517.88,498.88
12948,12473,False,517.92,498.92
12949,12474,False,517.96,498.96
12950,12475,False,518.0,499.0
12951,12476,False,518.04,499.04
12952,12477,False,518.08,499.08
12953,12478,False,518.12,499.12
12954,12479,False,518.16,499.16
12955,12480,False,518.2,499.2
12956,12481,False,518.24,499.24
12957,12482,False,518.28,499.28
12958,12483,False,518.32,499.32
12959,12484,False,518.36,499.36
12960,12485,False,518.4,499.4
12961,12486,False,518.44,499.44
12962,12487,False,518.48,499.48
12963,12488,False,518.52,499.52
12964,12489,False,518.56,499.56
12965,12490,False,518.6,499.6
12966,12491,False,518.64,499.64
12967,12492,False,518.68,499.68
12968,12493,False,518.72,499.72
12969,12494,False,518.76,499.76
12970,12495,False,518.8,499.8
12971,12496,False,518.84,499.84
12972,12497,False,518.88,499.88
12973,12498,False,518.92,499.92
12974,12499,False,518.96,499.96
12975,12500,False,519.0,500.0
12976,12501,False,519.04,500.04
12977,12502,False,519.08,500.08
12978,12503,False,519.12,500.12
12979,12504,False,519.16,500.16
12980,12505,False,519.2,500.2
12981,12506,False,519.24,500.24
12982,12507,False,519.28,500.28
12983,12508,False,519.32,500.32
12984,12509,False,519.36,500.36
12985,12510,False,519.4,500.4
12986,12511,False,519.44,500.44
12987,12512,False,519.48,500.48
12988,12513,False,519.52,500.52
12989,12514,False,519.56,500.56
12990,12515,False,519.6,500.6
12991,12516,False,519.64,500.64
12992,12517,False,519.68,500.68
12993,12518,False,519.72,500.72
12994,12519,False,519.76,500.76
12995,12520,False,519.8,500.8
12996,12521,False,519.84,500.84
12997,12522,False,519.88,500.88
12998,12523,False,519.92,500.92
12999,12524,False,519.96,500.96
13000,12525,False,520.0,501.0
13001,12526,False,520.04,501.04
13002,12527,False,520.08,501.08
13003,12528,False,520.12,501.12
13004,12529,False,520.16,501.16
13005,12530,False,520.2,501.2
13006,12531,False,520.24,501.24
13007,12532,False,520.28,501.28
13008,12533,False,520.32,501.32
13009,12534,False,520.36,501.36
13010,12535,False,520.4,501.4
13011,12536,False,520.44,501.44
13012,12537,False,520.48,501.48
13013,12538,False,520.52,501.52
13014,12539,False,520.56,501.56
13015,12540,False,520.6,501.6
13016,12541,False,520.64,501.64
13017,12542,False,520.68,501.68
13018,12543,False,520.72,501.72
13019,12544,False,520.76,501.76
13020,12545,False,520.8,501.8
13021,12546,False,520.84,501.84
13022,12547,False,520.88,501.88
13023,12548,False,520.92,501.92
13024,12549,False,520.96,501.96
13025,12550,False,521.0,502.0
13026,12551,False,521.04,502.04
13027,12552,False,521.08,502.08
13028,12553,False,521.12,502.12
13029,12554,False,521.16,502.16
13030,12555,False,521.2,502.2
13031,12556,False,521.24,502.24
13032,12557,False,521.28,502.28
13033,12558,False,521.32,502.32
13034,12559,False,521.36,502.36
13035,12560,False,521.4,502.4
13036,12561,False,521.44,502.44
13037,12562,False,521.48,502.48
13038,12563,False,521.52,502.52
13039,12564,False,521.56,502.56
13040,12565,False,521.6,502.6
13041,12566,False,521.64,502.64
13042,12567,False,521.68,502.68
13043,12568,False,521.72,502.72
13044,12569,False,521.76,502.76
13045,12570,False,521.8,502.8
13046,12571,False,521.84,502.84
13047,12572,False,521.88,502.88
13048,12573,False,521.92,502.92
13049,12574,False,521.96,502.96
13050,12575,False,522.0,503.0
13051,12576,False,522.04,503.04
13052,12577,False,522.08,503.08
13053,12578,False,522.12,503.12
13054,12579,False,522.16,503.16
13055,12580,False,522.2,503.2
13056,12581,False,522.24,503.24
13057,12582,False,522.28,503.28
13058,12583,False,522.32,503.32
13059,12584,False,522.36,503.36
13060,12585,False,522.4,503.4
13061,12586,False,522.44,503.44
13062,12587,False,522.48,503.48
13063,12588,False,522.52,503.52
13064,12589,False,522.56,503.56
13065,12590,False,522.6,503.6
13066,12591,False,522.64,503.64
13067,12592,False,522.68,503.68
13068,12593,False,522.72,503.72
13069,12594,False,522.76,503.76
13070,12595,False,522.8,503.8
13071,12596,False,522.84,503.84
13072,12597,False,522.88,503.88
13073,12598,False,522.92,503.92
13074,12599,False,522.96,503.96
13075,12600,False,523.0,504.0
13076,12601,False,523.04,504.04
13077,12602,False,523.08,504.08
13078,12603,False,523.12,504.12
13079,12604,False,523.16,504.16
13080,12605,False,523.2,504.2
13081,12606,False,523.24,504.24
13082,12607,False,523.28,504.28
13083,12608,False,523.32,504.32
13084,12609,False,523.36,504.36
13085,12610,False,523.4,504.4
13086,12611,False,523.44,504.44
13087,12612,False,523.48,504.48
13088,12613,False,523.52,504.52
13089,12614,False,523.56,504.56
13090,12615,False,523.6,504.6
13091,12616,False,523.64,504.64
13092,12617,False,523.68,504.68
13093,12618,False,523.72,504.72
13094,12619,False,523.76,504.76
13095,12620,False,523.8,504.8
13096,12621,False,523.84,504.84
13097,12622,False,523.88,504.88
13098,12623,False,523.92,504.92
13099,12624,False,523.96,504.96
13100,12625,False,524.0,505.0
13101,12626,False,524.04,505.04
13102,12627,False,524.08,505.08
13103,12628,False,524.12,505.12
13104,12629,False,524.16,505.16
13105,12630,False,524.2,505.2
13106,12631,False,524.24,505.24
13107,12632,False,524.28,505.28
13108,12633,False,524.32,505.32
13109,12634,False,524.36,505.36
13110,12635,False,524.4,505.4
13111,12636,False,524.44,505.44
13112,12637,False,524.48,505.48
13113,12638,False,524.52,505.52
13114,12639,False,524.56,505.56
13115,12640,False,524.6,505.6
13116,12641,False,524.64,505.64
13117,12642,False,524.68,505.68
13118,12643,False,524.72,505.72
13119,12644,False,524.76,505.76
13120,12645,False,524.8,505.8
13121,12646,False,524.84,505.84
13122,12647,False,524.88,505.88
13123,12648,False,524.92,505.92
13124,12649,False,524.96,505.96
13125,12650,False,525.0,506.0
13126,12651,False,525.04,506.04
13127,12652,False,525.08,506.08
13128,12653,False,525.12,506.12
13129,12654,False,525.16,506.16
13130,12655,False,525.2,506.2
13131,12656,False,525.24,506.24
13132,12657,False,525.28,506.28
13133,12658,False,525.32,506.32
13134,12659,False,525.36,506.36
13135,12660,False,525.4,506.4
13136,12661,False,525.44,506.44
13137,12662,False,525.48,506.48
13138,12663,False,525.52,506.52
13139,12664,False,525.56,506.56
13140,12665,False,525.6,506.6
13141,12666,False,525.64,506.64
13142,12667,False,525.68,506.68
13143,12668,False,525.72,506.72
13144,12669,False,525.76,506.76
13145,12670,False,525.8,506.8
13146,12671,False,525.84,506.84
13147,12672,False,525.88,506.88
13148,12673,False,525.92,506.92
13149,12674,False,525.96,506.96
13150,12675,False,526.0,507.0
13151,12676,False,526.04,507.04
13152,12677,False,526.08,507.08
13153,12678,False,526.12,507.12
13154,12679,False,526.16,507.16
13155,12680,False,526.2,507.2
13156,12681,False,526.24,507.24
13157,12682,False,526.28,507.28
13158,12683,False,526.32,507.32
13159,12684,False,526.36,507.36
13160,12685,False,526.4,507.4
13161,12686,False,526.44,507.44
13162,12687,False,526.48,507.48
13163,12688,False,526.52,507.52
13164,12689,False,526.56,507.56
13165,12690,False,526.6,507.6
13166,12691,False,526.64,507.64
13167,12692,False,526.68,507.68
13168,12693,False,526.72,507.72
13169,12694,False,526.76,507.76
13170,12695,False,526.8,507.8
13171,12696,False,526.84,507.84
13172,12697,False,526.88,507.88
13173,12698,False,526.92,507.92
13174,12699,False,526.96,507.96
13175,12700,False,527.0,508.0
13176,12701,False,527.04,508.04
13177,12702,False,527.08,508.08
13178,12703,False,527.12,508.12
13179,12704,False,527.16,508.16
13180,12705,False,527.2,508.2
13181,12706,False,527.24,508.24
13182,12707,False,527.28,508.28
13183,12708,False,527.32,508.32
13184,12709,False,527.36,508.36
13185,12710,False,527.4,508.4
13186,12711,False,527.44,508.44
13187,12712,False,527.48,508.48
13188,12713,False,527.52,508.52
13189,12714,False,527.56,508.56
13190,12715,False,527.6,508.6
13191,12716,False,527.64,508.64
13192,12717,False,527.68,508.68
13193,12718,False,527.72,508.72
13194,12719,False,527.76,508.76
13195,12720,False,527.8,508.8
13196,12721,False,527.84,508.84
13197,12722,False,527.88,508.88
13198,12723,False,527.92,508.92
13199,12724,False,527.96,508.96
13200,12725,False,528.0,509.0
13201,12726,False,528.04,509.04
13202,12727,False,528.08,509.08
13203,12728,False,528.12,509.12
13204,12729,False,528.16,509.16
13205,12730,False,528.2,509.2
13206,12731,False,528.24,509.24
13207,12732,False,528.28,509.28
13208,12733,False,528.32,509.32
13209,12734,False,528.36,509.36
13210,12735,False,528.4,509.4
13211,12736,False,528.44,509.44
13212,12737,False,528.48,509.48
13213,12738,False,528.52,509.52
13214,12739,False,528.56,509.56
13215,12740,False,528.6,509.6
13216,12741,False,528.64,509.64
13217,12742,False,528.68,509.68
13218,12743,False,528.72,509.72
13219,12744,False,528.76,509.76
13220,12745,False,528.8,509.8
13221,12746,False,528.84,509.84
13222,12747,False,528.88,509.88
13223,12748,False,528.92,509.92
13224,12749,False,528.96,509.96
13225,12750,False,529.0,510.0
13226,12751,False,529.04,510.04
13227,12752,False,529.08,510.08
13228,12753,False,529.12,510.12
13229,12754,False,529.16,510.16
13230,12755,False,529.2,510.2
13231,12756,False,529.24,510.24
13232,12757,False,529.28,510.28
13233,12758,False,529.32,510.32
13234,12759,False,529.36,510.36
13235,12760,False,529.4,510.4
13236,12761,False,529.44,510.44
13237,12762,False,529.48,510.48
13238,12763,False,529.52,510.52
13239,12764,False,529.56,510.56
13240,12765,False,529.6,510.6
13241,12766,False,529.64,510.64
13242,12767,False,529.68,510.68
13243,12768,False,529.72,510.72
13244,12769,False,529.76,510.76
13245,12770,False,529.8,510.8
13246,12771,False,529.84,510.84
13247,12772,False,529.88,510.88
13248,12773,False,529.92,510.92
13249,12774,False,529.96,510.96
13250,12775,False,530.0,511.0
13251,12776,False,530.04,511.04
13252,12777,False,530.08,511.08
13253,12778,False,530.12,511.12
13254,12779,False,530.16,511.16
13255,12780,False,530.2,511.2
13256,12781,False,530.24,511.24
13257,12782,False,530.28,511.28
13258,12783,False,530.32,511.32
13259,12784,False,530.36,511.36
13260,12785,False,530.4,511.4
13261,12786,False,530.44,511.44
13262,12787,False,530.48,511.48
13263,12788,False,530.52,511.52
13264,12789,False,530.56,511.56
13265,12790,False,530.6,511.6
13266,12791,False,530.64,511.64
13267,12792,False,530.68,511.68
13268,12793,False,530.72,511.72
13269,12794,False,530.76,511.76
13270,12795,False,530.8,511.8
13271,12796,False,530.84,511.84
13272,12797,False,530.88,511.88
13273,12798,False,530.92,511.92
13274,12799,False,530.96,511.96
13275,12800,False,531.0,512.0
13276,12801,False,531.04,512.04
13277,12802,False,531.08,512.08
13278,12803,False,531.12,512.12
13279,12804,False,531.16,512.16
13280,12805,False,531.2,512.2
13281,12806,False,531.24,512.24
13282,12807,False,531.28,512.28
13283,12808,False,531.32,512.32
13284,12809,False,531.36,512.36
13285,12810,False,531.4,512.4
13286,12811,False,531.44,512.44
13287,12812,False,531.48,512.48
13288,12813,False,531.52,512.52
13289,12814,False,531.56,512.56
13290,12815,False,531.6,512.6
13291,12816,False,531.64,512.64
13292,12817,False,531.68,512.68
13293,12818,False,531.72,512.72
13294,12819,False,531.76,512.76
13295,12820,False,531.8,512.8
13296,12821,False,531.84,512.84
13297,12822,False,531.88,512.88
13298,12823,False,531.92,512.92
13299,12824,False,531.96,512.96
13300,12825,False,532.0,513.0
13301,12826,False,532.04,513.04
13302,12827,False,532.08,513.08
13303,12828,False,532.12,513.12
13304,12829,False,532.16,513.16
13305,12830,False,532.2,513.2
13306,12831,False,532.24,513.24
13307,12832,False,532.28,513.28
13308,12833,False,532.32,513.32
13309,12834,False,532.36,513.36
13310,12835,False,532.4,513.4
13311,12836,False,532.44,513.44
13312,12837,False,532.48,513.48
13313,12838,False,532.52,513.52
13314,12839,False,532.56,513.56
13315,12840,False,532.6,513.6
13316,12841,False,532.64,513.64
13317,12842,False,532.68,513.68
13318,12843,False,532.72,513.72
13319,12844,False,532.76,513.76
13320,12845,False,532.8,513.8
13321,12846,False,532.84,513.84
13322,12847,False,532.88,513.88
13323,12848,False,532.92,513.92
13324,12849,False,532.96,513.96
13325,12850,False,533.0,514.0
13326,12851,False,533.04,514.04
13327,12852,False,533.08,514.08
13328,12853,False,533.12,514.12
13329,12854,False,533.16,514.16
13330,12855,False,533.2,514.2
13331,12856,False,533.24,514.24
13332,12857,False,533.28,514.28
13333,12858,False,533.32,514.32
13334,12859,False,533.36,514.36
13335,12860,False,533.4,514.4
13336,12861,False,533.44,514.44
13337,12862,False,533.48,514.48
13338,12863,False,533.52,514.52
13339,12864,False,533.56,514.56
13340,12865,False,533.6,514.6
13341,12866,False,533.64,514.64
13342,12867,False,533.68,514.68
13343,12868,False,533.72,514.72
13344,12869,False,533.76,514.76
13345,12870,False,533.8,514.8
13346,12871,False,533.84,514.84
13347,12872,False,533.88,514.88
13348,12873,False,533.92,514.92
13349,12874,False,533.96,514.96
13350,12875,False,534.0,515.0
13351,12876,False,534.04,515.04
13352,12877,False,534.08,515.08
13353,12878,False,534.12,515.12
13354,12879,False,534.16,515.16
13355,12880,False,534.2,515.2
13356,12881,False,534.24,515.24
13357,12882,False,534.28,515.28
13358,12883,False,534.32,515.32
13359,12884,False,534.36,515.36
13360,12885,False,534.4,515.4
13361,12886,False,534.44,515.44
13362,12887,False,534.48,515.48
13363,12888,False,534.52,515.52
13364,12889,False,534.56,515.56
13365,12890,False,534.6,515.6
13366,12891,False,534.64,515.64
13367,12892,False,534.68,515.68
13368,12893,False,534.72,515.72
13369,12894,False,534.76,515.76
13370,12895,False,534.8,515.8
13371,12896,False,534.84,515.84
13372,12897,False,534.88,515.88
13373,12898,False,534.92,515.92
13374,12899,False,534.96,515.96
13375,12900,False,535.0,516.0
13376,12901,False,535.04,516.04
13377,12902,False,535.08,516.08
13378,12903,False,535.12,516.12
13379,12904,False,535.16,516.16
13380,12905,False,535.2,516.2
13381,12906,False,535.24,516.24
13382,12907,False,535.28,516.28
13383,12908,False,535.32,516.32
13384,12909,False,535.36,516.36
13385,12910,False,535.4,516.4
13386,12911,False,535.44,516.44
13387,12912,False,535.48,516.48
13388,12913,False,535.52,516.52
13389,12914,False,535.56,516.56
13390,12915,False,535.6,516.6
13391,12916,False,535.64,516.64
13392,12917,False,535.68,516.68
13393,12918,False,535.72,516.72
13394,12919,False,535.76,516.76
13395,12920,False,535.8,516.8
13396,12921,False,535.84,516.84
13397,12922,False,535.88,516.88
13398,12923,False,535.92,516.92
13399,12924,False,535.96,516.96
13400,12925,False,536.0,517.0
13401,12926,False,536.04,517.04
13402,12927,False,536.08,517.08
13403,12928,False,536.12,517.12
13404,12929,False,536.16,517.16
13405,12930,False,536.2,517.2
13406,12931,False,536.24,517.24
13407,12932,False,536.28,517.28
13408,12933,False,536.32,517.32
13409,12934,False,536.36,517.36
13410,12935,False,536.4,517.4
13411,12936,False,536.44,517.44
13412,12937,False,536.48,517.48
13413,12938,False,536.52,517.52
13414,12939,False,536.56,517.56
13415,12940,False,536.6,517.6
13416,12941,False,536.64,517.64
13417,12942,False,536.68,517.68
13418,12943,False,536.72,517.72
13419,12944,False,536.76,517.76
13420,12945,False,536.8,517.8
13421,12946,False,536.84,517.84
13422,12947,False,536.88,517.88
13423,12948,False,536.92,517.92
13424,12949,False,536.96,517.96
13425,12950,False,537.0,518.0
13426,12951,False,537.04,518.04
13427,12952,False,537.08,518.08
13428,12953,False,537.12,518.12
13429,12954,False,537.16,518.16
13430,12955,False,537.2,518.2
13431,12956,False,537.24,518.24
13432,12957,False,537.28,518.28
13433,12958,False,537.32,518.32
13434,12959,False,537.36,518.36
13435,12960,False,537.4,518.4
13436,12961,False,537.44,518.44
13437,12962,False,537.48,518.48
13438,12963,False,537.52,518.52
13439,12964,False,537.56,518.56
13440,12965,False,537.6,518.6
13441,12966,False,537.64,518.64
13442,12967,False,537.68,518.68
13443,12968,False,537.72,518.72
13444,12969,False,537.76,518.76
13445,12970,False,537.8,518.8
13446,12971,False,537.84,518.84
13447,12972,False,537.88,518.88
13448,12973,False,537.92,518.92
13449,12974,False,537.96,518.96
13450,12975,False,538.0,519.0
13451,12976,False,538.04,519.04
13452,12977,False,538.08,519.08
13453,12978,False,538.12,519.12
13454,12979,False,538.16,519.16
13455,12980,False,538.2,519.2
13456,12981,False,538.24,519.24
13457,12982,False,538.28,519.28
13458,12983,False,538.32,519.32
13459,12984,False,538.36,519.36
13460,12985,False,538.4,519.4
13461,12986,False,538.44,519.44
13462,12987,False,538.48,519.48
13463,12988,False,538.52,519.52
13464,12989,False,538.56,519.56
13465,12990,False,538.6,519.6
13466,12991,False,538.64,519.64
13467,12992,False,538.68,519.68
13468,12993,False,538.72,519.72
13469,12994,False,538.76,519.76
13470,12995,False,538.8,519.8
13471,12996,False,538.84,519.84
13472,12997,False,538.88,519.88
13473,12998,False,538.92,519.92
13474,12999,False,538.96,519.96
13475,13000,False,539.0,520.0
13476,13001,False,539.04,520.04
13477,13002,False,539.08,520.08
13478,13003,False,539.12,520.12
13479,13004,False,539.16,520.16
13480,13005,False,539.2,520.2
13481,13006,False,539.24,520.24
13482,13007,False,539.28,520.28
13483,13008,False,539.32,520.32
13484,13009,False,539.36,520.36
13485,13010,False,539.4,520.4
13486,13011,False,539.44,520.44
13487,13012,False,539.48,520.48
13488,13013,False,539.52,520.52
13489,13014,False,539.56,520.56
13490,13015,False,539.6,520.6
13491,13016,False,539.64,520.64
13492,13017,False,539.68,520.68
13493,13018,False,539.72,520.72
13494,13019,False,539.76,520.76
13495,13020,False,539.8,520.8
13496,13021,False,539.84,520.84
13497,13022,False,539.88,520.88
13498,13023,False,539.92,520.92
13499,13024,False,539.96,520.96
13500,13025,False,540.0,521.0
13501,13026,False,540.04,521.04
13502,13027,False,540.08,521.08
13503,13028,False,540.12,521.12
13504,13029,False,540.16,521.16
13505,13030,False,540.2,521.2
13506,13031,False,540.24,521.24
13507,13032,False,540.28,521.28
13508,13033,False,540.32,521.32
13509,13034,False,540.36,521.36
13510,13035,False,540.4,521.4
13511,13036,False,540.44,521.44
13512,13037,False,540.48,521.48
13513,13038,False,540.52,521.52
13514,13039,False,540.56,521.56
13515,13040,False,540.6,521.6
13516,13041,False,540.64,521.64
13517,13042,False,540.68,521.68
13518,13043,False,540.72,521.72
13519,13044,False,540.76,521.76
13520,13045,False,540.8,521.8
13521,13046,False,540.84,521.84
13522,13047,False,540.88,521.88
13523,13048,False,540.92,521.92
13524,13049,False,540.96,521.96
13525,13050,False,541.0,522.0
13526,13051,False,541.04,522.04
13527,13052,False,541.08,522.08
13528,13053,False,541.12,522.12
13529,13054,False,541.16,522.16
13530,13055,False,541.2,522.2
13531,13056,False,541.24,522.24
13532,13057,False,541.28,522.28
13533,13058,False,541.32,522.32
13534,13059,False,541.36,522.36
13535,13060,False,541.4,522.4
13536,13061,False,541.44,522.44
13537,13062,False,541.48,522.48
13538,13063,False,541.52,522.52
13539,13064,False,541.56,522.56
13540,13065,False,541.6,522.6
13541,13066,False,541.64,522.64
13542,13067,False,541.68,522.68
13543,13068,False,541.72,522.72
13544,13069,False,541.76,522.76
13545,13070,False,541.8,522.8
13546,13071,False,541.84,522.84
13547,13072,False,541.88,522.88
13548,13073,False,541.92,522.92
13549,13074,False,541.96,522.96
13550,13075,False,542.0,523.0
13551,13076,False,542.04,523.04
13552,13077,False,542.08,523.08
13553,13078,False,542.12,523.12
13554,13079,False,542.16,523.16
13555,13080,False,542.2,523.2
13556,13081,False,542.24,523.24
13557,13082,False,542.28,523.28
13558,13083,False,542.32,523.32
13559,13084,False,542.36,523.36
13560,13085,False,542.4,523.4
13561,13086,False,542.44,523.44
13562,13087,False,542.48,523.48
13563,13088,False,542.52,523.52
13564,13089,False,542.56,523.56
13565,13090,False,542.6,523.6
13566,13091,False,542.64,523.64
13567,13092,False,542.68,523.68
13568,13093,False,542.72,523.72
13569,13094,False,542.76,523.76
13570,13095,False,542.8,523.8
13571,13096,False,542.84,523.84
13572,13097,False,542.88,523.88
13573,13098,False,542.92,523.92
13574,13099,False,542.96,523.96
13575,13100,False,543.0,524.0
13576,13101,False,543.04,524.04
13577,13102,False,543.08,524.08
13578,13103,False,543.12,524.12
13579,13104,False,543.16,524.16
13580,13105,False,543.2,524.2
13581,13106,False,543.24,524.24
13582,13107,False,543.28,524.28
13583,13108,False,543.32,524.32
13584,13109,False,543.36,524.36
13585,13110,False,543.4,524.4
13586,13111,False,543.44,524.44
13587,13112,False,543.48,524.48
13588,13113,False,543.52,524.52
13589,13114,False,543.56,524.56
13590,13115,False,543.6,524.6
13591,13116,False,543.64,524.64
13592,13117,False,543.68,524.68
13593,13118,False,543.72,524.72
13594,13119,False,543.76,524.76
13595,13120,False,543.8,524.8
13596,13121,False,543.84,524.84
13597,13122,False,543.88,524.88
13598,13123,False,543.92,524.92
13599,13124,False,543.96,524.96
13600,13125,False,544.0,525.0
13601,13126,False,544.04,525.04
13602,13127,False,544.08,525.08
13603,13128,False,544.12,525.12
13604,13129,False,544.16,525.16
13605,13130,False,544.2,525.2
13606,13131,False,544.24,525.24
13607,13132,False,544.28,525.28
13608,13133,False,544.32,525.32
13609,13134,False,544.36,525.36
13610,13135,False,544.4,525.4
13611,13136,False,544.44,525.44
13612,13137,False,544.48,525.48
13613,13138,False,544.52,525.52
13614,13139,False,544.56,525.56
13615,13140,False,544.6,525.6
13616,13141,False,544.64,525.64
13617,13142,False,544.68,525.68
13618,13143,False,544.72,525.72
13619,13144,False,544.76,525.76
13620,13145,False,544.8,525.8
13621,13146,False,544.84,525.84
13622,13147,False,544.88,525.88
13623,13148,False,544.92,525.92
13624,13149,False,544.96,525.96
13625,-1,True,545.0,
13626,-1,True,545.04,
13627,-1,True,545.08,
13628,-1,True,545.12,
13629,-1,True,545.16,
13630,-1,True,545.2,
13631,-1,True,545.24,
13632,-1,True,545.28,
13633,-1,True,545.32,
13634,-1,True,545.36,
13635,-1,True,545.4,
13636,-1,True,545.44,
13637,-1,True,545.48,
13638,-1,True,545.52,
13639,-1,True,545.56,
13640,-1,True,545.6,
13641,-1,True,545.64,
13642,-1,True,545.68,
13643,-1,True,545.72,
13644,-1,True,545.76,
13645,-1,True,545.8,
13646,-1,True,545.84,
13647,-1,True,545.88,
13648,-1,True,545.92,
13649,-1,True,545.96,
13650,-1,True,546.0,
13651,-1,True,546.04,
13652,-1,True,546.08,
13653,-1,True,546.12,
13654,-1,True,546.16,
13655,-1,True,546.2,
13656,-1,True,546.24,
13657,-1,True,546.28,
13658,-1,True,546.32,
13659,-1,True,546.36,
13660,-1,True,546.4,
13661,-1,True,546.44,
13662,-1,True,546.48,
13663,-1,True,546.52,
13664,-1,True,546.56,
13665,-1,True,546.6,
13666,-1,True,546.64,
13667,-1,True,546.68,
13668,-1,True,546.72,
13669,-1,True,546.76,
13670,-1,True,546.8,
13671,-1,True,546.84,
13672,-1,True,546.88,
13673,-1,True,546.92,
13674,-1,True,546.96,
13675,-1,True,547.0,
13676,-1,True,547.04,
13677,-1,True,547.08,
13678,-1,True,547.12,
13679,-1,True,547.16,
13680,-1,True,547.2,
13681,-1,True,547.24,
13682,-1,True,547.28,
13683,-1,True,547.32,
13684,-1,True,547.36,
13685,-1,True,547.4,
13686,-1,True,547.44,
13687,-1,True,547.48,
13688,-1,True,547.52,
13689,-1,True,547.56,
13690,-1,True,547.6,
13691,-1,True,547.64,
13692,-1,True,547.68,
13693,-1,True,547.72,
13694,-1,True,547.76,
13695,-1,True,547.8,
13696,-1,True,547.84,
13697,-1,True,547.88,
13698,-1,True,547.92,
13699,-1,True,547.96,
13700,-1,True,548.0,
13701,-1,True,548.04,
13702,-1,True,548.08,
13703,-1,True,548.12,
13704,-1,True,548.16,
13705,-1,True,548.2,
13706,-1,True,548.24,
13707,-1,True,548.28,
13708,-1,True,548.32,
13709,-1,True,548.36,
13710,-1,True,548.4,
13711,-1,True,548.44,
13712,-1,True,548.48,
13713,-1,True,548.52,
13714,-1,True,548.56,
13715,-1,True,548.6,
13716,-1,True,548.64,
13717,-1,True,548.68,
13718,-1,True,548.72,
13719,-1,True,548.76,
13720,-1,True,548.8,
13721,-1,True,548.84,
13722,-1,True,548.88,
13723,-1,True,548.92,
13724,-1,True,548.96,
13725,-1,True,549.0,
13726,-1,True,549.04,
13727,-1,True,549.08,
13728,-1,True,549.12,
13729,-1,True,549.16,
13730,-1,True,549.2,
13731,-1,True,549.24,
13732,-1,True,549.28,
13733,-1,True,549.32,
13734,-1,True,549.36,
13735,-1,True,549.4,
13736,-1,True,549.44,
13737,-1,True,549.48,
13738,-1,True,549.52,
13739,-1,True,549.56,
13740,-1,True,549.6,
13741,-1,True,549.64,
13742,-1,True,549.68,
13743,-1,True,549.72,
13744,-1,True,549.76,
13745,-1,True,549.8,
13746,-1,True,549.84,
13747,-1,True,549.88,
13748,-1,True,549.92,
13749,-1,True,549.96,
13750,-1,True,550.0,
13751,-1,True,550.04,
13752,-1,True,550.08,
13753,-1,True,550.12,
13754,-1,True,550.16,
13755,-1,True,550.2,
13756,-1,True,550.24,
13757,-1,True,550.28,
13758,-1,True,550.32,
13759,-1,True,550.36,
13760,-1,True,550.4,
13761,-1,True,550.44,
13762,-1,True,550.48,
13763,-1,True,550.52,
13764,-1,True,550.56,
13765,-1,True,550.6,
13766,-1,True,550.64,
13767,-1,True,550.68,
13768,-1,True,550.72,
13769,-1,True,550.76,
13770,-1,True,550.8,
13771,-1,True,550.84,
13772,-1,True,550.88,
13773,-1,True,550.92,
13774,-1,True,550.96,
13775,-1,True,551.0,
13776,-1,True,551.04,
13777,-1,True,551.08,
13778,-1,True,551.12,
13779,-1,True,551.16,
13780,-1,True,551.2,
13781,-1,True,551.24,
13782,-1,True,551.28,
13783,-1,True,551.32,
13784,-1,True,551.36,
13785,-1,True,551.4,
13786,-1,True,551.44,
13787,-1,True,551.48,
13788,-1,True,551.52,
13789,-1,True,551.56,
13790,-1,True,551.6,
13791,-1,True,551.64,
13792,-1,True,551.68,
13793,-1,True,551.72,
13794,-1,True,551.76,
13795,-1,True,551.8,
13796,-1,True,551.84,
13797,-1,True,551.88,
13798,-1,True,551.92,
13799,-1,True,551.96,
13800,-1,True,552.0,
13801,-1,True,552.04,
13802,-1,True,552.08,
13803,-1,True,552.12,
13804,-1,True,552.16,
13805,-1,True,552.2,
13806,-1,True,552.24,
13807,-1,True,552.28,
13808,-1,True,552.32,
13809,-1,True,552.36,
13810,-1,True,552.4,
13811,-1,True,552.44,
13812,-1,True,552.48,
13813,-1,True,552.52,
13814,-1,True,552.56,
13815,-1,True,552.6,
13816,-1,True,552.64,
13817,-1,True,552.68,
13818,-1,True,552.72,
13819,-1,True,552.76,
13820,-1,True,552.8,
13821,-1,True,552.84,
13822,-1,True,552.88,
13823,-1,True,552.92,
13824,-1,True,552.96,
13825,-1,True,553.0,
13826,-1,True,553.04,
13827,-1,True,553.08,
13828,-1,True,553.12,
13829,-1,True,553.16,
13830,-1,True,553.2,
13831,-1,True,553.24,
13832,-1,True,553.28,
13833,-1,True,553.32,
13834,-1,True,553.36,
13835,-1,True,553.4,
13836,-1,True,553.44,
13837,-1,True,553.48,
13838,-1,True,553.52,
13839,-1,True,553.56,
13840,-1,True,553.6,
13841,-1,True,553.64,
13842,-1,True,553.68,
13843,-1,True,553.72,
13844,-1,True,553.76,
13845,-1,True,553.8,
13846,-1,True,553.84,
13847,-1,True,553.88,
13848,-1,True,553.92,
13849,-1,True,553.96,
13850,-1,True,554.0,
13851,-1,True,554.04,
13852,-1,True,554.08,
13853,-1,True,554.12,
13854,-1,True,554.16,
13855,-1,True,554.2,
13856,-1,True,554.24,
13857,-1,True,554.28,
13858,-1,True,554.32,
13859,-1,True,554.36,
13860,-1,True,554.4,
13861,-1,True,554.44,
13862,-1,True,554.48,
13863,-1,True,554.52,
13864,-1,True,554.56,
13865,-1,True,554.6,
13866,-1,True,554.64,
13867,-1,True,554.68,
13868,-1,True,554.72,
13869,-1,True,554.76,
13870,-1,True,554.8,
13871,-1,True,554.84,
13872,-1,True,554.88,
13873,-1,True,554.92,
13874,-1,True,554.96,
13875,13150,False,555.0,526.0
13876,13151,False,555.04,526.04
13877,13152,False,555.08,526.08
13878,13153,False,555.12,526.12
13879,13154,False,555.16,526.16
13880,13155,False,555.2,526.2
13881,13156,False,555.24,526.24
13882,13157,False,555.28,526.28
13883,13158,False,555.32,526.32
13884,13159,False,555.36,526.36
13885,13160,False,555.4,526.4
13886,13161,False,555.44,526.44
13887,13162,False,555.48,526.48
13888,13163,False,555.52,526.52
13889,13164,False,555.56,526.56
13890,13165,False,555.6,526.6
13891,13166,False,555.64,526.64
13892,13167,False,555.68,526.68
13893,13168,False,555.72,526.72
13894,13169,False,555.76,526.76
13895,13170,False,555.8,526.8
13896,13171,False,555.84,526.84
13897,13172,False,555.88,526.88
13898,13173,False,555.92,526.92
13899,13174,False,555.96,526.96
13900,13175,False,556.0,527.0
13901,13176,False,556.04,527.04
13902,13177,False,556.08,527.08
13903,13178,False,556.12,527.12
13904,13179,False,556.16,527.16
13905,13180,False,556.2,527.2
13906,13181,False,556.24,527.24
13907,13182,False,556.28,527.28
13908,13183,False,556.32,527.32
13909,13184,False,556.36,527.36
13910,13185,False,556.4,527.4
13911,13186,False,556.44,527.44
13912,13187,False,556.48,527.48
13913,13188,False,556.52,527.52
13914,13189,False,556.56,527.56
13915,13190,False,556.6,527.6
13916,13191,False,556.64,527.64
13917,13192,False,556.68,527.68
13918,13193,False,556.72,527.72
13919,13194,False,556.76,527.76
13920,13195,False,556.8,527.8
13921,13196,False,556.84,527.84
13922,13197,False,556.88,527.88
13923,13198,False,556.92,527.92
13924,13199,False,556.96,527.96
13925,13200,False,557.0,528.0
13926,13201,False,557.04,528.04
13927,13202,False,557.08,528.08
13928,13203,False,557.12,528.12
13929,13204,False,557.16,528.16
13930,13205,False,557.2,528.2
13931,13206,False,557.24,528.24
13932,13207,False,557.28,528.28
13933,13208,False,557.32,528.32
13934,13209,False,557.36,528.36
13935,13210,False,557.4,528.4
13936,13211,False,557.44,528.44
13937,13212,False,557.48,528.48
13938,13213,False,557.52,528.52
13939,13214,False,557.56,528.56
13940,13215,False,557.6,528.6
13941,13216,False,557.64,528.64
13942,13217,False,557.68,528.68
13943,13218,False,557.72,528.72
13944,13219,False,557.76,528.76
13945,13220,False,557.8,528.8
13946,13221,False,557.84,528.84
13947,13222,False,557.88,528.88
13948,13223,False,557.92,528.92
13949,13224,False,557.96,528.96
13950,13225,False,558.0,529.0
13951,13226,False,558.04,529.04
13952,13227,False,558.08,529.08
13953,13228,False,558.12,529.12
13954,13229,False,558.16,529.16
13955,13230,False,558.2,529.2
13956,13231,False,558.24,529.24
13957,13232,False,558.28,529.28
13958,13233,False,558.32,529.32
13959,13234,False,558.36,529.36
13960,13235,False,558.4,529.4
13961,13236,False,558.44,529.44
13962,13237,False,558.48,529.48
13963,13238,False,558.52,529.52
13964,13239,False,558.56,529.56
13965,13240,False,558.6,529.6
13966,13241,False,558.64,529.64
13967,13242,False,558.68,529.68
13968,13243,False,558.72,529.72
13969,13244,False,558.76,529.76
13970,13245,False,558.8,529.8
13971,13246,False,558.84,529.84
13972,13247,False,558.88,529.88
13973,13248,False,558.92,529.92
13974,13249,False,558.96,529.96
13975,13250,False,559.0,530.0
13976,13251,False,559.04,530.04
13977,13252,False,559.08,530.08
13978,13253,False,559.12,530.12
13979,13254,False,559.16,530.16
13980,13255,False,559.2,530.2
13981,13256,False,559.24,530.24
13982,13257,False,559.28,530.28
13983,13258,False,559.32,530.32
13984,13259,False,559.36,530.36
13985,13260,False,559.4,530.4
13986,13261,False,559.44,530.44
13987,13262,False,559.48,530.48
13988,13263,False,559.52,530.52
13989,13264,False,559.56,530.56
13990,13265,False,559.6,530.6
13991,13266,False,559.64,530.64
13992,13267,False,559.68,530.68
13993,13268,False,559.72,530.72
13994,13269,False,559.76,530.76
13995,13270,False,559.8,530.8
13996,13271,False,559.84,530.84
13997,13272,False,559.88,530.88
13998,13273,False,559.92,530.92
13999,13274,False,559.96,530.96
14000,13275,False,560.0,531.0
14001,13276,False,560.04,531.04
14002,13277,False,560.08,531.08
14003,13278,False,560.12,531.12
14004,13279,False,560.16,531.16
14005,13280,False,560.2,531.2
14006,13281,False,560.24,531.24
14007,13282,False,560.28,531.28
14008,13283,False,560.32,531.32
14009,13284,False,560.36,531.36
14010,13285,False,560.4,531.4
14011,13286,False,560.44,531.44
14012,13287,False,560.48,531.48
14013,13288,False,560.52,531.52
14014,13289,False,560.56,531.56
14015,13290,False,560.6,531.6
14016,13291,False,560.64,531.64
14017,13292,False,560.68,531.68
14018,13293,False,560.72,531.72
14019,13294,False,560.76,531.76
14020,13295,False,560.8,531.8
14021,13296,False,560.84,531.84
14022,13297,False,560.88,531.88
14023,13298,False,560.92,531.92
14024,13299,False,560.96,531.96
14025,13300,False,561.0,532.0
14026,13301,False,561.04,532.04
14027,13302,False,561.08,532.08
14028,13303,False,561.12,532.12
14029,13304,False,561.16,532.16
14030,13305,False,561.2,532.2
14031,13306,False,561.24,532.24
14032,13307,False,561.28,532.28
14033,13308,False,561.32,532.32
14034,13309,False,561.36,532.36
14035,13310,False,561.4,532.4
14036,13311,False,561.44,532.44
14037,13312,False,561.48,532.48
14038,13313,False,561.52,532.52
14039,13314,False,561.56,532.56
14040,13315,False,561.6,532.6
14041,13316,False,561.64,532.64
14042,13317,False,561.68,532.68
14043,13318,False,561.72,532.72
14044,13319,False,561.76,532.76
14045,13320,False,561.8,532.8
14046,13321,False,561.84,532.84
14047,13322,False,561.88,532.88
14048,13323,False,561.92,532.92
14049,13324,False,561.96,532.96
14050,13325,False,562.0,533.0
14051,13326,False,562.04,533.04
14052,13327,False,562.08,533.08
14053,13328,False,562.12,533.12
14054,13329,False,562.16,533.16
14055,13330,False,562.2,533.2
14056,13331,False,562.24,533.24
14057,13332,False,562.28,533.28
14058,13333,False,562.32,533.32
14059,13334,False,562.36,533.36
14060,13335,False,562.4,533.4
14061,13336,False,562.44,533.44
14062,13337,False,562.48,533.48
14063,13338,False,562.52,533.52
14064,13339,False,562.56,533.56
14065,13340,False,562.6,533.6
14066,13341,False,562.64,533.64
14067,13342,False,562.68,533.68
14068,13343,False,562.72,533.72
14069,13344,False,562.76,533.76
14070,13345,False,562.8,533.8
14071,13346,False,562.84,533.84
14072,13347,False,562.88,533.88
14073,13348,False,562.92,533.92
14074,13349,False,562.96,533.96
14075,13350,False,563.0,534.0
14076,13351,False,563.04,534.04
14077,13352,False,563.08,534.08
14078,13353,False,563.12,534.12
14079,13354,False,563.16,534.16
14080,13355,False,563.2,534.2
14081,13356,False,563.24,534.24
14082,13357,False,563.28,534.28
14083,13358,False,563.32,534.32
14084,13359,False,563.36,534.36
14085,13360,False,563.4,534.4
14086,13361,False,563.44,534.44
14087,13362,False,563.48,534.48
14088,13363,False,563.52,534.52
14089,13364,False,563.56,534.56
14090,13365,False,563.6,534.6
14091,13366,False,563.64,534.64
14092,13367,False,563.68,534.68
14093,13368,False,563.72,534.72
14094,13369,False,563.76,534.76
14095,13370,False,563.8,534.8
14096,13371,False,563.84,534.84
14097,13372,False,563.88,534.88
14098,13373,False,563.92,534.92
14099,13374,False,563.96,534.96
14100,13375,False,564.0,535.0
14101,13376,False,564.04,535.04
14102,13377,False,564.08,535.08
14103,13378,False,564.12,535.12
14104,13379,False,564.16,535.16
14105,13380,False,564.2,535.2
14106,13381,False,564.24,535.24
14107,13382,False,564.28,535.28
14108,13383,False,564.32,535.32
14109,13384,False,564.36,535.36
14110,13385,False,564.4,535.4
14111,13386,False,564.44,535.44
14112,13387,False,564.48,535.48
14113,13388,False,564.52,535.52
14114,13389,False,564.56,535.56
14115,13390,False,564.6,535.6
14116,13391,False,564.64,535.64
14117,13392,False,564.68,535.68
14118,13393,False,564.72,535.72
14119,13394,False,564.76,535.76
14120,13395,False,564.8,535.8
14121,13396,False,564.84,535.84
14122,13397,False,564.88,535.88
14123,13398,False,564.92,535.92
14124,13399,False,564.96,535.96
14125,13400,False,565.0,536.0
14126,13401,False,565.04,536.04
14127,13402,False,565.08,536.08
14128,13403,False,565.12,536.12
14129,13404,False,565.16,536.16
14130,13405,False,565.2,536.2
14131,13406,False,565.24,536.24
14132,13407,False,565.28,536.28
14133,13408,False,565.32,536.32
14134,13409,False,565.36,536.36
14135,13410,False,565.4,536.4
14136,13411,False,565.44,536.44
14137,13412,False,565.48,536.48
14138,13413,False,565.52,536.52
14139,13414,False,565.56,536.56
14140,13415,False,565.6,536.6
14141,13416,False,565.64,536.64
14142,13417,False,565.68,536.68
14143,13418,False,565.72,536.72
14144,13419,False,565.76,536.76
14145,13420,False,565.8,536.8
14146,13421,False,565.84,536.84
14147,13422,False,565.88,536.88
14148,13423,False,565.92,536.92
14149,13424,False,565.96,536.96
14150,13425,False,566.0,537.0
14151,13426,False,566.04,537.04
14152,13427,False,566.08,537.08
14153,13428,False,566.12,537.12
14154,13429,False,566.16,537.16
14155,13430,False,566.2,537.2
14156,13431,False,566.24,537.24
14157,13432,False,566.28,537.28
14158,13433,False,566.32,537.32
14159,13434,False,566.36,537.36
14160,13435,False,566.4,537.4
14161,13436,False,566.44,537.44
14162,13437,False,566.48,537.48
14163,13438,False,566.52,537.52
14164,13439,False,566.56,537.56
14165,13440,False,566.6,537.6
14166,13441,False,566.64,537.64
14167,13442,False,566.68,537.68
14168,13443,False,566.72,537.72
14169,13444,False,566.76,537.76
14170,13445,False,566.8,537.8
14171,13446,False,566.84,537.84
14172,13447,False,566.88,537.88
14173,13448,False,566.92,537.92
14174,13449,False,566.96,537.96
14175,13450,False,567.0,538.0
14176,13451,False,567.04,538.04
14177,13452,False,567.08,538.08
14178,13453,False,567.12,538.12
14179,13454,False,567.16,538.16
14180,13455,False,567.2,538.2
14181,13456,False,567.24,538.24
14182,13457,False,567.28,538.28
14183,13458,False,567.32,538.32
14184,13459,False,567.36,538.36
14185,13460,False,567.4,538.4
14186,13461,False,567.44,538.44
14187,13462,False,567.48,538.48
14188,13463,False,567.52,538.52
14189,13464,False,567.56,538.56
14190,13465,False,567.6,538.6
14191,13466,False,567.64,538.64
14192,13467,False,567.68,538.68
14193,13468,False,567.72,538.72
14194,13469,False,567.76,538.76
14195,13470,False,567.8,538.8
14196,13471,False,567.84,538.84
14197,13472,False,567.88,538.88
14198,13473,False,567.92,538.92
14199,13474,False,567.96,538.96
14200,13475,False,568.0,539.0
14201,13476,False,568.04,539.04
14202,13477,False,568.08,539.08
14203,13478,False,568.12,539.12
14204,13479,False,568.16,539.16
14205,13480,False,568.2,539.2
14206,13481,False,568.24,539.24
14207,13482,False,568.28,539.28
14208,13483,False,568.32,539.32
14209,13484,False,568.36,539.36
14210,13485,False,568.4,539.4
14211,13486,False,568.44,539.44
14212,13487,False,568.48,539.48
14213,13488,False,568.52,539.52
14214,13489,False,568.56,539.56
14215,13490,False,568.6,539.6
14216,13491,False,568.64,539.64
14217,13492,False,568.68,539.68
14218,13493,False,568.72,539.72
14219,13494,False,568.76,539.76
14220,13495,False,568.8,539.8
14221,13496,False,568.84,539.84
14222,13497,False,568.88,539.88
14223,13498,False,568.92,539.92
14224,13499,False,568.96,539.96
14225,13500,False,569.0,540.0
14226,13501,False,569.04,540.04
14227,13502,False,569.08,540.08
14228,13503,False,569.12,540.12
14229,13504,False,569.16,540.16
14230,13505,False,569.2,540.2
14231,13506,False,569.24,540.24
14232,13507,False,569.28,540.28
14233,13508,False,569.32,540.32
14234,13509,False,569.36,540.36
14235,13510,False,569.4,540.4
14236,13511,False,569.44,540.44
14237,13512,False,569.48,540.48
14238,13513,False,569.52,540.52
14239,13514,False,569.56,540.56
14240,13515,False,569.6,540.6
14241,13516,False,569.64,540.64
14242,13517,False,569.68,540.68
14243,13518,False,569.72,540.72
14244,13519,False,569.76,540.76
14245,13520,False,569.8,540.8
14246,13521,False,569.84,540.84
14247,13522,False,569.88,540.88
14248,13523,False,569.92,540.92
14249,13524,False,569.96,540.96
14250,13525,False,570.0,541.0
14251,13526,False,570.04,541.04
14252,13527,False,570.08,541.08
14253,13528,False,570.12,541.12
14254,13529,False,570.16,541.16
14255,13530,False,570.2,541.2
14256,13531,False,570.24,541.24
14257,13532,False,570.28,541.28
14258,13533,False,570.32,541.32
14259,13534,False,570.36,541.36
14260,13535,False,570.4,541.4
14261,13536,False,570.44,541.44
14262,13537,False,570.48,541.48
14263,13538,False,570.52,541.52
14264,13539,False,570.56,541.56
14265,13540,False,570.6,541.6
14266,13541,False,570.64,541.64
14267,13542,False,570.68,541.68
14268,13543,False,570.72,541.72
14269,13544,False,570.76,541.76
14270,13545,False,570.8,541.8
14271,13546,False,570.84,541.84
14272,13547,False,570.88,541.88
14273,13548,False,570.92,541.92
14274,13549,False,570.96,541.96
14275,13550,False,571.0,542.0
14276,13551,False,571.04,542.04
14277,13552,False,571.08,542.08
14278,13553,False,571.12,542.12
14279,13554,False,571.16,542.16
14280,13555,False,571.2,542.2
14281,13556,False,571.24,542.24
14282,13557,False,571.28,542.28
14283,13558,False,571.32,542.32
14284,13559,False,571.36,542.36
14285,13560,False,571.4,542.4
14286,13561,False,571.44,542.44
14287,13562,False,571.48,542.48
14288,13563,False,571.52,542.52
14289,13564,False,571.56,542.56
14290,13565,False,571.6,542.6
14291,13566,False,571.64,542.64
14292,13567,False,571.68,542.68
14293,13568,False,571.72,542.72
14294,13569,False,571.76,542.76
14295,13570,False,571.8,542.8
14296,13571,False,571.84,542.84
14297,13572,False,571.88,542.88
14298,13573,False,571.92,542.92
14299,13574,False,571.96,542.96
14300,13575,False,572.0,543.0
14301,13576,False,572.04,543.04
14302,13577,False,572.08,543.08
14303,13578,False,572.12,543.12
14304,13579,False,572.16,543.16
14305,13580,False,572.2,543.2
14306,13581,False,572.24,543.24
14307,13582,False,572.28,543.28
14308,13583,False,572.32,543.32
14309,13584,False,572.36,543.36
14310,13585,False,572.4,543.4
14311,13586,False,572.44,543.44
14312,13587,False,572.48,543.48
14313,13588,False,572.52,543.52
14314,13589,False,572.56,543.56
14315,13590,False,572.6,543.6
14316,13591,False,572.64,543.64
14317,13592,False,572.68,543.68
14318,13593,False,572.72,543.72
14319,13594,False,572.76,543.76
14320,13595,False,572.8,543.8
14321,13596,False,572.84,543.84
14322,13597,False,572.88,543.88
14323,13598,False,572.92,543.92
14324,13599,False,572.96,543.96
14325,13600,False,573.0,544.0
14326,13601,False,573.04,544.04
14327,13602,False,573.08,544.08
14328,13603,False,573.12,544.12
14329,13604,False,573.16,544.16
14330,13605,False,573.2,544.2
14331,13606,False,573.24,544.24
14332,13607,False,573.28,544.28
14333,13608,False,573.32,544.32
14334,13609,False,573.36,544.36
14335,13610,False,573.4,544.4
14336,13611,False,573.44,544.44
14337,13612,False,573.48,544.48
14338,13613,False,573.52,544.52
14339,13614,False,573.56,544.56
14340,13615,False,573.6,544.6
14341,13616,False,573.64,544.64
14342,13617,False,573.68,544.68
14343,13618,False,573.72,544.72
14344,13619,False,573.76,544.76
14345,13620,False,573.8,544.8
14346,13621,False,573.84,544.84
14347,13622,False,573.88,544.88
14348,13623,False,573.92,544.92
14349,13624,False,573.96,544.96
14350,13625,False,574.0,545.0
14351,13626,False,574.04,545.04
14352,13627,False,574.08,545.08
14353,13628,False,574.12,545.12
14354,13629,False,574.16,545.16
14355,13630,False,574.2,545.2
14356,13631,False,574.24,545.24
14357,13632,False,574.28,545.28
14358,13633,False,574.32,545.32
14359,13634,False,574.36,545.36
14360,13635,False,574.4,545.4
14361,13636,False,574.44,545.44
14362,13637,False,574.48,545.48
14363,13638,False,574.52,545.52
14364,13639,False,574.56,545.56
14365,13640,False,574.6,545.6
14366,13641,False,574.64,545.64
14367,13642,False,574.68,545.68
14368,13643,False,574.72,545.72
14369,13644,False,574.76,545.76
14370,13645,False,574.8,545.8
14371,13646,False,574.84,545.84
14372,13647,False,574.88,545.88
14373,13648,False,574.92,545.92
14374,13649,False,574.96,545.96
14375,13650,False,575.0,546.0
14376,13651,False,575.04,546.04
14377,13652,False,575.08,546.08
14378,13653,False,575.12,546.12
14379,13654,False,575.16,546.16
14380,13655,False,575.2,546.2
14381,13656,False,575.24,546.24
14382,13657,False,575.28,546.28
14383,13658,False,575.32,546.32
14384,13659,False,575.36,546.36
14385,13660,False,575.4,546.4
14386,13661,False,575.44,546.44
14387,13662,False,575.48,546.48
14388,13663,False,575.52,546.52
14389,13664,False,575.56,546.56
14390,13665,False,575.6,546.6
14391,13666,False,575.64,546.64
14392,13667,False,575.68,546.68
14393,13668,False,575.72,546.72
14394,13669,False,575.76,546.76
14395,13670,False,575.8,546.8
14396,13671,False,575.84,546.84
14397,13672,False,575.88,546.88
14398,13673,False,575.92,546.92
14399,13674,False,575.96,546.96
14400,13675,False,576.0,547.0
14401,13676,False,576.04,547.04
14402,13677,False,576.08,547.08
14403,13678,False,576.12,547.12
14404,13679,False,576.16,547.16
14405,13680,False,576.2,547.2
14406,13681,False,576.24,547.24
14407,13682,False,576.28,547.28
14408,13683,False,576.32,547.32
14409,13684,False,576.36,547.36
14410,13685,False,576.4,547.4
14411,13686,False,576.44,547.44
14412,13687,False,576.48,547.48
14413,13688,False,576.52,547.52
14414,13689,False,576.56,547.56
14415,13690,False,576.6,547.6
14416,13691,False,576.64,547.64
14417,13692,False,576.68,547.68
14418,13693,False,576.72,547.72
14419,13694,False,576.76,547.76
14420,13695,False,576.8,547.8
14421,13696,False,576.84,547.84
14422,13697,False,576.88,547.88
14423,13698,False,576.92,547.92
14424,13699,False,576.96,547.96
14425,13700,False,577.0,548.0
14426,13701,False,577.04,548.04
14427,13702,False,577.08,548.08
14428,13703,False,577.12,548.12
14429,13704,False,577.16,548.16
14430,13705,False,577.2,548.2
14431,13706,False,577.24,548.24
14432,13707,False,577.28,548.28
14433,13708,False,577.32,548.32
14434,13709,False,577.36,548.36
14435,13710,False,577.4,548.4
14436,13711,False,577.44,548.44
14437,13712,False,577.48,548.48
14438,13713,False,577.52,548.52
14439,13714,False,577.56,548.56
14440,13715,False,577.6,548.6
14441,13716,False,577.64,548.64
14442,13717,False,577.68,548.68
14443,13718,False,577.72,548.72
14444,13719,False,577.76,548.76
14445,13720,False,577.8,548.8
14446,13721,False,577.84,548.84
14447,13722,False,577.88,548.88
14448,13723,False,577.92,548.92
14449,13724,False,577.96,548.96
14450,13725,False,578.0,549.0
14451,13726,False,578.04,549.04
14452,13727,False,578.08,549.08
14453,13728,False,578.12,549.12
14454,13729,False,578.16,549.16
14455,13730,False,578.2,549.2
14456,13731,False,578.24,549.24
14457,13732,False,578.28,549.28
14458,13733,False,578.32,549.32
14459,13734,False,578.36,549.36
14460,13735,False,578.4,549.4
14461,13736,False,578.44,549.44
14462,13737,False,578.48,549.48
14463,13738,False,578.52,549.52
14464,13739,False,578.56,549.56
14465,13740,False,578.6,549.6
14466,13741,False,578.64,549.64
14467,13742,False,578.68,549.68
14468,13743,False,578.72,549.72
14469,13744,False,578.76,549.76
14470,13745,False,578.8,549.8
14471,13746,False,578.84,549.84
14472,13747,False,578.88,549.88
14473,13748,False,578.92,549.92
14474,13749,False,578.96,549.96
14475,13750,False,579.0,550.0
14476,13751,False,579.04,550.04
14477,13752,False,579.08,550.08
14478,13753,False,579.12,550.12
14479,13754,False,579.16,550.16
14480,13755,False,579.2,550.2
14481,13756,False,579.24,550.24
14482,13757,False,579.28,550.28
14483,13758,False,579.32,550.32
14484,13759,False,579.36,550.36
14485,13760,False,579.4,550.4
14486,13761,False,579.44,550.44
14487,13762,False,579.48,550.48
14488,13763,False,579.52,550.52
14489,13764,False,579.56,550.56
14490,13765,False,579.6,550.6
14491,13766,False,579.64,550.64
14492,13767,False,579.68,550.68
14493,13768,False,579.72,550.72
14494,13769,False,579.76,550.76
14495,13770,False,579.8,550.8
14496,13771,False,579.84,550.84
14497,13772,False,579.88,550.88
14498,13773,False,579.92,550.92
14499,13774,False,579.96,550.96
14500,13775,False,580.0,551.0
14501,13776,False,580.04,551.04
14502,13777,False,580.08,551.08
14503,13778,False,580.12,551.12
14504,13779,False,580.16,551.16
14505,13780,False,580.2,551.2
14506,13781,False,580.24,551.24
14507,13782,False,580.28,551.28
14508,13783,False,580.32,551.32
14509,13784,False,580.36,551.36
14510,13785,False,580.4,551.4
14511,13786,False,580.44,551.44
14512,13787,False,580.48,551.48
14513,13788,False,580.52,551.52
14514,13789,False,580.56,551.56
14515,13790,False,580.6,551.6
14516,13791,False,580.64,551.64
14517,13792,False,580.68,551.68
14518,13793,False,580.72,551.72
14519,13794,False,580.76,551.76
14520,13795,False,580.8,551.8
14521,13796,False,580.84,551.84
14522,13797,False,580.88,551.88
14523,13798,False,580.92,551.92
14524,13799,False,580.96,551.96
14525,13800,False,581.0,552.0
14526,13801,False,581.04,552.04
14527,13802,False,581.08,552.08
14528,13803,False,581.12,552.12
14529,13804,False,581.16,552.16
14530,13805,False,581.2,552.2
14531,13806,False,581.24,552.24
14532,13807,False,581.28,552.28
14533,13808,False,581.32,552.32
14534,13809,False,581.36,552.36
14535,13810,False,581.4,552.4
14536,13811,False,581.44,552.44
14537,13812,False,581.48,552.48
14538,13813,False,581.52,552.52
14539,13814,False,581.56,552.56
14540,13815,False,581.6,552.6
14541,13816,False,581.64,552.64
14542,13817,False,581.68,552.68
14543,13818,False,581.72,552.72
14544,13819,False,581.76,552.76
14545,13820,False,581.8,552.8
14546,13821,False,581.84,552.84
14547,13822,False,581.88,552.88
14548,13823,False,581.92,552.92
14549,13824,False,581.96,552.96
14550,13825,False,582.0,553.0
14551,13826,False,582.04,553.04
14552,13827,False,582.08,553.08
14553,13828,False,582.12,553.12
14554,13829,False,582.16,553.16
14555,13830,False,582.2,553.2
14556,13831,False,582.24,553.24
14557,13832,False,582.28,553.28
14558,13833,False,582.32,553.32
14559,13834,False,582.36,553.36
14560,13835,False,582.4,553.4
14561,13836,False,582.44,553.44
14562,13837,False,582.48,553.48
14563,13838,False,582.52,553.52
14564,13839,False,582.56,553.56
14565,13840,False,582.6,553.6
14566,13841,False,582.64,553.64
14567,13842,False,582.68,553.68
14568,13843,False,582.72,553.72
14569,13844,False,582.76,553.76
14570,13845,False,582.8,553.8
14571,13846,False,582.84,553.84
14572,13847,False,582.88,553.88
14573,13848,False,582.92,553.92
14574,13849,False,582.96,553.96
14575,13850,False,583.0,554.0
14576,13851,False,583.04,554.04
14577,13852,False,583.08,554.08
14578,13853,False,583.12,554.12
14579,13854,False,583.16,554.16
14580,13855,False,583.2,554.2
14581,13856,False,583.24,554.24
14582,13857,False,583.28,554.28
14583,13858,False,583.32,554.32
14584,13859,False,583.36,554.36
14585,13860,False,583.4,554.4
14586,13861,False,583.44,554.44
14587,13862,False,583.48,554.48
14588,13863,False,583.52,554.52
14589,13864,False,583.56,554.56
14590,13865,False,583.6,554.6
14591,13866,False,583.64,554.64
14592,13867,False,583.68,554.68
14593,13868,False,583.72,554.72
14594,13869,False,583.76,554.76
14595,13870,False,583.8,554.8
14596,13871,False,583.84,554.84
14597,13872,False,583.88,554.88
14598,13873,False,583.92,554.92
14599,13874,False,583.96,554.96
14600,13875,False,584.0,555.0
14601,13876,False,584.04,555.04
14602,13877,False,584.08,555.08
14603,13878,False,584.12,555.12
14604,13879,False,584.16,555.16
14605,13880,False,584.2,555.2
14606,13881,False,584.24,555.24
14607,13882,False,584.28,555.28
14608,13883,False,584.32,555.32
14609,13884,False,584.36,555.36
14610,13885,False,584.4,555.4
14611,13886,False,584.44,555.44
14612,13887,False,584.48,555.48
14613,13888,False,584.52,555.52
14614,13889,False,584.56,555.56
14615,13890,False,584.6,555.6
14616,13891,False,584.64,555.64
14617,13892,False,584.68,555.68
14618,13893,False,584.72,555.72
14619,13894,False,584.76,555.76
14620,13895,False,584.8,555.8
14621,13896,False,584.84,555.84
14622,13897,False,584.88,555.88
14623,13898,False,584.92,555.92
14624,13899,False,584.96,555.96
14625,13900,False,585.0,556.0
14626,13901,False,585.04,556.04
14627,13902,False,585.08,556.08
14628,13903,False,585.12,556.12
14629,13904,False,585.16,556.16
14630,13905,False,585.2,556.2
14631,13906,False,585.24,556.24
14632,13907,False,585.28,556.28
14633,13908,False,585.32,556.32
14634,13909,False,585.36,556.36
14635,13910,False,585.4,556.4
14636,13911,False,585.44,556.44
14637,13912,False,585.48,556.48
14638,13913,False,585.52,556.52
14639,13914,False,585.56,556.56
14640,13915,False,585.6,556.6
14641,13916,False,585.64,556.64
14642,13917,False,585.68,556.68
14643,13918,False,585.72,556.72
14644,13919,False,585.76,556.76
14645,13920,False,585.8,556.8
14646,13921,False,585.84,556.84
14647,13922,False,585.88,556.88
14648,13923,False,585.92,556.92
14649,13924,False,585.96,556.96
14650,13925,False,586.0,557.0
14651,13926,False,586.04,557.04
14652,13927,False,586.08,557.08
14653,13928,False,586.12,557.12
14654,13929,False,586.16,557.16
14655,13930,False,586.2,557.2
14656,13931,False,586.24,557.24
14657,13932,False,586.28,557.28
14658,13933,False,586.32,557.32
14659,13934,False,586.36,557.36
14660,13935,False,586.4,557.4
14661,13936,False,586.44,557.44
14662,13937,False,586.48,557.48
14663,13938,False,586.52,557.52
14664,13939,False,586.56,557.56
14665,13940,False,586.6,557.6
14666,13941,False,586.64,557.64
14667,13942,False,586.68,557.68
14668,13943,False,586.72,557.72
14669,13944,False,586.76,557.76
14670,13945,False,586.8,557.8
14671,13946,False,586.84,557.84
14672,13947,False,586.88,557.88
14673,13948,False,586.92,557.92
14674,13949,False,586.96,557.96
14675,13950,False,587.0,558.0
14676,13951,False,587.04,558.04
14677,13952,False,587.08,558.08
14678,13953,False,587.12,558.12
14679,13954,False,587.16,558.16
14680,13955,False,587.2,558.2
14681,13956,False,587.24,558.24
14682,13957,False,587.28,558.28
14683,13958,False,587.32,558.32
14684,13959,False,587.36,558.36
14685,13960,False,587.4,558.4
14686,13961,False,587.44,558.44
14687,13962,False,587.48,558.48
14688,13963,False,587.52,558.52
14689,13964,False,587.56,558.56
14690,13965,False,587.6,558.6
14691,13966,False,587.64,558.64
14692,13967,False,587.68,558.68
14693,13968,False,587.72,558.72
14694,13969,False,587.76,558.76
14695,13970,False,587.8,558.8
14696,13971,False,587.84,558.84
14697,13972,False,587.88,558.88
14698,13973,False,587.92,558.92
14699,13974,False,587.96,558.96
14700,13975,False,588.0,559.0
14701,13976,False,588.04,559.04
14702,13977,False,588.08,559.08
14703,13978,False,588.12,559.12
14704,13979,False,588.16,559.16
14705,13980,False,588.2,559.2
14706,13981,False,588.24,559.24
14707,13982,False,588.28,559.28
14708,13983,False,588.32,559.32
14709,13984,False,588.36,559.36
14710,13985,False,588.4,559.4
14711,13986,False,588.44,559.44
14712,13987,False,588.48,559.48
14713,13988,False,588.52,559.52
14714,13989,False,588.56,559.56
14715,13990,False,588.6,559.6
14716,13991,False,588.64,559.64
14717,13992,False,588.68,559.68
14718,13993,False,588.72,559.72
14719,13994,False,588.76,559.76
14720,13995,False,588.8,559.8
14721,13996,False,588.84,559.84
14722,13997,False,588.88,559.88
14723,13998,False,588.92,559.92
14724,13999,False,588.96,559.96
14725,14000,False,589.0,560.0
14726,14001,False,589.04,560.04
14727,14002,False,589.08,560.08
14728,14003,False,589.12,560.12
14729,14004,False,589.16,560.16
14730,14005,False,589.2,560.2
14731,14006,False,589.24,560.24
14732,14007,False,589.28,560.28
14733,14008,False,589.32,560.32
14734,14009,False,589.36,560.36
14735,14010,False,589.4,560.4
14736,14011,False,589.44,560.44
14737,14012,False,589.48,560.48
14738,14013,False,589.52,560.52
14739,14014,False,589.56,560.56
14740,14015,False,589.6,560.6
14741,14016,False,589.64,560.64
14742,14017,False,589.68,560.68
14743,14018,False,589.72,560.72
14744,14019,False,589.76,560.76
14745,14020,False,589.8,560.8
14746,14021,False,589.84,560.84
14747,14022,False,589.88,560.88
14748,14023,False,589.92,560.92
14749,14024,False,589.96,560.96
14750,14025,False,590.0,561.0
14751,14026,False,590.04,561.04
14752,14027,False,590.08,561.08
14753,14028,False,590.12,561.12
14754,14029,False,590.16,561.16
14755,14030,False,590.2,561.2
14756,14031,False,590.24,561.24
14757,14032,False,590.28,561.28
14758,14033,False,590.32,561.32
14759,14034,False,590.36,561.36
14760,14035,False,590.4,561.4
14761,14036,False,590.44,561.44
14762,14037,False,590.48,561.48
14763,14038,False,590.52,561.52
14764,14039,False,590.56,561.56
14765,14040,False,590.6,561.6
14766,14041,False,590.64,561.64
14767,14042,False,590.68,561.68
14768,14043,False,590.72,561.72
14769,14044,False,590.76,561.76
14770,14045,False,590.8,561.8
14771,14046,False,590.84,561.84
14772,14047,False,590.88,561.88
14773,14048,False,590.92,561.92
14774,14049,False,590.96,561.96
14775,14050,False,591.0,562.0
14776,14051,False,591.04,562.04
14777,14052,False,591.08,562.08
14778,14053,False,591.12,562.12
14779,14054,False,591.16,562.16
14780,14055,False,591.2,562.2
14781,14056,False,591.24,562.24
14782,14057,False,591.28,562.28
14783,14058,False,591.32,562.32
14784,14059,False,591.36,562.36
14785,14060,False,591.4,562.4
14786,14061,False,591.44,562.44
14787,14062,False,591.48,562.48
14788,14063,False,591.52,562.52
14789,14064,False,591.56,562.56
14790,14065,False,591.6,562.6
14791,14066,False,591.64,562.64
14792,14067,False,591.68,562.68
14793,14068,False,591.72,562.72
14794,14069,False,591.76,562.76
14795,14070,False,591.8,562.8
14796,14071,False,591.84,562.84
14797,14072,False,591.88,562.88
14798,14073,False,591.92,562.92
14799,14074,False,591.96,562.96
14800,14075,False,592.0,563.0
14801,14076,False,592.04,563.04
14802,14077,False,592.08,563.08
14803,14078,False,592.12,563.12
14804,14079,False,592.16,563.16
14805,14080,False,592.2,563.2
14806,14081,False,592.24,563.24
14807,14082,False,592.28,563.28
14808,14083,False,592.32,563.32
14809,14084,False,592.36,563.36
14810,14085,False,592.4,563.4
14811,14086,False,592.44,563.44
14812,14087,False,592.48,563.48
14813,14088,False,592.52,563.52
14814,14089,False,592.56,563.56
14815,14090,False,592.6,563.6
14816,14091,False,592.64,563.64
14817,14092,False,592.68,563.68
14818,14093,False,592.72,563.72
14819,14094,False,592.76,563.76
14820,14095,False,592.8,563.8
14821,14096,False,592.84,563.84
14822,14097,False,592.88,563.88
14823,14098,False,592.92,563.92
14824,14099,False,592.96,563.96
14825,14100,False,593.0,564.0
14826,14101,False,593.04,564.04
14827,14102,False,593.08,564.08
14828,14103,False,593.12,564.12
14829,14104,False,593.16,564.16
14830,14105,False,593.2,564.2
14831,14106,False,593.24,564.24
14832,14107,False,593.28,564.28
14833,14108,False,593.32,564.32
14834,14109,False,593.36,564.36
14835,14110,False,593.4,564.4
14836,14111,False,593.44,564.44
14837,14112,False,593.48,564.48
14838,14113,False,593.52,564.52
14839,14114,False,593.56,564.56
14840,14115,False,593.6,564.6
14841,14116,False,593.64,564.64
14842,14117,False,593.68,564.68
14843,14118,False,593.72,564.72
14844,14119,False,593.76,564.76
14845,14120,False,593.8,564.8
14846,14121,False,593.84,564.84
14847,14122,False,593.88,564.88
14848,14123,False,593.92,564.92
14849,14124,False,593.96,564.96
14850,14125,False,594.0,565.0
14851,14126,False,594.04,565.04
14852,14127,False,594.08,565.08
14853,14128,False,594.12,565.12
14854,14129,False,594.16,565.16
14855,14130,False,594.2,565.2
14856,14131,False,594.24,565.24
14857,14132,False,594.28,565.28
14858,14133,False,594.32,565.32
14859,14134,False,594.36,565.36
14860,14135,False,594.4,565.4
14861,14136,False,594.44,565.44
14862,14137,False,594.48,565.48
14863,14138,False,594.52,565.52
14864,14139,False,594.56,565.56
14865,14140,False,594.6,565.6
14866,14141,False,594.64,565.64
14867,14142,False,594.68,565.68
14868,14143,False,594.72,565.72
14869,14144,False,594.76,565.76
14870,14145,False,594.8,565.8
14871,14146,False,594.84,565.84
14872,14147,False,594.88,565.88
14873,14148,False,594.92,565.92
14874,14149,False,594.96,565.96
14875,14150,False,595.0,566.0
14876,14151,False,595.04,566.04
14877,14152,False,595.08,566.08
14878,14153,False,595.12,566.12
14879,14154,False,595.16,566.16
14880,14155,False,595.2,566.2
14881,14156,False,595.24,566.24
14882,14157,False,595.28,566.28
14883,14158,False,595.32,566.32
14884,14159,False,595.36,566.36
14885,14160,False,595.4,566.4
14886,14161,False,595.44,566.44
14887,14162,False,595.48,566.48
14888,14163,False,595.52,566.52
14889,14164,False,595.56,566.56
14890,14165,False,595.6,566.6
14891,14166,False,595.64,566.64
14892,14167,False,595.68,566.68
14893,14168,False,595.72,566.72
14894,14169,False,595.76,566.76
14895,14170,False,595.8,566.8
14896,14171,False,595.84,566.84
14897,14172,False,595.88,566.88
14898,14173,False,595.92,566.92
14899,14174,False,595.96,566.96
14900,14175,False,596.0,567.0
14901,14176,False,596.04,567.04
14902,14177,False,596.08,567.08
14903,14178,False,596.12,567.12
14904,14179,False,596.16,567.16
14905,14180,False,596.2,567.2
14906,14181,False,596.24,567.24
14907,14182,False,596.28,567.28
14908,14183,False,596.32,567.32
14909,14184,False,596.36,567.36
14910,14185,False,596.4,567.4
14911,14186,False,596.44,567.44
14912,14187,False,596.48,567.48
14913,14188,False,596.52,567.52
14914,14189,False,596.56,567.56
14915,14190,False,596.6,567.6
14916,14191,False,596.64,567.64
14917,14192,False,596.68,567.68
14918,14193,False,596.72,567.72
14919,14194,False,596.76,567.76
14920,14195,False,596.8,567.8
14921,14196,False,596.84,567.84
14922,14197,False,596.88,567.88
14923,14198,False,596.92,567.92
14924,14199,False,596.96,567.96
14925,14200,False,597.0,568.0
14926,14201,False,597.04,568.04
14927,14202,False,597.08,568.08
14928,14203,False,597.12,568.12
14929,14204,False,597.16,568.16
14930,14205,False,597.2,568.2
14931,14206,False,597.24,568.24
14932,14207,False,597.28,568.28
14933,14208,False,597.32,568.32
14934,14209,False,597.36,568.36
14935,14210,False,597.4,568.4
14936,14211,False,597.44,568.44
14937,14212,False,597.48,568.48
14938,14213,False,597.52,568.52
14939,14214,False,597.56,568.56
14940,14215,False,597.6,568.6
14941,14216,False,597.64,568.64
14942,14217,False,597.68,568.68
14943,14218,False,597.72,568.72
14944,14219,False,597.76,568.76
14945,14220,False,597.8,568.8
14946,14221,False,597.84,568.84
14947,14222,False,597.88,568.88
14948,14223,False,597.92,568.92
14949,14224,False,597.96,568.96
14950,14225,False,598.0,569.0
14951,14226,False,598.04,569.04
14952,14227,False,598.08,569.08
14953,14228,False,598.12,569.12
14954,14229,False,598.16,569.16
14955,14230,False,598.2,569.2
14956,14231,False,598.24,569.24
14957,14232,False,598.28,569.28
14958,14233,False,598.32,569.32
14959,14234,False,598.36,569.36
14960,14235,False,598.4,569.4
14961,14236,False,598.44,569.44
14962,14237,False,598.48,569.48
14963,14238,False,598.52,569.52
14964,14239,False,598.56,569.56
14965,14240,False,598.6,569.6
14966,14241,False,598.64,569.64
14967,14242,False,598.68,569.68
14968,14243,False,598.72,569.72
14969,14244,False,598.76,569.76
14970,14245,False,598.8,569.8
14971,14246,False,598.84,569.84
14972,14247,False,598.88,569.88
14973,14248,False,598.92,569.92
14974,14249,False,598.96,569.96
14975,14250,False,599.0,570.0
14976,14251,False,599.04,570.04
14977,14252,False,599.08,570.08
14978,14253,False,599.12,570.12
14979,14254,False,599.16,570.16
14980,14255,False,599.2,570.2
14981,14256,False,599.24,570.24
14982,14257,False,599.28,570.28
14983,14258,False,599.32,570.32
14984,14259,False,599.36,570.36
14985,14260,False,599.4,570.4
14986,14261,False,599.44,570.44
14987,14262,False,599.48,570.48
14988,14263,False,599.52,570.52
14989,14264,False,599.56,570.56
14990,14265,False,599.6,570.6
14991,14266,False,599.64,570.64
14992,14267,False,599.68,570.68
14993,14268,False,599.72,570.72
14994,14269,False,599.76,570.76
14995,14270,False,599.8,570.8
14996,14271,False,599.84,570.84
14997,14272,False,599.88,570.88
14998,14273,False,599.92,570.92
14999,14274,False,599.96,570.96
15000,14275,False,600.0,571.0
15001,14276,False,600.04,571.04
15002,14277,False,600.08,571.08
15003,14278,False,600.12,571.12
15004,14279,False,600.16,571.16
15005,14280,False,600.2,571.2
15006,14281,False,600.24,571.24
15007,14282,False,600.28,571.28
15008,14283,False,600.32,571.32
15009,14284,False,600.36,571.36
15010,14285,False,600.4,571.4
15011,14286,False,600.44,571.44
15012,14287,False,600.48,571.48
15013,14288,False,600.52,571.52
15014,14289,False,600.56,571.56
15015,14290,False,600.6,571.6
15016,14291,False,600.64,571.64
15017,14292,False,600.68,571.68
15018,14293,False,600.72,571.72
15019,14294,False,600.76,571.76
15020,14295,False,600.8,571.8
15021,14296,False,600.84,571.84
15022,14297,False,600.88,571.88
15023,14298,False,600.92,571.92
15024,14299,False,600.96,571.96
15025,14300,False,601.0,572.0
15026,14301,False,601.04,572.04
15027,14302,False,601.08,572.08
15028,14303,False,601.12,572.12
15029,14304,False,601.16,572.16
15030,14305,False,601.2,572.2
15031,14306,False,601.24,572.24
15032,14307,False,601.28,572.28
15033,14308,False,601.32,572.32
15034,14309,False,601.36,572.36
15035,14310,False,601.4,572.4
15036,14311,False,601.44,572.44
15037,14312,False,601.48,572.48
15038,14313,False,601.52,572.52
15039,14314,False,601.56,572.56
15040,14315,False,601.6,572.6
15041,14316,False,601.64,572.64
15042,14317,False,601.68,572.68
15043,14318,False,601.72,572.72
15044,14319,False,601.76,572.76
15045,14320,False,601.8,572.8
15046,14321,False,601.84,572.84
15047,14322,False,601.88,572.88
15048,14323,False,601.92,572.92
15049,14324,False,601.96,572.96
15050,14325,False,602.0,573.0
15051,14326,False,602.04,573.04
15052,14327,False,602.08,573.08
15053,14328,False,602.12,573.12
15054,14329,False,602.16,573.16
15055,14330,False,602.2,573.2
15056,14331,False,602.24,573.24
15057,14332,False,602.28,573.28
15058,14333,False,602.32,573.32
15059,14334,False,602.36,573.36
15060,14335,False,602.4,573.4
15061,14336,False,602.44,573.44
15062,14337,False,602.48,573.48
15063,14338,False,602.52,573.52
15064,14339,False,602.56,573.56
15065,14340,False,602.6,573.6
15066,14341,False,602.64,573.64
15067,14342,False,602.68,573.68
15068,14343,False,602.72,573.72
15069,14344,False,602.76,573.76
15070,14345,False,602.8,573.8
15071,14346,False,602.84,573.84
15072,14347,False,602.88,573.88
15073,14348,False,602.92,573.92
15074,14349,False,602.96,573.96
15075,14350,False,603.0,574.0
15076,14351,False,603.04,574.04
15077,14352,False,603.08,574.08
15078,14353,False,603.12,574.12
15079,14354,False,603.16,574.16
15080,14355,False,603.2,574.2
15081,14356,False,603.24,574.24
15082,14357,False,603.28,574.28
15083,14358,False,603.32,574.32
15084,14359,False,603.36,574.36
15085,14360,False,603.4,574.4
15086,14361,False,603.44,574.44
15087,14362,False,603.48,574.48
15088,14363,False,603.52,574.52
15089,14364,False,603.56,574.56
15090,14365,False,603.6,574.6
15091,14366,False,603.64,574.64
15092,14367,False,603.68,574.68
15093,14368,False,603.72,574.72
15094,14369,False,603.76,574.76
15095,14370,False,603.8,574.8
15096,14371,False,603.84,574.84
15097,14372,False,603.88,574.88
15098,14373,False,603.92,574.92
15099,14374,False,603.96,574.96
15100,14375,False,604.0,575.0
15101,14376,False,604.04,575.04
15102,14377,False,604.08,575.08
15103,14378,False,604.12,575.12
15104,14379,False,604.16,575.16
15105,14380,False,604.2,575.2
15106,14381,False,604.24,575.24
15107,14382,False,604.28,575.28
15108,14383,False,604.32,575.32
15109,14384,False,604.36,575.36
15110,14385,False,604.4,575.4
15111,14386,False,604.44,575.44
15112,14387,False,604.48,575.48
15113,14388,False,604.52,575.52
15114,14389,False,604.56,575.56
15115,14390,False,604.6,575.6
15116,14391,False,604.64,575.64
15117,14392,False,604.68,575.68
15118,14393,False,604.72,575.72
15119,14394,False,604.76,575.76
15120,14395,False,604.8,575.8
15121,14396,False,604.84,575.84
15122,14397,False,604.88,575.88
15123,14398,False,604.92,575.92
15124,14399,False,604.96,575.96
15125,14400,False,605.0,576.0
15126,14401,False,605.04,576.04
15127,14402,False,605.08,576.08
15128,14403,False,605.12,576.12
15129,14404,False,605.16,576.16
15130,14405,False,605.2,576.2
15131,14406,False,605.24,576.24
15132,14407,False,605.28,576.28
15133,14408,False,605.32,576.32
15134,14409,False,605.36,576.36
15135,14410,False,605.4,576.4
15136,14411,False,605.44,576.44
15137,14412,False,605.48,576.48
15138,14413,False,605.52,576.52
15139,14414,False,605.56,576.56
15140,14415,False,605.6,576.6
15141,14416,False,605.64,576.64
15142,14417,False,605.68,576.68
15143,14418,False,605.72,576.72
15144,14419,False,605.76,576.76
15145,14420,False,605.8,576.8
15146,14421,False,605.84,576.84
15147,14422,False,605.88,576.88
15148,14423,False,605.92,576.92
15149,14424,False,605.96,576.96
15150,14425,False,606.0,577.0
15151,14426,False,606.04,577.04
15152,14427,False,606.08,577.08
15153,14428,False,606.12,577.12
15154,14429,False,606.16,577.16
15155,14430,False,606.2,577.2
15156,14431,False,606.24,577.24
15157,14432,False,606.28,577.28
15158,14433,False,606.32,577.32
15159,14434,False,606.36,577.36
15160,14435,False,606.4,577.4
15161,14436,False,606.44,577.44
15162,14437,False,606.48,577.48
15163,14438,False,606.52,577.52
15164,14439,False,606.56,577.56
15165,14440,False,606.6,577.6
15166,14441,False,606.64,577.64
15167,14442,False,606.68,577.68
15168,14443,False,606.72,577.72
15169,14444,False,606.76,577.76
15170,14445,False,606.8,577.8
15171,14446,False,606.84,577.84
15172,14447,False,606.88,577.88
15173,14448,False,606.92,577.92
15174,14449,False,606.96,577.96
15175,14450,False,607.0,578.0
15176,14451,False,607.04,578.04
15177,14452,False,607.08,578.08
15178,14453,False,607.12,578.12
15179,14454,False,607.16,578.16
15180,14455,False,607.2,578.2
15181,14456,False,607.24,578.24
15182,14457,False,607.28,578.28
15183,14458,False,607.32,578.32
15184,14459,False,607.36,578.36
15185,14460,False,607.4,578.4
15186,14461,False,607.44,578.44
15187,14462,False,607.48,578.48
15188,14463,False,607.52,578.52
15189,14464,False,607.56,578.56
15190,14465,False,607.6,578.6
15191,14466,False,607.64,578.64
15192,14467,False,607.68,578.68
15193,14468,False,607.72,578.72
15194,14469,False,607.76,578.76
15195,14470,False,607.8,578.8
15196,14471,False,607.84,578.84
15197,14472,False,607.88,578.88
15198,14473,False,607.92,578.92
15199,14474,False,607.96,578.96
15200,14475,False,608.0,579.0
15201,14476,False,608.04,579.04
15202,14477,False,608.08,579.08
15203,14478,False,608.12,579.12
15204,14479,False,608.16,579.16
15205,14480,False,608.2,579.2
15206,14481,False,608.24,579.24
15207,14482,False,608.28,579.28
15208,14483,False,608.32,579.32
15209,14484,False,608.36,579.36
15210,14485,False,608.4,579.4
15211,14486,False,608.44,579.44
15212,14487,False,608.48,579.48
15213,14488,False,608.52,579.52
15214,14489,False,608.56,579.56
15215,14490,False,608.6,579.6
15216,14491,False,608.64,579.64
15217,14492,False,608.68,579.68
15218,14493,False,608.72,579.72
15219,14494,False,608.76,579.76
15220,14495,False,608.8,579.8
15221,14496,False,608.84,579.84
15222,14497,False,608.88,579.88
15223,14498,False,608.92,579.92
15224,14499,False,608.96,579.96
15225,14500,False,609.0,580.0
15226,14501,False,609.04,580.04
15227,14502,False,609.08,580.08
15228,14503,False,609.12,580.12
15229,14504,False,609.16,580.16
15230,14505,False,609.2,580.2
15231,14506,False,609.24,580.24
15232,14507,False,609.28,580.28
15233,14508,False,609.32,580.32
15234,14509,False,609.36,580.36
15235,14510,False,609.4,580.4
15236,14511,False,609.44,580.44
15237,14512,False,609.48,580.48
15238,14513,False,609.52,580.52
15239,14514,False,609.56,580.56
15240,14515,False,609.6,580.6
15241,14516,False,609.64,580.64
15242,14517,False,609.68,580.68
15243,14518,False,609.72,580.72
15244,14519,False,609.76,580.76
15245,14520,False,609.8,580.8
15246,14521,False,609.84,580.84
15247,14522,False,609.88,580.88
15248,14523,False,609.92,580.92
15249,14524,False,609.96,580.96
15250,14525,False,610.0,581.0
15251,14526,False,610.04,581.04
15252,14527,False,610.08,581.08
15253,14528,False,610.12,581.12
15254,14529,False,610.16,581.16
15255,14530,False,610.2,581.2
15256,14531,False,610.24,581.24
15257,14532,False,610.28,581.28
15258,14533,False,610.32,581.32
15259,14534,False,610.36,581.36
15260,14535,False,610.4,581.4
15261,14536,False,610.44,581.44
15262,14537,False,610.48,581.48
15263,14538,False,610.52,581.52
15264,14539,False,610.56,581.56
15265,14540,False,610.6,581.6
15266,14541,False,610.64,581.64
15267,14542,False,610.68,581.68
15268,14543,False,610.72,581.72
15269,14544,False,610.76,581.76
15270,14545,False,610.8,581.8
15271,14546,False,610.84,581.84
15272,14547,False,610.88,581.88
15273,14548,False,610.92,581.92
15274,14549,False,610.96,581.96
15275,14550,False,611.0,582.0
15276,14551,False,611.04,582.04
15277,14552,False,611.08,582.08
15278,14553,False,611.12,582.12
15279,14554,False,611.16,582.16
15280,14555,False,611.2,582.2
15281,14556,False,611.24,582.24
15282,14557,False,611.28,582.28
15283,14558,False,611.32,582.32
15284,14559,False,611.36,582.36
15285,14560,False,611.4,582.4
15286,14561,False,611.44,582.44
15287,14562,False,611.48,582.48
15288,14563,False,611.52,582.52
15289,14564,False,611.56,582.56
15290,14565,False,611.6,582.6
15291,14566,False,611.64,582.64
15292,14567,False,611.68,582.68
15293,14568,False,611.72,582.72
15294,14569,False,611.76,582.76
15295,14570,False,611.8,582.8
15296,14571,False,611.84,582.84
15297,14572,False,611.88,582.88
15298,14573,False,611.92,582.92
15299,14574,False,611.96,582.96
15300,14575,False,612.0,583.0
15301,14576,False,612.04,583.04
15302,14577,False,612.08,583.08
15303,14578,False,612.12,583.12
15304,14579,False,612.16,583.16
15305,14580,False,612.2,583.2
15306,14581,False,612.24,583.24
15307,14582,False,612.28,583.28
15308,14583,False,612.32,583.32
15309,14584,False,612.36,583.36
15310,14585,False,612.4,583.4
15311,14586,False,612.44,583.44
15312,14587,False,612.48,583.48
15313,14588,False,612.52,583.52
15314,14589,False,612.56,583.56
15315,14590,False,612.6,583.6
15316,14591,False,612.64,583.64
15317,14592,False,612.68,583.68
15318,14593,False,612.72,583.72
15319,14594,False,612.76,583.76
15320,14595,False,612.8,583.8
15321,14596,False,612.84,583.84
15322,14597,False,612.88,583.88
15323,14598,False,612.92,583.92
15324,14599,False,612.96,583.96
15325,14600,False,613.0,584.0
15326,14601,False,613.04,584.04
15327,14602,False,613.08,584.08
15328,14603,False,613.12,584.12
15329,14604,False,613.16,584.16
15330,14605,False,613.2,584.2
15331,14606,False,613.24,584.24
15332,14607,False,613.28,584.28
15333,14608,False,613.32,584.32
15334,14609,False,613.36,584.36
15335,14610,False,613.4,584.4
15336,14611,False,613.44,584.44
15337,14612,False,613.48,584.48
15338,14613,False,613.52,584.52
15339,14614,False,613.56,584.56
15340,14615,False,613.6,584.6
15341,14616,False,613.64,584.64
15342,14617,False,613.68,584.68
15343,14618,False,613.72,584.72
15344,14619,False,613.76,584.76
15345,14620,False,613.8,584.8
15346,14621,False,613.84,584.84
15347,14622,False,613.88,584.88
15348,14623,False,613.92,584.92
15349,14624,False,613.96,584.96
15350,14625,False,614.0,585.0
15351,14626,False,614.04,585.04
15352,14627,False,614.08,585.08
15353,14628,False,614.12,585.12
15354,14629,False,614.16,585.16
15355,14630,False,614.2,585.2
15356,14631,False,614.24,585.24
15357,14632,False,614.28,585.28
15358,14633,False,614.32,585.32
15359,14634,False,614.36,585.36
15360,14635,False,614.4,585.4
15361,14636,False,614.44,585.44
15362,14637,False,614.48,585.48
15363,14638,False,614.52,585.52
15364,14639,False,614.56,585.56
15365,14640,False,614.6,585.6
15366,14641,False,614.64,585.64
15367,14642,False,614.68,585.68
15368,14643,False,614.72,585.72
15369,14644,False,614.76,585.76
15370,14645,False,614.8,585.8
15371,14646,False,614.84,585.84
15372,14647,False,614.88,585.88
15373,14648,False,614.92,585.92
15374,14649,False,614.96,585.96
15375,14650,False,615.0,586.0
15376,14651,False,615.04,586.04
15377,14652,False,615.08,586.08
15378,14653,False,615.12,586.12
15379,14654,False,615.16,586.16
15380,14655,False,615.2,586.2
15381,14656,False,615.24,586.24
15382,14657,False,615.28,586.28
15383,14658,False,615.32,586.32
15384,14659,False,615.36,586.36
15385,14660,False,615.4,586.4
15386,14661,False,615.44,586.44
15387,14662,False,615.48,586.48
15388,14663,False,615.52,586.52
15389,14664,False,615.56,586.56
15390,14665,False,615.6,586.6
15391,14666,False,615.64,586.64
15392,14667,False,615.68,586.68
15393,14668,False,615.72,586.72
15394,14669,False,615.76,586.76
15395,14670,False,615.8,586.8
15396,14671,False,615.84,586.84
15397,14672,False,615.88,586.88
15398,14673,False,615.92,586.92
15399,14674,False,615.96,586.96
15400,14675,False,616.0,587.0
15401,14676,False,616.04,587.04
15402,14677,False,616.08,587.08
15403,14678,False,616.12,587.12
15404,14679,False,616.16,587.16
15405,14680,False,616.2,587.2
15406,14681,False,616.24,587.24
15407,14682,False,616.28,587.28
15408,14683,False,616.32,587.32
15409,14684,False,616.36,587.36
15410,14685,False,616.4,587.4
15411,14686,False,616.44,587.44
15412,14687,False,616.48,587.48
15413,14688,False,616.52,587.52
15414,14689,False,616.56,587.56
15415,14690,False,616.6,587.6
15416,14691,False,616.64,587.64
15417,14692,False,616.68,587.68
15418,14693,False,616.72,587.72
15419,14694,False,616.76,587.76
15420,14695,False,616.8,587.8
15421,14696,False,616.84,587.84
15422,14697,False,616.88,587.88
15423,14698,False,616.92,587.92
15424,14699,False,616.96,587.96
15425,14700,False,617.0,588.0
15426,14701,False,617.04,588.04
15427,14702,False,617.08,588.08
15428,14703,False,617.12,588.12
15429,14704,False,617.16,588.16
15430,14705,False,617.2,588.2
15431,14706,False,617.24,588.24
15432,14707,False,617.28,588.28
15433,14708,False,617.32,588.32
15434,14709,False,617.36,588.36
15435,14710,False,617.4,588.4
15436,14711,False,617.44,588.44
15437,14712,False,617.48,588.48
15438,14713,False,617.52,588.52
15439,14714,False,617.56,588.56
15440,14715,False,617.6,588.6
15441,14716,False,617.64,588.64
15442,14717,False,617.68,588.68
15443,14718,False,617.72,588.72
15444,14719,False,617.76,588.76
15445,14720,False,617.8,588.8
15446,14721,False,617.84,588.84
15447,14722,False,617.88,588.88
15448,14723,False,617.92,588.92
15449,14724,False,617.96,588.96
15450,14725,False,618.0,589.0
15451,14726,False,618.04,589.04
15452,14727,False,618.08,589.08
15453,14728,False,618.12,589.12
15454,14729,False,618.16,589.16
15455,14730,False,618.2,589.2
15456,14731,False,618.24,589.24
15457,14732,False,618.28,589.28
15458,14733,False,618.32,589.32
15459,14734,False,618.36,589.36
15460,14735,False,618.4,589.4
15461,14736,False,618.44,589.44
15462,14737,False,618.48,589.48
15463,14738,False,618.52,589.52
15464,14739,False,618.56,589.56
15465,14740,False,618.6,589.6
15466,14741,False,618.64,589.64
15467,14742,False,618.68,589.68
15468,14743,False,618.72,589.72
15469,14744,False,618.76,589.76
15470,14745,False,618.8,589.8
15471,14746,False,618.84,589.84
15472,14747,False,618.88,589.88
15473,14748,False,618.92,589.92
15474,14749,False,618.96,589.96
15475,14750,False,619.0,590.0
15476,14751,False,619.04,590.04
15477,14752,False,619.08,590.08
15478,14753,False,619.12,590.12
15479,14754,False,619.16,590.16
15480,14755,False,619.2,590.2
15481,14756,False,619.24,590.24
15482,14757,False,619.28,590.28
15483,14758,False,619.32,590.32
15484,14759,False,619.36,590.36
15485,14760,False,619.4,590.4
15486,14761,False,619.44,590.44
15487,14762,False,619.48,590.48
15488,14763,False,619.52,590.52
15489,14764,False,619.56,590.56
15490,14765,False,619.6,590.6
15491,14766,False,619.64,590.64
15492,14767,False,619.68,590.68
15493,14768,False,619.72,590.72
15494,14769,False,619.76,590.76
15495,14770,False,619.8,590.8
15496,14771,False,619.84,590.84
15497,14772,False,619.88,590.88
15498,14773,False,619.92,590.92
15499,14774,False,619.96,590.96
15500,14775,False,620.0,591.0
15501,14776,False,620.04,591.04
15502,14777,False,620.08,591.08
15503,14778,False,620.12,591.12
15504,14779,False,620.16,591.16
15505,14780,False,620.2,591.2
15506,14781,False,620.24,591.24
15507,14782,False,620.28,591.28
15508,14783,False,620.32,591.32
15509,14784,False,620.36,591.36
15510,14785,False,620.4,591.4
15511,14786,False,620.44,591.44
15512,14787,False,620.48,591.48
15513,14788,False,620.52,591.52
15514,14789,False,620.56,591.56
15515,14790,False,620.6,591.6
15516,14791,False,620.64,591.64
15517,14792,False,620.68,591.68
15518,14793,False,620.72,591.72
15519,14794,False,620.76,591.76
15520,14795,False,620.8,591.8
15521,14796,False,620.84,591.84
15522,14797,False,620.88,591.88
15523,14798,False,620.92,591.92
15524,14799,False,620.96,591.96
15525,14800,False,621.0,592.0
15526,14801,False,621.04,592.04
15527,14802,False,621.08,592.08
15528,14803,False,621.12,592.12
15529,14804,False,621.16,592.16
15530,14805,False,621.2,592.2
15531,14806,False,621.24,592.24
15532,14807,False,621.28,592.28
15533,14808,False,621.32,592.32
15534,14809,False,621.36,592.36
15535,14810,False,621.4,592.4
15536,14811,False,621.44,592.44
15537,14812,False,621.48,592.48
15538,14813,False,621.52,592.52
15539,14814,False,621.56,592.56
15540,14815,False,621.6,592.6
15541,14816,False,621.64,592.64
15542,14817,False,621.68,592.68
15543,14818,False,621.72,592.72
15544,14819,False,621.76,592.76
15545,14820,False,621.8,592.8
15546,14821,False,621.84,592.84
15547,14822,False,621.88,592.88
15548,14823,False,621.92,592.92
15549,14824,False,621.96,592.96
15550,14825,False,622.0,593.0
15551,14826,False,622.04,593.04
15552,14827,False,622.08,593.08
15553,14828,False,622.12,593.12
15554,14829,False,622.16,593.16
15555,14830,False,622.2,593.2
15556,14831,False,622.24,593.24
15557,14832,False,622.28,593.28
15558,14833,False,622.32,593.32
15559,14834,False,622.36,593.36
15560,14835,False,622.4,593.4
15561,14836,False,622.44,593.44
15562,14837,False,622.48,593.48
15563,14838,False,622.52,593.52
15564,14839,False,622.56,593.56
15565,14840,False,622.6,593.6
15566,14841,False,622.64,593.64
15567,14842,False,622.68,593.68
15568,14843,False,622.72,593.72
15569,14844,False,622.76,593.76
15570,14845,False,622.8,593.8
15571,14846,False,622.84,593.84
15572,14847,False,622.88,593.88
15573,14848,False,622.92,593.92
15574,14849,False,622.96,593.96
15575,14850,False,623.0,594.0
15576,14851,False,623.04,594.04
15577,14852,False,623.08,594.08
15578,14853,False,623.12,594.12
15579,14854,False,623.16,594.16
15580,14855,False,623.2,594.2
15581,14856,False,623.24,594.24
15582,14857,False,623.28,594.28
15583,14858,False,623.32,594.32
15584,14859,False,623.36,594.36
15585,14860,False,623.4,594.4
15586,14861,False,623.44,594.44
15587,14862,False,623.48,594.48
15588,14863,False,623.52,594.52
15589,14864,False,623.56,594.56
15590,14865,False,623.6,594.6
15591,14866,False,623.64,594.64
15592,14867,False,623.68,594.68
15593,14868,False,623.72,594.72
15594,14869,False,623.76,594.76
15595,14870,False,623.8,594.8
15596,14871,False,623.84,594.84
15597,14872,False,623.88,594.88
15598,14873,False,623.92,594.92
15599,14874,False,623.96,594.96
15600,14875,False,624.0,595.0
15601,14876,False,624.04,595.04
15602,14877,False,624.08,595.08
15603,14878,False,624.12,595.12
15604,14879,False,624.16,595.16
15605,14880,False,624.2,595.2
15606,14881,False,624.24,595.24
15607,14882,False,624.28,595.28
15608,14883,False,624.32,595.32
15609,14884,False,624.36,595.36
15610,14885,False,624.4,595.4
15611,14886,False,624.44,595.44
15612,14887,False,624.48,595.48
15613,14888,False,624.52,595.52
15614,14889,False,624.56,595.56
15615,14890,False,624.6,595.6
15616,14891,False,624.64,595.64
15617,14892,False,624.68,595.68
15618,14893,False,624.72,595.72
15619,14894,False,624.76,595.76
15620,14895,False,624.8,595.8
15621,14896,False,624.84,595.84
15622,14897,False,624.88,595.88
15623,14898,False,624.92,595.92
15624,14899,False,624.96,595.96
15625,14900,False,625.0,596.0
15626,14901,False,625.04,596.04
15627,14902,False,625.08,596.08
15628,14903,False,625.12,596.12
15629,14904,False,625.16,596.16
15630,14905,False,625.2,596.2
15631,14906,False,625.24,596.24
15632,14907,False,625.28,596.28
15633,14908,False,625.32,596.32
15634,14909,False,625.36,596.36
15635,14910,False,625.4,596.4
15636,14911,False,625.44,596.44
15637,14912,False,625.48,596.48
15638,14913,False,625.52,596.52
15639,14914,False,625.56,596.56
15640,14915,False,625.6,596.6
15641,14916,False,625.64,596.64
15642,14917,False,625.68,596.68
15643,14918,False,625.72,596.72
15644,14919,False,625.76,596.76
15645,14920,False,625.8,596.8
15646,14921,False,625.84,596.84
15647,14922,False,625.88,596.88
15648,14923,False,625.92,596.92
15649,14924,False,625.96,596.96
15650,14925,False,626.0,597.0
15651,14926,False,626.04,597.04
15652,14927,False,626.08,597.08
15653,14928,False,626.12,597.12
15654,14929,False,626.16,597.16
15655,14930,False,626.2,597.2
15656,14931,False,626.24,597.24
15657,14932,False,626.28,597.28
15658,14933,False,626.32,597.32
15659,14934,False,626.36,597.36
15660,14935,False,626.4,597.4
15661,14936,False,626.44,597.44
15662,14937,False,626.48,597.48
15663,14938,False,626.52,597.52
15664,14939,False,626.56,597.56
15665,14940,False,626.6,597.6
15666,14941,False,626.64,597.64
15667,14942,False,626.68,597.68
15668,14943,False,626.72,597.72
15669,14944,False,626.76,597.76
15670,14945,False,626.8,597.8
15671,14946,False,626.84,597.84
15672,14947,False,626.88,597.88
15673,14948,False,626.92,597.92
15674,14949,False,626.96,597.96
15675,14950,False,627.0,598.0
15676,14951,False,627.04,598.04
15677,14952,False,627.08,598.08
15678,14953,False,627.12,598.12
15679,14954,False,627.16,598.16
15680,14955,False,627.2,598.2
15681,14956,False,627.24,598.24
15682,14957,False,627.28,598.28
15683,14958,False,627.32,598.32
15684,14959,False,627.36,598.36
15685,14960,False,627.4,598.4
15686,14961,False,627.44,598.44
15687,14962,False,627.48,598.48
15688,14963,False,627.52,598.52
15689,14964,False,627.56,598.56
15690,14965,False,627.6,598.6
15691,14966,False,627.64,598.64
15692,14967,False,627.68,598.68
15693,14968,False,627.72,598.72
15694,14969,False,627.76,598.76
15695,14970,False,627.8,598.8
15696,14971,False,627.84,598.84
15697,14972,False,627.88,598.88
15698,14973,False,627.92,598.92
15699,14974,False,627.96,598.96
15700,14975,False,628.0,599.0
15701,14976,False,628.04,599.04
15702,14977,False,628.08,599.08
15703,14978,False,628.12,599.12
15704,14979,False,628.16,599.16
15705,14980,False,628.2,599.2
15706,14981,False,628.24,599.24
15707,14982,False,628.28,599.28
15708,14983,False,628.32,599.32
15709,14984,False,628.36,599.36
15710,14985,False,628.4,599.4
15711,14986,False,628.44,599.44
15712,14987,False,628.48,599.48
15713,14988,False,628.52,599.52
15714,14989,False,628.56,599.56
15715,14990,False,628.6,599.6
15716,14991,False,628.64,599.64
15717,14992,False,628.68,599.68
15718,14993,False,628.72,599.72
15719,14994,False,628.76,599.76
15720,14995,False,628.8,599.8
15721,14996,False,628.84,599.84
15722,14997,False,628.88,599.88
15723,14998,False,628.92,599.92
15724,14999,False,628.96,599.96
15725,15000,False,629.0,600.0
15726,15001,False,629.04,600.04
15727,15002,False,629.08,600.08
15728,15003,False,629.12,600.12
15729,15004,False,629.16,600.16
15730,15005,False,629.2,600.2
15731,15006,False,629.24,600.24
15732,15007,False,629.28,600.28
15733,15008,False,629.32,600.32
15734,15009,False,629.36,600.36
15735,15010,False,629.4,600.4
15736,15011,False,629.44,600.44
15737,15012,False,629.48,600.48
15738,15013,False,629.52,600.52
15739,15014,False,629.56,600.56
15740,15015,False,629.6,600.6
15741,15016,False,629.64,600.64
15742,15017,False,629.68,600.68
15743,15018,False,629.72,600.72
15744,15019,False,629.76,600.76
15745,15020,False,629.8,600.8
15746,15021,False,629.84,600.84
15747,15022,False,629.88,600.88
15748,15023,False,629.92,600.92
15749,15024,False,629.96,600.96
15750,15025,False,630.0,601.0
15751,15026,False,630.04,601.04
15752,15027,False,630.08,601.08
15753,15028,False,630.12,601.12
15754,15029,False,630.16,601.16
15755,15030,False,630.2,601.2
15756,15031,False,630.24,601.24
15757,15032,False,630.28,601.28
15758,15033,False,630.32,601.32
15759,15034,False,630.36,601.36
15760,15035,False,630.4,601.4
15761,15036,False,630.44,601.44
15762,15037,False,630.48,601.48
15763,15038,False,630.52,601.52
15764,15039,False,630.56,601.56
15765,15040,False,630.6,601.6
15766,15041,False,630.64,601.64
15767,15042,False,630.68,601.68
15768,15043,False,630.72,601.72
15769,15044,False,630.76,601.76
15770,15045,False,630.8,601.8
15771,15046,False,630.84,601.84
15772,15047,False,630.88,601.88
15773,15048,False,630.92,601.92
15774,15049,False,630.96,601.96
15775,15050,False,631.0,602.0
15776,15051,False,631.04,602.04
15777,15052,False,631.08,602.08
15778,15053,False,631.12,602.12
15779,15054,False,631.16,602.16
15780,15055,False,631.2,602.2
15781,15056,False,631.24,602.24
15782,15057,False,631.28,602.28
15783,15058,False,631.32,602.32
15784,15059,False,631.36,602.36
15785,15060,False,631.4,602.4
15786,15061,False,631.44,602.44
15787,15062,False,631.48,602.48
15788,15063,False,631.52,602.52
15789,15064,False,631.56,602.56
15790,15065,False,631.6,602.6
15791,15066,False,631.64,602.64
15792,15067,False,631.68,602.68
15793,15068,False,631.72,602.72
15794,15069,False,631.76,602.76
15795,15070,False,631.8,602.8
15796,15071,False,631.84,602.84
15797,15072,False,631.88,602.88
15798,15073,False,631.92,602.92
15799,15074,False,631.96,602.96
15800,15075,False,632.0,603.0
15801,15076,False,632.04,603.04
15802,15077,False,632.08,603.08
15803,15078,False,632.12,603.12
15804,15079,False,632.16,603.16
15805,15080,False,632.2,603.2
15806,15081,False,632.24,603.24
15807,15082,False,632.28,603.28
15808,15083,False,632.32,603.32
15809,15084,False,632.36,603.36
15810,15085,False,632.4,603.4
15811,15086,False,632.44,603.44
15812,15087,False,632.48,603.48
15813,15088,False,632.52,603.52
15814,15089,False,632.56,603.56
15815,15090,False,632.6,603.6
15816,15091,False,632.64,603.64
15817,15092,False,632.68,603.68
15818,15093,False,632.72,603.72
15819,15094,False,632.76,603.76
15820,15095,False,632.8,603.8
15821,15096,False,632.84,603.84
15822,15097,False,632.88,603.88
15823,15098,False,632.92,603.92
15824,15099,False,632.96,603.96
15825,15100,False,633.0,604.0
15826,15101,False,633.04,604.04
15827,15102,False,633.08,604.08
15828,15103,False,633.12,604.12
15829,15104,False,633.16,604.16
15830,15105,False,633.2,604.2
15831,15106,False,633.24,604.24
15832,15107,False,633.28,604.28
15833,15108,False,633.32,604.32
15834,15109,False,633.36,604.36
15835,15110,False,633.4,604.4
15836,15111,False,633.44,604.44
15837,15112,False,633.48,604.48
15838,15113,False,633.52,604.52
15839,15114,False,633.56,604.56
15840,15115,False,633.6,604.6
15841,15116,False,633.64,604.64
15842,15117,False,633.68,604.68
15843,15118,False,633.72,604.72
15844,15119,False,633.76,604.76
15845,15120,False,633.8,604.8
15846,15121,False,633.84,604.84
15847,15122,False,633.88,604.88
15848,15123,False,633.92,604.92
15849,15124,False,633.96,604.96
15850,15125,False,634.0,605.0
15851,15126,False,634.04,605.04
15852,15127,False,634.08,605.08
15853,15128,False,634.12,605.12
15854,15129,False,634.16,605.16
15855,15130,False,634.2,605.2
15856,15131,False,634.24,605.24
15857,15132,False,634.28,605.28
15858,15133,False,634.32,605.32
15859,15134,False,634.36,605.36
15860,15135,False,634.4,605.4
15861,15136,False,634.44,605.44
15862,15137,False,634.48,605.48
15863,15138,False,634.52,605.52
15864,15139,False,634.56,605.56
15865,15140,False,634.6,605.6
15866,15141,False,634.64,605.64
15867,15142,False,634.68,605.68
15868,15143,False,634.72,605.72
15869,15144,False,634.76,605.76
15870,15145,False,634.8,605.8
15871,15146,False,634.84,605.84
15872,15147,False,634.88,605.88
15873,15148,False,634.92,605.92
15874,15149,False,634.96,605.96
15875,15150,False,635.0,606.0
15876,15151,False,635.04,606.04
15877,15152,False,635.08,606.08
15878,15153,False,635.12,606.12
15879,15154,False,635.16,606.16
15880,15155,False,635.2,606.2
15881,15156,False,635.24,606.24
15882,15157,False,635.28,606.28
15883,15158,False,635.32,606.32
15884,15159,False,635.36,606.36
15885,15160,False,635.4,606.4
15886,15161,False,635.44,606.44
15887,15162,False,635.48,606.48
15888,15163,False,635.52,606.52
15889,15164,False,635.56,606.56
15890,15165,False,635.6,606.6
15891,15166,False,635.64,606.64
15892,15167,False,635.68,606.68
15893,15168,False,635.72,606.72
15894,15169,False,635.76,606.76
15895,15170,False,635.8,606.8
15896,15171,False,635.84,606.84
15897,15172,False,635.88,606.88
15898,15173,False,635.92,606.92
15899,15174,False,635.96,606.96
15900,15175,False,636.0,607.0
15901,15176,False,636.04,607.04
15902,15177,False,636.08,607.08
15903,15178,False,636.12,607.12
15904,15179,False,636.16,607.16
15905,15180,False,636.2,607.2
15906,15181,False,636.24,607.24
15907,15182,False,636.28,607.28
15908,15183,False,636.32,607.32
15909,15184,False,636.36,607.36
15910,15185,False,636.4,607.4
15911,15186,False,636.44,607.44
15912,15187,False,636.48,607.48
15913,15188,False,636.52,607.52
15914,15189,False,636.56,607.56
15915,15190,False,636.6,607.6
15916,15191,False,636.64,607.64
15917,15192,False,636.68,607.68
15918,15193,False,636.72,607.72
15919,15194,False,636.76,607.76
15920,15195,False,636.8,607.8
15921,15196,False,636.84,607.84
15922,15197,False,636.88,607.88
15923,15198,False,636.92,607.92
15924,15199,False,636.96,607.96
15925,15200,False,637.0,608.0
15926,15201,False,637.04,608.04
15927,15202,False,637.08,608.08
15928,15203,False,637.12,608.12
15929,15204,False,637.16,608.16
15930,15205,False,637.2,608.2
15931,15206,False,637.24,608.24
15932,15207,False,637.28,608.28
15933,15208,False,637.32,608.32
15934,15209,False,637.36,608.36
15935,15210,False,637.4,608.4
15936,15211,False,637.44,608.44
15937,15212,False,637.48,608.48
15938,15213,False,637.52,608.52
15939,15214,False,637.56,608.56
15940,15215,False,637.6,608.6
15941,15216,False,637.64,608.64
15942,15217,False,637.68,608.68
15943,15218,False,637.72,608.72
15944,15219,False,637.76,608.76
15945,15220,False,637.8,608.8
15946,15221,False,637.84,608.84
15947,15222,False,637.88,608.88
15948,15223,False,637.92,608.92
15949,15224,False,637.96,608.96
15950,15225,False,638.0,609.0
15951,15226,False,638.04,609.04
15952,15227,False,638.08,609.08
15953,15228,False,638.12,609.12
15954,15229,False,638.16,609.16
15955,15230,False,638.2,609.2
15956,15231,False,638.24,609.24
15957,15232,False,638.28,609.28
15958,15233,False,638.32,609.32
15959,15234,False,638.36,609.36
15960,15235,False,638.4,609.4
15961,15236,False,638.44,609.44
15962,15237,False,638.48,609.48
15963,15238,False,638.52,609.52
15964,15239,False,638.56,609.56
15965,15240,False,638.6,609.6
15966,15241,False,638.64,609.64
15967,15242,False,638.68,609.68
15968,15243,False,638.72,609.72
15969,15244,False,638.76,609.76
15970,15245,False,638.8,609.8
15971,15246,False,638.84,609.84
15972,15247,False,638.88,609.88
15973,15248,False,638.92,609.92
15974,15249,False,638.96,609.96
15975,15250,False,639.0,610.0
15976,15251,False,639.04,610.04
15977,15252,False,639.08,610.08
15978,15253,False,639.12,610.12
15979,15254,False,639.16,610.16
15980,15255,False,639.2,610.2
15981,15256,False,639.24,610.24
15982,15257,False,639.28,610.28
15983,15258,False,639.32,610.32
15984,15259,False,639.36,610.36
15985,15260,False,639.4,610.4
15986,15261,False,639.44,610.44
15987,15262,False,639.48,610.48
15988,15263,False,639.52,610.52
15989,15264,False,639.56,610.56
15990,15265,False,639.6,610.6
15991,15266,False,639.64,610.64
15992,15267,False,639.68,610.68
15993,15268,False,639.72,610.72
15994,15269,False,639.76,610.76
15995,15270,False,639.8,610.8
15996,15271,False,639.84,610.84
15997,15272,False,639.88,610.88
15998,15273,False,639.92,610.92
15999,15274,False,639.96,610.96
16000,15275,False,640.0,611.0
16001,15276,False,640.04,611.04
16002,15277,False,640.08,611.08
16003,15278,False,640.12,611.12
16004,15279,False,640.16,611.16
16005,15280,False,640.2,611.2
16006,15281,False,640.24,611.24
16007,15282,False,640.28,611.28
16008,15283,False,640.32,611.32
16009,15284,False,640.36,611.36
16010,15285,False,640.4,611.4
16011,15286,False,640.44,611.44
16012,15287,False,640.48,611.48
16013,15288,False,640.52,611.52
16014,15289,False,640.56,611.56
16015,15290,False,640.6,611.6
16016,15291,False,640.64,611.64
16017,15292,False,640.68,611.68
16018,15293,False,640.72,611.72
16019,15294,False,640.76,611.76
16020,15295,False,640.8,611.8
16021,15296,False,640.84,611.84
16022,15297,False,640.88,611.88
16023,15298,False,640.92,611.92
16024,15299,False,640.96,611.96
16025,15300,False,641.0,612.0
16026,15301,False,641.04,612.04
16027,15302,False,641.08,612.08
16028,15303,False,641.12,612.12
16029,15304,False,641.16,612.16
16030,15305,False,641.2,612.2
16031,15306,False,641.24,612.24
16032,15307,False,641.28,612.28
16033,15308,False,641.32,612.32
16034,15309,False,641.36,612.36
16035,15310,False,641.4,612.4
16036,15311,False,641.44,612.44
16037,15312,False,641.48,612.48
16038,15313,False,641.52,612.52
16039,15314,False,641.56,612.56
16040,15315,False,641.6,612.6
16041,15316,False,641.64,612.64
16042,15317,False,641.68,612.68
16043,15318,False,641.72,612.72
16044,15319,False,641.76,612.76
16045,15320,False,641.8,612.8
16046,15321,False,641.84,612.84
16047,15322,False,641.88,612.88
16048,15323,False,641.92,612.92
16049,15324,False,641.96,612.96
16050,15325,False,642.0,613.0
16051,15326,False,642.04,613.04
16052,15327,False,642.08,613.08
16053,15328,False,642.12,613.12
16054,15329,False,642.16,613.16
16055,15330,False,642.2,613.2
16056,15331,False,642.24,613.24
16057,15332,False,642.28,613.28
16058,15333,False,642.32,613.32
16059,15334,False,642.36,613.36
16060,15335,False,642.4,613.4
16061,15336,False,642.44,613.44
16062,15337,False,642.48,613.48
16063,15338,False,642.52,613.52
16064,15339,False,642.56,613.56
16065,15340,False,642.6,613.6
16066,15341,False,642.64,613.64
16067,15342,False,642.68,613.68
16068,15343,False,642.72,613.72
16069,15344,False,642.76,613.76
16070,15345,False,642.8,613.8
16071,15346,False,642.84,613.84
16072,15347,False,642.88,613.88
16073,15348,False,642.92,613.92
16074,15349,False,642.96,613.96
16075,15350,False,643.0,614.0
16076,15351,False,643.04,614.04
16077,15352,False,643.08,614.08
16078,15353,False,643.12,614.12
16079,15354,False,643.16,614.16
16080,15355,False,643.2,614.2
16081,15356,False,643.24,614.24
16082,15357,False,643.28,614.28
16083,15358,False,643.32,614.32
16084,15359,False,643.36,614.36
16085,15360,False,643.4,614.4
16086,15361,False,643.44,614.44
16087,15362,False,643.48,614.48
16088,15363,False,643.52,614.52
16089,15364,False,643.56,614.56
16090,15365,False,643.6,614.6
16091,15366,False,643.64,614.64
16092,15367,False,643.68,614.68
16093,15368,False,643.72,614.72
16094,15369,False,643.76,614.76
16095,15370,False,643.8,614.8
16096,15371,False,643.84,614.84
16097,15372,False,643.88,614.88
16098,15373,False,643.92,614.92
16099,15374,False,643.96,614.96
16100,15375,False,644.0,615.0
16101,15376,False,644.04,615.04
16102,15377,False,644.08,615.08
16103,15378,False,644.12,615.12
16104,15379,False,644.16,615.16
16105,15380,False,644.2,615.2
16106,15381,False,644.24,615.24
16107,15382,False,644.28,615.28
16108,15383,False,644.32,615.32
16109,15384,False,644.36,615.36
16110,15385,False,644.4,615.4
16111,15386,False,644.44,615.44
16112,15387,False,644.48,615.48
16113,15388,False,644.52,615.52
16114,15389,False,644.56,615.56
16115,15390,False,644.6,615.6
16116,15391,False,644.64,615.64
16117,15392,False,644.68,615.68
16118,15393,False,644.72,615.72
16119,15394,False,644.76,615.76
16120,15395,False,644.8,615.8
16121,15396,False,644.84,615.84
16122,15397,False,644.88,615.88
16123,15398,False,644.92,615.92
16124,15399,False,644.96,615.96
16125,15400,False,645.0,616.0
16126,15401,False,645.04,616.04
16127,15402,False,645.08,616.08
16128,15403,False,645.12,616.12
16129,15404,False,645.16,616.16
16130,15405,False,645.2,616.2
16131,15406,False,645.24,616.24
16132,15407,False,645.28,616.28
16133,15408,False,645.32,616.32
16134,15409,False,645.36,616.36
16135,15410,False,645.4,616.4
16136,15411,False,645.44,616.44
16137,15412,False,645.48,616.48
16138,15413,False,645.52,616.52
16139,15414,False,645.56,616.56
16140,15415,False,645.6,616.6
16141,15416,False,645.64,616.64
16142,15417,False,645.68,616.68
16143,15418,False,645.72,616.72
16144,15419,False,645.76,616.76
16145,15420,False,645.8,616.8
16146,15421,False,645.84,616.84
16147,15422,False,645.88,616.88
16148,15423,False,645.92,616.92
16149,15424,False,645.96,616.96
16150,15425,False,646.0,617.0
16151,15426,False,646.04,617.04
16152,15427,False,646.08,617.08
16153,15428,False,646.12,617.12
16154,15429,False,646.16,617.16
16155,15430,False,646.2,617.2
16156,15431,False,646.24,617.24
16157,15432,False,646.28,617.28
16158,15433,False,646.32,617.32
16159,15434,False,646.36,617.36
16160,15435,False,646.4,617.4
16161,15436,False,646.44,617.44
16162,15437,False,646.48,617.48
16163,15438,False,646.52,617.52
16164,15439,False,646.56,617.56
16165,15440,False,646.6,617.6
16166,15441,False,646.64,617.64
16167,15442,False,646.68,617.68
16168,15443,False,646.72,617.72
16169,15444,False,646.76,617.76
16170,15445,False,646.8,617.8
16171,15446,False,646.84,617.84
16172,15447,False,646.88,617.88
16173,15448,False,646.92,617.92
16174,15449,False,646.96,617.96
16175,15450,False,647.0,618.0
16176,15451,False,647.04,618.04
16177,15452,False,647.08,618.08
16178,15453,False,647.12,618.12
16179,15454,False,647.16,618.16
16180,15455,False,647.2,618.2
16181,15456,False,647.24,618.24
16182,15457,False,647.28,618.28
16183,15458,False,647.32,618.32
16184,15459,False,647.36,618.36
16185,15460,False,647.4,618.4
16186,15461,False,647.44,618.44
16187,15462,False,647.48,618.48
16188,15463,False,647.52,618.52
16189,15464,False,647.56,618.56
16190,15465,False,647.6,618.6
16191,15466,False,647.64,618.64
16192,15467,False,647.68,618.68
16193,15468,False,647.72,618.72
16194,15469,False,647.76,618.76
16195,15470,False,647.8,618.8
16196,15471,False,647.84,618.84
16197,15472,False,647.88,618.88
16198,15473,False,647.92,618.92
16199,15474,False,647.96,618.96
16200,15475,False,648.0,619.0
16201,15476,False,648.04,619.04
16202,15477,False,648.08,619.08
16203,15478,False,648.12,619.12
16204,15479,False,648.16,619.16
16205,15480,False,648.2,619.2
16206,15481,False,648.24,619.24
16207,15482,False,648.28,619.28
16208,15483,False,648.32,619.32
16209,15484,False,648.36,619.36
16210,15485,False,648.4,619.4
16211,15486,False,648.44,619.44
16212,15487,False,648.48,619.48
16213,15488,False,648.52,619.52
16214,15489,False,648.56,619.56
16215,15490,False,648.6,619.6
16216,15491,False,648.64,619.64
16217,15492,False,648.68,619.68
16218,15493,False,648.72,619.72
16219,15494,False,648.76,619.76
16220,15495,False,648.8,619.8
16221,15496,False,648.84,619.84
16222,15497,False,648.88,619.88
16223,15498,False,648.92,619.92
16224,15499,False,648.96,619.96
16225,15500,False,649.0,620.0
16226,15501,False,649.04,620.04
16227,15502,False,649.08,620.08
16228,15503,False,649.12,620.12
16229,15504,False,649.16,620.16
16230,15505,False,649.2,620.2
16231,15506,False,649.24,620.24
16232,15507,False,649.28,620.28
16233,15508,False,649.32,620.32
16234,15509,False,649.36,620.36
16235,15510,False,649.4,620.4
16236,15511,False,649.44,620.44
16237,15512,False,649.48,620.48
16238,15513,False,649.52,620.52
16239,15514,False,649.56,620.56
16240,15515,False,649.6,620.6
16241,15516,False,649.64,620.64
16242,15517,False,649.68,620.68
16243,15518,False,649.72,620.72
16244,15519,False,649.76,620.76
16245,15520,False,649.8,620.8
16246,15521,False,649.84,620.84
16247,15522,False,649.88,620.88
16248,15523,False,649.92,620.92
16249,15524,False,649.96,620.96
16250,15525,False,650.0,621.0
16251,15526,False,650.04,621.04
16252,15527,False,650.08,621.08
16253,15528,False,650.12,621.12
16254,15529,False,650.16,621.16
16255,15530,False,650.2,621.2
16256,15531,False,650.24,621.24
16257,15532,False,650.28,621.28
16258,15533,False,650.32,621.32
16259,15534,False,650.36,621.36
16260,15535,False,650.4,621.4
16261,15536,False,650.44,621.44
16262,15537,False,650.48,621.48
16263,15538,False,650.52,621.52
16264,15539,False,650.56,621.56
16265,15540,False,650.6,621.6
16266,15541,False,650.64,621.64
16267,15542,False,650.68,621.68
16268,15543,False,650.72,621.72
16269,15544,False,650.76,621.76
16270,15545,False,650.8,621.8
16271,15546,False,650.84,621.84
16272,15547,False,650.88,621.88
16273,15548,False,650.92,621.92
16274,15549,False,650.96,621.96
16275,15550,False,651.0,622.0
16276,15551,False,651.04,622.04
16277,15552,False,651.08,622.08
16278,15553,False,651.12,622.12
16279,15554,False,651.16,622.16
16280,15555,False,651.2,622.2
16281,15556,False,651.24,622.24
16282,15557,False,651.28,622.28
16283,15558,False,651.32,622.32
16284,15559,False,651.36,622.36
16285,15560,False,651.4,622.4
16286,15561,False,651.44,622.44
16287,15562,False,651.48,622.48
16288,15563,False,651.52,622.52
16289,15564,False,651.56,622.56
16290,15565,False,651.6,622.6
16291,15566,False,651.64,622.64
16292,15567,False,651.68,622.68
16293,15568,False,651.72,622.72
16294,15569,False,651.76,622.76
16295,15570,False,651.8,622.8
16296,15571,False,651.84,622.84
16297,15572,False,651.88,622.88
16298,15573,False,651.92,622.92
16299,15574,False,651.96,622.96
16300,15575,False,652.0,623.0
16301,15576,False,652.04,623.04
16302,15577,False,652.08,623.08
16303,15578,False,652.12,623.12
16304,15579,False,652.16,623.16
16305,15580,False,652.2,623.2
16306,15581,False,652.24,623.24
16307,15582,False,652.28,623.28
16308,15583,False,652.32,623.32
16309,15584,False,652.36,623.36
16310,15585,False,652.4,623.4
