frame,player,team,court_side,contact_pose_frame,body_part,limb_side,gap_m,part2,gap2_m,player_scale,court_x,court_y,ball_x,ball_y,ball_d,dv,ball_side,expected_d,depth_ratio,prox_cost,depth_cost,side_cost,cost
3,BRA_A,BRA,LEFT,5,hand,left,0.544,arm,0.607,114.696,5.26,5.48,544.5,367.5,27.925,8.9,LEFT,28.018,0.997,5.5,0.008,0.0,inf
3,BRA_B,BRA,LEFT,4,chest,,-0.286,shoulder,-0.076,94.281,4.24,1.99,544.5,367.5,27.925,8.9,LEFT,23.031,1.213,0.03,0.482,0.0,0.512
3,ISR_A,ISR,RIGHT,5,thigh,right,9.842,hand,9.845,101.71,14.97,2.66,544.5,367.5,27.925,8.9,LEFT,24.845,1.124,98.48,0.292,2.0,inf
3,ISR_B,ISR,RIGHT,5,head,,7.72,foot,7.778,130.208,13.38,6.57,544.5,367.5,27.925,8.9,LEFT,31.807,0.878,77.26,0.325,2.0,inf
8,BRA_A,BRA,LEFT,8,head,,0.023,chest,0.06,114.287,5.08,5.41,581.3,488.3,26.6,54.4,LEFT,27.918,0.953,0.23,0.121,0.0,0.351
8,BRA_B,BRA,LEFT,7,thigh,left,-0.229,knee,-0.19,94.129,4.52,2.27,581.3,488.3,26.6,54.4,LEFT,22.994,1.157,0.03,0.364,0.0,0.394
8,ISR_A,ISR,RIGHT,10,foot,right,8.947,thigh,8.955,101.522,14.6,2.58,581.3,488.3,26.6,54.4,LEFT,24.799,1.073,89.53,0.175,2.0,inf
8,ISR_B,ISR,RIGHT,10,head,,7.182,hand,7.256,131.03,13.22,6.67,581.3,488.3,26.6,54.4,LEFT,32.007,0.831,71.88,0.463,2.0,inf
38,BRA_A,BRA,LEFT,38,head,,3.214,shoulder,3.387,113.777,5.31,5.32,916.5,259.9,26.4,46.7,LEFT,27.793,0.95,32.14,0.129,0.0,inf
38,BRA_B,BRA,LEFT,38,foot,right,0.078,shin,0.094,91.748,7.65,1.38,916.5,259.9,26.4,46.7,LEFT,22.412,1.178,0.78,0.409,0.0,1.189
38,ISR_A,ISR,RIGHT,40,head,,4.815,shoulder,4.961,103.958,14.51,2.99,916.5,259.9,26.4,46.7,LEFT,25.394,1.04,48.21,0.097,2.0,inf
38,ISR_B,ISR,RIGHT,40,head,,3.657,hand,3.773,126.167,12.29,6.23,916.5,259.9,26.4,46.7,LEFT,30.819,0.857,36.63,0.387,2.0,inf
51,BRA_A,BRA,LEFT,49,thigh,right,8.199,knee,8.219,114.557,5.04,5.45,1669.5,547.5,25.5,9.1,RIGHT,27.983,0.911,82.05,0.232,2.0,inf
51,BRA_B,BRA,LEFT,49,thigh,right,5.43,knee,5.654,102.499,8.01,3.37,1669.5,547.5,25.5,9.1,RIGHT,25.038,1.018,54.36,0.046,2.0,inf
51,ISR_A,ISR,RIGHT,51,thigh,left,-0.121,shin,-0.058,110.997,14.6,4.29,1669.5,547.5,25.5,9.1,RIGHT,27.114,0.94,0.0,0.153,0.0,0.153
51,ISR_B,ISR,RIGHT,49,foot,right,0.675,head,0.732,122.4,12.16,5.81,1669.5,547.5,25.5,9.1,RIGHT,29.899,0.853,6.81,0.398,0.0,inf
109,BRA_A,BRA,LEFT,111,hand,left,2.74,arm,2.824,130.443,5.13,7.5,951.0,366.8,27.35,9.0,NET,31.864,0.858,27.46,0.382,0.0,inf
109,BRA_B,BRA,LEFT,111,head,,4.261,shoulder,4.274,107.377,3.51,4.59,951.0,366.8,27.35,9.0,NET,26.229,1.043,42.67,0.105,0.0,inf
109,ISR_A,ISR,RIGHT,108,head,,2.043,shoulder,2.054,112.157,10.9,4.63,951.0,366.8,27.35,9.0,NET,27.397,0.998,20.46,0.004,0.0,inf
109,ISR_B,ISR,RIGHT,108,head,,1.182,chest,1.461,120.948,9.52,5.83,951.0,366.8,27.35,9.0,NET,29.545,0.926,11.85,0.193,0.0,inf
122,BRA_A,BRA,LEFT,124,foot,right,-0.016,torso,0.216,120.442,6.21,6.1,756.0,566.6,26.25,26.0,LEFT,29.421,0.892,0.06,0.285,0.0,0.345
122,BRA_B,BRA,LEFT,124,foot,left,1.894,thigh,1.967,100.564,3.83,3.41,756.0,566.6,26.25,26.0,LEFT,24.565,1.069,19.0,0.166,0.0,inf
122,ISR_A,ISR,RIGHT,120,thigh,right,3.985,knee,4.005,109.808,11.29,4.21,756.0,566.6,26.25,26.0,LEFT,26.823,0.979,39.91,0.054,2.0,inf
122,ISR_B,ISR,RIGHT,120,thigh,left,2.511,knee,2.531,122.236,9.63,6.19,756.0,566.6,26.25,26.0,LEFT,29.859,0.879,25.17,0.322,2.0,inf
135,BRA_A,BRA,LEFT,133,foot,left,1.193,thigh,1.2,119.33,6.92,5.9,555.4,544.5,24.75,11.0,LEFT,29.149,0.849,11.99,0.409,0.0,inf
135,BRA_B,BRA,LEFT,135,foot,left,-0.057,shin,-0.047,97.816,4.12,2.89,555.4,544.5,24.75,11.0,LEFT,23.894,1.036,0.0,0.088,0.0,0.088
135,ISR_A,ISR,RIGHT,133,foot,left,6.478,thigh,6.557,109.06,11.96,4.06,555.4,544.5,24.75,11.0,LEFT,26.641,0.929,64.84,0.184,2.0,inf
135,ISR_B,ISR,RIGHT,133,hand,left,4.861,thigh,4.883,127.366,10.6,6.51,555.4,544.5,24.75,11.0,LEFT,31.112,0.796,48.67,0.572,2.0,inf
150,BRA_A,BRA,LEFT,152,head,,0.31,hand,0.451,117.145,6.51,5.66,582.0,546.8,25.15,29.6,LEFT,28.616,0.879,3.16,0.323,0.0,3.483
150,BRA_B,BRA,LEFT,150,foot,left,-0.078,shin,0.101,101.589,4.27,3.5,582.0,546.8,25.15,29.6,LEFT,24.816,1.013,0.0,0.033,0.0,0.033
150,ISR_A,ISR,RIGHT,152,hand,right,6.888,foot,6.897,106.416,13.07,3.56,582.0,546.8,25.15,29.6,LEFT,25.995,0.968,68.94,0.083,2.0,inf
150,ISR_B,ISR,RIGHT,152,shoulder,left,5.304,arm,5.357,136.78,11.92,7.35,582.0,546.8,25.15,29.6,LEFT,33.412,0.753,53.1,0.71,2.0,inf
156,BRA_A,BRA,LEFT,154,thigh,right,0.063,knee,0.083,117.145,6.44,5.66,835.5,555.8,25.5,22.8,LEFT,28.616,0.891,0.69,0.288,0.0,0.978
156,BRA_B,BRA,LEFT,154,foot,left,1.42,shin,1.587,101.462,4.36,3.54,835.5,555.8,25.5,22.8,LEFT,24.785,1.029,14.26,0.071,0.0,inf
156,ISR_A,ISR,RIGHT,158,foot,left,4.812,shin,4.831,107.732,13.22,3.75,835.5,555.8,25.5,22.8,LEFT,26.316,0.969,48.18,0.079,2.0,inf
156,ISR_B,ISR,RIGHT,158,thigh,left,4.123,foot,4.14,137.41,12.17,7.41,835.5,555.8,25.5,22.8,LEFT,33.566,0.76,41.29,0.687,2.0,inf
163,BRA_A,BRA,LEFT,161,foot,right,1.526,shin,1.574,117.014,6.35,5.66,1006.8,525.4,24.4,9.6,NET,28.584,0.854,15.32,0.396,0.0,inf
163,BRA_B,BRA,LEFT,161,foot,left,3.688,shin,3.7,103.069,4.36,3.79,1006.8,525.4,24.4,9.6,NET,25.177,0.969,36.94,0.078,0.0,inf
163,ISR_A,ISR,RIGHT,165,hand,right,3.729,arm,3.773,108.84,13.65,3.76,1006.8,525.4,24.4,9.6,NET,26.587,0.918,37.35,0.215,0.0,inf
163,ISR_B,ISR,RIGHT,165,arm,left,3.301,shoulder,3.336,137.175,12.69,7.32,1006.8,525.4,24.4,9.6,NET,33.508,0.728,33.07,0.793,0.0,inf
197,BRA_A,BRA,LEFT,195,foot,right,8.184,shin,8.247,112.645,4.24,5.21,1473.0,518.2,26.55,7.8,RIGHT,27.516,0.965,81.9,0.089,2.0,inf
197,BRA_B,BRA,LEFT,196,foot,left,8.821,shin,8.849,108.127,3.6,4.57,1473.0,518.2,26.55,7.8,RIGHT,26.413,1.005,88.24,0.013,2.0,inf
197,ISR_A,ISR,RIGHT,199,thigh,left,1.006,hand,1.041,114.1,14.67,4.54,1473.0,518.2,26.55,7.8,RIGHT,27.872,0.953,10.12,0.121,0.0,inf
197,ISR_B,ISR,RIGHT,199,shoulder,left,0.675,arm,0.746,123.414,13.75,5.79,1473.0,518.2,26.55,7.8,RIGHT,30.147,0.881,6.81,0.318,0.0,inf
202,BRA_A,BRA,LEFT,202,foot,left,8.536,shin,8.561,113.587,3.97,5.42,1494.8,512.3,26.25,10.3,RIGHT,27.747,0.946,85.36,0.139,2.0,inf
202,BRA_B,BRA,LEFT,201,hand,left,9.584,arm,9.591,107.556,3.42,4.59,1494.8,512.3,26.25,10.3,RIGHT,26.273,0.999,95.87,0.002,2.0,inf
202,ISR_A,ISR,RIGHT,204,hand,left,0.656,arm,0.703,115.169,14.59,4.71,1494.8,512.3,26.25,10.3,RIGHT,28.133,0.933,6.62,0.173,0.0,inf
202,ISR_B,ISR,RIGHT,204,arm,left,0.399,shoulder,0.453,120.372,13.84,5.42,1494.8,512.3,26.25,10.3,RIGHT,29.404,0.893,4.05,0.284,0.0,4.334
275,BRA_A,BRA,LEFT,274,foot,left,11.53,thigh,11.705,122.183,2.96,6.6,1746.0,464.3,24.75,8.0,RIGHT,29.846,0.829,115.33,0.468,2.0,inf
275,BRA_B,BRA,LEFT,273,foot,left,12.187,thigh,12.26,103.594,3.32,3.97,1746.0,464.3,24.75,8.0,RIGHT,25.305,0.978,121.93,0.055,2.0,inf
275,ISR_A,ISR,RIGHT,275,hand,left,-0.109,arm,-0.085,110.158,15.42,3.92,1746.0,464.3,24.75,8.0,RIGHT,26.909,0.92,0.0,0.209,0.0,0.209
408,BRA_A,BRA,LEFT,408,head,,0.018,chest,0.03,113.539,5.69,5.32,630.0,494.6,28.5,61.9,LEFT,27.735,1.028,0.18,0.068,0.0,0.248
408,BRA_B,BRA,LEFT,406,hand,left,0.561,arm,0.623,99.363,3.8,3.2,630.0,494.6,28.5,61.9,LEFT,24.272,1.174,5.67,0.401,0.0,inf
408,ISR_A,ISR,RIGHT,410,hand,right,7.187,arm,7.289,104.072,13.46,3.15,630.0,494.6,28.5,61.9,LEFT,25.422,1.121,71.93,0.286,2.0,inf
408,ISR_B,ISR,RIGHT,410,foot,right,8.914,thigh,8.99,135.04,15.34,6.9,630.0,494.6,28.5,61.9,LEFT,32.987,0.864,89.2,0.366,2.0,inf
441,BRA_A,BRA,LEFT,441,head,,2.815,chest,3.028,121.599,5.42,6.31,891.8,294.4,27.4,43.2,LEFT,29.704,0.922,28.15,0.202,0.0,inf
441,BRA_B,BRA,LEFT,441,foot,left,-0.113,shin,0.08,99.613,7.56,2.91,891.8,294.4,27.4,43.2,LEFT,24.333,1.126,0.0,0.297,0.0,0.297
441,ISR_A,ISR,RIGHT,443,head,,2.337,shoulder,2.388,106.098,11.36,3.66,891.8,294.4,27.4,43.2,LEFT,25.917,1.057,23.43,0.139,2.0,inf
441,ISR_B,ISR,RIGHT,443,head,,5.764,hand,5.874,122.603,14.73,5.61,891.8,294.4,27.4,43.2,LEFT,29.949,0.915,57.7,0.222,2.0,inf
455,BRA_A,BRA,LEFT,453,foot,left,7.173,shin,7.335,121.699,5.33,6.33,1614.0,771.0,27.0,78.9,RIGHT,29.728,0.908,71.79,0.241,2.0,inf
455,BRA_B,BRA,LEFT,453,chest,,4.366,shoulder,4.421,116.181,8.03,5.4,1614.0,771.0,27.0,78.9,RIGHT,28.38,0.951,43.72,0.125,2.0,inf
455,ISR_A,ISR,RIGHT,453,foot,left,1.67,shin,1.718,104.188,11.95,3.28,1614.0,771.0,27.0,78.9,RIGHT,25.451,1.061,16.76,0.148,0.0,inf
455,ISR_B,ISR,RIGHT,457,foot,left,0.357,shin,0.429,120.248,14.7,5.33,1614.0,771.0,27.0,78.9,RIGHT,29.374,0.919,3.63,0.211,0.0,3.841
468,BRA_A,BRA,LEFT,467,foot,right,8.792,shin,8.957,121.579,5.07,6.34,1707.0,579.4,30.0,7.6,RIGHT,29.699,1.01,87.95,0.025,2.0,inf
468,BRA_B,BRA,LEFT,466,shoulder,left,5.293,head,5.314,123.799,8.26,6.41,1707.0,579.4,30.0,7.6,RIGHT,30.241,0.992,52.99,0.02,2.0,inf
468,ISR_A,ISR,RIGHT,467,foot,left,2.979,shin,3.001,105.77,11.92,3.56,1707.0,579.4,30.0,7.6,RIGHT,25.837,1.161,29.82,0.373,0.0,inf
468,ISR_B,ISR,RIGHT,468,torso,,-0.078,chest,-0.07,124.784,14.64,5.87,1707.0,579.4,30.0,7.6,RIGHT,30.482,0.984,0.0,0.04,0.0,0.04
475,BRA_A,BRA,LEFT,475,foot,left,9.519,shin,9.596,118.584,4.62,6.01,1717.5,616.2,29.25,9.7,RIGHT,28.967,1.01,95.19,0.024,2.0,inf
475,BRA_B,BRA,LEFT,475,hand,left,5.587,arm,5.697,122.855,8.23,6.07,1717.5,616.2,29.25,9.7,RIGHT,30.011,0.975,55.87,0.064,2.0,inf
475,ISR_A,ISR,RIGHT,475,thigh,left,3.262,foot,3.267,106.454,11.88,3.67,1717.5,616.2,29.25,9.7,RIGHT,26.004,1.125,32.62,0.294,0.0,inf
475,ISR_B,ISR,RIGHT,477,thigh,right,-0.188,torso,-0.083,129.651,14.62,6.21,1717.5,616.2,29.25,9.7,RIGHT,31.671,0.924,0.06,0.199,0.0,0.259
480,BRA_A,BRA,LEFT,482,foot,left,9.469,shin,9.526,117.358,4.24,5.89,1717.5,706.5,29.25,49.2,RIGHT,28.668,1.02,94.75,0.05,2.0,inf
480,BRA_B,BRA,LEFT,482,hand,left,5.374,arm,5.431,121.583,8.14,6.04,1717.5,706.5,29.25,49.2,RIGHT,29.7,0.985,53.8,0.038,2.0,inf
480,ISR_A,ISR,RIGHT,482,foot,left,2.544,shin,2.715,107.594,11.95,3.84,1717.5,706.5,29.25,49.2,RIGHT,26.283,1.113,25.5,0.267,0.0,inf
480,ISR_B,ISR,RIGHT,479,thigh,right,-0.156,knee,-0.13,129.251,14.5,6.49,1717.5,706.5,29.25,49.2,RIGHT,31.573,0.926,0.03,0.191,0.0,0.221
489,BRA_A,BRA,LEFT,491,foot,right,7.442,shin,7.452,115.738,3.56,5.74,1394.2,433.5,27.8,10.1,RIGHT,28.272,0.983,74.48,0.042,2.0,inf
489,BRA_B,BRA,LEFT,491,hand,left,3.576,arm,3.607,121.073,7.74,6.34,1394.2,433.5,27.8,10.1,RIGHT,29.575,0.94,35.82,0.155,2.0,inf
489,ISR_A,ISR,RIGHT,489,shoulder,left,-0.132,chest,-0.109,107.795,12.26,3.87,1394.2,433.5,27.8,10.1,RIGHT,26.332,1.056,0.0,0.136,0.0,0.136
489,ISR_B,ISR,RIGHT,487,shoulder,right,2.116,arm,2.166,128.977,14.71,6.31,1394.2,433.5,27.8,10.1,RIGHT,31.506,0.882,21.22,0.313,0.0,inf
497,BRA_A,BRA,LEFT,499,hand,right,5.939,thigh,5.947,115.393,2.98,5.73,1074.0,328.8,26.65,9.5,RIGHT,28.188,0.945,59.45,0.14,2.0,inf
497,BRA_B,BRA,LEFT,499,shoulder,right,2.188,chest,2.212,117.593,7.27,5.65,1074.0,328.8,26.65,9.5,RIGHT,28.725,0.928,21.94,0.187,2.0,inf
497,ISR_A,ISR,RIGHT,495,arm,right,2.056,shoulder,2.081,111.202,12.33,4.34,1074.0,328.8,26.65,9.5,RIGHT,27.164,0.981,20.62,0.048,0.0,inf
497,ISR_B,ISR,RIGHT,495,arm,right,4.759,shoulder,4.777,133.72,14.61,6.82,1074.0,328.8,26.65,9.5,RIGHT,32.665,0.816,47.65,0.509,0.0,inf
507,BRA_B,BRA,LEFT,509,chest,,0.383,head,0.397,103.563,3.71,3.93,314.8,452.2,33.0,30.2,LEFT,25.298,1.304,3.89,0.664,0.0,4.554
507,ISR_A,ISR,RIGHT,509,head,,9.831,hand,9.935,113.296,14.19,4.48,314.8,452.2,33.0,30.2,LEFT,27.676,1.192,98.37,0.44,2.0,inf
507,ISR_B,ISR,RIGHT,509,head,,9.113,hand,9.215,137.041,13.97,7.18,314.8,452.2,33.0,30.2,LEFT,33.476,0.986,91.19,0.036,2.0,inf
531,BRA_A,BRA,LEFT,533,foot,right,12.013,hand,12.059,124.151,1.42,6.92,1636.5,570.0,27.75,73.2,RIGHT,30.327,0.915,120.19,0.222,2.0,inf
531,BRA_B,BRA,LEFT,529,foot,left,9.946,thigh,10.031,104.072,3.77,4.01,1636.5,570.0,27.75,73.2,RIGHT,25.422,1.092,99.52,0.219,2.0,inf
531,ISR_A,ISR,RIGHT,529,hand,left,0.023,arm,0.131,107.947,13.48,3.76,1636.5,570.0,27.75,73.2,RIGHT,26.369,1.052,0.29,0.128,0.0,0.418
531,ISR_B,ISR,RIGHT,531,shoulder,right,-0.107,chest,-0.062,132.576,13.53,6.83,1636.5,570.0,27.75,73.2,RIGHT,32.385,0.857,0.0,0.386,0.0,0.386
551,BRA_A,BRA,LEFT,553,thigh,left,9.166,hand,9.177,125.096,3.96,6.86,1500.0,169.3,30.35,9.9,RIGHT,30.558,0.993,91.72,0.017,2.0,inf
551,BRA_B,BRA,LEFT,553,head,,9.543,shoulder,9.604,102.356,4.02,3.7,1500.0,169.3,30.35,9.9,RIGHT,25.003,1.214,95.49,0.484,2.0,inf
551,ISR_A,ISR,RIGHT,553,head,,2.242,shoulder,2.522,111.279,12.0,4.38,1500.0,169.3,30.35,9.9,RIGHT,27.183,1.117,22.48,0.276,0.0,inf
551,ISR_B,ISR,RIGHT,551,head,,2.97,hand,3.172,138.106,13.04,7.4,1500.0,169.3,30.35,9.9,RIGHT,33.736,0.9,29.7,0.264,0.0,inf
561,BRA_A,BRA,LEFT,563,foot,left,7.232,thigh,7.311,125.373,4.52,6.83,1389.0,312.6,27.75,7.2,RIGHT,30.625,0.906,72.38,0.246,2.0,inf
561,BRA_B,BRA,LEFT,563,foot,left,7.791,shin,7.963,102.155,4.32,3.64,1389.0,312.6,27.75,7.2,RIGHT,24.954,1.112,77.97,0.266,2.0,inf
561,ISR_A,ISR,RIGHT,563,head,,0.733,chest,1.035,118.805,11.62,5.38,1389.0,312.6,27.75,7.2,RIGHT,29.021,0.956,7.39,0.112,0.0,inf
561,ISR_B,ISR,RIGHT,563,head,,1.606,chest,1.864,138.148,12.18,7.47,1389.0,312.6,27.75,7.2,RIGHT,33.746,0.822,16.12,0.489,0.0,inf
567,BRA_A,BRA,LEFT,567,foot,left,6.695,thigh,6.756,123.627,4.52,6.6,1327.5,481.5,27.0,61.1,RIGHT,30.199,0.894,66.95,0.28,2.0,inf
567,BRA_B,BRA,LEFT,567,foot,left,7.097,shin,7.299,102.1,4.41,3.62,1327.5,481.5,27.0,61.1,RIGHT,24.941,1.083,70.97,0.198,2.0,inf
567,ISR_A,ISR,RIGHT,567,chest,,-0.124,shoulder,-0.107,118.798,11.62,5.45,1327.5,481.5,27.0,61.1,RIGHT,29.019,0.93,0.0,0.18,0.0,0.18
567,ISR_B,ISR,RIGHT,567,head,,0.841,hand,1.09,137.893,11.68,7.48,1327.5,481.5,27.0,61.1,RIGHT,33.684,0.802,8.41,0.553,0.0,inf
577,BRA_A,BRA,LEFT,579,head,,6.217,chest,6.435,125.424,4.9,6.8,1257.0,206.6,29.65,10.6,RIGHT,30.638,0.968,62.23,0.082,2.0,inf
577,BRA_B,BRA,LEFT,579,head,,6.726,shoulder,6.828,101.516,4.54,3.5,1257.0,206.6,29.65,10.6,RIGHT,24.798,1.196,67.32,0.447,2.0,inf
577,ISR_A,ISR,RIGHT,575,head,,1.321,chest,1.594,114.291,11.53,4.84,1257.0,206.6,29.65,10.6,RIGHT,27.919,1.062,13.27,0.15,0.0,inf
577,ISR_B,ISR,RIGHT,575,head,,2.3,chest,2.517,136.233,10.99,7.37,1257.0,206.6,29.65,10.6,RIGHT,33.278,0.891,23.06,0.289,0.0,inf
595,BRA_A,BRA,LEFT,597,head,,4.153,chest,4.378,129.756,5.02,7.26,1074.0,260.2,32.6,11.6,RIGHT,31.696,1.029,41.59,0.07,2.0,inf
595,BRA_B,BRA,LEFT,597,hand,left,2.918,arm,2.955,108.051,6.28,4.41,1074.0,260.2,32.6,11.6,RIGHT,26.394,1.235,29.24,0.528,2.0,inf
595,ISR_A,ISR,RIGHT,596,head,,2.474,shoulder,2.57,112.598,12.1,4.65,1074.0,260.2,32.6,11.6,RIGHT,27.505,1.185,24.77,0.425,0.0,inf
595,ISR_B,ISR,RIGHT,597,hand,right,0.597,arm,0.685,119.767,9.68,5.71,1074.0,260.2,32.6,11.6,RIGHT,29.256,1.114,6.03,0.271,0.0,inf
600,BRA_A,BRA,LEFT,602,head,,3.09,hand,3.235,133.897,5.26,7.66,1024.5,421.5,30.75,15.3,NET,32.708,0.94,30.96,0.154,0.0,inf
600,BRA_B,BRA,LEFT,602,hand,left,1.452,arm,1.458,114.495,6.63,5.3,1024.5,421.5,30.75,15.3,NET,27.968,1.099,14.58,0.237,0.0,inf
600,ISR_A,ISR,RIGHT,598,head,,2.548,shoulder,2.583,111.528,12.24,4.44,1024.5,421.5,30.75,15.3,NET,27.244,1.129,25.54,0.303,0.0,inf
600,ISR_B,ISR,RIGHT,600,head,,0.033,chest,0.353,115.704,9.47,5.21,1024.5,421.5,30.75,15.3,NET,28.264,1.088,0.33,0.211,0.0,0.541
612,BRA_A,BRA,LEFT,613,foot,right,0.082,shin,0.283,135.913,5.55,7.83,767.2,829.5,29.25,41.0,LEFT,33.2,0.881,0.85,0.317,0.0,1.167
612,BRA_B,BRA,LEFT,610,foot,right,0.215,shin,0.3,120.767,7.45,6.15,767.2,829.5,29.25,41.0,LEFT,29.501,0.992,2.21,0.021,0.0,2.231
612,ISR_A,ISR,RIGHT,610,foot,right,5.017,shin,5.152,110.047,12.55,3.98,767.2,829.5,29.25,41.0,LEFT,26.882,1.088,50.23,0.211,2.0,inf
612,ISR_B,ISR,LEFT,610,foot,right,1.351,shin,1.454,120.9,8.95,6.3,767.2,829.5,29.25,41.0,LEFT,29.533,0.99,13.57,0.024,0.0,inf
619,BRA_A,BRA,LEFT,617,shin,right,-0.129,foot,-0.015,135.913,5.84,7.9,653.6,829.5,30.0,11.9,LEFT,33.2,0.904,0.06,0.253,0.0,0.313
619,BRA_B,BRA,LEFT,621,foot,right,1.604,shin,1.68,120.434,7.55,5.98,653.6,829.5,30.0,11.9,LEFT,29.419,1.02,16.1,0.049,0.0,inf
619,ISR_A,ISR,RIGHT,617,foot,right,6.351,shin,6.537,109.982,12.6,4.14,653.6,829.5,30.0,11.9,LEFT,26.866,1.117,63.57,0.276,2.0,inf
619,ISR_B,ISR,RIGHT,618,foot,right,2.917,shin,3.064,121.937,9.37,6.0,653.6,829.5,30.0,11.9,LEFT,29.786,1.007,29.2,0.018,2.0,inf
630,BRA_A,BRA,LEFT,628,foot,right,0.155,shin,0.243,138.56,5.87,8.05,738.0,923.3,34.55,12.8,LEFT,33.847,1.021,1.61,0.051,0.0,1.661
630,BRA_B,BRA,LEFT,628,foot,right,1.705,shin,1.826,121.253,7.55,6.12,738.0,923.3,34.55,12.8,LEFT,29.619,1.166,17.11,0.385,0.0,inf
630,ISR_A,ISR,RIGHT,630,foot,left,6.961,shin,7.108,107.67,13.36,3.78,738.0,923.3,34.55,12.8,LEFT,26.301,1.314,69.61,0.682,2.0,inf
630,ISR_B,ISR,RIGHT,628,foot,right,3.332,shin,3.453,123.846,10.1,6.19,738.0,923.3,34.55,12.8,LEFT,30.253,1.142,33.38,0.332,2.0,inf
648,BRA_A,BRA,LEFT,648,foot,right,-0.074,shin,0.117,145.974,6.48,8.66,737.3,925.5,38.25,43.9,LEFT,35.658,1.073,0.0,0.175,0.0,0.175
648,BRA_B,BRA,LEFT,650,foot,right,1.586,shin,1.677,116.592,6.7,5.58,737.3,925.5,38.25,43.9,LEFT,28.481,1.343,15.92,0.737,0.0,inf
648,ISR_A,ISR,RIGHT,650,foot,left,7.2,shin,7.21,108.435,14.32,3.73,737.3,925.5,38.25,43.9,LEFT,26.488,1.444,72.06,0.919,2.0,inf
648,ISR_B,ISR,RIGHT,650,foot,right,4.065,shin,4.162,123.892,11.86,6.03,737.3,925.5,38.25,43.9,LEFT,30.264,1.264,40.71,0.585,2.0,inf
658,BRA_A,BRA,LEFT,656,foot,right,2.36,thigh,2.512,147.411,6.53,8.77,1176.0,820.5,30.0,13.1,RIGHT,36.009,0.833,23.66,0.456,2.0,inf
658,BRA_B,BRA,LEFT,656,foot,right,2.829,shin,2.94,115.497,6.45,5.45,1176.0,820.5,30.0,13.1,RIGHT,28.213,1.063,28.35,0.154,2.0,inf
658,ISR_A,ISR,RIGHT,660,foot,left,3.507,shin,3.558,112.061,14.53,4.29,1176.0,820.5,30.0,13.1,RIGHT,27.374,1.096,35.13,0.229,0.0,inf
658,ISR_B,ISR,RIGHT,660,foot,left,1.826,shin,1.859,124.326,12.99,5.94,1176.0,820.5,30.0,13.1,RIGHT,30.37,0.988,18.32,0.031,0.0,inf
670,BRA_A,BRA,LEFT,672,head,,2.484,shoulder,2.635,104.758,3.54,4.14,604.8,162.2,24.4,14.6,LEFT,25.59,0.954,24.9,0.119,0.0,inf
670,BRA_B,BRA,LEFT,672,head,,1.603,chest,1.884,102.892,5.98,3.6,604.8,162.2,24.4,14.6,LEFT,25.134,0.971,16.09,0.074,0.0,inf
670,ISR_A,ISR,RIGHT,672,thigh,right,9.474,foot,9.477,103.45,15.23,2.82,604.8,162.2,24.4,14.6,LEFT,25.27,0.966,94.8,0.088,2.0,inf
670,ISR_B,ISR,RIGHT,672,head,,7.804,foot,8.007,133.722,13.69,6.9,604.8,162.2,24.4,14.6,LEFT,32.665,0.747,78.1,0.729,2.0,inf
679,BRA_A,BRA,LEFT,680,head,,1.639,chest,1.765,107.328,4.56,4.61,732.8,401.6,24.7,50.3,LEFT,26.218,0.942,16.42,0.149,0.0,inf
679,BRA_B,BRA,LEFT,679,head,,-0.23,chest,-0.025,103.69,6.36,3.73,732.8,401.6,24.7,50.3,LEFT,25.329,0.975,0.0,0.063,0.0,0.063
679,ISR_A,ISR,RIGHT,680,foot,right,7.447,thigh,7.544,104.242,14.44,3.09,732.8,401.6,24.7,50.3,LEFT,25.464,0.97,74.5,0.076,2.0,inf
679,ISR_B,ISR,RIGHT,680,head,,6.325,shoulder,6.475,135.671,13.34,7.11,732.8,401.6,24.7,50.3,LEFT,33.141,0.745,63.28,0.735,2.0,inf
712,BRA_A,BRA,LEFT,712,head,,0.074,chest,0.228,99.197,7.96,2.8,917.3,304.9,25.5,31.0,LEFT,24.231,1.052,0.74,0.128,0.0,0.868
712,BRA_B,BRA,LEFT,712,head,,0.415,shoulder,0.52,96.611,7.14,2.51,917.3,304.9,25.5,31.0,LEFT,23.6,1.081,4.15,0.194,0.0,4.344
712,ISR_A,ISR,RIGHT,714,head,,4.577,shoulder,4.637,102.668,13.34,2.92,917.3,304.9,25.5,31.0,LEFT,25.079,1.017,45.83,0.042,2.0,inf
712,ISR_B,ISR,RIGHT,714,head,,4.849,chest,5.071,125.892,13.2,6.12,917.3,304.9,25.5,31.0,LEFT,30.752,0.829,48.55,0.468,2.0,inf
735,BRA_A,BRA,LEFT,733,foot,left,2.193,shin,2.344,103.516,8.07,3.47,1228.5,648.8,27.0,40.6,RIGHT,25.286,1.068,21.99,0.164,2.0,inf
735,BRA_B,BRA,LEFT,733,foot,left,3.468,shin,3.531,95.76,7.13,2.33,1228.5,648.8,27.0,40.6,RIGHT,23.392,1.154,34.74,0.359,2.0,inf
735,ISR_A,ISR,RIGHT,734,foot,right,0.447,shin,0.536,105.141,11.91,3.46,1228.5,648.8,27.0,40.6,RIGHT,25.683,1.051,4.5,0.125,0.0,4.625
735,ISR_B,ISR,RIGHT,737,hand,left,1.172,thigh,1.21,130.673,12.12,6.73,1228.5,648.8,27.0,40.6,RIGHT,31.92,0.846,11.78,0.419,0.0,inf
769,BRA_A,BRA,LEFT,770,head,,4.734,chest,4.946,122.19,5.2,6.4,1195.5,457.1,27.375,61.1,RIGHT,29.848,0.917,47.37,0.216,2.0,inf
769,BRA_B,BRA,LEFT,770,foot,left,5.658,thigh,5.866,102.33,4.47,3.69,1195.5,457.1,27.375,61.1,RIGHT,24.997,1.095,56.61,0.227,2.0,inf
769,ISR_A,ISR,RIGHT,770,head,,-0.189,chest,-0.048,114.208,10.43,4.91,1195.5,457.1,27.375,61.1,RIGHT,27.898,0.981,0.03,0.047,0.0,0.077
769,ISR_B,ISR,RIGHT,771,hand,right,2.064,head,2.081,123.985,12.47,5.92,1195.5,457.1,27.375,61.1,RIGHT,30.286,0.904,20.7,0.253,0.0,inf
775,BRA_A,BRA,LEFT,773,head,,4.872,hand,5.053,122.197,5.21,6.4,1192.5,291.0,27.55,9.4,RIGHT,29.85,0.923,48.78,0.2,2.0,inf
775,BRA_B,BRA,LEFT,775,head,,5.979,shoulder,6.039,102.33,4.62,3.75,1192.5,291.0,27.55,9.4,RIGHT,24.997,1.102,59.79,0.243,2.0,inf
775,ISR_A,ISR,RIGHT,773,head,,0.487,chest,0.644,113.865,10.29,4.86,1192.5,291.0,27.55,9.4,RIGHT,27.814,0.99,4.93,0.024,0.0,inf
775,ISR_B,ISR,RIGHT,773,hand,right,2.019,head,2.05,123.673,12.14,5.94,1192.5,291.0,27.55,9.4,RIGHT,30.21,0.912,20.25,0.23,0.0,inf
805,BRA_A,BRA,LEFT,807,head,,5.793,thigh,6.015,122.824,3.9,6.6,1192.5,402.4,28.15,58.4,RIGHT,30.003,0.938,57.99,0.159,2.0,inf
805,BRA_B,BRA,LEFT,807,head,,3.486,chest,3.68,110.976,6.45,4.95,1192.5,402.4,28.15,58.4,RIGHT,27.109,1.038,34.92,0.094,2.0,inf
805,ISR_A,ISR,RIGHT,805,chest,,-0.2,torso,-0.138,96.204,10.82,1.45,1192.5,402.4,28.15,58.4,RIGHT,23.5,1.198,0.0,0.451,0.0,0.451
805,ISR_B,ISR,RIGHT,805,head,,0.057,hand,0.234,116.231,10.51,4.97,1192.5,402.4,28.15,58.4,RIGHT,28.392,0.991,0.57,0.021,0.0,0.591
828,BRA_A,BRA,LEFT,828,head,,4.21,thigh,4.239,108.166,3.34,4.69,865.5,359.6,21.75,18.1,LEFT,26.422,0.823,42.1,0.486,0.0,inf
828,BRA_B,BRA,LEFT,828,foot,left,-0.168,shin,-0.111,95.267,6.77,2.17,865.5,359.6,21.75,18.1,LEFT,23.271,0.935,0.0,0.169,0.0,0.169
828,ISR_A,ISR,RIGHT,826,head,,3.173,thigh,3.329,100.873,11.16,2.74,865.5,359.6,21.75,18.1,LEFT,24.641,0.883,31.79,0.312,2.0,inf
828,ISR_B,ISR,RIGHT,828,head,,3.467,hand,3.551,131.19,11.11,6.87,865.5,359.6,21.75,18.1,LEFT,32.047,0.679,34.67,0.969,2.0,inf
848,BRA_A,BRA,LEFT,848,foot,left,3.278,thigh,3.292,110.154,4.81,4.86,978.0,576.4,25.5,24.9,NET,26.908,0.948,32.78,0.134,0.0,inf
848,BRA_B,BRA,LEFT,846,foot,right,1.879,shin,1.952,89.073,6.76,0.88,978.0,576.4,25.5,24.9,NET,21.758,1.172,18.85,0.397,0.0,inf
848,ISR_A,ISR,RIGHT,847,foot,right,2.857,shin,2.977,102.514,12.22,3.04,978.0,576.4,25.5,24.9,NET,25.042,1.018,28.6,0.045,0.0,inf
848,ISR_B,ISR,RIGHT,850,head,,2.531,hand,2.669,134.874,11.66,7.19,978.0,576.4,25.5,24.9,NET,32.946,0.774,25.37,0.641,0.0,inf
859,BRA_A,BRA,LEFT,859,foot,right,2.086,shin,2.233,112.877,6.01,5.17,997.5,664.1,23.775,12.8,NET,27.573,0.862,20.86,0.371,0.0,inf
859,BRA_B,BRA,LEFT,857,foot,right,3.052,shin,3.203,86.94,6.71,0.4,997.5,664.1,23.775,12.8,NET,21.237,1.119,30.58,0.282,0.0,inf
859,ISR_A,ISR,RIGHT,861,foot,right,2.912,shin,3.084,104.003,12.32,3.24,997.5,664.1,23.775,12.8,NET,25.405,0.936,29.18,0.166,0.0,inf
859,ISR_B,ISR,RIGHT,861,foot,right,1.53,hand,1.564,133.542,10.93,7.13,997.5,664.1,23.775,12.8,NET,32.621,0.729,15.36,0.791,0.0,inf
864,BRA_A,BRA,LEFT,862,foot,right,2.103,shin,2.281,113.408,6.21,5.21,1032.0,688.5,22.5,8.9,NET,27.703,0.812,21.09,0.52,0.0,inf
864,BRA_B,BRA,LEFT,862,foot,right,3.553,shin,3.696,86.502,6.81,0.26,1032.0,688.5,22.5,8.9,NET,21.13,1.065,35.59,0.157,0.0,inf
864,ISR_A,ISR,RIGHT,864,foot,right,2.759,shin,2.93,104.339,12.25,3.3,1032.0,688.5,22.5,8.9,NET,25.487,0.883,27.59,0.312,0.0,inf
864,ISR_B,ISR,RIGHT,866,hand,right,1.167,arm,1.275,133.263,10.65,7.12,1032.0,688.5,22.5,8.9,NET,32.553,0.691,11.73,0.923,0.0,inf
877,BRA_A,BRA,LEFT,876,foot,left,1.617,shin,1.907,114.165,7.25,5.21,1053.0,757.5,21.4,10.4,NET,27.888,0.767,16.2,0.662,0.0,inf
877,BRA_B,BRA,LEFT,875,foot,left,3.689,shin,3.846,88.211,7.28,0.64,1053.0,757.5,21.4,10.4,NET,21.548,0.993,36.95,0.017,0.0,inf
877,ISR_A,ISR,RIGHT,879,foot,left,2.173,shin,2.377,104.957,11.46,3.49,1053.0,757.5,21.4,10.4,NET,25.639,0.835,21.79,0.452,0.0,inf
877,ISR_B,ISR,RIGHT,879,hand,left,0.045,arm,0.056,131.264,9.83,6.99,1053.0,757.5,21.4,10.4,NET,32.065,0.667,0.51,1.011,0.0,1.521
915,BRA_A,BRA,RIGHT,913,foot,right,-0.081,shin,-0.046,106.317,14.0,3.51,1683.0,591.0,27.75,88.7,RIGHT,25.971,1.069,0.06,0.166,0.0,0.226
915,BRA_B,BRA,RIGHT,915,chest,,0.006,shoulder,0.04,134.331,13.96,6.94,1683.0,591.0,27.75,88.7,RIGHT,32.814,0.846,0.06,0.419,0.0,0.479
915,ISR_A,ISR,LEFT,913,head,,9.505,chest,9.685,120.008,3.49,6.29,1683.0,591.0,27.75,88.7,RIGHT,29.315,0.947,95.11,0.137,2.0,inf
915,ISR_B,ISR,LEFT,913,foot,right,15.135,shin,15.347,90.128,-0.36,1.75,1683.0,591.0,27.75,88.7,RIGHT,22.016,1.26,151.41,0.579,2.0,inf
944,BRA_A,BRA,RIGHT,946,head,,0.799,chest,1.071,114.119,11.06,4.83,1338.8,289.8,27.75,9.3,RIGHT,27.877,0.995,8.05,0.011,0.0,inf
944,BRA_B,BRA,RIGHT,946,head,,2.89,hand,3.078,141.429,13.12,7.67,1338.8,289.8,27.75,9.3,RIGHT,34.548,0.803,28.96,0.548,0.0,inf
944,ISR_A,ISR,LEFT,946,head,,7.254,hand,7.491,121.384,3.65,6.48,1338.8,289.8,27.75,9.3,RIGHT,29.651,0.936,72.6,0.166,2.0,inf
944,ISR_B,ISR,LEFT,946,thigh,left,10.274,knee,10.294,92.764,1.59,2.09,1338.8,289.8,27.75,9.3,RIGHT,22.66,1.225,102.8,0.507,2.0,inf
950,BRA_A,BRA,RIGHT,950,head,,-0.19,chest,-0.048,114.391,10.97,4.91,1254.0,443.6,27.4,50.9,RIGHT,27.943,0.981,0.0,0.049,0.0,0.049
950,BRA_B,BRA,RIGHT,950,head,,2.313,hand,2.461,141.272,12.96,7.7,1254.0,443.6,27.4,50.9,RIGHT,34.509,0.794,23.13,0.577,0.0,inf
950,ISR_A,ISR,LEFT,952,hand,right,6.095,head,6.161,121.934,4.19,6.46,1254.0,443.6,27.4,50.9,RIGHT,29.786,0.92,61.01,0.209,2.0,inf
950,ISR_B,ISR,LEFT,952,foot,left,8.893,thigh,9.057,93.482,2.14,2.25,1254.0,443.6,27.4,50.9,RIGHT,22.835,1.2,88.99,0.456,2.0,inf
978,BRA_A,BRA,RIGHT,980,head,,2.125,shoulder,2.14,108.318,11.16,4.07,1072.5,195.4,29.6,7.6,RIGHT,26.459,1.119,21.31,0.28,0.0,inf
978,BRA_B,BRA,RIGHT,980,foot,left,1.039,shin,1.246,104.971,10.28,3.16,1072.5,195.4,29.6,7.6,RIGHT,25.642,1.154,10.45,0.359,0.0,inf
978,ISR_A,ISR,LEFT,980,foot,right,1.699,shin,1.898,104.732,7.77,3.26,1072.5,195.4,29.6,7.6,RIGHT,25.584,1.157,17.05,0.365,2.0,inf
978,ISR_B,ISR,LEFT,980,hand,left,5.202,arm,5.225,95.748,4.1,2.52,1072.5,195.4,29.6,7.6,RIGHT,23.389,1.266,52.08,0.589,2.0,inf
983,BRA_A,BRA,RIGHT,983,shoulder,right,1.974,head,2.002,108.105,11.24,3.98,1029.8,316.8,27.25,24.1,NET,26.408,1.032,19.74,0.079,0.0,inf
983,BRA_B,BRA,RIGHT,983,foot,left,-0.061,shin,0.167,109.204,10.04,4.25,1029.8,316.8,27.25,24.1,NET,26.676,1.022,0.0,0.053,0.0,0.053
983,ISR_A,ISR,LEFT,984,foot,right,0.038,shin,0.259,104.057,7.89,3.72,1029.8,316.8,27.25,24.1,NET,25.419,1.072,0.41,0.174,0.0,0.584
983,ISR_B,ISR,LEFT,985,thigh,left,3.813,knee,3.833,98.527,4.59,3.01,1029.8,316.8,27.25,24.1,NET,24.068,1.132,38.19,0.31,0.0,inf
996,BRA_A,BRA,RIGHT,994,hand,right,3.991,thigh,4.035,107.418,11.39,3.88,773.2,471.0,22.6,40.0,LEFT,26.24,0.861,39.97,0.373,2.0,inf
996,BRA_B,BRA,LEFT,994,foot,left,0.73,shin,0.865,115.917,8.09,5.36,773.2,471.0,22.6,40.0,LEFT,28.316,0.798,7.36,0.564,0.0,inf
996,ISR_A,ISR,LEFT,994,foot,right,0.721,shin,0.861,116.513,8.18,5.43,773.2,471.0,22.6,40.0,LEFT,28.461,0.794,7.27,0.576,0.0,inf
996,ISR_B,ISR,LEFT,996,shin,right,0.052,foot,0.059,97.148,5.59,2.5,773.2,471.0,22.6,40.0,LEFT,23.731,0.952,0.52,0.122,0.0,0.642
1022,BRA_A,BRA,RIGHT,1020,hand,left,5.023,arm,5.142,106.459,12.46,3.55,768.0,376.1,22.1,11.3,LEFT,26.005,0.85,50.29,0.407,2.0,inf
1022,BRA_B,BRA,RIGHT,1021,foot,right,3.379,shin,3.455,107.351,10.5,3.93,768.0,376.1,22.1,11.3,LEFT,26.223,0.843,33.82,0.428,2.0,inf
1022,ISR_A,ISR,LEFT,1024,head,,1.393,shoulder,1.632,109.588,8.19,4.48,768.0,376.1,22.1,11.3,LEFT,26.77,0.826,13.99,0.479,0.0,inf
1022,ISR_B,ISR,LEFT,1024,head,,0.394,chest,0.618,97.349,6.41,2.6,768.0,376.1,22.1,11.3,LEFT,23.78,0.929,4.0,0.183,0.0,4.183
1058,BRA_A,BRA,RIGHT,1060,hand,left,8.703,thigh,8.705,101.075,14.45,2.51,603.0,253.3,25.5,17.0,LEFT,24.69,1.033,87.09,0.081,2.0,inf
1058,BRA_B,BRA,RIGHT,1059,hand,right,7.283,arm,7.385,126.092,13.6,6.11,603.0,253.3,25.5,17.0,LEFT,30.801,0.828,72.86,0.472,2.0,inf
1058,ISR_A,ISR,LEFT,1060,head,,1.461,chest,1.655,109.777,6.25,4.67,603.0,253.3,25.5,17.0,LEFT,26.816,0.951,14.67,0.126,0.0,inf
1058,ISR_B,ISR,LEFT,1060,head,,1.622,shoulder,1.644,90.653,2.87,1.47,603.0,253.3,25.5,17.0,LEFT,22.144,1.152,16.28,0.353,0.0,inf
1066,BRA_A,BRA,RIGHT,1068,foot,left,6.769,hand,6.903,101.907,13.58,2.78,709.5,461.6,25.15,62.4,LEFT,24.893,1.01,67.75,0.026,2.0,inf
1066,BRA_B,BRA,RIGHT,1066,thigh,right,6.644,knee,6.664,126.068,13.45,6.13,709.5,461.6,25.15,62.4,LEFT,30.795,0.817,66.44,0.506,2.0,inf
1066,ISR_A,ISR,LEFT,1066,head,,-0.121,chest,-0.008,109.641,6.25,4.65,709.5,461.6,25.15,62.4,LEFT,26.783,0.939,0.0,0.157,0.0,0.157
1066,ISR_B,ISR,LEFT,1068,hand,left,1.212,arm,1.243,94.058,4.19,1.56,709.5,461.6,25.15,62.4,LEFT,22.976,1.095,12.18,0.226,0.0,inf
1100,BRA_A,BRA,RIGHT,1102,head,,4.866,shoulder,4.955,102.907,13.45,2.96,853.5,268.7,25.95,46.1,LEFT,25.138,1.032,48.72,0.08,2.0,inf
1100,BRA_B,BRA,RIGHT,1102,head,,4.126,shoulder,4.296,120.608,12.04,5.55,853.5,268.7,25.95,46.1,LEFT,29.462,0.881,41.32,0.317,2.0,inf
1100,ISR_A,ISR,LEFT,1100,head,,2.145,chest,2.434,119.133,5.97,5.96,853.5,268.7,25.95,46.1,LEFT,29.101,0.892,21.45,0.287,0.0,inf
1100,ISR_B,ISR,LEFT,1100,head,,-0.021,chest,0.284,91.654,7.0,1.34,853.5,268.7,25.95,46.1,LEFT,22.389,1.159,0.0,0.369,0.0,0.369
1119,BRA_A,BRA,RIGHT,1118,head,,0.479,chest,0.633,99.062,14.57,2.25,1653.0,307.8,22.5,8.9,RIGHT,24.198,0.93,4.82,0.182,0.0,inf
1119,BRA_B,BRA,RIGHT,1117,head,,2.358,shoulder,2.47,115.424,11.72,5.0,1653.0,307.8,22.5,8.9,RIGHT,28.195,0.798,23.64,0.564,0.0,inf
1119,ISR_A,ISR,LEFT,1117,head,,7.796,torso,7.924,118.85,5.91,5.93,1653.0,307.8,22.5,8.9,RIGHT,29.032,0.775,78.02,0.637,2.0,inf
1119,ISR_B,ISR,LEFT,1117,foot,left,6.858,thigh,6.926,100.75,7.61,3.22,1653.0,307.8,22.5,8.9,RIGHT,24.611,0.914,68.64,0.224,2.0,inf
1126,BRA_A,BRA,RIGHT,1124,head,,1.653,shoulder,1.656,98.399,15.15,1.93,1863.0,466.5,21.2,33.0,RIGHT,24.037,0.882,16.59,0.314,0.0,inf
1126,BRA_B,BRA,RIGHT,1124,head,,3.331,shoulder,3.405,114.444,11.88,4.83,1863.0,466.5,21.2,33.0,RIGHT,27.956,0.758,33.37,0.692,0.0,inf
1126,ISR_A,ISR,LEFT,1124,thigh,right,9.649,knee,9.669,118.123,5.78,5.85,1863.0,466.5,21.2,33.0,RIGHT,28.855,0.735,96.55,0.771,2.0,inf
1126,ISR_B,ISR,LEFT,1124,thigh,left,9.593,knee,9.613,100.089,6.99,3.0,1863.0,466.5,21.2,33.0,RIGHT,24.449,0.867,95.99,0.356,2.0,inf
1179,BRA_A,BRA,RIGHT,1181,head,,0.804,shoulder,0.958,105.941,13.7,3.42,1450.5,251.2,27.9,8.1,RIGHT,25.879,1.078,8.1,0.188,0.0,inf
1179,BRA_B,BRA,RIGHT,1181,hand,right,1.237,arm,1.322,116.35,12.03,5.07,1450.5,251.2,27.9,8.1,RIGHT,28.421,0.982,12.43,0.046,0.0,inf
1179,ISR_A,ISR,LEFT,1181,foot,right,8.343,shin,8.503,119.657,3.9,6.21,1450.5,251.2,27.9,8.1,RIGHT,29.229,0.955,83.49,0.116,2.0,inf
1179,ISR_B,ISR,LEFT,1181,thigh,left,8.236,knee,8.256,94.786,4.64,2.24,1450.5,251.2,27.9,8.1,RIGHT,23.154,1.205,82.42,0.466,2.0,inf
1185,BRA_A,BRA,RIGHT,1186,hand,right,0.232,arm,0.301,104.377,13.36,3.21,1379.2,486.0,27.35,63.7,RIGHT,25.497,1.073,2.35,0.175,0.0,2.525
1185,BRA_B,BRA,RIGHT,1185,chest,,0.033,shoulder,0.073,116.161,12.09,5.04,1379.2,486.0,27.35,63.7,RIGHT,28.375,0.964,0.33,0.092,0.0,0.422
1185,ISR_A,ISR,LEFT,1185,foot,right,7.535,thigh,7.636,118.599,3.99,6.07,1379.2,486.0,27.35,63.7,RIGHT,28.971,0.944,75.35,0.144,2.0,inf
1185,ISR_B,ISR,LEFT,1187,foot,left,7.12,shin,7.168,94.908,4.97,2.26,1379.2,486.0,27.35,63.7,RIGHT,23.184,1.18,71.26,0.413,2.0,inf
1190,BRA_A,BRA,RIGHT,1188,shoulder,right,0.343,head,0.397,103.478,13.03,2.99,1341.0,330.6,27.4,7.7,RIGHT,25.277,1.084,3.49,0.202,0.0,3.692
1190,BRA_B,BRA,RIGHT,1189,hand,right,0.615,arm,0.668,115.236,11.91,4.88,1341.0,330.6,27.4,7.7,RIGHT,28.149,0.973,6.18,0.067,0.0,inf
1190,ISR_A,ISR,LEFT,1190,head,,7.465,chest,7.664,118.194,4.09,6.01,1341.0,330.6,27.4,7.7,RIGHT,28.872,0.949,74.65,0.131,2.0,inf
1190,ISR_B,ISR,LEFT,1190,foot,left,7.017,shin,7.054,94.806,5.01,2.24,1341.0,330.6,27.4,7.7,RIGHT,23.159,1.183,70.17,0.42,2.0,inf
1212,BRA_A,BRA,RIGHT,1214,foot,right,0.883,hand,1.056,97.089,10.52,1.6,1131.8,174.4,27.4,9.7,RIGHT,23.717,1.155,8.89,0.361,0.0,inf
1212,BRA_B,BRA,RIGHT,1214,head,,2.874,chest,3.113,125.834,11.78,6.24,1131.8,174.4,27.4,9.7,RIGHT,30.738,0.891,28.8,0.287,0.0,inf
1212,ISR_A,ISR,LEFT,1214,head,,5.836,chest,6.075,118.757,4.1,6.08,1131.8,174.4,27.4,9.7,RIGHT,29.009,0.945,58.42,0.143,2.0,inf
1212,ISR_B,ISR,LEFT,1214,hand,left,5.561,arm,5.605,94.688,4.38,2.18,1131.8,174.4,27.4,9.7,RIGHT,23.13,1.185,55.67,0.424,2.0,inf
1217,BRA_A,BRA,RIGHT,1218,foot,right,-0.095,shin,0.107,101.138,10.25,2.94,1086.0,287.2,28.15,21.2,RIGHT,24.706,1.139,0.03,0.326,0.0,0.356
1217,BRA_B,BRA,RIGHT,1217,head,,2.675,chest,2.923,125.856,11.91,6.24,1086.0,287.2,28.15,21.2,RIGHT,30.744,0.916,26.75,0.22,0.0,inf
1217,ISR_A,ISR,LEFT,1219,head,,5.109,chest,5.349,120.731,4.14,6.32,1086.0,287.2,28.15,21.2,RIGHT,29.492,0.955,51.15,0.116,2.0,inf
1217,ISR_B,ISR,LEFT,1219,shoulder,left,5.135,arm,5.165,96.497,4.04,2.65,1086.0,287.2,28.15,21.2,RIGHT,23.572,1.194,51.41,0.444,2.0,inf
1223,BRA_A,BRA,RIGHT,1221,foot,right,0.306,shin,0.423,106.293,10.0,3.81,990.0,336.7,27.0,21.4,NET,25.965,1.04,3.12,0.098,0.0,3.218
1223,BRA_B,BRA,RIGHT,1221,head,,3.027,chest,3.261,125.865,12.06,6.21,990.0,336.7,27.0,21.4,NET,30.746,0.878,30.33,0.325,0.0,inf
1223,ISR_A,ISR,LEFT,1225,hand,right,3.53,arm,3.645,121.856,4.44,6.48,990.0,336.7,27.0,21.4,NET,29.767,0.907,35.36,0.244,0.0,inf
1223,ISR_B,ISR,LEFT,1225,hand,left,3.542,arm,3.612,97.965,4.08,3.08,990.0,336.7,27.0,21.4,NET,23.93,1.128,35.48,0.302,0.0,inf
1234,BRA_A,BRA,RIGHT,1232,thigh,right,1.663,shoulder,1.678,117.012,9.48,5.38,810.0,627.7,27.0,37.7,LEFT,28.583,0.945,16.69,0.142,2.0,inf
1234,BRA_B,BRA,RIGHT,1233,foot,left,4.222,shin,4.334,126.006,12.2,6.22,810.0,627.7,27.0,37.7,LEFT,30.78,0.877,42.25,0.328,2.0,inf
1234,ISR_A,ISR,LEFT,1236,hand,right,2.141,thigh,2.227,121.376,4.47,6.37,810.0,627.7,27.0,37.7,LEFT,29.649,0.911,21.47,0.234,0.0,inf
1234,ISR_B,ISR,LEFT,1236,foot,left,1.63,shin,1.758,96.652,4.63,2.53,810.0,627.7,27.0,37.7,LEFT,23.61,1.144,16.36,0.335,0.0,inf
1248,BRA_A,BRA,RIGHT,1246,thigh,right,3.151,torso,3.166,116.987,9.63,5.36,642.0,651.0,27.0,13.3,LEFT,28.577,0.945,31.57,0.142,2.0,inf
1248,BRA_B,BRA,RIGHT,1246,foot,right,6.112,shin,6.189,124.428,12.96,5.98,642.0,651.0,27.0,13.3,LEFT,30.395,0.888,61.18,0.296,2.0,inf
1248,ISR_A,ISR,LEFT,1250,foot,right,0.383,thigh,0.439,116.725,4.77,5.73,642.0,651.0,27.0,13.3,LEFT,28.513,0.947,3.89,0.136,0.0,4.026
1248,ISR_B,ISR,LEFT,1246,foot,left,1.011,shin,1.148,97.521,4.85,2.77,642.0,651.0,27.0,13.3,LEFT,23.822,1.133,10.17,0.313,0.0,inf
1257,BRA_A,BRA,RIGHT,1259,foot,right,3.775,shin,3.855,116.905,9.89,5.37,588.4,653.6,26.6,11.1,LEFT,28.557,0.931,37.81,0.177,2.0,inf
1257,BRA_B,BRA,RIGHT,1259,foot,left,7.421,shin,7.48,124.479,14.01,5.89,588.4,653.6,26.6,11.1,LEFT,30.407,0.875,74.27,0.334,2.0,inf
1257,ISR_A,ISR,LEFT,1257,foot,left,-0.058,shin,0.007,116.829,4.93,5.76,588.4,653.6,26.6,11.1,LEFT,28.538,0.932,0.0,0.176,0.0,0.176
1257,ISR_B,ISR,LEFT,1259,foot,right,1.022,shin,1.127,95.964,4.69,2.49,588.4,653.6,26.6,11.1,LEFT,23.442,1.135,10.28,0.316,0.0,inf
1270,BRA_A,BRA,RIGHT,1272,foot,left,1.214,shin,1.243,112.718,10.5,4.69,950.2,627.0,27.375,15.9,LEFT,27.534,0.994,12.2,0.014,2.0,inf
1270,BRA_B,BRA,RIGHT,1271,foot,right,5.423,shin,5.515,125.6,14.78,5.95,950.2,627.0,27.375,15.9,LEFT,30.681,0.892,54.26,0.285,2.0,inf
1270,ISR_A,ISR,LEFT,1268,hand,right,2.407,arm,2.483,116.661,4.91,5.71,950.2,627.0,27.375,15.9,LEFT,28.497,0.961,24.13,0.1,0.0,inf
1270,ISR_B,ISR,LEFT,1268,foot,left,3.148,shin,3.2,95.773,4.28,2.49,950.2,627.0,27.375,15.9,LEFT,23.395,1.17,31.54,0.393,0.0,inf
1299,BRA_A,BRA,RIGHT,1300,head,,4.759,thigh,4.86,106.847,13.15,3.62,889.5,432.4,26.0,70.6,LEFT,26.1,0.996,47.62,0.01,2.0,inf
1299,BRA_B,BRA,RIGHT,1300,head,,5.141,hand,5.259,123.94,13.37,5.85,889.5,432.4,26.0,70.6,LEFT,30.275,0.859,51.44,0.381,2.0,inf
1299,ISR_A,ISR,LEFT,1299,hand,right,-0.027,arm,0.01,106.89,7.77,4.1,889.5,432.4,26.0,70.6,LEFT,26.111,0.996,0.0,0.011,0.0,0.011
1299,ISR_B,ISR,LEFT,1301,hand,left,2.928,arm,2.982,99.18,4.44,3.09,889.5,432.4,26.0,70.6,LEFT,24.227,1.073,29.34,0.177,0.0,inf
1334,BRA_A,BRA,RIGHT,1336,head,,3.752,chest,3.946,103.965,12.86,3.03,880.5,321.0,26.2,64.3,LEFT,25.396,1.032,37.58,0.078,2.0,inf
1334,BRA_B,BRA,RIGHT,1336,head,,5.053,chest,5.276,128.125,13.72,6.42,880.5,321.0,26.2,64.3,LEFT,31.298,0.837,50.59,0.444,2.0,inf
1334,ISR_A,ISR,LEFT,1334,head,,1.394,chest,1.631,115.175,6.53,5.4,880.5,321.0,26.2,64.3,LEFT,28.134,0.931,13.94,0.178,0.0,inf
1334,ISR_B,ISR,LEFT,1334,head,,0.022,chest,0.188,98.452,7.5,2.5,880.5,321.0,26.2,64.3,LEFT,24.049,1.089,0.22,0.214,0.0,0.434
1342,BRA_A,BRA,RIGHT,1344,hand,right,0.369,arm,0.454,103.981,13.02,3.21,1264.5,284.6,24.575,25.8,RIGHT,25.4,0.968,3.75,0.083,0.0,3.833
1342,BRA_B,BRA,RIGHT,1344,head,,2.546,shoulder,2.749,130.513,13.91,6.52,1264.5,284.6,24.575,25.8,RIGHT,31.881,0.771,25.52,0.651,0.0,inf
1342,ISR_A,ISR,LEFT,1340,head,,4.233,chest,4.456,116.891,6.16,5.69,1264.5,284.6,24.575,25.8,RIGHT,28.554,0.861,42.39,0.375,2.0,inf
1342,ISR_B,ISR,LEFT,1340,hand,right,2.415,arm,2.515,106.147,7.93,3.97,1264.5,284.6,24.575,25.8,RIGHT,25.929,0.948,24.21,0.134,2.0,inf
1347,BRA_A,BRA,RIGHT,1347,head,,-0.027,chest,0.18,101.576,13.39,2.74,1460.2,313.5,23.55,46.0,RIGHT,24.812,0.949,0.0,0.131,0.0,0.131
1347,BRA_B,BRA,RIGHT,1347,head,,2.288,shoulder,2.473,129.821,13.86,6.56,1460.2,313.5,23.55,46.0,RIGHT,31.712,0.743,22.88,0.744,0.0,inf
1347,ISR_A,ISR,LEFT,1345,head,,6.309,thigh,6.409,116.61,5.79,5.59,1460.2,313.5,23.55,46.0,RIGHT,28.485,0.827,63.15,0.476,2.0,inf
1347,ISR_B,ISR,LEFT,1345,hand,right,4.406,head,4.425,111.667,7.98,4.61,1460.2,313.5,23.55,46.0,RIGHT,27.278,0.863,44.12,0.367,2.0,inf
1388,BRA_A,BRA,RIGHT,1387,hand,left,1.789,arm,1.823,88.048,13.9,0.02,1632.3,384.1,22.675,72.3,RIGHT,21.508,1.054,17.92,0.132,0.0,inf
1388,BRA_B,BRA,RIGHT,1388,shoulder,left,-0.08,chest,-0.075,98.616,15.74,1.9,1632.3,384.1,22.675,72.3,RIGHT,24.09,0.941,0.0,0.151,0.0,0.151
1388,ISR_A,ISR,LEFT,1390,head,,10.169,thigh,10.235,114.882,3.76,5.61,1632.3,384.1,22.675,72.3,RIGHT,28.063,0.808,101.75,0.533,2.0,inf
1388,ISR_B,ISR,LEFT,1388,thigh,right,8.262,foot,8.263,109.961,5.99,4.72,1632.3,384.1,22.675,72.3,RIGHT,26.861,0.844,82.62,0.424,2.0,inf
1419,BRA_A,BRA,RIGHT,1419,head,,-0.035,chest,0.208,87.518,11.26,0.04,1170.8,213.6,24.2,33.4,RIGHT,21.378,1.132,0.0,0.31,0.0,0.31
1419,BRA_B,BRA,RIGHT,1417,hand,right,4.235,arm,4.272,101.763,15.23,2.7,1170.8,213.6,24.2,33.4,RIGHT,24.858,0.974,42.41,0.067,0.0,inf
1419,ISR_A,ISR,LEFT,1421,head,,5.765,shoulder,6.037,115.948,3.98,5.73,1170.8,213.6,24.2,33.4,RIGHT,28.323,0.854,57.71,0.393,2.0,inf
1419,ISR_B,ISR,LEFT,1421,hand,right,5.302,arm,5.365,98.752,4.47,3.03,1170.8,213.6,24.2,33.4,RIGHT,24.123,1.003,53.08,0.008,2.0,inf
1437,BRA_A,BRA,RIGHT,1435,foot,right,5.884,shin,5.948,94.538,10.48,1.74,476.2,370.1,21.4,46.0,LEFT,23.093,0.927,58.9,0.19,2.0,inf
1437,BRA_B,BRA,RIGHT,1435,thigh,right,9.63,knee,9.65,104.61,14.48,3.15,476.2,370.1,21.4,46.0,LEFT,25.554,0.837,96.36,0.443,2.0,inf
1437,ISR_A,ISR,LEFT,1437,head,,0.839,chest,1.069,112.6,3.75,5.27,476.2,370.1,21.4,46.0,LEFT,27.505,0.778,8.39,0.627,0.0,inf
1437,ISR_B,ISR,LEFT,1437,arm,right,0.086,shoulder,0.133,92.365,3.0,1.98,476.2,370.1,21.4,46.0,LEFT,22.562,0.948,0.86,0.132,0.0,0.992
1472,BRA_A,BRA,RIGHT,1473,head,,6.342,thigh,6.372,103.843,12.84,3.17,690.8,430.5,26.25,50.4,LEFT,25.366,1.035,63.45,0.086,2.0,inf
1472,BRA_B,BRA,RIGHT,1473,head,,6.572,shoulder,6.671,120.991,13.21,5.55,690.8,430.5,26.25,50.4,LEFT,29.555,0.888,65.75,0.296,2.0,inf
1472,ISR_A,ISR,LEFT,1472,chest,,0.051,shoulder,0.111,106.144,6.01,4.14,690.8,430.5,26.25,50.4,LEFT,25.928,1.012,0.51,0.031,0.0,0.541
1472,ISR_B,ISR,LEFT,1473,hand,left,0.679,arm,0.714,91.0,4.5,1.46,690.8,430.5,26.25,50.4,LEFT,22.229,1.181,6.82,0.416,0.0,inf
1509,BRA_A,BRA,RIGHT,1511,head,,3.121,hand,3.272,97.858,13.03,2.11,986.2,220.8,25.15,46.0,NET,23.904,1.052,31.27,0.127,0.0,inf
1509,BRA_B,BRA,RIGHT,1511,head,,4.202,chest,4.44,111.005,13.73,3.87,986.2,220.8,25.15,46.0,NET,27.116,0.928,42.08,0.188,0.0,inf
1509,ISR_A,ISR,LEFT,1509,foot,left,4.033,head,4.123,109.508,5.08,4.7,986.2,220.8,25.15,46.0,NET,26.75,0.94,40.33,0.154,0.0,inf
1509,ISR_B,ISR,LEFT,1509,head,,-0.089,chest,0.191,85.902,8.53,-0.03,986.2,220.8,25.15,46.0,NET,20.984,1.199,0.0,0.453,0.0,0.453
1524,BRA_A,BRA,RIGHT,1522,arm,right,0.358,hand,0.361,94.409,14.17,1.35,1635.0,423.0,19.5,34.4,RIGHT,23.062,0.846,3.64,0.419,0.0,4.059
1524,BRA_B,BRA,RIGHT,1523,head,,0.467,shoulder,0.562,113.214,13.63,4.51,1635.0,423.0,19.5,34.4,RIGHT,27.655,0.705,4.7,0.874,0.0,inf
1524,ISR_A,ISR,LEFT,1522,foot,right,9.028,hand,9.18,109.573,4.68,4.78,1635.0,423.0,19.5,34.4,RIGHT,26.766,0.729,90.34,0.792,2.0,inf
1524,ISR_B,ISR,LEFT,1522,foot,left,5.457,thigh,5.536,93.663,8.92,1.64,1635.0,423.0,19.5,34.4,RIGHT,22.88,0.852,54.63,0.4,2.0,inf
1531,BRA_A,BRA,RIGHT,1529,hand,right,1.766,arm,1.776,93.078,14.88,1.02,1788.0,358.2,21.5,7.4,RIGHT,22.737,0.946,17.72,0.14,0.0,inf
1531,BRA_B,BRA,RIGHT,1529,shoulder,right,1.588,head,1.592,113.34,13.57,4.53,1788.0,358.2,21.5,7.4,RIGHT,27.686,0.777,15.94,0.632,0.0,inf
1531,ISR_A,ISR,LEFT,1529,foot,right,11.114,hand,11.263,108.115,4.37,4.59,1788.0,358.2,21.5,7.4,RIGHT,26.41,0.814,111.2,0.514,2.0,inf
1531,ISR_B,ISR,LEFT,1529,thigh,left,7.993,knee,8.013,93.498,8.45,1.67,1788.0,358.2,21.5,7.4,RIGHT,22.839,0.941,79.99,0.151,2.0,inf
1556,BRA_A,BRA,RIGHT,1558,shoulder,right,6.086,head,6.092,104.449,14.7,3.07,842.2,198.4,29.0,21.5,LEFT,25.514,1.137,60.92,0.32,2.0,inf
1556,BRA_B,BRA,RIGHT,1558,head,,5.961,shoulder,6.115,134.78,13.85,6.99,842.2,198.4,29.0,21.5,LEFT,32.924,0.881,59.67,0.317,2.0,inf
1556,ISR_A,ISR,LEFT,1555,head,,4.257,chest,4.46,121.033,3.32,6.43,842.2,198.4,29.0,21.5,LEFT,29.565,0.981,42.6,0.048,0.0,inf
1556,ISR_B,ISR,LEFT,1555,foot,left,7.397,thigh,7.432,90.163,-0.83,1.8,842.2,198.4,29.0,21.5,LEFT,22.025,1.317,74.0,0.688,0.0,inf
1564,BRA_A,BRA,RIGHT,1566,shoulder,right,1.213,head,1.256,105.311,14.3,3.31,1302.0,299.2,29.25,13.0,RIGHT,25.725,1.137,12.19,0.321,0.0,inf
1564,BRA_B,BRA,RIGHT,1566,head,,2.962,shoulder,3.132,136.86,14.45,7.23,1302.0,299.2,29.25,13.0,RIGHT,33.432,0.875,29.68,0.334,0.0,inf
1564,ISR_A,ISR,LEFT,1562,head,,6.885,chest,7.076,121.033,3.32,6.43,1302.0,299.2,29.25,13.0,RIGHT,29.565,0.989,68.91,0.027,2.0,inf
1564,ISR_B,ISR,LEFT,1562,foot,right,11.118,shin,11.278,90.096,-0.69,1.75,1302.0,299.2,29.25,13.0,RIGHT,22.008,1.329,111.24,0.711,2.0,inf
1573,BRA_A,BRA,RIGHT,1571,hand,left,1.056,arm,1.116,107.617,14.05,3.66,1830.0,616.1,32.25,93.6,RIGHT,26.288,1.227,10.62,0.511,0.0,inf
1573,BRA_B,BRA,RIGHT,1573,chest,,0.002,shoulder,0.006,140.059,14.75,7.5,1830.0,616.1,32.25,93.6,RIGHT,34.213,0.943,0.02,0.148,0.0,0.168
1573,ISR_A,ISR,LEFT,1571,head,,10.802,foot,10.977,121.04,3.33,6.43,1830.0,616.1,32.25,93.6,RIGHT,29.567,1.091,108.08,0.217,2.0,inf
1573,ISR_B,ISR,LEFT,1571,foot,right,16.673,shin,16.887,90.865,-0.48,1.92,1830.0,616.1,32.25,93.6,RIGHT,22.196,1.453,166.79,0.934,2.0,inf
1589,BRA_A,BRA,RIGHT,1591,head,,2.354,chest,2.617,112.99,12.35,4.59,1644.0,215.3,30.95,11.8,RIGHT,27.601,1.121,23.6,0.286,0.0,inf
1589,BRA_B,BRA,RIGHT,1589,head,,3.383,hand,3.389,147.609,14.55,8.07,1644.0,215.3,30.95,11.8,RIGHT,36.057,0.858,33.83,0.382,0.0,inf
1589,ISR_A,ISR,LEFT,1591,head,,10.384,chest,10.584,121.274,3.31,6.46,1644.0,215.3,30.95,11.8,RIGHT,29.624,1.045,103.9,0.109,2.0,inf
1589,ISR_B,ISR,LEFT,1591,foot,left,14.855,thigh,14.896,93.346,0.49,2.35,1644.0,215.3,30.95,11.8,RIGHT,22.802,1.357,148.61,0.764,2.0,inf
1608,BRA_A,BRA,RIGHT,1608,chest,,-0.122,head,-0.105,117.896,11.68,5.31,1344.0,467.2,27.15,59.6,RIGHT,28.799,0.943,0.0,0.147,0.0,0.147
1608,BRA_B,BRA,RIGHT,1608,head,,1.823,hand,1.975,150.103,12.64,8.44,1344.0,467.2,27.15,59.6,RIGHT,36.666,0.74,18.23,0.751,0.0,inf
1608,ISR_A,ISR,LEFT,1610,head,,7.741,shoulder,7.948,121.205,3.44,6.44,1344.0,467.2,27.15,59.6,RIGHT,29.607,0.917,77.47,0.217,2.0,inf
1608,ISR_B,ISR,LEFT,1610,foot,left,9.945,shin,10.107,95.175,1.92,2.59,1344.0,467.2,27.15,59.6,RIGHT,23.249,1.168,99.51,0.388,2.0,inf
1615,BRA_A,BRA,RIGHT,1613,head,,0.934,shoulder,1.105,116.625,11.64,5.14,1297.5,228.4,28.7,7.2,RIGHT,28.489,1.007,9.4,0.018,0.0,inf
1615,BRA_B,BRA,RIGHT,1613,head,,2.531,chest,2.744,147.014,11.92,8.25,1297.5,228.4,28.7,7.2,RIGHT,35.912,0.799,25.37,0.56,0.0,inf
1615,ISR_A,ISR,LEFT,1614,head,,7.652,shoulder,7.881,121.409,3.51,6.46,1297.5,228.4,28.7,7.2,RIGHT,29.657,0.968,76.55,0.082,2.0,inf
1615,ISR_B,ISR,LEFT,1617,shoulder,left,9.338,arm,9.372,95.542,2.33,2.62,1297.5,228.4,28.7,7.2,RIGHT,23.339,1.23,93.44,0.517,2.0,inf
1621,BRA_A,BRA,RIGHT,1619,head,,2.446,chest,2.647,114.305,11.78,4.82,1250.2,102.4,30.25,9.0,RIGHT,27.922,1.083,24.52,0.2,0.0,inf
1621,BRA_B,BRA,RIGHT,1619,head,,3.436,chest,3.631,137.63,11.1,7.49,1250.2,102.4,30.25,9.0,RIGHT,33.62,0.9,34.42,0.264,0.0,inf
1621,ISR_A,ISR,LEFT,1623,head,,7.417,chest,7.658,124.038,3.7,6.75,1250.2,102.4,30.25,9.0,RIGHT,30.3,0.998,74.23,0.004,2.0,inf
1621,ISR_B,ISR,LEFT,1623,shoulder,left,8.637,head,8.678,96.155,3.06,2.79,1250.2,102.4,30.25,9.0,RIGHT,23.488,1.288,86.43,0.632,2.0,inf
1630,BRA_A,BRA,RIGHT,1632,head,,3.329,shoulder,3.428,112.083,12.04,4.46,1159.5,63.1,30.2,8.0,RIGHT,27.379,1.103,33.35,0.245,0.0,inf
1630,BRA_B,BRA,RIGHT,1632,hand,left,2.887,arm,2.984,121.924,9.92,5.95,1159.5,63.1,30.2,8.0,RIGHT,29.783,1.014,28.93,0.035,0.0,inf
1630,ISR_A,ISR,LEFT,1632,head,,6.376,hand,6.493,121.181,4.3,6.36,1159.5,63.1,30.2,8.0,RIGHT,29.602,1.02,63.82,0.05,2.0,inf
1630,ISR_B,ISR,LEFT,1632,head,,6.802,shoulder,6.85,96.126,3.92,2.59,1159.5,63.1,30.2,8.0,RIGHT,23.481,1.286,68.08,0.629,2.0,inf
1635,BRA_A,BRA,RIGHT,1637,head,,3.037,shoulder,3.093,112.421,12.13,4.53,1114.5,127.7,30.2,7.1,RIGHT,27.462,1.1,30.43,0.238,0.0,inf
1635,BRA_B,BRA,RIGHT,1635,hand,right,2.541,arm,2.685,111.693,10.05,4.61,1114.5,127.7,30.2,7.1,RIGHT,27.284,1.107,25.41,0.254,0.0,inf
1635,ISR_A,ISR,LEFT,1637,head,,5.333,chest,5.567,119.984,4.81,6.11,1114.5,127.7,30.2,7.1,RIGHT,29.309,1.03,53.39,0.075,2.0,inf
1635,ISR_B,ISR,LEFT,1637,shoulder,left,5.454,arm,5.481,99.241,4.6,3.23,1114.5,127.7,30.2,7.1,RIGHT,24.242,1.246,54.6,0.549,2.0,inf
1643,BRA_A,BRA,RIGHT,1642,shoulder,right,2.759,head,2.778,112.434,12.18,4.56,1033.5,326.1,26.0,29.2,RIGHT,27.465,0.947,27.62,0.137,0.0,inf
1643,BRA_B,BRA,RIGHT,1643,foot,right,-0.076,shin,0.103,107.887,9.84,4.07,1033.5,326.1,26.0,29.2,RIGHT,26.354,0.987,0.0,0.034,0.0,0.034
1643,ISR_A,ISR,LEFT,1645,hand,right,3.501,head,3.55,120.175,5.45,6.16,1033.5,326.1,26.0,29.2,RIGHT,29.356,0.886,35.07,0.303,2.0,inf
1643,ISR_B,ISR,LEFT,1645,thigh,left,3.112,knee,3.132,99.635,5.45,3.32,1033.5,326.1,26.0,29.2,RIGHT,24.338,1.068,31.18,0.165,2.0,inf
1655,BRA_A,BRA,RIGHT,1653,shoulder,right,4.927,head,4.962,109.452,12.51,4.03,799.5,365.6,21.95,13.5,LEFT,26.736,0.821,49.33,0.493,2.0,inf
1655,BRA_B,BRA,RIGHT,1657,head,,2.281,shoulder,2.455,116.219,9.33,5.29,799.5,365.6,21.95,13.5,LEFT,28.389,0.773,22.87,0.643,2.0,inf
1655,ISR_A,ISR,LEFT,1657,head,,1.339,shoulder,1.542,112.259,5.42,5.1,799.5,365.6,21.95,13.5,LEFT,27.422,0.8,13.45,0.556,0.0,inf
1655,ISR_B,ISR,LEFT,1657,thigh,right,0.117,knee,0.157,96.491,6.22,2.41,799.5,365.6,21.95,13.5,LEFT,23.57,0.931,1.23,0.178,0.0,1.408
1661,BRA_A,BRA,RIGHT,1659,foot,right,5.683,thigh,5.744,109.452,12.49,4.12,742.0,334.0,20.6,26.5,LEFT,26.736,0.77,56.89,0.652,2.0,inf
1661,BRA_B,BRA,RIGHT,1659,head,,2.468,shoulder,2.687,114.641,9.45,5.07,742.0,334.0,20.6,26.5,LEFT,28.004,0.736,24.74,0.768,2.0,inf
1661,ISR_A,ISR,LEFT,1660,head,,1.112,chest,1.373,112.654,5.49,5.14,742.0,334.0,20.6,26.5,LEFT,27.519,0.749,11.15,0.724,0.0,inf
1661,ISR_B,ISR,LEFT,1660,chest,,-0.146,head,-0.063,96.491,6.42,2.49,742.0,334.0,20.6,26.5,LEFT,23.57,0.874,0.03,0.337,0.0,0.367
1678,BRA_A,BRA,RIGHT,1677,hand,left,7.403,foot,7.488,108.874,13.07,4.01,618.0,363.9,20.65,15.7,LEFT,26.595,0.776,74.06,0.633,2.0,inf
1678,BRA_B,BRA,RIGHT,1678,foot,left,4.028,head,4.057,112.493,9.74,4.75,618.0,363.9,20.65,15.7,LEFT,27.479,0.751,40.28,0.714,2.0,inf
1678,ISR_A,ISR,LEFT,1678,head,,0.501,chest,0.764,113.08,5.5,5.19,618.0,363.9,20.65,15.7,LEFT,27.623,0.748,5.01,0.727,0.0,inf
1678,ISR_B,ISR,LEFT,1676,hand,left,1.171,arm,1.209,91.828,6.6,1.49,618.0,363.9,20.65,15.7,LEFT,22.431,0.921,11.77,0.207,0.0,inf
1748,BRA_A,BRA,LEFT,1748,shin,right,0.029,foot,0.064,80.868,3.42,-0.89,496.5,354.8,21.7,15.0,LEFT,19.754,1.099,0.29,0.235,0.0,0.525
1748,BRA_B,BRA,RIGHT,1746,foot,right,8.02,shin,8.091,114.776,12.87,4.79,496.5,354.8,21.7,15.0,LEFT,28.037,0.774,80.26,0.641,2.0,inf
1748,ISR_A,ISR,LEFT,1748,shoulder,right,1.475,arm,1.531,98.773,2.17,3.24,496.5,354.8,21.7,15.0,LEFT,24.128,0.899,14.75,0.265,0.0,inf
1748,ISR_B,ISR,LEFT,1748,shin,left,0.024,foot,0.046,80.529,3.48,-0.93,496.5,354.8,21.7,15.0,LEFT,19.671,1.103,0.24,0.245,0.0,0.485
1756,BRA_A,BRA,LEFT,1755,hand,left,0.066,arm,0.07,81.123,3.44,-0.77,494.6,297.4,21.75,7.3,LEFT,19.816,1.098,0.69,0.233,0.0,0.923
1756,BRA_B,BRA,RIGHT,1756,hand,right,10.129,arm,10.187,109.669,14.71,3.91,494.6,297.4,21.75,7.3,LEFT,26.789,0.812,101.29,0.521,2.0,inf
1756,ISR_A,ISR,LEFT,1758,head,,1.643,shoulder,1.695,97.684,1.95,3.06,494.6,297.4,21.75,7.3,LEFT,23.862,0.912,16.49,0.232,0.0,inf
1756,ISR_B,ISR,LEFT,1756,arm,left,0.025,hand,0.035,80.494,3.26,-0.92,494.6,297.4,21.75,7.3,LEFT,19.663,1.106,0.25,0.252,0.0,0.502
1825,BRA_A,BRA,RIGHT,1825,foot,right,12.994,head,13.006,109.888,14.64,3.95,160.9,410.2,22.975,21.6,LEFT,26.843,0.856,129.94,0.389,2.0,inf
1825,BRA_B,BRA,RIGHT,1825,foot,right,12.167,hand,12.185,127.354,14.7,6.13,160.9,410.2,22.975,21.6,LEFT,31.109,0.739,121.67,0.758,2.0,inf
1825,ISR_A,ISR,LEFT,1825,shoulder,right,0.056,arm,0.133,99.055,1.12,3.38,160.9,410.2,22.975,21.6,LEFT,24.197,0.95,0.56,0.13,0.0,0.69
1825,ISR_B,ISR,LEFT,1825,thigh,left,-0.196,knee,-0.071,89.313,-0.19,1.55,160.9,410.2,22.975,21.6,LEFT,21.817,1.053,0.0,0.129,0.0,0.129
1865,BRA_A,BRA,RIGHT,1867,thigh,right,0.169,hand,0.183,105.505,14.29,3.31,1415.2,394.5,25.1,26.8,RIGHT,25.772,0.974,1.75,0.066,0.0,1.816
1865,BRA_B,BRA,RIGHT,1867,head,,1.55,thigh,1.597,117.609,14.93,4.98,1415.2,394.5,25.1,26.8,RIGHT,28.729,0.874,15.56,0.338,0.0,inf
1865,ISR_A,ISR,LEFT,1864,head,,8.082,chest,8.272,121.357,3.31,6.47,1415.2,394.5,25.1,26.8,RIGHT,29.645,0.847,80.85,0.416,2.0,inf
1865,ISR_B,ISR,LEFT,1864,foot,right,12.843,shin,13.019,89.928,-0.31,1.7,1415.2,394.5,25.1,26.8,RIGHT,21.967,1.143,128.46,0.333,2.0,inf
1870,BRA_A,BRA,RIGHT,1868,thigh,left,-0.192,knee,-0.025,102.989,14.41,2.89,1654.5,541.5,24.8,82.9,RIGHT,25.158,0.986,0.06,0.036,0.0,0.096
1870,BRA_B,BRA,RIGHT,1870,foot,left,-0.16,shin,-0.039,115.169,15.06,4.65,1654.5,541.5,24.8,82.9,RIGHT,28.133,0.882,0.0,0.315,0.0,0.315
1870,ISR_A,ISR,LEFT,1868,head,,9.564,foot,9.7,121.372,3.33,6.47,1654.5,541.5,24.8,82.9,RIGHT,29.648,0.836,95.7,0.446,2.0,inf
1870,ISR_B,ISR,LEFT,1868,foot,right,15.01,hand,15.062,89.717,-0.2,1.65,1654.5,541.5,24.8,82.9,RIGHT,21.916,1.132,150.16,0.309,2.0,inf
1881,BRA_A,BRA,RIGHT,1879,head,,1.637,shoulder,1.752,102.071,13.69,2.82,1647.0,214.3,24.95,8.1,RIGHT,24.933,1.001,16.43,0.002,0.0,inf
1881,BRA_B,BRA,RIGHT,1879,head,,1.882,chest,2.092,114.369,15.46,4.84,1647.0,214.3,24.95,8.1,RIGHT,27.938,0.893,18.88,0.283,0.0,inf
1881,ISR_A,ISR,LEFT,1881,head,,10.567,chest,10.773,121.402,3.38,6.46,1647.0,214.3,24.95,8.1,RIGHT,29.656,0.841,105.67,0.432,2.0,inf
1881,ISR_B,ISR,LEFT,1883,hand,left,15.218,arm,15.259,90.066,0.71,1.64,1647.0,214.3,24.95,8.1,RIGHT,22.001,1.134,152.24,0.314,2.0,inf
1905,BRA_A,BRA,RIGHT,1905,foot,right,-0.146,head,0.016,89.099,14.82,0.15,1538.6,297.0,23.8,39.8,RIGHT,21.765,1.094,0.0,0.224,0.0,0.224
1905,BRA_B,BRA,RIGHT,1905,head,,1.353,chest,1.599,117.433,14.32,5.04,1538.6,297.0,23.8,39.8,RIGHT,28.686,0.83,13.53,0.467,0.0,inf
1905,ISR_A,ISR,LEFT,1905,head,,9.372,chest,9.576,121.189,3.53,6.43,1538.6,297.0,23.8,39.8,RIGHT,29.603,0.804,93.72,0.546,2.0,inf
1905,ISR_B,ISR,LEFT,1907,hand,left,12.12,arm,12.142,92.544,2.08,1.26,1538.6,297.0,23.8,39.8,RIGHT,22.606,1.053,121.26,0.129,2.0,inf
1915,BRA_A,BRA,RIGHT,1913,head,,1.74,chest,1.909,89.169,14.85,0.18,1481.2,73.1,24.3,8.1,RIGHT,21.782,1.116,17.46,0.273,0.0,inf
1915,BRA_B,BRA,RIGHT,1913,head,,2.838,chest,3.068,116.036,13.2,5.01,1481.2,73.1,24.3,8.1,RIGHT,28.345,0.857,28.44,0.385,0.0,inf
1915,ISR_A,ISR,LEFT,1917,head,,9.602,chest,9.829,114.908,3.82,5.6,1481.2,73.1,24.3,8.1,RIGHT,28.069,0.866,96.08,0.36,2.0,inf
1915,ISR_B,ISR,LEFT,1917,hand,left,11.112,shoulder,11.119,93.879,3.01,2.05,1481.2,73.1,24.3,8.1,RIGHT,22.932,1.06,111.18,0.145,2.0,inf
1936,BRA_A,BRA,RIGHT,1936,shoulder,right,3.899,head,3.953,92.219,15.49,0.79,1239.7,128.2,27.95,8.1,RIGHT,22.527,1.241,38.99,0.539,0.0,inf
1936,BRA_B,BRA,RIGHT,1938,hand,right,1.814,arm,1.879,116.736,10.22,5.29,1239.7,128.2,27.95,8.1,RIGHT,28.516,0.98,18.2,0.05,0.0,inf
1936,ISR_A,ISR,LEFT,1938,head,,6.958,chest,7.207,120.549,3.7,6.34,1239.7,128.2,27.95,8.1,RIGHT,29.447,0.949,69.64,0.13,2.0,inf
1936,ISR_B,ISR,LEFT,1938,shoulder,left,7.376,hand,7.379,97.063,3.76,2.78,1239.7,128.2,27.95,8.1,RIGHT,23.71,1.179,73.82,0.411,2.0,inf
1944,BRA_A,BRA,RIGHT,1942,hand,right,4.214,arm,4.25,93.868,15.35,1.17,1127.2,426.4,27.2,77.6,RIGHT,22.93,1.186,42.2,0.427,0.0,inf
1944,BRA_B,BRA,RIGHT,1944,head,,-0.027,hand,0.145,118.369,9.97,5.51,1127.2,426.4,27.2,77.6,RIGHT,28.915,0.941,0.0,0.153,0.0,0.153
1944,ISR_A,ISR,LEFT,1946,head,,4.822,chest,5.058,123.801,3.73,6.72,1127.2,426.4,27.2,77.6,RIGHT,30.242,0.899,48.28,0.265,2.0,inf
1944,ISR_B,ISR,LEFT,1946,foot,left,4.516,thigh,4.567,96.303,4.03,2.45,1127.2,426.4,27.2,77.6,RIGHT,23.524,1.156,45.22,0.363,2.0,inf
1949,BRA_A,BRA,RIGHT,1949,foot,right,5.528,shin,5.618,94.1,15.41,1.04,1008.8,444.7,25.85,32.1,NET,22.986,1.125,55.28,0.294,0.0,inf
1949,BRA_B,BRA,RIGHT,1949,head,,0.566,chest,0.785,125.482,9.48,6.4,1008.8,444.7,25.85,32.1,NET,30.652,0.843,5.66,0.426,0.0,inf
1949,ISR_A,ISR,LEFT,1950,hand,left,4.495,head,4.532,126.61,3.94,7.02,1008.8,444.7,25.85,32.1,NET,30.928,0.836,44.98,0.448,0.0,inf
1949,ISR_B,ISR,LEFT,1950,foot,left,3.995,shin,4.02,96.812,4.28,2.69,1008.8,444.7,25.85,32.1,NET,23.649,1.093,39.98,0.222,0.0,inf
1954,BRA_A,BRA,RIGHT,1956,foot,right,5.458,shin,5.557,94.95,15.26,1.36,1005.0,527.2,25.85,13.6,NET,23.194,1.115,54.64,0.271,0.0,inf
1954,BRA_B,BRA,RIGHT,1956,head,,0.208,hand,0.415,134.252,9.22,7.39,1005.0,527.2,25.85,13.6,NET,32.795,0.788,2.14,0.595,0.0,2.735
1954,ISR_A,ISR,LEFT,1954,hand,left,4.421,head,4.454,126.602,4.04,7.01,1005.0,527.2,25.85,13.6,NET,30.926,0.836,44.21,0.448,0.0,inf
1954,ISR_B,ISR,LEFT,1954,foot,left,4.125,shin,4.146,96.822,4.31,2.84,1005.0,527.2,25.85,13.6,NET,23.651,1.093,41.25,0.222,0.0,inf
1962,BRA_A,BRA,RIGHT,1964,foot,right,4.783,shin,4.879,94.568,15.22,1.29,1117.5,676.5,27.0,28.6,RIGHT,23.101,1.169,47.89,0.39,0.0,inf
1962,BRA_B,BRA,RIGHT,1960,chest,,-0.185,torso,-0.099,134.12,9.29,7.32,1117.5,676.5,27.0,28.6,RIGHT,32.762,0.824,0.06,0.484,0.0,0.544
1962,ISR_A,ISR,LEFT,1960,head,,5.048,thigh,5.08,124.536,4.0,6.78,1117.5,676.5,27.0,28.6,RIGHT,30.421,0.888,50.54,0.298,2.0,inf
1962,ISR_B,ISR,LEFT,1960,foot,left,5.022,shin,5.094,96.822,4.24,2.67,1117.5,676.5,27.0,28.6,RIGHT,23.651,1.142,50.28,0.331,2.0,inf
1989,BRA_A,BRA,LEFT,1989,head,,0.015,chest,0.073,113.44,5.13,5.29,559.2,486.0,27.4,64.1,LEFT,27.711,0.989,0.15,0.028,0.0,0.178
1989,BRA_B,BRA,LEFT,1990,foot,left,-0.189,shin,-0.147,92.365,4.73,1.94,559.2,486.0,27.4,64.1,LEFT,22.563,1.214,0.03,0.486,0.0,0.516
1989,ISR_A,ISR,RIGHT,1991,head,,8.643,hand,8.815,106.388,14.35,3.51,559.2,486.0,27.4,64.1,LEFT,25.988,1.054,86.49,0.132,2.0,inf
2025,BRA_A,BRA,LEFT,2025,head,,3.423,hand,3.532,116.381,4.4,5.75,856.5,314.6,26.65,29.8,LEFT,28.429,0.937,34.23,0.162,0.0,inf
2025,BRA_B,BRA,LEFT,2025,head,,0.027,hand,0.235,95.36,7.24,1.96,856.5,314.6,26.65,29.8,LEFT,23.294,1.144,0.27,0.336,0.0,0.606
2025,ISR_A,ISR,RIGHT,2027,head,,4.633,hand,4.703,106.399,13.04,3.56,856.5,314.6,26.65,29.8,LEFT,25.991,1.025,46.39,0.063,2.0,inf
2025,ISR_B,ISR,RIGHT,2027,head,,5.139,hand,5.169,136.746,12.72,7.21,856.5,314.6,26.65,29.8,LEFT,33.404,0.798,51.45,0.565,2.0,inf
2046,BRA_A,BRA,LEFT,2044,foot,right,6.038,thigh,6.195,116.311,4.36,5.74,1266.8,540.0,25.8,37.9,RIGHT,28.412,0.908,60.44,0.241,2.0,inf
2046,BRA_B,BRA,LEFT,2044,thigh,left,3.171,knee,3.191,108.513,7.29,4.39,1266.8,540.0,25.8,37.9,RIGHT,26.507,0.973,31.77,0.068,2.0,inf
2046,ISR_A,ISR,RIGHT,2047,shin,right,-0.18,thigh,-0.17,107.227,12.11,3.74,1266.8,540.0,25.8,37.9,RIGHT,26.193,0.985,0.03,0.038,0.0,0.068
2046,ISR_B,ISR,RIGHT,2047,head,,0.999,shoulder,1.167,132.723,11.88,6.91,1266.8,540.0,25.8,37.9,RIGHT,32.421,0.796,10.02,0.571,0.0,inf
2062,BRA_A,BRA,LEFT,2061,foot,right,7.282,thigh,7.38,117.737,4.67,5.9,1412.2,455.2,27.8,7.5,RIGHT,28.76,0.967,72.85,0.085,2.0,inf
2062,BRA_B,BRA,LEFT,2060,foot,left,5.725,thigh,5.875,102.175,6.49,3.45,1412.2,455.2,27.8,7.5,RIGHT,24.959,1.114,57.31,0.27,2.0,inf
2062,ISR_A,ISR,RIGHT,2061,arm,left,0.465,shoulder,0.605,107.417,11.52,4.05,1412.2,455.2,27.8,7.5,RIGHT,26.239,1.059,4.68,0.144,0.0,inf
2062,ISR_B,ISR,RIGHT,2064,hand,left,0.686,arm,0.751,136.01,11.59,7.33,1412.2,455.2,27.8,7.5,RIGHT,33.224,0.837,6.92,0.446,0.0,inf
2068,BRA_A,BRA,LEFT,2066,foot,right,7.519,head,7.665,117.829,4.73,5.91,1467.8,566.2,28.55,54.4,RIGHT,28.783,0.992,75.25,0.02,2.0,inf
2068,BRA_B,BRA,LEFT,2066,foot,right,6.893,thigh,6.945,101.338,5.9,3.38,1467.8,566.2,28.55,54.4,RIGHT,24.754,1.153,68.99,0.357,2.0,inf
2068,ISR_A,ISR,RIGHT,2066,foot,left,0.967,shin,0.984,104.125,11.52,3.33,1467.8,566.2,28.55,54.4,RIGHT,25.435,1.122,9.73,0.289,0.0,inf
2068,ISR_B,ISR,RIGHT,2068,head,,0.127,hand,0.246,136.468,11.76,7.27,1467.8,566.2,28.55,54.4,RIGHT,33.336,0.856,1.27,0.387,0.0,1.657
2084,BRA_A,BRA,LEFT,2084,head,,7.285,chest,7.494,117.879,4.76,5.91,1290.8,42.8,28.825,7.5,RIGHT,28.795,1.001,72.85,0.003,2.0,inf
2084,BRA_B,BRA,LEFT,2084,head,,7.081,shoulder,7.287,103.004,4.91,3.73,1290.8,42.8,28.825,7.5,RIGHT,25.161,1.146,70.81,0.34,2.0,inf
2084,ISR_A,ISR,RIGHT,2082,head,,2.953,chest,3.207,102.58,10.75,3.42,1290.8,42.8,28.825,7.5,RIGHT,25.058,1.15,29.59,0.35,0.0,inf
2084,ISR_B,ISR,RIGHT,2082,head,,4.015,chest,4.197,146.154,12.14,8.16,1290.8,42.8,28.825,7.5,RIGHT,35.702,0.807,40.21,0.535,0.0,inf
2091,BRA_A,BRA,LEFT,2091,head,,6.783,chest,7.009,117.758,4.7,5.9,1219.4,42.5,25.0,17.3,RIGHT,28.765,0.869,67.83,0.351,2.0,inf
2091,BRA_B,BRA,LEFT,2093,head,,6.708,chest,6.916,103.153,4.71,3.79,1219.4,42.5,25.0,17.3,RIGHT,25.198,0.992,67.14,0.02,2.0,inf
2091,ISR_A,ISR,RIGHT,2091,head,,3.123,chest,3.371,102.745,10.22,3.19,1219.4,42.5,25.0,17.3,RIGHT,25.098,0.996,31.23,0.01,0.0,inf
2091,ISR_B,ISR,RIGHT,2091,head,,4.629,chest,4.856,149.364,12.37,8.4,1219.4,42.5,25.0,17.3,RIGHT,36.486,0.685,46.29,0.945,0.0,inf
2097,BRA_A,BRA,LEFT,2099,head,,6.188,chest,6.418,117.724,4.59,5.91,1156.5,84.8,27.55,10.3,RIGHT,28.757,0.958,61.94,0.107,2.0,inf
2097,BRA_B,BRA,LEFT,2099,head,,5.715,shoulder,5.922,101.794,4.64,3.55,1156.5,84.8,27.55,10.3,RIGHT,24.866,1.108,57.21,0.256,2.0,inf
2097,ISR_A,ISR,RIGHT,2099,hand,left,1.594,arm,1.705,100.106,10.02,2.78,1156.5,84.8,27.55,10.3,RIGHT,24.453,1.127,16.0,0.298,0.0,inf
2097,ISR_B,ISR,RIGHT,2099,head,,4.452,shoulder,4.653,155.746,12.24,8.9,1156.5,84.8,27.55,10.3,RIGHT,38.045,0.724,44.58,0.807,0.0,inf
2106,BRA_A,BRA,LEFT,2108,head,,4.899,chest,5.148,122.104,4.08,6.49,1075.5,264.6,26.6,37.8,RIGHT,29.827,0.892,49.05,0.286,2.0,inf
2106,BRA_B,BRA,LEFT,2108,head,,4.341,shoulder,4.515,93.652,4.35,1.97,1075.5,264.6,26.6,37.8,RIGHT,22.877,1.163,43.47,0.377,2.0,inf
2106,ISR_A,ISR,RIGHT,2106,head,,0.028,chest,0.285,94.83,9.83,1.96,1075.5,264.6,26.6,37.8,RIGHT,23.165,1.148,0.28,0.346,0.0,0.626
2106,ISR_B,ISR,RIGHT,2106,head,,3.94,shoulder,4.05,156.225,12.12,8.94,1075.5,264.6,26.6,37.8,RIGHT,38.162,0.697,39.4,0.902,0.0,inf
2123,BRA_A,BRA,LEFT,2125,head,,1.593,shoulder,1.785,115.84,2.93,5.81,486.0,286.1,25.85,11.1,LEFT,28.297,0.914,15.99,0.226,0.0,inf
2123,BRA_B,BRA,LEFT,2122,head,,0.765,shoulder,0.884,92.077,4.55,1.66,486.0,286.1,25.85,11.1,LEFT,22.492,1.149,7.68,0.348,0.0,inf
2123,ISR_A,ISR,RIGHT,2121,thigh,left,5.705,knee,5.725,96.431,10.21,2.09,486.0,286.1,25.85,11.1,LEFT,23.556,1.097,57.11,0.232,2.0,inf
2123,ISR_B,ISR,RIGHT,2121,head,,6.675,hand,6.701,156.044,11.98,8.94,486.0,286.1,25.85,11.1,LEFT,38.118,0.678,66.81,0.971,2.0,inf
2131,BRA_A,BRA,LEFT,2131,chest,,-0.221,torso,-0.109,111.69,1.96,5.33,234.8,502.0,25.85,75.8,LEFT,27.283,0.947,0.0,0.135,0.0,0.135
2131,BRA_B,BRA,LEFT,2129,foot,right,2.799,hand,2.808,94.601,4.84,2.24,234.8,502.0,25.85,75.8,LEFT,23.109,1.119,28.05,0.28,0.0,inf
2131,ISR_A,ISR,RIGHT,2129,foot,left,8.664,thigh,8.68,97.345,10.9,1.9,234.8,502.0,25.85,75.8,LEFT,23.779,1.087,86.7,0.209,2.0,inf
2131,ISR_B,ISR,RIGHT,2129,hand,left,8.051,arm,8.087,153.292,12.18,8.72,234.8,502.0,25.85,75.8,LEFT,37.446,0.69,80.57,0.926,2.0,inf
2136,BRA_A,BRA,LEFT,2134,shoulder,right,0.437,head,0.477,110.751,1.69,5.22,298.8,375.0,25.85,12.4,LEFT,27.054,0.956,4.43,0.114,0.0,4.544
2136,BRA_B,BRA,LEFT,2138,head,,2.822,shoulder,2.881,96.605,5.39,2.55,298.8,375.0,25.85,12.4,LEFT,23.598,1.095,28.28,0.228,0.0,inf
2136,ISR_A,ISR,RIGHT,2138,thigh,right,9.171,knee,9.191,98.131,11.72,2.3,298.8,375.0,25.85,12.4,LEFT,23.971,1.078,91.77,0.189,2.0,inf
2136,ISR_B,ISR,RIGHT,2138,head,,8.166,shoulder,8.19,151.613,12.34,8.64,298.8,375.0,25.85,12.4,LEFT,37.035,0.698,81.72,0.899,2.0,inf
2141,BRA_A,BRA,LEFT,2139,hand,right,1.536,arm,1.644,110.312,1.23,5.13,384.0,280.2,26.6,8.2,LEFT,26.947,0.987,15.42,0.032,0.0,inf
2141,BRA_B,BRA,LEFT,2142,head,,2.517,shoulder,2.649,97.003,5.56,2.61,384.0,280.2,26.6,8.2,LEFT,23.696,1.123,25.2,0.289,0.0,inf
2141,ISR_A,ISR,RIGHT,2143,head,,8.812,foot,8.907,98.684,12.13,2.34,384.0,280.2,26.6,8.2,LEFT,24.106,1.103,88.18,0.246,2.0,inf
2141,ISR_B,ISR,RIGHT,2143,head,,7.857,shoulder,7.889,148.959,12.46,8.36,384.0,280.2,26.6,8.2,LEFT,36.387,0.731,78.63,0.783,2.0,inf
2151,BRA_A,BRA,LEFT,2150,head,,3.469,hand,3.582,110.895,1.92,5.22,580.5,246.4,26.65,7.7,LEFT,27.089,0.984,34.72,0.041,0.0,inf
2151,BRA_B,BRA,LEFT,2153,head,,1.432,shoulder,1.589,104.756,6.45,3.88,580.5,246.4,26.65,7.7,LEFT,25.589,1.041,14.38,0.102,0.0,inf
2151,ISR_A,ISR,RIGHT,2153,head,,7.222,shoulder,7.376,103.394,12.89,3.09,580.5,246.4,26.65,7.7,LEFT,25.257,1.055,72.28,0.134,2.0,inf
2151,ISR_B,ISR,RIGHT,2153,head,,6.7,shoulder,6.753,146.397,12.6,8.14,580.5,246.4,26.65,7.7,LEFT,35.761,0.745,67.06,0.735,2.0,inf
2162,BRA_A,BRA,LEFT,2164,head,,3.019,chest,3.205,114.08,3.76,5.5,812.2,446.2,26.3,53.5,LEFT,27.867,0.944,30.25,0.145,0.0,inf
2162,BRA_B,BRA,LEFT,2162,shoulder,right,-0.107,chest,-0.099,110.207,7.22,4.69,812.2,446.2,26.3,53.5,LEFT,26.921,0.977,0.0,0.058,0.0,0.058
2162,ISR_A,ISR,RIGHT,2162,thigh,right,5.722,knee,5.742,105.418,13.33,3.38,812.2,446.2,26.3,53.5,LEFT,25.751,1.021,57.22,0.053,2.0,inf
2162,ISR_B,ISR,RIGHT,2162,head,,5.159,shoulder,5.214,146.661,12.62,8.16,812.2,446.2,26.3,53.5,LEFT,35.826,0.734,51.59,0.773,2.0,inf
2185,BRA_A,BRA,LEFT,2187,hand,left,0.646,arm,0.737,111.848,6.68,4.93,835.5,257.2,28.1,8.3,LEFT,27.322,1.028,6.52,0.07,0.0,inf
2185,BRA_B,BRA,LEFT,2187,head,,1.184,shoulder,1.308,102.644,8.51,3.27,835.5,257.2,28.1,8.3,LEFT,25.073,1.121,11.9,0.285,0.0,inf
2185,ISR_A,ISR,RIGHT,2185,head,,6.264,shoulder,6.359,107.362,14.06,3.62,835.5,257.2,28.1,8.3,LEFT,26.226,1.071,62.64,0.173,2.0,inf
2185,ISR_B,ISR,RIGHT,2187,hand,left,4.806,arm,4.883,142.234,12.33,7.81,835.5,257.2,28.1,8.3,LEFT,34.744,0.809,48.12,0.531,2.0,inf
2191,BRA_A,BRA,LEFT,2191,head,,-0.019,chest,0.264,109.795,7.18,4.59,867.0,385.2,27.75,67.5,LEFT,26.82,1.035,0.0,0.085,0.0,0.085
2191,BRA_B,BRA,LEFT,2192,shoulder,right,-0.001,chest,0.051,102.665,8.53,3.35,867.0,385.2,27.75,67.5,LEFT,25.078,1.107,0.03,0.253,0.0,0.283
2191,ISR_A,ISR,RIGHT,2193,head,,4.66,thigh,4.679,107.178,14.08,3.59,867.0,385.2,27.75,67.5,LEFT,26.181,1.06,46.66,0.146,2.0,inf
2191,ISR_B,ISR,RIGHT,2193,head,,3.196,hand,3.271,134.288,11.92,7.11,867.0,385.2,27.75,67.5,LEFT,32.803,0.846,32.02,0.418,2.0,inf
2196,BRA_A,BRA,LEFT,2194,head,,1.205,chest,1.403,109.795,7.51,4.37,1101.0,410.3,27.4,16.7,RIGHT,26.82,1.022,12.11,0.053,2.0,inf
2196,BRA_B,BRA,LEFT,2194,shoulder,left,0.418,chest,0.472,102.773,8.56,3.35,1101.0,410.3,27.4,16.7,RIGHT,25.105,1.091,4.24,0.219,2.0,6.459
2196,ISR_A,ISR,RIGHT,2198,foot,right,3.095,shin,3.146,107.52,14.18,3.62,1101.0,410.3,27.4,16.7,RIGHT,26.265,1.043,31.01,0.106,0.0,inf
2196,ISR_B,ISR,RIGHT,2198,head,,1.89,chest,2.11,129.169,11.79,6.33,1101.0,410.3,27.4,16.7,RIGHT,31.553,0.868,18.96,0.353,0.0,inf
2206,BRA_A,BRA,LEFT,2204,hand,right,3.105,arm,3.181,119.538,7.99,5.81,1399.5,563.3,27.4,49.5,RIGHT,29.2,0.938,31.11,0.159,2.0,inf
2206,BRA_B,BRA,LEFT,2204,foot,left,3.202,shin,3.219,102.872,8.42,3.17,1399.5,563.3,27.4,49.5,RIGHT,25.129,1.09,32.08,0.216,2.0,inf
2206,ISR_A,ISR,RIGHT,2208,thigh,right,1.222,knee,1.242,111.731,14.84,4.18,1399.5,563.3,27.4,49.5,RIGHT,27.293,1.004,12.28,0.01,0.0,inf
2206,ISR_B,ISR,RIGHT,2207,foot,right,-0.152,shin,-0.027,125.471,11.53,5.92,1399.5,563.3,27.4,49.5,RIGHT,30.65,0.894,0.03,0.28,0.0,0.31
2214,BRA_A,BRA,LEFT,2212,head,,5.445,shoulder,5.569,119.859,7.77,5.89,1614.0,237.8,30.375,7.5,RIGHT,29.279,1.037,54.51,0.092,2.0,inf
2214,BRA_B,BRA,LEFT,2212,foot,left,5.881,shin,5.92,101.848,8.08,3.27,1614.0,237.8,30.375,7.5,RIGHT,24.879,1.221,58.87,0.499,2.0,inf
2214,ISR_A,ISR,RIGHT,2212,head,,1.25,shoulder,1.391,112.66,14.67,4.42,1614.0,237.8,30.375,7.5,RIGHT,27.52,1.104,12.56,0.247,0.0,inf
2214,ISR_B,ISR,RIGHT,2212,foot,right,2.077,shin,2.208,122.626,11.55,5.89,1614.0,237.8,30.375,7.5,RIGHT,29.955,1.014,20.83,0.035,0.0,inf
2324,BRA_A,BRA,LEFT,2326,foot,left,8.132,thigh,8.141,120.766,3.26,6.36,1322.2,251.2,29.225,7.8,RIGHT,29.5,0.991,81.38,0.023,2.0,inf
2324,BRA_B,BRA,LEFT,2326,head,,7.401,shoulder,7.545,103.543,4.12,3.89,1322.2,251.2,29.225,7.8,RIGHT,25.293,1.155,74.07,0.361,2.0,inf
2324,ISR_A,ISR,RIGHT,2324,head,,1.37,chest,1.65,112.215,11.38,4.49,1322.2,251.2,29.225,7.8,RIGHT,27.411,1.066,13.7,0.16,0.0,inf
2324,ISR_B,ISR,RIGHT,2324,head,,2.286,chest,2.557,129.262,12.18,6.67,1322.2,251.2,29.225,7.8,RIGHT,31.575,0.926,22.86,0.193,0.0,inf
2339,BRA_A,BRA,LEFT,2340,head,,5.135,thigh,5.256,122.895,4.57,6.56,1137.0,467.6,27.0,53.0,RIGHT,30.02,0.899,51.38,0.265,2.0,inf
2339,BRA_B,BRA,LEFT,2339,foot,left,5.259,shin,5.313,103.506,4.48,3.86,1137.0,467.6,27.0,53.0,RIGHT,25.284,1.068,52.59,0.164,2.0,inf
2339,ISR_A,ISR,RIGHT,2339,head,,-0.181,chest,-0.088,115.695,9.9,5.16,1137.0,467.6,27.0,53.0,RIGHT,28.261,0.955,0.0,0.114,0.0,0.114
2339,ISR_B,ISR,RIGHT,2339,head,,1.213,hand,1.418,130.528,11.11,6.71,1137.0,467.6,27.0,53.0,RIGHT,31.885,0.847,12.13,0.416,0.0,inf
2369,BRA_A,BRA,LEFT,2371,head,,4.832,shoulder,4.903,123.603,5.17,6.57,1203.0,364.5,29.65,39.3,RIGHT,30.193,0.982,48.38,0.045,2.0,inf
2369,BRA_B,BRA,LEFT,2367,head,,6.05,hand,6.131,102.792,4.29,3.75,1203.0,364.5,29.65,39.3,RIGHT,25.11,1.181,60.56,0.416,2.0,inf
2369,ISR_A,ISR,RIGHT,2371,shoulder,left,0.24,head,0.319,102.155,10.11,3.11,1203.0,364.5,29.65,39.3,RIGHT,24.954,1.188,2.46,0.431,0.0,2.891
2369,ISR_B,ISR,RIGHT,2369,head,,0.002,chest,0.216,109.751,10.73,4.27,1203.0,364.5,29.65,39.3,RIGHT,26.809,1.106,0.02,0.252,0.0,0.272
2393,BRA_A,BRA,LEFT,2394,foot,left,-0.136,shin,0.006,139.137,5.29,8.14,688.5,841.5,35.25,45.5,LEFT,33.988,1.037,0.03,0.091,0.0,0.121
2393,BRA_B,BRA,LEFT,2391,foot,right,2.093,shin,2.225,98.918,4.86,3.09,688.5,841.5,35.25,45.5,LEFT,24.163,1.459,20.99,0.944,0.0,inf
2393,ISR_A,ISR,RIGHT,2391,foot,right,4.169,shin,4.335,102.724,10.59,3.18,688.5,841.5,35.25,45.5,LEFT,25.093,1.405,41.75,0.85,2.0,inf
2393,ISR_B,ISR,RIGHT,2391,foot,left,4.214,thigh,4.248,114.346,10.93,4.9,688.5,841.5,35.25,45.5,LEFT,27.932,1.262,42.2,0.582,2.0,inf
2402,BRA_A,BRA,LEFT,2401,hand,left,-0.037,arm,-0.027,144.03,5.83,8.6,511.1,789.0,39.75,8.0,LEFT,35.183,1.13,0.03,0.305,0.0,0.335
2402,BRA_B,BRA,LEFT,2401,foot,right,2.468,shin,2.565,102.567,6.11,3.55,511.1,789.0,39.75,8.0,LEFT,25.055,1.587,24.71,1.154,0.0,inf
2402,ISR_A,ISR,RIGHT,2400,foot,left,6.538,shin,6.718,102.156,11.2,3.05,511.1,789.0,39.75,8.0,LEFT,24.954,1.593,65.44,1.164,2.0,inf
2402,ISR_B,ISR,RIGHT,2400,foot,left,5.772,shin,5.962,115.31,11.16,5.01,511.1,789.0,39.75,8.0,LEFT,28.167,1.411,57.78,0.861,2.0,inf
2409,BRA_A,BRA,LEFT,2407,head,,-0.074,chest,0.133,143.886,5.52,8.55,357.1,882.3,41.3,12.1,LEFT,35.148,1.175,0.06,0.403,0.0,0.463
2409,BRA_B,BRA,LEFT,2407,hand,right,3.661,foot,3.706,107.093,6.32,4.26,357.1,882.3,41.3,12.1,LEFT,26.16,1.579,36.67,1.142,0.0,inf
2409,ISR_A,ISR,RIGHT,2407,foot,right,8.345,shin,8.465,101.882,11.62,2.99,357.1,882.3,41.3,12.1,LEFT,24.887,1.659,83.51,1.266,2.0,inf
2409,ISR_B,ISR,RIGHT,2407,foot,right,7.428,thigh,7.554,117.121,11.36,5.27,357.1,882.3,41.3,12.1,LEFT,28.61,1.444,74.34,0.918,2.0,inf
2443,BRA_A,BRA,LEFT,2443,chest,,0.042,head,0.084,117.784,6.87,5.71,780.8,506.2,27.0,66.4,LEFT,28.772,0.938,0.42,0.159,0.0,0.579
2443,BRA_B,BRA,LEFT,2441,hand,left,1.6,arm,1.633,99.895,4.19,3.34,780.8,506.2,27.0,66.4,LEFT,24.402,1.106,16.06,0.253,0.0,inf
2443,ISR_A,ISR,RIGHT,2445,hand,right,6.162,arm,6.228,103.415,13.7,2.96,780.8,506.2,27.0,66.4,LEFT,25.262,1.069,61.68,0.166,2.0,inf
2443,ISR_B,ISR,RIGHT,2443,hand,left,6.031,arm,6.082,133.524,13.55,6.95,780.8,506.2,27.0,66.4,LEFT,32.617,0.828,60.31,0.472,2.0,inf
2474,BRA_A,BRA,LEFT,2474,head,,1.826,shoulder,2.005,126.451,7.76,6.66,942.0,281.8,26.45,37.5,NET,30.889,0.856,18.26,0.388,0.0,inf
2474,BRA_B,BRA,LEFT,2474,foot,left,-0.12,shin,0.108,98.857,7.64,2.85,942.0,281.8,26.45,37.5,NET,24.148,1.095,0.0,0.228,0.0,0.228
2474,ISR_A,ISR,RIGHT,2476,head,,2.968,hand,3.032,106.05,12.45,3.49,942.0,281.8,26.45,37.5,NET,25.905,1.021,29.74,0.052,0.0,inf
2474,ISR_B,ISR,RIGHT,2476,head,,3.953,hand,3.965,132.157,12.74,6.84,942.0,281.8,26.45,37.5,NET,32.283,0.819,39.59,0.498,0.0,inf
2484,BRA_A,BRA,LEFT,2482,shoulder,right,3.666,head,3.671,125.966,7.83,6.6,1431.7,422.6,24.2,50.9,RIGHT,30.771,0.786,36.72,0.601,2.0,inf
2484,BRA_B,BRA,LEFT,2482,foot,left,3.593,shin,3.634,106.921,8.05,4.08,1431.7,422.6,24.2,50.9,RIGHT,26.118,0.927,35.99,0.191,2.0,inf
2484,ISR_A,ISR,RIGHT,2484,shoulder,right,-0.032,arm,0.007,104.764,13.16,3.29,1431.7,422.6,24.2,50.9,RIGHT,25.591,0.946,0.0,0.14,0.0,0.14
2484,ISR_B,ISR,RIGHT,2484,head,,0.902,chest,1.117,131.396,12.38,6.78,1431.7,422.6,24.2,50.9,RIGHT,32.097,0.754,9.02,0.706,0.0,inf
2492,BRA_A,BRA,LEFT,2490,head,,4.828,shoulder,4.892,125.762,7.63,6.59,1462.5,269.6,24.55,8.0,RIGHT,30.721,0.799,48.34,0.561,2.0,inf
2492,BRA_B,BRA,LEFT,2491,head,,4.867,shoulder,4.919,110.451,8.26,4.59,1462.5,269.6,24.55,8.0,RIGHT,26.981,0.91,48.7,0.236,2.0,inf
2492,ISR_A,ISR,RIGHT,2490,head,,1.174,shoulder,1.304,105.936,14.04,3.4,1462.5,269.6,24.55,8.0,RIGHT,25.878,0.949,11.8,0.132,0.0,inf
2492,ISR_B,ISR,RIGHT,2490,head,,1.941,shoulder,2.161,130.568,12.06,6.72,1462.5,269.6,24.55,8.0,RIGHT,31.895,0.77,19.47,0.654,0.0,inf
2515,BRA_A,BRA,LEFT,2515,foot,right,5.989,thigh,6.032,119.871,6.16,6.04,1438.5,470.2,26.6,56.2,RIGHT,29.282,0.908,59.89,0.24,2.0,inf
2515,BRA_B,BRA,LEFT,2517,head,,4.473,hand,4.555,111.837,7.59,4.88,1438.5,470.2,26.6,56.2,RIGHT,27.319,0.974,44.79,0.067,2.0,inf
2515,ISR_A,ISR,RIGHT,2515,thigh,left,-0.214,torso,-0.155,99.62,13.14,2.42,1438.5,470.2,26.6,56.2,RIGHT,24.335,1.093,0.0,0.223,0.0,0.223
2515,ISR_B,ISR,RIGHT,2515,chest,,0.12,shoulder,0.168,115.257,12.53,4.92,1438.5,470.2,26.6,56.2,RIGHT,28.154,0.945,1.2,0.142,0.0,1.342
2547,BRA_A,BRA,RIGHT,2547,foot,right,-0.061,shin,0.172,116.536,10.49,0.59,1033.5,243.0,24.75,25.2,RIGHT,28.467,0.869,0.0,0.35,0.0,0.35
2547,BRA_B,BRA,RIGHT,2549,foot,right,0.788,shin,0.951,98.115,10.05,1.82,1033.5,243.0,24.75,25.2,RIGHT,23.967,1.033,7.94,0.08,0.0,inf
2547,ISR_A,ISR,RIGHT,2547,thigh,right,0.673,knee,0.693,97.52,10.15,2.3,1033.5,243.0,24.75,25.2,RIGHT,23.822,1.039,6.73,0.096,0.0,inf
2547,ISR_B,ISR,RIGHT,2546,head,,4.28,thigh,4.309,113.305,13.44,4.54,1033.5,243.0,24.75,25.2,RIGHT,27.678,0.894,42.83,0.279,0.0,inf
2555,BRA_A,BRA,LEFT,2557,head,,0.332,shoulder,0.46,114.402,4.47,5.48,672.8,409.5,24.7,12.3,LEFT,27.946,0.884,3.38,0.309,0.0,3.689
2555,BRA_B,BRA,LEFT,2556,thigh,right,-0.186,torso,-0.105,98.533,5.27,2.89,672.8,409.5,24.7,12.3,LEFT,24.069,1.026,0.03,0.065,0.0,0.095
2555,ISR_A,ISR,RIGHT,2553,foot,right,3.041,shin,3.051,99.559,9.98,2.67,672.8,409.5,24.7,12.3,LEFT,24.32,1.016,30.47,0.039,2.0,inf
2555,ISR_B,ISR,RIGHT,2553,thigh,left,6.445,knee,6.465,113.365,13.48,4.53,672.8,409.5,24.7,12.3,LEFT,27.692,0.892,64.51,0.286,2.0,inf
2560,BRA_A,BRA,LEFT,2559,chest,,-0.231,torso,-0.201,111.938,4.07,5.15,451.2,569.7,26.25,71.3,LEFT,27.344,0.96,0.03,0.102,0.0,0.132
2560,BRA_B,BRA,LEFT,2558,thigh,right,0.764,knee,0.784,98.86,5.23,2.96,451.2,569.7,26.25,71.3,LEFT,24.149,1.087,7.7,0.209,0.0,inf
2560,ISR_A,ISR,RIGHT,2558,foot,right,4.681,shin,4.711,100.525,9.72,2.88,451.2,569.7,26.25,71.3,LEFT,24.556,1.069,46.87,0.167,2.0,inf
2560,ISR_B,ISR,RIGHT,2558,hand,left,7.846,arm,7.911,119.53,13.34,5.36,451.2,569.7,26.25,71.3,LEFT,29.198,0.899,78.52,0.266,2.0,inf
2612,BRA_A,BRA,LEFT,2613,head,,0.749,shoulder,0.865,118.711,2.7,6.2,116.6,479.3,24.875,34.8,LEFT,28.998,0.858,7.52,0.383,0.0,inf
2612,BRA_B,BRA,LEFT,2613,foot,left,2.698,thigh,2.913,92.351,2.87,1.96,116.6,479.3,24.875,34.8,LEFT,22.559,1.103,27.01,0.244,0.0,inf
2612,ISR_A,ISR,RIGHT,2613,foot,right,10.392,shin,10.457,103.337,11.64,3.19,116.6,479.3,24.875,34.8,LEFT,25.243,0.985,103.95,0.037,2.0,inf
2612,ISR_B,ISR,RIGHT,2612,hand,right,11.252,arm,11.312,122.858,13.35,5.76,116.6,479.3,24.875,34.8,LEFT,30.011,0.829,112.52,0.469,2.0,inf
2621,BRA_A,BRA,LEFT,2621,shoulder,left,1.075,arm,1.107,116.545,2.4,5.95,74.0,535.8,25.6,7.1,LEFT,28.469,0.899,10.75,0.266,0.0,inf
2621,BRA_B,BRA,LEFT,2622,foot,right,2.828,shin,3.044,91.405,2.19,1.77,74.0,535.8,25.6,7.1,LEFT,22.328,1.147,28.31,0.342,0.0,inf
2621,ISR_A,ISR,RIGHT,2619,foot,right,11.42,shin,11.435,103.716,12.12,3.2,74.0,535.8,25.6,7.1,LEFT,25.335,1.01,114.26,0.026,2.0,inf
2621,ISR_B,ISR,RIGHT,2619,hand,right,11.668,foot,11.674,122.352,13.47,5.69,74.0,535.8,25.6,7.1,LEFT,29.888,0.857,116.74,0.387,2.0,inf
2638,BRA_A,BRA,LEFT,2639,foot,right,-0.063,shin,0.176,102.639,7.71,3.42,968.3,305.6,27.4,24.4,NET,25.072,1.093,0.03,0.222,0.0,0.252
2638,BRA_B,BRA,LEFT,2638,head,,2.041,shoulder,2.181,105.538,6.17,4.03,968.3,305.6,27.4,24.4,NET,25.78,1.063,20.41,0.152,0.0,inf
2638,ISR_A,ISR,RIGHT,2640,foot,right,3.693,shin,3.858,105.869,13.31,3.4,968.3,305.6,27.4,24.4,NET,25.861,1.06,36.99,0.145,0.0,inf
2638,ISR_B,ISR,RIGHT,2640,hand,right,2.124,head,2.173,116.525,10.95,5.28,968.3,305.6,27.4,24.4,NET,28.464,0.963,21.3,0.095,0.0,inf
2649,BRA_A,BRA,LEFT,2647,thigh,left,2.658,torso,2.673,111.657,7.84,4.8,1342.5,582.0,24.7,37.4,RIGHT,27.275,0.906,26.64,0.248,2.0,inf
2649,BRA_B,BRA,LEFT,2647,foot,left,5.101,thigh,5.253,102.743,5.88,3.6,1342.5,582.0,24.7,37.4,RIGHT,25.098,0.984,51.07,0.04,2.0,inf
2649,ISR_A,ISR,RIGHT,2651,foot,right,0.04,shin,0.102,107.607,13.15,3.73,1342.5,582.0,24.7,37.4,RIGHT,26.286,0.94,0.46,0.156,0.0,0.616
2649,ISR_B,ISR,RIGHT,2647,shoulder,right,-0.043,head,-0.039,110.002,11.23,4.19,1342.5,582.0,24.7,37.4,RIGHT,26.871,0.919,0.06,0.211,0.0,0.271
2659,BRA_A,BRA,LEFT,2657,shoulder,right,4.104,chest,4.179,113.807,8.17,5.07,1506.8,496.2,24.7,14.7,RIGHT,27.8,0.888,41.1,0.296,2.0,inf
2659,BRA_B,BRA,LEFT,2657,thigh,left,7.46,knee,7.48,102.291,5.59,3.52,1506.8,496.2,24.7,14.7,RIGHT,24.987,0.989,74.66,0.029,2.0,inf
2659,ISR_A,ISR,RIGHT,2658,thigh,left,-0.179,torso,-0.086,107.42,13.31,3.69,1506.8,496.2,24.7,14.7,RIGHT,26.24,0.941,0.03,0.151,0.0,0.181
2659,ISR_B,ISR,RIGHT,2657,hand,right,1.338,arm,1.393,117.219,10.91,5.28,1506.8,496.2,24.7,14.7,RIGHT,28.634,0.863,13.44,0.369,0.0,inf
2676,BRA_A,BRA,LEFT,2674,thigh,right,4.589,torso,4.607,112.042,7.89,4.85,1480.3,435.6,21.35,7.3,RIGHT,27.369,0.78,45.95,0.621,2.0,inf
2676,BRA_B,BRA,LEFT,2675,foot,left,7.723,thigh,7.758,103.741,5.35,3.8,1480.3,435.6,21.35,7.3,RIGHT,25.341,0.842,77.26,0.428,2.0,inf
2676,ISR_A,ISR,RIGHT,2676,chest,,-0.235,torso,-0.128,107.926,13.1,3.79,1480.3,435.6,21.35,7.3,RIGHT,26.364,0.81,0.0,0.527,0.0,0.527
2676,ISR_B,ISR,RIGHT,2677,shoulder,right,1.595,head,1.604,118.534,10.89,5.45,1480.3,435.6,21.35,7.3,RIGHT,28.955,0.737,15.98,0.762,0.0,inf
2683,BRA_A,BRA,LEFT,2683,torso,,4.761,thigh,4.799,110.127,7.84,4.58,1464.0,442.1,21.375,7.2,RIGHT,26.901,0.795,47.61,0.575,2.0,inf
2683,BRA_B,BRA,LEFT,2684,foot,left,7.65,shin,7.66,103.731,5.18,3.82,1464.0,442.1,21.375,7.2,RIGHT,25.339,0.844,76.53,0.425,2.0,inf
2683,ISR_A,ISR,RIGHT,2683,chest,,-0.199,torso,-0.189,108.171,13.18,3.84,1464.0,442.1,21.375,7.2,RIGHT,26.423,0.809,0.0,0.53,0.0,0.53
2683,ISR_B,ISR,RIGHT,2684,shoulder,right,1.299,arm,1.389,118.843,10.99,5.48,1464.0,442.1,21.375,7.2,RIGHT,29.03,0.736,13.02,0.765,0.0,inf
2702,BRA_A,BRA,LEFT,2704,head,,8.194,thigh,8.306,122.444,4.4,6.49,1467.0,187.3,28.1,8.0,RIGHT,29.91,0.939,82.0,0.156,2.0,inf
2702,BRA_B,BRA,LEFT,2704,head,,9.734,thigh,9.761,100.969,3.52,3.57,1467.0,187.3,28.1,8.0,RIGHT,24.664,1.139,97.4,0.326,2.0,inf
2702,ISR_A,ISR,RIGHT,2704,head,,2.151,chest,2.414,116.735,11.28,5.21,1467.0,187.3,28.1,8.0,RIGHT,28.515,0.985,21.57,0.037,0.0,inf
2702,ISR_B,ISR,RIGHT,2703,head,,3.443,hand,3.564,141.547,14.03,7.61,1467.0,187.3,28.1,8.0,RIGHT,34.576,0.813,34.46,0.519,0.0,inf
2708,BRA_A,BRA,LEFT,2710,head,,6.918,chest,7.058,122.567,4.62,6.49,1360.5,230.2,27.95,7.6,RIGHT,29.94,0.934,69.24,0.172,2.0,inf
2708,BRA_B,BRA,LEFT,2710,hand,left,8.012,head,8.013,103.074,3.81,3.84,1360.5,230.2,27.95,7.6,RIGHT,25.178,1.11,80.18,0.261,2.0,inf
2708,ISR_A,ISR,RIGHT,2710,head,,1.625,chest,1.916,116.779,10.79,5.27,1360.5,230.2,27.95,7.6,RIGHT,28.526,0.98,16.31,0.051,0.0,inf
2708,ISR_B,ISR,RIGHT,2710,head,,3.072,chest,3.343,137.166,13.37,7.26,1360.5,230.2,27.95,7.6,RIGHT,33.506,0.834,30.78,0.453,0.0,inf
2719,BRA_A,BRA,LEFT,2721,head,,5.043,chest,5.198,123.77,4.98,6.62,1183.5,467.2,27.35,40.4,RIGHT,30.234,0.905,50.49,0.251,2.0,inf
2719,BRA_B,BRA,LEFT,2720,foot,left,5.286,thigh,5.489,105.702,4.78,4.25,1183.5,467.2,27.35,40.4,RIGHT,25.821,1.059,52.89,0.144,2.0,inf
2719,ISR_A,ISR,RIGHT,2719,head,,-0.195,chest,-0.093,116.815,10.34,5.31,1183.5,467.2,27.35,40.4,RIGHT,28.535,0.958,0.0,0.106,0.0,0.106
2719,ISR_B,ISR,RIGHT,2720,head,,1.908,hand,1.939,133.289,12.05,7.0,1183.5,467.2,27.35,40.4,RIGHT,32.559,0.84,19.11,0.436,0.0,inf
2745,BRA_A,BRA,LEFT,2747,head,,3.365,shoulder,3.571,128.783,5.19,7.05,1056.8,399.0,30.0,41.7,RIGHT,31.458,0.954,33.71,0.119,2.0,inf
2745,BRA_B,BRA,LEFT,2747,hand,left,4.092,arm,4.124,106.87,4.19,4.38,1056.8,399.0,30.0,41.7,RIGHT,26.106,1.149,40.98,0.348,2.0,inf
2745,ISR_A,ISR,RIGHT,2745,shoulder,right,1.102,head,1.182,106.324,10.95,3.8,1056.8,399.0,30.0,41.7,RIGHT,25.972,1.155,11.02,0.36,0.0,inf
2745,ISR_B,ISR,RIGHT,2745,head,,0.089,chest,0.337,113.736,9.93,4.55,1056.8,399.0,30.0,41.7,RIGHT,27.783,1.08,0.89,0.192,0.0,1.082
2766,BRA_A,BRA,LEFT,2764,head,,1.231,shoulder,1.374,136.296,4.84,7.93,219.0,594.0,27.8,59.0,LEFT,33.294,0.835,12.37,0.451,0.0,inf
2766,BRA_B,BRA,LEFT,2766,shin,right,-0.167,foot,-0.066,115.013,2.56,5.65,219.0,594.0,27.8,59.0,LEFT,28.095,0.99,0.0,0.026,0.0,0.026
2766,ISR_A,ISR,RIGHT,2764,thigh,right,9.502,knee,9.522,106.476,12.1,3.69,219.0,594.0,27.8,59.0,LEFT,26.009,1.069,95.08,0.166,2.0,inf
2766,ISR_B,ISR,RIGHT,2768,foot,right,5.796,thigh,6.088,121.471,9.0,5.97,219.0,594.0,27.8,59.0,LEFT,29.672,0.937,58.02,0.163,2.0,inf
2787,BRA_A,BRA,LEFT,2785,head,,0.095,shoulder,0.231,131.209,5.59,7.36,633.0,639.8,28.15,45.7,LEFT,32.051,0.878,1.01,0.324,0.0,1.334
2787,BRA_B,BRA,LEFT,2785,hand,left,2.064,arm,2.115,118.431,2.53,6.18,633.0,639.8,28.15,45.7,LEFT,28.93,0.973,20.7,0.068,0.0,inf
2787,ISR_A,ISR,RIGHT,2789,foot,left,7.311,shin,7.475,105.349,13.68,3.32,633.0,639.8,28.15,45.7,LEFT,25.734,1.094,73.17,0.224,2.0,inf
2787,ISR_B,ISR,RIGHT,2788,foot,right,4.15,thigh,4.238,128.955,10.63,6.64,633.0,639.8,28.15,45.7,LEFT,31.5,0.894,41.53,0.281,2.0,inf
2821,BRA_A,BRA,LEFT,2823,hand,left,3.448,head,3.511,140.617,5.72,8.25,1038.7,350.2,33.35,7.0,RIGHT,34.349,0.971,34.54,0.074,2.0,inf
2821,BRA_B,BRA,LEFT,2821,head,,2.399,chest,2.564,119.951,6.77,5.99,1038.7,350.2,33.35,7.0,RIGHT,29.301,1.138,23.99,0.324,2.0,inf
2821,ISR_A,ISR,RIGHT,2823,hand,right,2.605,arm,2.684,106.262,12.84,3.56,1038.7,350.2,33.35,7.0,RIGHT,25.957,1.285,26.11,0.627,0.0,inf
2821,ISR_B,ISR,RIGHT,2823,hand,right,1.531,head,1.574,130.066,10.48,6.76,1038.7,350.2,33.35,7.0,RIGHT,31.772,1.05,15.37,0.121,0.0,inf
2829,BRA_A,BRA,LEFT,2827,hand,right,3.669,arm,3.711,135.809,5.55,7.82,1133.2,639.0,28.45,78.3,RIGHT,33.175,0.858,36.75,0.384,2.0,inf
2829,BRA_B,BRA,LEFT,2828,foot,left,2.859,thigh,3.076,112.298,6.38,5.02,1133.2,639.0,28.45,78.3,RIGHT,27.432,1.037,28.62,0.091,2.0,inf
2829,ISR_A,ISR,RIGHT,2831,thigh,right,1.606,knee,1.626,106.144,12.24,3.59,1133.2,639.0,28.45,78.3,RIGHT,25.928,1.097,16.12,0.232,0.0,inf
2829,ISR_B,ISR,RIGHT,2829,foot,right,-0.135,shin,-0.042,130.214,10.2,6.79,1133.2,639.0,28.45,78.3,RIGHT,31.808,0.894,0.0,0.279,0.0,0.279
2835,BRA_A,BRA,LEFT,2833,hand,right,4.246,arm,4.302,131.117,5.22,7.38,1155.0,396.0,29.8,9.2,RIGHT,32.029,0.93,42.52,0.18,2.0,inf
2835,BRA_B,BRA,LEFT,2833,foot,left,3.252,thigh,3.461,111.867,6.31,4.97,1155.0,396.0,29.8,9.2,RIGHT,27.326,1.091,32.58,0.217,2.0,inf
2835,ISR_A,ISR,RIGHT,2835,shoulder,right,1.276,head,1.327,105.776,11.98,3.5,1155.0,396.0,29.8,9.2,RIGHT,25.838,1.153,12.76,0.357,0.0,inf
2835,ISR_B,ISR,RIGHT,2833,head,,0.695,chest,0.944,130.273,10.31,6.85,1155.0,396.0,29.8,9.2,RIGHT,31.822,0.936,7.01,0.164,0.0,inf
2868,BRA_A,BRA,LEFT,2868,head,,5.644,chest,5.711,122.919,4.93,6.51,1238.2,460.5,27.75,59.1,RIGHT,30.026,0.924,56.44,0.197,2.0,inf
2868,BRA_B,BRA,LEFT,2866,head,,6.179,shoulder,6.26,103.506,4.5,3.85,1238.2,460.5,27.75,59.1,RIGHT,25.284,1.098,61.85,0.233,2.0,inf
2868,ISR_A,ISR,RIGHT,2868,chest,,-0.097,head,-0.073,113.541,10.91,4.72,1238.2,460.5,27.75,59.1,RIGHT,27.735,1.001,0.0,0.001,0.0,0.001
2868,ISR_B,ISR,RIGHT,2868,head,,0.747,chest,0.956,136.636,10.75,7.44,1238.2,460.5,27.75,59.1,RIGHT,33.377,0.831,7.47,0.462,0.0,inf
2874,BRA_A,BRA,LEFT,2874,head,,5.739,chest,5.898,122.919,4.93,6.51,1231.5,286.8,30.0,10.6,RIGHT,30.026,0.999,57.39,0.002,2.0,inf
2874,BRA_B,BRA,LEFT,2872,head,,6.439,shoulder,6.558,102.385,4.39,3.67,1231.5,286.8,30.0,10.6,RIGHT,25.01,1.2,64.45,0.455,2.0,inf
2874,ISR_A,ISR,RIGHT,2872,head,,0.396,chest,0.611,114.73,10.9,5.12,1231.5,286.8,30.0,10.6,RIGHT,28.026,1.07,4.02,0.17,0.0,4.19
2874,ISR_B,ISR,RIGHT,2872,head,,1.519,chest,1.724,136.364,10.65,7.41,1231.5,286.8,30.0,10.6,RIGHT,33.31,0.901,15.25,0.262,0.0,inf
2901,BRA_A,BRA,LEFT,2903,head,,5.017,hand,5.025,126.159,4.75,6.97,1171.5,397.5,27.75,42.8,RIGHT,30.817,0.9,50.23,0.262,2.0,inf
2901,BRA_B,BRA,LEFT,2903,head,,5.731,thigh,5.776,99.528,4.16,3.16,1171.5,397.5,27.75,42.8,RIGHT,24.312,1.141,57.37,0.331,2.0,inf
2901,ISR_A,ISR,RIGHT,2900,head,,0.697,shoulder,0.722,110.873,11.45,4.37,1171.5,397.5,27.75,42.8,RIGHT,27.084,1.025,7.0,0.061,0.0,inf
2901,ISR_B,ISR,RIGHT,2901,hand,right,0.057,head,0.076,114.736,10.59,4.8,1171.5,397.5,27.75,42.8,RIGHT,28.027,0.99,0.57,0.025,0.0,0.595
2924,BRA_A,BRA,LEFT,2926,hand,right,1.013,arm,1.055,118.567,5.94,5.86,841.5,588.0,27.0,30.5,LEFT,28.963,0.932,10.19,0.175,0.0,inf
2924,BRA_B,BRA,LEFT,2926,foot,left,1.991,shin,2.125,95.008,4.69,2.26,841.5,588.0,27.0,30.5,LEFT,23.208,1.163,19.97,0.378,0.0,inf
2924,ISR_A,ISR,RIGHT,2922,foot,right,3.808,shin,3.966,106.41,12.13,3.65,841.5,588.0,27.0,30.5,LEFT,25.993,1.039,38.14,0.095,2.0,inf
2924,ISR_B,ISR,RIGHT,2922,thigh,left,2.928,knee,2.948,119.772,11.11,5.57,841.5,588.0,27.0,30.5,LEFT,29.257,0.923,29.34,0.201,2.0,inf
2939,BRA_A,BRA,LEFT,2939,foot,right,0.402,thigh,0.497,112.585,6.27,5.07,824.3,581.2,25.5,8.9,LEFT,27.502,0.927,4.02,0.189,0.0,4.209
2939,BRA_B,BRA,LEFT,2940,foot,right,1.297,shin,1.444,96.198,5.42,2.46,824.3,581.2,25.5,8.9,LEFT,23.499,1.085,13.0,0.204,0.0,inf
2939,ISR_A,ISR,RIGHT,2937,foot,left,4.878,hand,5.047,106.329,12.73,3.57,824.3,581.2,25.5,8.9,LEFT,25.974,0.982,48.84,0.046,2.0,inf
2939,ISR_B,ISR,RIGHT,2937,thigh,left,4.861,knee,4.881,126.071,12.74,6.18,824.3,581.2,25.5,8.9,LEFT,30.796,0.828,48.67,0.472,2.0,inf
2946,BRA_A,BRA,LEFT,2946,foot,right,-0.048,shin,0.066,111.47,6.64,4.88,826.5,584.6,25.5,24.5,LEFT,27.229,0.936,0.0,0.164,0.0,0.164
2946,BRA_B,BRA,LEFT,2946,foot,right,1.08,shin,1.289,96.829,5.71,2.46,826.5,584.6,25.5,24.5,LEFT,23.653,1.078,10.8,0.188,0.0,inf
2946,ISR_A,ISR,RIGHT,2948,hand,right,4.861,foot,4.874,105.626,13.29,3.4,826.5,584.6,25.5,24.5,LEFT,25.802,0.988,48.67,0.029,2.0,inf
2946,ISR_B,ISR,RIGHT,2948,foot,left,5.558,thigh,5.701,129.619,13.96,6.44,826.5,584.6,25.5,24.5,LEFT,31.663,0.805,55.64,0.541,2.0,inf
2951,BRA_A,BRA,LEFT,2949,foot,right,0.583,shin,0.613,111.47,6.77,4.91,987.0,594.8,25.1,19.0,NET,27.229,0.922,5.89,0.204,0.0,inf
2951,BRA_B,BRA,LEFT,2949,foot,right,2.074,shin,2.165,97.317,5.77,2.65,987.0,594.8,25.1,19.0,NET,23.772,1.056,20.8,0.136,0.0,inf
2951,ISR_A,ISR,RIGHT,2953,foot,right,3.504,shin,3.616,105.462,13.49,3.44,987.0,594.8,25.1,19.0,NET,25.762,0.974,35.1,0.065,0.0,inf
2951,ISR_B,ISR,RIGHT,2951,foot,left,4.966,thigh,5.111,130.517,14.21,6.53,987.0,594.8,25.1,19.0,NET,31.882,0.787,49.66,0.598,0.0,inf
2961,BRA_A,BRA,LEFT,2963,head,,1.677,hand,1.815,119.266,6.31,5.91,615.0,246.6,27.15,8.2,LEFT,29.134,0.932,16.83,0.176,0.0,inf
2961,BRA_B,BRA,LEFT,2963,head,,0.599,shoulder,0.711,94.883,4.34,1.75,615.0,246.6,27.15,8.2,LEFT,23.178,1.171,6.05,0.395,0.0,inf
2961,ISR_A,ISR,RIGHT,2963,head,,8.356,shoulder,8.499,104.053,14.41,3.19,615.0,246.6,27.15,8.2,LEFT,25.418,1.068,83.62,0.165,2.0,inf
2969,BRA_A,BRA,LEFT,2969,chest,,0.007,shoulder,0.081,119.032,6.39,5.91,710.6,521.2,26.25,74.8,LEFT,29.077,0.903,0.07,0.256,0.0,0.326
2969,BRA_B,BRA,LEFT,2968,thigh,right,0.475,knee,0.495,94.762,4.7,2.29,710.6,521.2,26.25,74.8,LEFT,23.148,1.134,4.78,0.314,0.0,inf
2969,ISR_A,ISR,RIGHT,2971,hand,right,6.538,arm,6.6,103.191,13.36,3.05,710.6,521.2,26.25,74.8,LEFT,25.207,1.041,65.44,0.101,2.0,inf
2998,BRA_A,BRA,LEFT,2998,head,,1.983,chest,2.206,123.252,6.6,6.4,879.7,280.1,27.4,33.6,LEFT,30.107,0.91,19.83,0.236,0.0,inf
2998,BRA_B,BRA,LEFT,2999,foot,right,-0.02,shin,0.132,95.283,7.4,2.05,879.7,280.1,27.4,33.6,LEFT,23.275,1.177,0.03,0.408,0.0,0.438
2998,ISR_A,ISR,RIGHT,3000,head,,2.541,hand,2.614,106.347,11.14,3.64,879.7,280.1,27.4,33.6,LEFT,25.978,1.055,25.47,0.133,2.0,inf
2998,ISR_B,ISR,RIGHT,3000,head,,5.361,hand,5.441,133.915,13.68,6.92,879.7,280.1,27.4,33.6,LEFT,32.712,0.838,53.67,0.443,2.0,inf
3012,BRA_A,BRA,LEFT,3010,hand,right,5.392,arm,5.442,125.446,6.63,6.65,1538.6,574.1,24.0,54.7,RIGHT,30.643,0.783,53.98,0.611,2.0,inf
3012,BRA_B,BRA,LEFT,3010,head,,4.604,chest,4.625,108.676,7.79,4.37,1538.6,574.1,24.0,54.7,RIGHT,26.547,0.904,46.1,0.252,2.0,inf
3012,ISR_A,ISR,RIGHT,3010,thigh,left,0.816,torso,0.843,112.313,11.67,4.52,1538.6,574.1,24.0,54.7,RIGHT,27.435,0.875,8.22,0.334,0.0,inf
3012,ISR_B,ISR,RIGHT,3013,head,,0.18,shoulder,0.318,132.878,13.1,6.75,1538.6,574.1,24.0,54.7,RIGHT,32.459,0.739,1.83,0.755,0.0,2.585
3034,BRA_A,BRA,LEFT,3033,head,,8.275,thigh,8.404,122.029,6.67,6.25,1845.0,519.0,24.35,17.8,RIGHT,29.809,0.817,82.78,0.506,2.0,inf
3034,BRA_B,BRA,LEFT,3032,head,,7.62,hand,7.767,111.056,7.89,4.71,1845.0,519.0,24.35,17.8,RIGHT,27.128,0.898,76.26,0.27,2.0,inf
3034,ISR_A,ISR,RIGHT,3034,foot,left,3.129,arm,3.196,113.858,12.8,4.67,1845.0,519.0,24.35,17.8,RIGHT,27.813,0.875,31.29,0.332,0.0,inf
3034,ISR_B,ISR,RIGHT,3033,shoulder,right,1.414,arm,1.504,130.287,13.39,6.58,1845.0,519.0,24.35,17.8,RIGHT,31.826,0.765,14.17,0.669,0.0,inf
3055,BRA_A,BRA,RIGHT,3057,foot,right,10.69,thigh,10.719,99.473,16.61,2.07,621.0,397.5,23.45,53.8,LEFT,24.299,0.965,106.96,0.089,2.0,inf
3055,BRA_B,BRA,RIGHT,3053,head,,7.406,thigh,7.523,122.729,13.78,5.68,621.0,397.5,23.45,53.8,LEFT,29.98,0.782,74.12,0.614,2.0,inf
3055,ISR_A,ISR,LEFT,3055,head,,0.477,chest,0.743,113.727,5.12,5.34,621.0,397.5,23.45,53.8,LEFT,27.781,0.844,4.77,0.424,0.0,inf
3055,ISR_B,ISR,LEFT,3055,chest,,-0.081,arm,-0.075,99.195,5.06,3.06,621.0,397.5,23.45,53.8,LEFT,24.231,0.968,0.0,0.082,0.0,0.082
3065,BRA_A,BRA,RIGHT,3067,hand,right,8.506,arm,8.564,99.836,15.43,2.35,725.3,285.0,27.0,8.4,LEFT,24.387,1.107,85.12,0.254,2.0,inf
3065,BRA_B,BRA,RIGHT,3067,head,,6.733,thigh,6.831,122.662,13.51,5.73,725.3,285.0,27.0,8.4,LEFT,29.963,0.901,67.39,0.26,2.0,inf
3065,ISR_A,ISR,LEFT,3063,head,,1.213,chest,1.435,113.039,6.04,5.12,725.3,285.0,27.0,8.4,LEFT,27.613,0.978,12.19,0.056,0.0,inf
3065,ISR_B,ISR,LEFT,3063,head,,0.816,shoulder,0.935,94.489,5.41,1.79,725.3,285.0,27.0,8.4,LEFT,23.081,1.17,8.22,0.392,0.0,inf
3076,BRA_A,BRA,RIGHT,3078,foot,right,5.207,thigh,5.232,100.861,13.94,2.52,876.7,384.8,26.8,43.4,LEFT,24.638,1.088,52.13,0.21,2.0,inf
3076,BRA_B,BRA,RIGHT,3078,head,,4.752,thigh,4.852,123.077,13.07,5.81,876.7,384.8,26.8,43.4,LEFT,30.065,0.891,47.58,0.287,2.0,inf
3076,ISR_A,ISR,LEFT,3076,head,,0.028,chest,0.28,112.395,7.66,4.92,876.7,384.8,26.8,43.4,LEFT,27.455,0.976,0.28,0.06,0.0,0.34
3076,ISR_B,ISR,LEFT,3074,shoulder,left,0.811,head,0.844,99.346,6.34,2.75,876.7,384.8,26.8,43.4,LEFT,24.268,1.104,8.17,0.248,0.0,inf
3081,BRA_A,BRA,RIGHT,3083,shoulder,right,3.659,head,3.69,102.998,13.3,3.03,1029.0,278.8,27.0,10.7,RIGHT,25.16,1.073,36.65,0.176,0.0,inf
3081,BRA_B,BRA,RIGHT,3081,hand,right,3.915,arm,3.995,123.174,13.02,5.83,1029.0,278.8,27.0,10.7,RIGHT,30.088,0.897,39.15,0.271,0.0,inf
3081,ISR_A,ISR,LEFT,3079,head,,0.758,chest,1.046,111.441,7.84,4.71,1029.0,278.8,27.0,10.7,RIGHT,27.222,0.992,7.64,0.02,2.0,inf
3081,ISR_B,ISR,LEFT,3079,shoulder,left,1.878,head,1.878,100.759,6.57,3.23,1029.0,278.8,27.0,10.7,RIGHT,24.613,1.097,18.84,0.231,2.0,inf
3100,BRA_A,BRA,RIGHT,3101,foot,right,-0.07,shin,0.034,98.581,13.46,2.5,1491.8,352.5,21.45,50.4,RIGHT,24.081,0.891,0.03,0.289,0.0,0.319
3100,BRA_B,BRA,RIGHT,3100,head,,0.955,shoulder,1.087,117.616,12.4,5.19,1491.8,352.5,21.45,50.4,RIGHT,28.731,0.747,9.55,0.731,0.0,inf
3100,ISR_A,ISR,LEFT,3098,hand,right,4.182,thigh,4.24,116.008,8.74,5.27,1491.8,352.5,21.45,50.4,RIGHT,28.338,0.757,41.88,0.696,2.0,inf
3100,ISR_B,ISR,LEFT,3098,hand,left,6.165,arm,6.207,99.648,6.84,2.98,1491.8,352.5,21.45,50.4,RIGHT,24.342,0.881,61.71,0.316,2.0,inf
3144,BRA_A,BRA,RIGHT,3144,head,,3.483,shoulder,3.496,93.514,13.68,1.26,1092.0,228.0,25.15,37.0,RIGHT,22.843,1.101,34.83,0.241,0.0,inf
3144,BRA_B,BRA,RIGHT,3145,foot,left,-0.012,shin,0.251,95.219,10.17,1.86,1092.0,228.0,25.15,37.0,RIGHT,23.26,1.081,0.03,0.195,0.0,0.225
3144,ISR_A,ISR,LEFT,3146,head,,5.116,chest,5.34,116.653,3.67,5.85,1092.0,228.0,25.15,37.0,RIGHT,28.496,0.883,51.22,0.312,2.0,inf
3144,ISR_B,ISR,LEFT,3146,head,,3.092,chest,3.233,101.088,5.84,3.3,1092.0,228.0,25.15,37.0,RIGHT,24.693,1.018,30.98,0.046,2.0,inf
3153,BRA_A,BRA,RIGHT,3155,hand,right,6.342,arm,6.369,93.862,13.72,1.28,740.2,363.0,24.2,59.7,LEFT,22.928,1.055,63.48,0.135,2.0,inf
3153,BRA_B,BRA,RIGHT,3151,foot,left,2.491,shin,2.628,104.474,9.74,3.98,740.2,363.0,24.2,59.7,LEFT,25.52,0.948,24.97,0.133,2.0,inf
3153,ISR_A,ISR,LEFT,3153,head,,3.077,hand,3.16,117.183,3.32,5.95,740.2,363.0,24.2,59.7,LEFT,28.625,0.845,30.77,0.42,0.0,inf
3153,ISR_B,ISR,LEFT,3153,head,,0.065,chest,0.31,101.547,5.9,3.42,740.2,363.0,24.2,59.7,LEFT,24.806,0.976,0.65,0.062,0.0,0.712
3183,BRA_A,BRA,RIGHT,3185,head,,0.622,shoulder,0.693,88.823,15.68,0.04,1599.0,198.0,23.6,11.2,RIGHT,21.697,1.088,6.28,0.21,0.0,inf
3183,BRA_B,BRA,RIGHT,3183,shoulder,left,4.599,head,4.627,107.592,10.1,3.98,1599.0,198.0,23.6,11.2,RIGHT,26.282,0.898,45.99,0.269,0.0,inf
3183,ISR_A,ISR,LEFT,3181,head,,10.39,chest,10.609,112.389,3.52,5.27,1599.0,198.0,23.6,11.2,RIGHT,27.454,0.86,103.96,0.378,2.0,inf
3183,ISR_B,ISR,LEFT,3181,hand,right,9.568,arm,9.698,90.458,5.29,1.45,1599.0,198.0,23.6,11.2,RIGHT,22.097,1.068,95.74,0.165,2.0,inf
3188,BRA_A,BRA,RIGHT,3188,foot,right,-0.139,shin,-0.034,88.823,16.52,-0.42,1697.2,303.8,23.25,60.7,RIGHT,21.697,1.072,0.0,0.173,0.0,0.173
3188,BRA_B,BRA,RIGHT,3188,head,,4.72,shoulder,4.824,107.834,10.43,3.93,1697.2,303.8,23.25,60.7,RIGHT,26.341,0.883,47.2,0.312,0.0,inf
3188,ISR_A,ISR,LEFT,3186,head,,11.065,foot,11.185,111.941,3.63,5.19,1697.2,303.8,23.25,60.7,RIGHT,27.344,0.85,110.71,0.406,2.0,inf
3188,ISR_B,ISR,LEFT,3186,foot,right,11.139,head,11.331,88.529,4.94,0.92,1697.2,303.8,23.25,60.7,RIGHT,21.626,1.075,111.45,0.181,2.0,inf
3228,BRA_A,BRA,RIGHT,3228,hand,right,6.336,arm,6.366,89.442,16.42,0.12,1063.5,142.0,24.75,7.2,RIGHT,21.849,1.133,63.36,0.312,0.0,inf
3228,BRA_B,BRA,RIGHT,3230,thigh,left,1.224,knee,1.244,88.588,9.78,-0.04,1063.5,142.0,24.75,7.2,RIGHT,21.64,1.144,12.3,0.336,0.0,inf
3228,ISR_A,ISR,LEFT,3230,head,,5.014,chest,5.225,112.267,4.18,5.21,1063.5,142.0,24.75,7.2,RIGHT,27.424,0.902,50.2,0.256,2.0,inf
3228,ISR_B,ISR,LEFT,3230,head,,2.543,chest,2.707,98.289,7.04,2.72,1063.5,142.0,24.75,7.2,RIGHT,24.01,1.031,25.49,0.076,2.0,inf
3238,BRA_A,BRA,RIGHT,3240,foot,right,6.155,shin,6.233,92.271,15.04,0.84,905.2,456.0,24.4,40.1,LEFT,22.54,1.083,61.61,0.198,2.0,inf
3238,BRA_B,BRA,RIGHT,3238,hand,left,0.797,arm,0.824,101.084,9.32,3.01,905.2,456.0,24.4,40.1,LEFT,24.692,0.988,7.97,0.03,2.0,inf
3238,ISR_A,ISR,LEFT,3238,head,,3.214,thigh,3.328,113.667,4.47,5.38,905.2,456.0,24.4,40.1,LEFT,27.766,0.879,32.14,0.323,0.0,inf
3238,ISR_B,ISR,LEFT,3238,shin,right,-0.04,foot,0.098,98.308,7.35,2.72,905.2,456.0,24.4,40.1,LEFT,24.014,1.016,0.0,0.04,0.0,0.04
3252,BRA_A,BRA,RIGHT,3254,thigh,right,4.497,knee,4.517,98.422,14.33,2.1,1005.0,433.1,24.8,14.3,NET,24.042,1.032,45.03,0.078,0.0,inf
3252,BRA_B,BRA,RIGHT,3254,shoulder,left,0.056,head,0.083,100.864,9.34,2.97,1005.0,433.1,24.8,14.3,NET,24.639,1.007,0.62,0.016,0.0,0.636
3252,ISR_A,ISR,LEFT,3254,hand,right,3.089,head,3.125,116.029,5.33,5.62,1005.0,433.1,24.8,14.3,NET,28.343,0.875,30.95,0.334,0.0,inf
3252,ISR_B,ISR,LEFT,3251,hand,left,1.241,arm,1.281,97.514,7.17,2.53,1005.0,433.1,24.8,14.3,NET,23.82,1.041,12.44,0.101,0.0,inf
3266,BRA_A,BRA,RIGHT,3264,foot,right,4.38,shin,4.5,105.234,13.7,3.32,961.5,601.8,24.8,67.1,LEFT,25.706,0.965,43.86,0.09,2.0,inf
3266,BRA_B,BRA,RIGHT,3268,foot,left,0.502,shin,0.532,100.804,9.6,2.95,961.5,601.8,24.8,67.1,LEFT,24.624,1.007,5.08,0.018,2.0,inf
3266,ISR_A,ISR,LEFT,3266,foot,right,0.17,shin,0.18,118.832,7.41,5.66,961.5,601.8,24.8,67.1,LEFT,29.028,0.854,1.7,0.394,0.0,2.094
3266,ISR_B,ISR,LEFT,3268,foot,left,0.366,shin,0.379,97.22,7.48,2.48,961.5,601.8,24.8,67.1,LEFT,23.748,1.044,3.72,0.108,0.0,3.828
3302,BRA_A,BRA,RIGHT,3304,head,,5.223,shoulder,5.406,102.151,13.89,2.73,921.0,191.2,24.2,41.9,LEFT,24.953,0.97,52.29,0.077,2.0,inf
3302,BRA_B,BRA,RIGHT,3302,head,,3.909,shoulder,4.088,120.185,11.63,5.59,921.0,191.2,24.2,41.9,LEFT,29.358,0.824,39.09,0.483,2.0,inf
3302,ISR_A,ISR,LEFT,3302,head,,2.682,shoulder,2.862,122.29,7.92,6.17,921.0,191.2,24.2,41.9,LEFT,29.872,0.81,26.82,0.526,0.0,inf
3302,ISR_B,ISR,LEFT,3302,head,,-0.193,shoulder,-0.026,79.989,8.03,-1.45,921.0,191.2,24.2,41.9,LEFT,19.539,1.239,0.0,0.535,0.0,0.535
3376,BRA_A,BRA,RIGHT,3378,foot,right,6.879,shin,6.889,101.499,13.54,2.76,696.7,481.2,26.6,56.7,LEFT,24.794,1.073,68.85,0.176,2.0,inf
3376,BRA_B,BRA,RIGHT,3378,head,,6.529,hand,6.58,121.73,13.33,5.63,696.7,481.2,26.6,56.7,LEFT,29.736,0.895,65.35,0.279,2.0,inf
3376,ISR_A,ISR,LEFT,3376,chest,,0.007,head,0.078,113.528,6.09,5.23,696.7,481.2,26.6,56.7,LEFT,27.732,0.959,0.07,0.104,0.0,0.174
3376,ISR_B,ISR,LEFT,3377,foot,right,0.27,shin,0.288,91.047,6.39,1.12,696.7,481.2,26.6,56.7,LEFT,22.24,1.196,2.73,0.447,0.0,3.177
3399,BRA_A,BRA,RIGHT,3399,head,,5.394,foot,5.515,101.447,13.91,2.65,936.1,185.2,27.175,28.0,NET,24.781,1.097,53.94,0.231,0.0,inf
3399,BRA_B,BRA,RIGHT,3401,head,,3.898,hand,3.963,115.145,12.04,4.91,936.1,185.2,27.175,28.0,NET,28.127,0.966,39.04,0.086,0.0,inf
3399,ISR_A,ISR,LEFT,3398,head,,3.072,chest,3.324,113.094,5.94,5.17,936.1,185.2,27.175,28.0,NET,27.626,0.984,30.75,0.041,0.0,inf
3399,ISR_B,ISR,LEFT,3401,hand,left,0.16,head,0.173,88.633,8.04,0.5,936.1,185.2,27.175,28.0,NET,21.651,1.255,1.66,0.568,0.0,2.228
3405,BRA_A,BRA,RIGHT,3407,head,,3.798,hand,3.825,105.406,14.34,3.29,1071.8,242.6,26.35,17.0,RIGHT,25.748,1.023,38.04,0.058,0.0,inf
3405,BRA_B,BRA,RIGHT,3407,head,,1.894,chest,2.12,111.437,11.35,4.4,1071.8,242.6,26.35,17.0,RIGHT,27.221,0.968,19.0,0.081,0.0,inf
3405,ISR_A,ISR,LEFT,3403,head,,3.305,chest,3.513,113.513,5.77,5.19,1071.8,242.6,26.35,17.0,RIGHT,27.728,0.95,33.11,0.127,2.0,inf
3405,ISR_B,ISR,LEFT,3403,head,,0.071,chest,0.374,88.174,8.24,0.79,1071.8,242.6,26.35,17.0,RIGHT,21.539,1.223,0.77,0.504,2.0,3.274
3417,BRA_A,BRA,RIGHT,3417,foot,right,0.053,shin,0.098,105.769,15.14,3.22,1587.0,442.9,24.35,43.5,RIGHT,25.837,0.942,0.53,0.148,0.0,0.678
3417,BRA_B,BRA,RIGHT,3415,head,,1.975,shoulder,2.053,106.687,11.17,3.74,1587.0,442.9,24.35,43.5,RIGHT,26.061,0.934,19.81,0.17,0.0,inf
3417,ISR_A,ISR,LEFT,3415,foot,right,7.552,shin,7.722,113.457,5.39,5.27,1587.0,442.9,24.35,43.5,RIGHT,27.715,0.879,75.58,0.324,2.0,inf
3417,ISR_B,ISR,LEFT,3415,thigh,left,4.94,knee,4.96,97.099,8.66,2.36,1587.0,442.9,24.35,43.5,RIGHT,23.719,1.027,49.46,0.066,2.0,inf
3445,BRA_A,BRA,RIGHT,3447,shoulder,right,0.782,head,0.808,116.575,15.12,4.83,1587.0,367.0,34.5,7.7,RIGHT,28.476,1.212,7.88,0.48,0.0,inf
3445,BRA_B,BRA,RIGHT,3447,hand,left,1.425,head,1.439,133.327,11.75,7.03,1587.0,367.0,34.5,7.7,RIGHT,32.569,1.059,14.31,0.144,0.0,inf
3445,ISR_A,ISR,LEFT,3447,foot,right,9.622,hand,9.755,113.509,3.82,5.43,1587.0,367.0,34.5,7.7,RIGHT,27.727,1.244,96.28,0.546,2.0,inf
3445,ISR_B,ISR,LEFT,3445,thigh,left,7.308,knee,7.328,91.868,7.52,1.43,1587.0,367.0,34.5,7.7,RIGHT,22.441,1.537,73.08,1.075,2.0,inf
3455,BRA_A,BRA,RIGHT,3457,foot,right,0.282,shin,0.366,115.15,13.98,4.75,1522.5,765.7,37.1,89.6,RIGHT,28.128,1.319,2.88,0.692,0.0,3.572
3455,BRA_B,BRA,RIGHT,3455,thigh,left,-0.139,knee,-0.119,146.369,12.0,8.19,1522.5,765.7,37.1,89.6,RIGHT,35.754,1.038,0.0,0.092,0.0,0.092
3455,ISR_A,ISR,LEFT,3457,thigh,left,9.251,knee,9.271,114.349,3.66,5.54,1522.5,765.7,37.1,89.6,RIGHT,27.933,1.328,92.57,0.71,2.0,inf
3455,ISR_B,ISR,LEFT,3457,foot,right,6.812,shin,7.006,92.04,7.2,1.53,1522.5,765.7,37.1,89.6,RIGHT,22.483,1.65,68.18,1.252,2.0,inf
3466,BRA_A,BRA,RIGHT,3464,head,,1.784,shoulder,1.888,113.747,13.11,4.63,1482.0,159.4,28.4,7.6,RIGHT,27.786,1.022,17.9,0.055,0.0,inf
3466,BRA_B,BRA,RIGHT,3464,head,,3.083,chest,3.171,160.776,12.03,9.27,1482.0,159.4,28.4,7.6,RIGHT,39.274,0.723,30.89,0.81,0.0,inf
3466,ISR_A,ISR,LEFT,3465,head,,9.233,chest,9.412,115.597,3.91,5.69,1482.0,159.4,28.4,7.6,RIGHT,28.238,1.006,92.36,0.014,2.0,inf
3466,ISR_B,ISR,LEFT,3464,shoulder,left,6.886,head,6.907,91.587,7.02,1.39,1482.0,159.4,28.4,7.6,RIGHT,22.372,1.269,68.92,0.596,2.0,inf
3473,BRA_A,BRA,RIGHT,3472,foot,left,2.532,shin,2.565,114.498,12.26,4.97,1632.0,865.5,19.1,18.9,RIGHT,27.969,0.683,25.35,0.954,0.0,inf
3473,BRA_B,BRA,RIGHT,3472,thigh,left,-0.101,torso,-0.052,161.446,12.32,9.28,1632.0,865.5,19.1,18.9,RIGHT,39.437,0.484,0.03,1.813,0.0,1.843
3473,ISR_A,ISR,LEFT,3472,foot,left,9.8,shin,9.967,117.866,3.97,6.0,1632.0,865.5,19.1,18.9,RIGHT,28.792,0.663,98.03,1.026,2.0,inf
3473,ISR_B,ISR,LEFT,3471,foot,left,9.157,shin,9.265,91.58,6.76,1.44,1632.0,865.5,19.1,18.9,RIGHT,22.371,0.854,91.63,0.395,2.0,inf
3497,BRA_A,BRA,RIGHT,3497,head,,-0.053,chest,0.133,87.937,12.24,0.14,1290.0,229.1,24.55,51.0,RIGHT,21.481,1.143,0.0,0.334,0.0,0.334
3497,BRA_B,BRA,RIGHT,3497,head,,3.582,chest,3.807,157.209,12.84,8.95,1290.0,229.1,24.55,51.0,RIGHT,38.402,0.639,35.82,1.119,0.0,inf
3497,ISR_A,ISR,LEFT,3499,head,,7.156,chest,7.4,110.373,3.64,4.98,1290.0,229.1,24.55,51.0,RIGHT,26.961,0.911,71.62,0.234,2.0,inf
3497,ISR_B,ISR,LEFT,3499,head,,6.881,hand,6.91,90.939,4.26,1.51,1290.0,229.1,24.55,51.0,RIGHT,22.214,1.105,68.87,0.25,2.0,inf
3516,BRA_A,BRA,RIGHT,3514,head,,7.128,shoulder,7.255,86.681,12.08,-0.14,514.6,218.7,23.6,36.3,LEFT,21.174,1.115,71.34,0.271,2.0,inf
3516,BRA_B,BRA,RIGHT,3514,head,,7.258,hand,7.281,144.756,12.75,7.99,514.6,218.7,23.6,36.3,LEFT,35.36,0.667,72.64,1.011,2.0,inf
3516,ISR_A,ISR,LEFT,3518,head,,1.443,chest,1.706,106.448,2.92,4.47,514.6,218.7,23.6,36.3,LEFT,26.003,0.908,14.49,0.242,0.0,inf
3516,ISR_B,ISR,LEFT,3518,shoulder,left,0.417,head,0.422,90.177,2.87,1.47,514.6,218.7,23.6,36.3,LEFT,22.028,1.071,4.23,0.172,0.0,4.402
3522,BRA_A,BRA,RIGHT,3520,shoulder,right,9.619,head,9.63,86.801,12.14,-0.11,338.6,244.5,23.6,18.4,LEFT,21.203,1.113,96.25,0.268,2.0,inf
3522,BRA_B,BRA,RIGHT,3520,head,,8.614,foot,8.692,139.662,12.78,7.54,338.6,244.5,23.6,18.4,LEFT,34.116,0.692,86.2,0.921,2.0,inf
3522,ISR_A,ISR,LEFT,3520,head,,1.129,chest,1.387,106.488,2.85,4.49,338.6,244.5,23.6,18.4,LEFT,26.012,0.907,11.35,0.243,0.0,inf
3522,ISR_B,ISR,LEFT,3520,head,,0.058,chest,0.266,90.177,2.79,1.67,338.6,244.5,23.6,18.4,LEFT,22.028,1.071,0.64,0.172,0.0,0.812
3597,BRA_A,BRA,RIGHT,3599,head,,10.779,shoulder,10.858,103.184,13.98,2.96,315.2,276.8,19.85,45.7,LEFT,25.205,0.788,107.85,0.597,2.0,inf
3597,BRA_B,BRA,RIGHT,3599,head,,9.767,chest,9.948,123.982,13.68,5.86,315.2,276.8,19.85,45.7,LEFT,30.286,0.655,97.73,1.056,2.0,inf
3597,ISR_A,ISR,LEFT,3597,head,,3.671,,,105.67,-0.17,4.62,315.2,276.8,19.85,45.7,LEFT,25.813,0.769,36.71,0.657,0.0,inf
3597,ISR_B,ISR,LEFT,3597,foot,right,-0.094,shin,-0.026,81.042,1.41,-0.61,315.2,276.8,19.85,45.7,LEFT,19.797,1.003,0.0,0.007,0.0,0.007
3615,BRA_A,BRA,RIGHT,3617,head,,5.022,shoulder,5.109,102.527,14.61,2.53,1009.5,75.8,25.5,9.0,RIGHT,25.045,1.018,50.28,0.045,0.0,inf
3615,BRA_B,BRA,RIGHT,3617,head,,4.818,hand,4.977,124.167,13.51,5.88,1009.5,75.8,25.5,9.0,RIGHT,30.331,0.841,48.24,0.434,0.0,inf
3615,ISR_A,ISR,LEFT,3613,hand,left,8.924,head,8.968,107.449,-0.02,4.83,1009.5,75.8,25.5,9.0,RIGHT,26.247,0.972,89.3,0.072,2.0,inf
3615,ISR_B,ISR,LEFT,3613,head,,7.816,shoulder,7.859,79.157,0.41,-1.04,1009.5,75.8,25.5,9.0,RIGHT,19.336,1.319,78.22,0.692,2.0,inf
3629,BRA_A,BRA,RIGHT,3629,arm,right,-0.11,shoulder,-0.088,105.102,14.86,3.29,1626.0,366.8,26.6,52.7,RIGHT,25.674,1.036,0.0,0.089,0.0,0.089
3629,BRA_B,BRA,RIGHT,3628,head,,1.153,chest,1.376,124.155,12.96,5.93,1626.0,366.8,26.6,52.7,RIGHT,30.328,0.877,11.56,0.328,0.0,inf
3629,ISR_A,ISR,LEFT,3627,hand,left,12.7,arm,12.802,110.56,0.98,5.26,1626.0,366.8,26.6,52.7,RIGHT,27.007,0.985,127.06,0.038,2.0,inf
3629,ISR_B,ISR,LEFT,3627,foot,right,14.794,thigh,14.815,79.775,0.89,-0.91,1626.0,366.8,26.6,52.7,RIGHT,19.487,1.365,148.0,0.778,2.0,inf
3670,BRA_A,BRA,RIGHT,3668,foot,left,1.817,shin,1.842,103.65,14.76,3.01,1860.0,633.8,36.0,68.2,RIGHT,25.319,1.422,18.23,0.88,0.0,inf
3670,BRA_B,BRA,RIGHT,3670,head,,-0.123,hand,-0.11,141.456,14.65,7.54,1860.0,633.8,36.0,68.2,RIGHT,34.554,1.042,0.0,0.102,0.0,0.102
3670,ISR_A,ISR,LEFT,3672,foot,right,11.811,thigh,11.968,118.207,3.51,6.08,1860.0,633.8,36.0,68.2,RIGHT,28.875,1.247,118.17,0.551,2.0,inf
3670,ISR_B,ISR,LEFT,3672,foot,right,14.693,hand,14.737,86.988,3.44,0.7,1860.0,633.8,36.0,68.2,RIGHT,21.249,1.694,146.99,1.318,2.0,inf
3680,BRA_A,BRA,RIGHT,3679,shoulder,left,1.4,head,1.474,103.653,13.65,3.0,1662.0,345.8,31.5,10.2,RIGHT,25.32,1.244,14.03,0.546,0.0,inf
3680,BRA_B,BRA,RIGHT,3678,shoulder,right,2.406,arm,2.496,144.524,15.05,7.79,1662.0,345.8,31.5,10.2,RIGHT,35.304,0.892,24.12,0.285,0.0,inf
3680,ISR_A,ISR,LEFT,3682,head,,10.301,chest,10.494,118.221,3.57,6.06,1662.0,345.8,31.5,10.2,RIGHT,28.878,1.091,103.07,0.217,2.0,inf
3680,ISR_B,ISR,LEFT,3682,hand,left,11.733,arm,11.785,88.352,3.83,0.96,1662.0,345.8,31.5,10.2,RIGHT,21.582,1.46,117.39,0.945,2.0,inf
3689,BRA_A,BRA,RIGHT,3691,head,,0.765,chest,0.963,109.456,12.29,4.04,1473.0,308.0,28.15,8.9,RIGHT,26.737,1.053,7.71,0.129,0.0,inf
3689,ISR_A,ISR,LEFT,3691,head,,8.568,chest,8.745,119.177,3.57,6.18,1473.0,308.0,28.15,8.9,RIGHT,29.112,0.967,85.74,0.084,2.0,inf
3689,ISR_B,ISR,LEFT,3691,foot,left,8.787,shin,8.839,92.307,4.21,1.78,1473.0,308.0,28.15,8.9,RIGHT,22.548,1.248,87.93,0.555,2.0,inf
3689,BRA_B,BRA,RIGHT,3691,hand,right,4.311,arm,4.49,144.278,15.05,7.75,1473.0,308.0,28.15,8.9,RIGHT,35.244,0.799,43.17,0.562,0.0,inf
3697,BRA_A,BRA,RIGHT,3697,head,,-0.047,chest,0.128,112.683,11.52,4.62,1311.8,429.0,27.35,31.5,RIGHT,27.526,0.994,0.0,0.016,0.0,0.016
3697,BRA_B,BRA,RIGHT,3695,foot,right,4.649,,,144.16,15.05,7.74,1311.8,429.0,27.35,31.5,RIGHT,35.215,0.777,46.55,0.632,0.0,inf
3697,ISR_A,ISR,LEFT,3699,head,,7.072,chest,7.287,120.356,3.6,6.27,1311.8,429.0,27.35,31.5,RIGHT,29.4,0.93,70.78,0.181,2.0,inf
3697,ISR_B,ISR,LEFT,3699,arm,left,7.734,thigh,7.754,94.297,3.73,2.25,1311.8,429.0,27.35,31.5,RIGHT,23.034,1.187,77.4,0.429,2.0,inf
3724,BRA_A,BRA,RIGHT,3722,foot,right,2.724,shin,2.805,123.993,10.45,6.19,740.2,763.5,27.8,73.8,LEFT,30.288,0.918,27.3,0.214,2.0,inf
3724,ISR_A,ISR,LEFT,3724,foot,right,0.001,shin,0.049,133.25,5.86,7.44,740.2,763.5,27.8,73.8,LEFT,32.55,0.854,0.01,0.394,0.0,0.404
3724,ISR_B,ISR,LEFT,3726,foot,right,1.632,shin,1.761,97.633,5.14,2.77,740.2,763.5,27.8,73.8,LEFT,23.849,1.166,16.38,0.383,0.0,inf
3724,BRA_B,BRA,RIGHT,3723,head,,7.836,,,143.409,15.0,7.68,740.2,763.5,27.8,73.8,LEFT,35.031,0.794,78.39,0.578,2.0,inf
3748,BRA_A,BRA,RIGHT,3748,hand,right,4.896,arm,4.936,113.752,12.52,4.68,816.8,396.0,27.0,34.8,LEFT,27.787,0.972,48.96,0.072,2.0,inf
3748,BRA_B,BRA,RIGHT,3748,head,,6.541,hand,6.579,132.201,14.01,6.72,816.8,396.0,27.0,34.8,LEFT,32.293,0.836,65.41,0.448,2.0,inf
3748,ISR_A,ISR,LEFT,3748,head,,1.442,chest,1.7,138.731,7.17,7.95,816.8,396.0,27.0,34.8,LEFT,33.888,0.797,14.42,0.568,0.0,inf
3748,ISR_B,ISR,LEFT,3748,chest,,-0.224,arm,-0.091,102.452,7.1,3.36,816.8,396.0,27.0,34.8,LEFT,25.026,1.079,0.0,0.19,0.0,0.19
3782,BRA_A,BRA,RIGHT,3784,thigh,right,3.208,knee,3.228,106.881,13.44,3.6,972.0,420.4,30.0,50.2,NET,26.108,1.149,32.14,0.347,0.0,inf
3782,BRA_B,BRA,RIGHT,3784,head,,2.612,hand,2.726,132.676,11.94,6.98,972.0,420.4,30.0,50.2,NET,32.409,0.926,26.18,0.193,0.0,inf
3782,ISR_A,ISR,LEFT,3782,head,,-0.035,chest,0.231,114.723,8.16,5.15,972.0,420.4,30.0,50.2,NET,28.024,1.071,0.0,0.17,0.0,0.17
3782,ISR_B,ISR,LEFT,3781,shoulder,left,0.104,arm,0.118,94.559,7.97,2.41,972.0,420.4,30.0,50.2,NET,23.098,1.299,1.07,0.654,0.0,1.724
3790,BRA_A,BRA,RIGHT,3791,shin,right,-0.182,foot,-0.181,106.671,13.64,3.55,1425.0,566.3,31.9,69.9,RIGHT,26.057,1.224,0.03,0.506,0.0,0.536
3790,BRA_B,BRA,RIGHT,3790,head,,0.041,arm,0.162,131.953,12.02,6.87,1425.0,566.3,31.9,69.9,RIGHT,32.233,0.99,0.41,0.026,0.0,0.436
3790,ISR_A,ISR,LEFT,3788,head,,2.539,shoulder,2.747,118.259,8.34,5.64,1425.0,566.3,31.9,69.9,RIGHT,28.888,1.104,25.45,0.248,2.0,inf
3790,ISR_B,ISR,LEFT,3788,thigh,left,3.897,foot,3.908,95.061,7.75,1.84,1425.0,566.3,31.9,69.9,RIGHT,23.221,1.374,39.03,0.794,2.0,inf
3797,BRA_A,BRA,RIGHT,3795,head,,0.632,chest,0.776,106.839,13.81,3.38,1587.0,258.2,32.25,7.9,RIGHT,26.098,1.236,6.38,0.529,0.0,inf
3797,BRA_B,BRA,RIGHT,3795,head,,1.681,chest,1.919,134.582,12.25,7.11,1587.0,258.2,32.25,7.9,RIGHT,32.875,0.981,16.87,0.048,0.0,inf
3797,ISR_A,ISR,LEFT,3795,head,,4.75,chest,4.994,122.966,8.23,6.25,1587.0,258.2,32.25,7.9,RIGHT,30.038,1.074,47.56,0.178,2.0,inf
3797,ISR_B,ISR,LEFT,3795,arm,left,6.254,hand,6.273,98.025,7.62,2.85,1587.0,258.2,32.25,7.9,RIGHT,23.945,1.347,62.6,0.744,2.0,inf
3871,BRA_A,BRA,RIGHT,3869,chest,,6.523,shoulder,6.574,109.361,17.19,3.64,1171.5,173.0,30.825,12.2,RIGHT,26.714,1.154,65.29,0.358,0.0,inf
3871,BRA_B,BRA,RIGHT,3873,foot,left,1.64,shin,1.854,120.311,10.01,5.34,1171.5,173.0,30.825,12.2,RIGHT,29.389,1.049,16.46,0.119,0.0,inf
3871,ISR_A,ISR,LEFT,3873,head,,5.126,shoulder,5.303,126.727,4.62,6.97,1171.5,173.0,30.825,12.2,RIGHT,30.956,0.996,51.32,0.011,2.0,inf
3871,ISR_B,ISR,LEFT,3873,arm,left,5.072,hand,5.075,96.914,4.8,2.64,1171.5,173.0,30.825,12.2,RIGHT,23.674,1.302,50.78,0.66,2.0,inf
3884,BRA_A,BRA,RIGHT,3882,foot,left,8.804,shin,8.947,108.808,17.01,3.6,795.8,840.0,31.45,72.5,LEFT,26.579,1.183,88.1,0.421,2.0,inf
3884,BRA_B,BRA,RIGHT,3882,shoulder,right,1.371,chest,1.415,133.712,9.42,7.29,795.8,840.0,31.45,72.5,LEFT,32.662,0.963,13.77,0.095,2.0,inf
3884,ISR_A,ISR,LEFT,3886,thigh,left,1.63,knee,1.65,127.82,5.02,7.0,795.8,840.0,31.45,72.5,LEFT,31.223,1.007,16.36,0.018,0.0,inf
3884,ISR_B,ISR,LEFT,3882,foot,left,2.816,shin,2.901,97.492,4.79,2.66,795.8,840.0,31.45,72.5,LEFT,23.815,1.321,28.22,0.695,0.0,inf
3907,BRA_A,BRA,RIGHT,3906,foot,right,9.366,shin,9.519,109.878,15.87,3.84,690.8,838.5,30.0,19.0,LEFT,26.84,1.118,93.69,0.278,2.0,inf
3907,BRA_B,BRA,RIGHT,3905,shoulder,right,2.301,chest,2.388,137.149,9.57,7.59,690.8,838.5,30.0,19.0,LEFT,33.502,0.895,23.07,0.276,2.0,inf
3907,ISR_A,ISR,LEFT,3909,foot,left,0.303,shin,0.497,133.599,5.47,7.61,690.8,838.5,30.0,19.0,LEFT,32.635,0.919,3.09,0.21,0.0,3.3
3907,ISR_B,ISR,LEFT,3905,foot,right,2.608,shin,2.698,98.106,4.79,2.88,690.8,838.5,30.0,19.0,LEFT,23.965,1.252,26.14,0.562,0.0,inf
3916,BRA_A,BRA,RIGHT,3918,foot,left,9.898,shin,9.908,107.785,15.84,3.53,623.3,847.5,28.5,13.1,LEFT,26.329,1.082,99.04,0.198,2.0,inf
3916,BRA_B,BRA,RIGHT,3916,foot,right,2.976,shin,3.063,137.441,9.56,7.62,623.3,847.5,28.5,13.1,LEFT,33.573,0.849,29.76,0.41,2.0,inf
3916,ISR_A,ISR,LEFT,3916,foot,right,-0.042,shin,0.015,136.543,5.55,7.89,623.3,847.5,28.5,13.1,LEFT,33.354,0.854,0.0,0.393,0.0,0.393
3916,ISR_B,ISR,LEFT,3918,foot,right,2.799,shin,2.926,98.85,4.68,3.01,623.3,847.5,28.5,13.1,LEFT,24.147,1.18,28.05,0.414,0.0,inf
3935,BRA_A,BRA,RIGHT,3933,foot,left,9.041,shin,9.154,107.279,16.1,3.43,741.0,817.5,30.7,14.3,LEFT,26.206,1.172,90.47,0.396,2.0,inf
3935,BRA_B,BRA,RIGHT,3937,foot,left,2.642,shin,2.695,137.696,10.29,7.59,741.0,817.5,30.7,14.3,LEFT,33.636,0.913,26.48,0.228,2.0,inf
3935,ISR_A,ISR,LEFT,3936,foot,left,-0.066,shin,0.128,137.463,6.32,7.91,741.0,817.5,30.7,14.3,LEFT,33.579,0.914,0.03,0.224,0.0,0.254
3935,ISR_B,ISR,LEFT,3935,foot,left,2.858,shin,3.006,99.062,4.65,3.09,741.0,817.5,30.7,14.3,LEFT,24.198,1.269,28.58,0.595,0.0,inf
3947,BRA_A,BRA,RIGHT,3946,foot,right,8.267,shin,8.341,107.066,16.76,3.34,910.5,776.2,29.1,12.8,LEFT,26.154,1.113,82.7,0.267,2.0,inf
3947,BRA_B,BRA,RIGHT,3946,foot,left,2.249,shin,2.408,137.9,10.72,7.56,910.5,776.2,29.1,12.8,LEFT,33.686,0.864,22.52,0.366,2.0,inf
3947,ISR_A,ISR,LEFT,3945,foot,left,0.82,shin,1.013,137.306,6.47,7.88,910.5,776.2,29.1,12.8,LEFT,33.541,0.868,8.26,0.355,0.0,inf
3947,ISR_B,ISR,LEFT,3945,foot,left,3.362,shin,3.53,99.057,4.64,3.07,910.5,776.2,29.1,12.8,LEFT,24.197,1.203,33.68,0.461,0.0,inf
3952,BRA_A,BRA,RIGHT,3953,foot,left,8.245,shin,8.285,105.314,17.28,3.02,949.5,765.2,28.3,7.8,LEFT,25.726,1.1,82.48,0.238,2.0,inf
3952,BRA_B,BRA,RIGHT,3953,foot,right,2.194,shin,2.248,138.212,11.26,7.54,949.5,765.2,28.3,7.8,LEFT,33.762,0.838,21.97,0.441,2.0,inf
3952,ISR_A,ISR,LEFT,3951,foot,right,1.092,thigh,1.137,134.389,6.62,7.57,949.5,765.2,28.3,7.8,LEFT,32.828,0.862,10.95,0.371,0.0,inf
3952,ISR_B,ISR,LEFT,3950,foot,left,3.627,shin,3.787,99.057,4.64,3.07,949.5,765.2,28.3,7.8,LEFT,24.197,1.17,36.33,0.392,0.0,inf
3975,BRA_A,BRA,RIGHT,3977,foot,right,9.972,shin,10.102,100.271,14.81,2.4,516.0,312.0,23.2,11.0,LEFT,24.494,0.947,99.78,0.136,2.0,inf
3975,BRA_B,BRA,RIGHT,3977,hand,right,8.26,arm,8.337,124.609,13.72,5.93,516.0,312.0,23.2,11.0,LEFT,30.439,0.762,82.66,0.679,2.0,inf
3975,ISR_A,ISR,LEFT,3977,head,,0.268,chest,0.526,101.737,4.41,3.73,516.0,312.0,23.2,11.0,LEFT,24.852,0.934,2.74,0.172,0.0,2.912
3975,ISR_B,ISR,LEFT,3975,head,,0.959,shoulder,1.044,87.505,1.99,0.95,516.0,312.0,23.2,11.0,LEFT,21.375,1.085,9.59,0.205,0.0,inf
3981,BRA_A,BRA,RIGHT,3982,foot,left,8.882,shin,9.037,100.238,14.28,2.43,577.8,464.7,22.45,68.4,LEFT,24.486,0.917,88.85,0.217,2.0,inf
3981,BRA_B,BRA,RIGHT,3980,hand,right,7.671,arm,7.736,124.41,13.7,5.9,577.8,464.7,22.45,68.4,LEFT,30.39,0.739,76.74,0.757,2.0,inf
3981,ISR_A,ISR,LEFT,3981,arm,right,-0.035,thigh,-0.033,101.297,4.52,3.44,577.8,464.7,22.45,68.4,LEFT,24.744,0.907,0.0,0.243,0.0,0.243
3981,ISR_B,ISR,LEFT,3983,hand,left,0.479,arm,0.57,87.736,3.1,0.86,577.8,464.7,22.45,68.4,LEFT,21.432,1.048,4.85,0.116,0.0,inf
3986,BRA_A,BRA,RIGHT,3987,thigh,right,8.815,knee,8.835,101.145,13.8,2.63,558.7,297.6,22.925,14.1,LEFT,24.707,0.928,88.18,0.187,2.0,inf
3986,BRA_B,BRA,RIGHT,3984,head,,7.898,chest,8.062,123.598,13.65,5.82,558.7,297.6,22.925,14.1,LEFT,30.192,0.759,79.04,0.688,2.0,inf
3986,ISR_A,ISR,LEFT,3984,head,,0.236,chest,0.473,101.374,4.78,3.45,558.7,297.6,22.925,14.1,LEFT,24.763,0.926,2.42,0.193,0.0,2.613
3986,ISR_B,ISR,LEFT,3986,shoulder,left,0.317,head,0.343,87.736,3.58,0.91,558.7,297.6,22.925,14.1,LEFT,21.432,1.07,3.17,0.168,0.0,3.338
4014,BRA_A,BRA,RIGHT,4015,head,,8.382,shoulder,8.546,102.399,13.49,2.92,582.0,112.3,22.95,7.9,LEFT,25.014,0.918,83.85,0.215,2.0,inf
4014,BRA_B,BRA,RIGHT,4016,head,,8.21,foot,8.431,124.084,13.49,5.89,582.0,112.3,22.95,7.9,LEFT,30.311,0.757,82.16,0.695,2.0,inf
4014,ISR_A,ISR,LEFT,4016,head,,2.369,chest,2.635,113.843,4.74,5.38,582.0,112.3,22.95,7.9,LEFT,27.809,0.825,23.75,0.48,0.0,inf
4014,ISR_B,ISR,LEFT,4016,hand,left,1.148,arm,1.2,89.85,4.42,1.26,582.0,112.3,22.95,7.9,LEFT,21.948,1.046,11.54,0.112,0.0,inf
4020,BRA_A,BRA,RIGHT,4022,head,,7.539,thigh,7.605,102.918,13.7,2.94,603.0,261.4,23.6,43.5,LEFT,25.14,0.939,75.45,0.158,2.0,inf
4020,BRA_B,BRA,RIGHT,4022,head,,7.444,chest,7.658,125.18,13.73,6.05,603.0,261.4,23.6,43.5,LEFT,30.578,0.772,74.5,0.648,2.0,inf
4020,ISR_A,ISR,LEFT,4020,head,,1.587,chest,1.857,113.97,4.73,5.4,603.0,261.4,23.6,43.5,LEFT,27.84,0.848,15.87,0.413,0.0,inf
4020,ISR_B,ISR,LEFT,4020,head,,0.091,chest,0.189,89.85,4.46,0.9,603.0,261.4,23.6,43.5,LEFT,21.948,1.075,0.91,0.181,0.0,1.091
4100,BRA_A,BRA,RIGHT,4098,hand,right,10.489,arm,10.511,99.639,17.68,2.06,702.8,387.8,22.1,38.7,LEFT,24.339,0.908,104.95,0.241,2.0,inf
4100,BRA_B,BRA,RIGHT,4098,head,,6.911,hand,6.946,120.28,13.84,5.43,702.8,387.8,22.1,38.7,LEFT,29.381,0.752,69.17,0.712,2.0,inf
4100,ISR_A,ISR,LEFT,4102,head,,1.154,chest,1.418,110.02,4.97,4.87,702.8,387.8,22.1,38.7,LEFT,26.875,0.822,11.6,0.489,0.0,inf
4100,ISR_B,ISR,LEFT,4100,shoulder,left,-0.129,chest,-0.084,93.176,5.91,1.83,702.8,387.8,22.1,38.7,LEFT,22.761,0.971,0.0,0.074,0.0,0.074
4111,BRA_A,BRA,RIGHT,4113,thigh,right,9.432,knee,9.452,99.565,15.4,2.2,672.8,283.9,25.85,7.4,LEFT,24.321,1.063,94.38,0.152,2.0,inf
4111,BRA_B,BRA,RIGHT,4111,head,,7.309,foot,7.447,120.23,13.42,5.5,672.8,283.9,25.85,7.4,LEFT,29.369,0.88,73.09,0.319,2.0,inf
4111,ISR_A,ISR,LEFT,4111,head,,1.38,chest,1.647,110.402,6.13,4.69,672.8,283.9,25.85,7.4,LEFT,26.968,0.959,13.8,0.106,0.0,inf
4111,ISR_B,ISR,LEFT,4111,head,,0.591,chest,0.852,92.487,6.22,1.66,672.8,283.9,25.85,7.4,LEFT,22.592,1.144,5.91,0.337,0.0,inf
4120,BRA_A,BRA,RIGHT,4122,thigh,right,8.091,knee,8.111,100.508,14.12,2.52,654.4,357.6,24.0,10.4,LEFT,24.552,0.978,80.97,0.057,2.0,inf
4120,BRA_B,BRA,RIGHT,4121,head,,7.131,hand,7.233,120.7,13.39,5.5,654.4,357.6,24.0,10.4,LEFT,29.484,0.814,71.34,0.514,2.0,inf
4120,ISR_A,ISR,LEFT,4122,head,,0.15,chest,0.409,107.217,5.86,4.32,654.4,357.6,24.0,10.4,LEFT,26.19,0.916,1.56,0.218,0.0,1.778
4120,ISR_B,ISR,LEFT,4119,shoulder,right,0.385,arm,0.464,90.941,6.05,1.17,654.4,357.6,24.0,10.4,LEFT,22.215,1.08,3.88,0.193,0.0,4.073
4127,BRA_A,BRA,RIGHT,4129,foot,right,7.368,shin,7.534,99.443,13.41,2.39,651.7,486.5,23.8,58.8,LEFT,24.291,0.98,73.74,0.051,2.0,inf
4127,BRA_B,BRA,RIGHT,4127,head,,6.999,foot,7.0,120.919,13.34,5.57,651.7,486.5,23.8,58.8,LEFT,29.538,0.806,69.99,0.54,2.0,inf
4127,ISR_A,ISR,LEFT,4127,chest,,-0.111,shoulder,-0.076,106.641,5.88,4.23,651.7,486.5,23.8,58.8,LEFT,26.05,0.914,0.0,0.226,0.0,0.226
4127,ISR_B,ISR,LEFT,4127,foot,right,0.439,shin,0.449,91.656,6.11,1.57,651.7,486.5,23.8,58.8,LEFT,22.389,1.063,4.39,0.153,0.0,4.543
4132,BRA_A,BRA,RIGHT,4130,foot,right,7.37,shin,7.517,99.419,13.35,2.37,639.4,304.1,25.875,10.0,LEFT,24.286,1.065,73.76,0.158,2.0,inf
4132,BRA_B,BRA,RIGHT,4130,head,,7.128,foot,7.304,120.98,13.35,5.51,639.4,304.1,25.875,10.0,LEFT,29.553,0.876,71.34,0.332,2.0,inf
4132,ISR_A,ISR,LEFT,4130,head,,0.391,chest,0.667,106.646,5.83,4.22,639.4,304.1,25.875,10.0,LEFT,26.051,0.993,3.97,0.017,0.0,3.987
4132,ISR_B,ISR,LEFT,4130,shoulder,right,0.571,arm,0.643,91.465,6.19,1.45,639.4,304.1,25.875,10.0,LEFT,22.343,1.158,5.77,0.367,0.0,inf
4165,BRA_A,BRA,RIGHT,4167,head,,6.992,shoulder,7.055,103.752,13.68,3.08,666.8,310.5,25.85,34.8,LEFT,25.344,1.02,69.98,0.049,2.0,inf
4165,BRA_B,BRA,RIGHT,4167,head,,6.818,chest,7.026,129.392,13.58,6.48,666.8,310.5,25.85,34.8,LEFT,31.607,0.818,68.24,0.503,2.0,inf
4165,ISR_A,ISR,LEFT,4165,head,,1.72,chest,1.972,116.404,4.76,5.72,666.8,310.5,25.85,34.8,LEFT,28.435,0.909,17.2,0.238,0.0,inf
4165,ISR_B,ISR,LEFT,4165,head,,0.049,chest,0.317,95.708,5.35,2.1,666.8,310.5,25.85,34.8,LEFT,23.379,1.106,0.49,0.251,0.0,0.741
4175,BRA_A,BRA,RIGHT,4177,hand,left,4.559,arm,4.684,103.489,13.76,3.06,915.0,276.8,24.75,9.3,LEFT,25.28,0.979,45.65,0.053,2.0,inf
4175,BRA_B,BRA,RIGHT,4177,head,,5.215,chest,5.419,129.285,13.75,6.47,915.0,276.8,24.75,9.3,LEFT,31.581,0.784,52.21,0.609,2.0,inf
4175,ISR_A,ISR,LEFT,4173,head,,3.368,chest,3.574,118.476,4.6,6.0,915.0,276.8,24.75,9.3,LEFT,28.941,0.855,33.74,0.391,0.0,inf
4175,ISR_B,ISR,LEFT,4173,head,,2.028,hand,2.059,108.642,5.81,4.62,915.0,276.8,24.75,9.3,LEFT,26.539,0.933,20.34,0.174,0.0,inf
4182,BRA_A,BRA,RIGHT,4184,hand,right,3.735,arm,3.804,103.233,13.17,3.17,994.4,333.1,24.0,27.0,NET,25.217,0.952,37.41,0.124,0.0,inf
4182,BRA_B,BRA,RIGHT,4184,head,,4.679,hand,4.875,127.69,13.75,6.27,994.4,333.1,24.0,27.0,NET,31.192,0.769,46.85,0.655,0.0,inf
4182,ISR_A,ISR,LEFT,4182,head,,4.206,chest,4.413,121.939,4.5,6.44,994.4,333.1,24.0,27.0,NET,29.787,0.806,42.06,0.54,0.0,inf
4182,ISR_B,ISR,LEFT,4184,thigh,left,3.039,knee,3.059,106.411,5.59,4.17,994.4,333.1,24.0,27.0,NET,25.994,0.923,30.45,0.199,0.0,inf
4187,BRA_A,BRA,RIGHT,4187,hand,right,3.411,foot,3.453,103.637,12.89,3.13,999.0,418.5,23.3,7.6,NET,25.316,0.92,34.11,0.207,0.0,inf
4187,BRA_B,BRA,RIGHT,4187,head,,4.472,hand,4.675,127.69,13.7,6.3,999.0,418.5,23.3,7.6,NET,31.192,0.747,44.72,0.729,0.0,inf
4187,ISR_A,ISR,LEFT,4188,head,,4.117,chest,4.27,121.78,4.32,6.43,999.0,418.5,23.3,7.6,NET,29.748,0.783,41.2,0.611,0.0,inf
4187,ISR_B,ISR,LEFT,4189,thigh,left,2.662,knee,2.682,104.626,5.55,3.87,999.0,418.5,23.3,7.6,NET,25.557,0.912,26.68,0.231,0.0,inf
4194,BRA_A,BRA,RIGHT,4194,foot,right,3.008,shin,3.106,104.424,12.19,3.32,969.7,555.0,24.75,30.3,NET,25.508,0.97,30.08,0.075,0.0,inf
4194,BRA_B,BRA,RIGHT,4195,hand,left,4.363,thigh,4.451,127.538,13.28,6.29,969.7,555.0,24.75,30.3,NET,31.154,0.794,43.66,0.575,0.0,inf
4194,ISR_A,ISR,LEFT,4196,foot,right,3.858,head,3.927,122.086,4.3,6.47,969.7,555.0,24.75,30.3,NET,29.823,0.83,38.64,0.466,0.0,inf
4194,ISR_B,ISR,LEFT,4196,thigh,left,2.382,knee,2.402,104.677,5.53,3.98,969.7,555.0,24.75,30.3,NET,25.57,0.968,23.88,0.081,0.0,inf
4205,BRA_A,BRA,RIGHT,4203,foot,right,3.447,shin,3.461,106.315,12.01,3.5,891.0,556.5,27.0,9.3,LEFT,25.97,1.04,34.53,0.097,2.0,inf
4205,BRA_B,BRA,RIGHT,4203,hand,left,4.596,arm,4.665,126.759,12.98,6.26,891.0,556.5,27.0,9.3,LEFT,30.964,0.872,46.02,0.342,2.0,inf
4205,ISR_A,ISR,LEFT,4205,foot,right,3.287,shin,3.533,122.11,4.2,6.48,891.0,556.5,27.0,9.3,LEFT,29.828,0.905,32.87,0.249,0.0,inf
4205,ISR_B,ISR,LEFT,4206,foot,right,1.325,shin,1.548,102.058,5.89,3.48,891.0,556.5,27.0,9.3,LEFT,24.93,1.083,13.28,0.199,0.0,inf
4228,BRA_A,BRA,RIGHT,4226,thigh,right,8.03,head,8.035,97.915,18.33,1.72,1060.5,181.8,24.75,9.4,RIGHT,23.918,1.035,80.36,0.085,0.0,inf
4228,BRA_B,BRA,RIGHT,4226,head,,4.489,chest,4.711,124.353,13.95,5.9,1060.5,181.8,24.75,9.4,RIGHT,30.376,0.815,44.95,0.512,0.0,inf
4228,ISR_A,ISR,LEFT,4230,head,,5.002,hand,5.105,109.416,3.75,4.84,1060.5,181.8,24.75,9.4,RIGHT,26.728,0.926,50.08,0.192,2.0,inf
4228,ISR_B,ISR,LEFT,4230,head,,4.2,hand,4.224,96.608,4.76,2.6,1060.5,181.8,24.75,9.4,RIGHT,23.599,1.049,42.06,0.119,2.0,inf
4239,BRA_A,BRA,RIGHT,4241,thigh,right,10.408,knee,10.428,99.495,16.7,2.05,668.2,382.4,23.6,53.4,LEFT,24.304,0.971,104.14,0.074,2.0,inf
4239,BRA_B,BRA,RIGHT,4237,head,,6.879,chest,7.094,124.338,13.94,5.88,668.2,382.4,23.6,53.4,LEFT,30.373,0.777,68.85,0.631,2.0,inf
4239,ISR_A,ISR,LEFT,4239,head,,0.864,chest,1.115,110.025,4.75,4.84,668.2,382.4,23.6,53.4,LEFT,26.876,0.878,8.64,0.325,0.0,inf
4239,ISR_B,ISR,LEFT,4239,shoulder,left,-0.192,chest,-0.136,96.698,5.7,2.54,668.2,382.4,23.6,53.4,LEFT,23.621,0.999,0.0,0.002,0.0,0.002
4267,BRA_A,BRA,RIGHT,4267,foot,right,5.673,shin,5.828,102.054,13.2,2.86,784.5,448.9,26.65,52.7,LEFT,24.929,1.069,56.73,0.167,2.0,inf
4267,BRA_B,BRA,RIGHT,4267,head,,6.021,foot,6.085,123.801,13.46,5.86,784.5,448.9,26.65,52.7,LEFT,30.241,0.881,60.21,0.316,2.0,inf
4267,ISR_A,ISR,LEFT,4267,chest,,0.023,torso,0.113,109.182,6.95,4.52,784.5,448.9,26.65,52.7,LEFT,26.671,0.999,0.23,0.002,0.0,0.232
4267,ISR_B,ISR,LEFT,4267,thigh,right,-0.146,shin,-0.138,90.639,6.67,0.94,784.5,448.9,26.65,52.7,LEFT,22.141,1.204,0.0,0.463,0.0,0.463
4300,BRA_A,BRA,RIGHT,4302,head,,4.455,shoulder,4.461,109.565,14.19,3.94,967.5,304.2,26.25,46.6,NET,26.764,0.981,44.61,0.048,0.0,inf
4300,BRA_B,BRA,RIGHT,4302,head,,2.575,chest,2.84,120.997,11.23,5.74,967.5,304.2,26.25,46.6,NET,29.557,0.888,25.81,0.297,0.0,inf
4300,ISR_A,ISR,LEFT,4300,head,,2.425,chest,2.64,118.057,6.38,5.79,967.5,304.2,26.25,46.6,NET,28.838,0.91,24.25,0.235,0.0,inf
4300,ISR_B,ISR,LEFT,4300,head,,0.07,shoulder,0.293,94.362,7.92,1.89,967.5,304.2,26.25,46.6,NET,23.05,1.139,0.7,0.325,0.0,1.025
4323,BRA_A,BRA,RIGHT,4321,shoulder,right,0.147,head,0.152,104.745,15.08,3.27,1755.0,435.8,21.375,31.4,RIGHT,25.587,0.835,1.53,0.45,0.0,1.98
4323,BRA_B,BRA,RIGHT,4321,head,,3.464,shoulder,3.535,114.212,11.18,4.86,1755.0,435.8,21.375,31.4,RIGHT,27.899,0.766,34.7,0.666,0.0,inf
4323,ISR_A,ISR,LEFT,4321,thigh,right,9.185,knee,9.205,116.584,5.47,5.68,1755.0,435.8,21.375,31.4,RIGHT,28.479,0.751,91.91,0.717,2.0,inf
4323,ISR_B,ISR,LEFT,4321,thigh,left,6.72,knee,6.74,111.359,8.18,4.64,1755.0,435.8,21.375,31.4,RIGHT,27.202,0.786,67.26,0.603,2.0,inf
4407,BRA_A,BRA,RIGHT,4409,thigh,right,7.825,head,7.83,111.34,15.02,4.09,658.5,309.0,28.1,7.5,LEFT,27.198,1.033,78.31,0.082,2.0,inf
4407,BRA_B,BRA,RIGHT,4409,head,,7.181,shoulder,7.319,136.037,14.18,7.08,658.5,309.0,28.1,7.5,LEFT,33.231,0.846,71.87,0.419,2.0,inf
4407,ISR_B,ISR,LEFT,4405,head,,0.894,shoulder,0.9,100.496,3.25,3.45,658.5,309.0,28.1,7.5,LEFT,24.549,1.145,9.0,0.338,0.0,inf
4419,BRA_A,BRA,RIGHT,4421,hand,right,2.267,arm,2.322,110.427,15.16,3.57,1338.0,293.2,27.35,8.8,RIGHT,26.975,1.014,22.73,0.035,0.0,inf
4419,BRA_B,BRA,RIGHT,4421,hand,left,2.294,arm,2.379,135.729,13.89,7.05,1338.0,293.2,27.35,8.8,RIGHT,33.155,0.825,23.0,0.481,0.0,inf
4419,ISR_B,ISR,LEFT,4417,foot,left,7.809,thigh,7.838,100.387,3.25,3.43,1338.0,293.2,27.35,8.8,RIGHT,24.522,1.115,78.15,0.273,2.0,inf
4427,BRA_A,BRA,RIGHT,4427,shoulder,right,-0.186,chest,-0.101,112.554,14.73,4.41,1671.0,456.8,24.4,72.0,RIGHT,27.494,0.887,0.0,0.298,0.0,0.298
4427,BRA_B,BRA,RIGHT,4427,head,,0.785,chest,0.998,134.513,13.55,6.99,1671.0,456.8,24.4,72.0,RIGHT,32.858,0.743,7.85,0.744,0.0,inf
4427,ISR_B,ISR,LEFT,4425,foot,left,10.958,shin,11.036,100.458,3.4,3.43,1671.0,456.8,24.4,72.0,RIGHT,24.54,0.994,109.64,0.014,2.0,inf
4432,BRA_A,BRA,RIGHT,4430,head,,0.478,shoulder,0.53,112.554,14.8,4.32,1641.0,276.8,24.9,7.6,RIGHT,27.494,0.906,4.84,0.248,0.0,inf
4432,BRA_B,BRA,RIGHT,4430,head,,1.546,chest,1.764,134.079,13.29,6.97,1641.0,276.8,24.9,7.6,RIGHT,32.752,0.76,15.52,0.685,0.0,inf
4432,ISR_A,ISR,LEFT,4434,hand,left,12.773,foot,12.857,122.179,1.25,6.83,1641.0,276.8,24.9,7.6,RIGHT,29.845,0.834,127.79,0.453,2.0,inf
4432,ISR_B,ISR,LEFT,4434,shoulder,left,11.402,hand,11.404,100.504,3.52,3.43,1641.0,276.8,24.9,7.6,RIGHT,24.551,1.014,114.08,0.035,2.0,inf
4468,BRA_A,BRA,RIGHT,4467,hand,right,1.337,arm,1.398,99.737,13.15,2.44,1212.0,448.9,25.1,62.1,RIGHT,24.363,1.03,13.4,0.074,0.0,inf
4468,BRA_B,BRA,RIGHT,4468,chest,,-0.018,head,0.049,106.96,10.84,3.84,1212.0,448.9,25.1,62.1,RIGHT,26.128,0.961,0.0,0.1,0.0,0.1
4468,ISR_A,ISR,LEFT,4470,hand,right,5.23,arm,5.326,115.388,4.75,5.64,1212.0,448.9,25.1,62.1,RIGHT,28.186,0.89,52.36,0.29,2.0,inf
4468,ISR_B,ISR,LEFT,4470,hand,left,6.282,arm,6.32,92.919,4.28,1.87,1212.0,448.9,25.1,62.1,RIGHT,22.698,1.106,62.88,0.252,2.0,inf
4499,BRA_A,BRA,RIGHT,4500,foot,right,-0.151,shin,0.056,97.186,10.01,2.25,1045.5,256.4,27.0,10.7,RIGHT,23.74,1.137,0.03,0.322,0.0,0.352
4499,BRA_B,BRA,RIGHT,4499,head,,2.228,shoulder,2.403,115.568,10.97,5.06,1045.5,256.4,27.0,10.7,RIGHT,28.23,0.956,22.28,0.111,0.0,inf
4499,ISR_A,ISR,LEFT,4501,foot,right,-0.153,shin,0.064,93.836,8.15,2.02,1045.5,256.4,27.0,10.7,RIGHT,22.922,1.178,0.06,0.409,2.0,2.469
4499,ISR_B,ISR,LEFT,4501,shoulder,left,4.489,arm,4.529,96.544,4.14,2.65,1045.5,256.4,27.0,10.7,RIGHT,23.583,1.145,44.95,0.338,2.0,inf
4512,BRA_A,BRA,RIGHT,4510,arm,left,2.418,hand,2.668,107.938,9.56,4.04,744.4,867.8,29.6,56.1,LEFT,26.367,1.123,24.24,0.289,2.0,inf
4512,BRA_B,BRA,RIGHT,4510,foot,left,3.67,hand,3.783,121.474,11.13,5.79,744.4,867.8,29.6,56.1,LEFT,29.673,0.998,36.76,0.006,2.0,inf
4512,ISR_A,ISR,LEFT,4510,hand,left,1.784,arm,1.884,105.066,8.14,3.78,744.4,867.8,29.6,56.1,LEFT,25.665,1.153,17.9,0.357,0.0,inf
4512,ISR_B,ISR,LEFT,4510,foot,right,2.752,shin,2.952,103.88,4.28,3.96,744.4,867.8,29.6,56.1,LEFT,25.375,1.166,27.58,0.385,0.0,inf
4522,BRA_A,BRA,RIGHT,4520,thigh,left,4.757,torso,4.762,117.872,9.71,5.47,531.8,1012.5,39.8,12.0,LEFT,28.793,1.382,47.63,0.809,2.0,inf
4522,BRA_B,BRA,RIGHT,4520,foot,left,5.792,shin,5.906,122.186,11.36,5.91,531.8,1012.5,39.8,12.0,LEFT,29.847,1.333,57.98,0.719,2.0,inf
4522,ISR_A,ISR,LEFT,4520,foot,left,4.253,thigh,4.325,110.512,8.34,4.59,531.8,1012.5,39.8,12.0,LEFT,26.995,1.474,42.59,0.97,0.0,inf
4522,ISR_B,ISR,LEFT,4520,foot,right,3.341,shin,3.496,103.931,3.93,3.78,531.8,1012.5,39.8,12.0,LEFT,25.388,1.568,33.47,1.124,0.0,inf
4578,BRA_A,BRA,LEFT,4580,foot,left,6.165,shin,6.381,111.975,7.98,4.84,277.2,990.0,35.25,9.4,LEFT,27.353,1.289,61.71,0.634,0.0,inf
4578,BRA_B,BRA,LEFT,4579,foot,left,5.075,shin,5.307,117.063,7.7,5.53,277.2,990.0,35.25,9.4,LEFT,28.596,1.233,50.78,0.523,0.0,inf
4578,ISR_A,ISR,LEFT,4578,foot,left,6.049,shin,6.17,106.171,7.16,4.03,277.2,990.0,35.25,9.4,LEFT,25.935,1.359,60.49,0.767,0.0,inf
4578,ISR_B,ISR,LEFT,4578,foot,left,3.639,shin,3.665,107.206,4.07,4.49,277.2,990.0,35.25,9.4,LEFT,26.188,1.346,36.39,0.743,0.0,inf
4714,BRA_A,BRA,LEFT,4714,shin,left,-0.032,foot,-0.004,154.888,4.03,9.58,266.0,993.0,37.5,9.8,LEFT,37.835,0.991,0.0,0.022,0.0,0.022
4714,BRA_B,BRA,LEFT,4716,foot,left,4.842,shin,4.895,94.851,-0.48,2.72,266.0,993.0,37.5,9.8,LEFT,23.17,1.618,48.48,1.204,0.0,inf
4714,ISR_A,ISR,RIGHT,4714,foot,right,9.48,shin,9.547,116.988,12.36,5.13,266.0,993.0,37.5,9.8,LEFT,28.577,1.312,94.8,0.679,2.0,inf
4714,ISR_B,ISR,RIGHT,4714,foot,right,7.295,shin,7.377,117.731,9.91,5.42,266.0,993.0,37.5,9.8,LEFT,28.759,1.304,72.95,0.663,2.0,inf
4722,BRA_A,BRA,LEFT,4722,foot,right,0.013,hand,0.06,154.411,3.82,9.53,195.2,972.8,36.2,35.0,LEFT,37.719,0.96,0.13,0.103,0.0,0.233
4722,BRA_B,BRA,LEFT,4724,foot,left,4.069,shin,4.165,94.579,-0.68,2.7,195.2,972.8,36.2,35.0,LEFT,23.103,1.567,40.75,1.123,0.0,inf
4722,ISR_A,ISR,RIGHT,4720,foot,right,10.614,shin,10.655,116.996,12.68,5.08,195.2,972.8,36.2,35.0,LEFT,28.579,1.267,106.2,0.591,2.0,inf
4722,ISR_B,ISR,RIGHT,4720,foot,right,7.682,shin,7.749,119.137,10.21,5.6,195.2,972.8,36.2,35.0,LEFT,29.102,1.244,76.88,0.546,2.0,inf
4737,BRA_A,BRA,LEFT,4737,hand,left,-0.004,arm,0.061,153.197,3.63,9.47,128.0,774.0,35.65,7.7,LEFT,37.422,0.953,0.0,0.121,0.0,0.121
4737,BRA_B,BRA,LEFT,4737,foot,right,2.627,shin,2.755,93.319,-0.81,2.46,128.0,774.0,35.65,7.7,LEFT,22.795,1.564,26.27,1.118,0.0,inf
4737,ISR_A,ISR,RIGHT,4735,foot,left,11.805,shin,11.883,116.818,13.59,4.97,128.0,774.0,35.65,7.7,LEFT,28.536,1.249,118.11,0.556,2.0,inf
4737,ISR_B,ISR,RIGHT,4735,foot,left,8.788,shin,8.868,122.783,11.09,5.96,128.0,774.0,35.65,7.7,LEFT,29.993,1.189,87.94,0.432,2.0,inf
4744,BRA_A,BRA,LEFT,4746,chest,,-0.184,torso,-0.167,144.872,3.28,8.84,152.4,780.0,33.55,22.9,LEFT,35.389,0.948,0.06,0.133,0.0,0.193
4744,BRA_B,BRA,LEFT,4743,foot,right,2.711,shin,2.82,92.971,-0.8,2.39,152.4,780.0,33.55,22.9,LEFT,22.711,1.477,27.14,0.976,0.0,inf
4744,ISR_A,ISR,RIGHT,4746,foot,right,11.338,shin,11.348,117.065,13.79,5.01,152.4,780.0,33.55,22.9,LEFT,28.596,1.173,113.44,0.399,2.0,inf
4744,ISR_B,ISR,RIGHT,4746,foot,right,8.646,shin,8.691,124.53,11.74,6.1,152.4,780.0,33.55,22.9,LEFT,30.42,1.103,86.52,0.245,2.0,inf
4751,BRA_A,BRA,LEFT,4749,torso,,-0.205,chest,-0.174,143.994,3.21,8.77,238.6,721.5,30.0,24.1,LEFT,35.174,0.853,0.06,0.398,0.0,0.458
4751,BRA_B,BRA,LEFT,4753,foot,right,2.493,shin,2.649,92.608,-0.85,2.32,238.6,721.5,30.0,24.1,LEFT,22.622,1.326,24.99,0.706,0.0,inf
4751,ISR_A,ISR,RIGHT,4751,foot,right,11.127,shin,11.2,116.662,13.9,4.98,238.6,721.5,30.0,24.1,LEFT,28.498,1.053,111.27,0.128,2.0,inf
4751,ISR_B,ISR,RIGHT,4751,foot,left,8.894,shin,8.963,124.864,12.07,6.1,238.6,721.5,30.0,24.1,LEFT,30.501,0.984,88.94,0.041,2.0,inf
4778,BRA_A,BRA,LEFT,4780,head,,9.014,chest,9.215,119.972,4.53,6.22,1585.5,172.9,27.6,14.5,RIGHT,29.306,0.942,90.2,0.15,2.0,inf
4778,BRA_B,BRA,LEFT,4780,head,,11.039,hand,11.048,98.821,3.52,3.49,1585.5,172.9,27.6,14.5,RIGHT,24.14,1.143,110.45,0.335,2.0,inf
4778,ISR_A,ISR,RIGHT,4778,head,,2.522,shoulder,2.698,104.991,12.48,3.42,1585.5,172.9,27.6,14.5,RIGHT,25.647,1.076,25.22,0.184,0.0,inf
4778,ISR_B,ISR,RIGHT,4776,head,,2.77,shoulder,2.891,114.335,16.19,4.44,1585.5,172.9,27.6,14.5,RIGHT,27.929,0.988,27.76,0.03,0.0,inf
4799,BRA_A,BRA,LEFT,4799,head,,4.956,shoulder,5.092,119.933,4.97,6.17,1161.8,385.9,24.75,40.9,RIGHT,29.297,0.845,49.56,0.422,2.0,inf
4799,BRA_B,BRA,LEFT,4799,thigh,right,5.326,knee,5.346,103.546,4.91,3.82,1161.8,385.9,24.75,40.9,RIGHT,25.294,0.978,53.26,0.054,2.0,inf
4799,ISR_A,ISR,RIGHT,4799,head,,-0.099,chest,-0.04,103.009,10.49,3.22,1161.8,385.9,24.75,40.9,RIGHT,25.163,0.984,0.0,0.041,0.0,0.041
4799,ISR_B,ISR,RIGHT,4801,head,,2.755,hand,2.849,115.616,13.1,4.88,1161.8,385.9,24.75,40.9,RIGHT,28.242,0.876,27.61,0.33,0.0,inf
4830,BRA_A,BRA,LEFT,4830,head,,6.14,thigh,6.36,118.738,3.89,6.07,1192.5,299.2,27.1,43.1,RIGHT,29.005,0.934,61.4,0.17,2.0,inf
4830,BRA_B,BRA,LEFT,4832,head,,4.228,hand,4.337,100.931,6.11,2.73,1192.5,299.2,27.1,43.1,RIGHT,24.655,1.099,42.34,0.236,2.0,inf
4830,ISR_A,ISR,RIGHT,4830,head,,0.06,hand,0.172,97.332,10.89,2.2,1192.5,299.2,27.1,43.1,RIGHT,23.776,1.14,0.6,0.327,0.0,0.927
4830,ISR_B,ISR,RIGHT,4830,head,,0.067,hand,0.076,99.357,10.78,2.58,1192.5,299.2,27.1,43.1,RIGHT,24.271,1.117,0.67,0.276,0.0,0.946
4852,BRA_A,BRA,LEFT,4852,hand,left,4.043,head,4.133,112.184,3.21,5.28,846.8,344.8,21.75,31.6,LEFT,27.404,0.794,40.43,0.578,0.0,inf
4852,BRA_B,BRA,LEFT,4852,foot,left,-0.112,shin,-0.042,89.525,6.77,1.49,846.8,344.8,21.75,31.6,LEFT,21.869,0.995,0.0,0.014,0.0,0.014
4852,ISR_A,ISR,RIGHT,4850,shoulder,right,4.167,head,4.187,99.047,12.08,2.41,846.8,344.8,21.75,31.6,LEFT,24.195,0.899,41.73,0.266,2.0,inf
4852,ISR_B,ISR,RIGHT,4850,head,,2.674,hand,2.711,103.564,10.36,3.34,846.8,344.8,21.75,31.6,LEFT,25.298,0.86,26.8,0.378,2.0,inf
4883,BRA_A,BRA,LEFT,4885,head,,1.505,hand,1.731,123.342,6.38,6.43,709.8,264.4,28.75,9.8,LEFT,30.129,0.954,15.11,0.117,0.0,inf
4883,BRA_B,BRA,LEFT,4885,arm,right,-0.024,shoulder,0.073,89.477,5.97,1.04,709.8,264.4,28.75,9.8,LEFT,21.857,1.315,0.06,0.685,0.0,0.745
4883,ISR_A,ISR,RIGHT,4882,head,,7.392,shoulder,7.427,104.574,13.84,3.2,709.8,264.4,28.75,9.8,LEFT,25.545,1.125,73.95,0.296,2.0,inf
4883,ISR_B,ISR,RIGHT,4884,head,,5.207,shoulder,5.325,125.674,11.89,6.21,709.8,264.4,28.75,9.8,LEFT,30.699,0.937,52.1,0.164,2.0,inf
4890,BRA_A,BRA,LEFT,4890,head,,-0.057,chest,0.035,123.296,6.32,6.43,691.5,544.9,27.75,82.4,LEFT,30.118,0.921,0.0,0.205,0.0,0.205
4890,BRA_B,BRA,LEFT,4888,foot,left,0.064,shin,0.064,89.186,6.03,0.97,691.5,544.9,27.75,82.4,LEFT,21.786,1.274,0.7,0.605,0.0,1.305
4890,ISR_A,ISR,RIGHT,4892,foot,right,7.262,shin,7.272,104.774,13.98,3.22,691.5,544.9,27.75,82.4,LEFT,25.594,1.084,72.68,0.202,2.0,inf
4890,ISR_B,ISR,RIGHT,4889,head,,5.214,shoulder,5.247,128.53,12.15,6.5,691.5,544.9,27.75,82.4,LEFT,31.397,0.884,52.17,0.309,2.0,inf
4929,BRA_A,BRA,LEFT,4931,shoulder,right,3.053,head,3.106,134.033,6.0,7.59,1048.5,424.5,25.15,12.5,RIGHT,32.741,0.768,30.59,0.659,2.0,inf
4929,BRA_B,BRA,LEFT,4927,foot,left,0.525,shin,0.535,104.972,8.08,3.66,1048.5,424.5,25.15,12.5,RIGHT,25.642,0.981,5.31,0.048,2.0,inf
4929,ISR_A,ISR,RIGHT,4931,foot,right,0.334,shin,0.412,102.095,10.75,3.06,1048.5,424.5,25.15,12.5,RIGHT,24.939,1.008,3.4,0.021,0.0,3.421
4929,ISR_B,ISR,RIGHT,4931,head,,1.682,shoulder,1.756,123.815,11.19,6.04,1048.5,424.5,25.15,12.5,RIGHT,30.245,0.832,16.88,0.461,0.0,inf
4935,BRA_A,BRA,LEFT,4937,shoulder,right,2.407,head,2.445,134.033,5.97,7.61,1000.9,497.6,24.775,36.4,NET,32.741,0.757,24.13,0.697,0.0,inf
4935,BRA_B,BRA,LEFT,4936,head,,0.133,shoulder,0.236,110.518,8.03,4.62,1000.9,497.6,24.775,36.4,NET,26.997,0.918,1.36,0.215,0.0,1.575
4935,ISR_A,ISR,RIGHT,4934,foot,right,0.061,shin,0.193,102.056,10.3,3.06,1000.9,497.6,24.775,36.4,NET,24.93,0.994,0.64,0.016,0.0,0.656
4935,ISR_B,ISR,RIGHT,4933,head,,1.807,shoulder,1.877,124.147,11.14,6.15,1000.9,497.6,24.775,36.4,NET,30.326,0.817,18.13,0.505,0.0,inf
4941,BRA_A,BRA,LEFT,4941,shoulder,right,2.107,head,2.171,133.71,5.95,7.58,943.5,519.0,24.8,8.1,LEFT,32.662,0.759,21.07,0.688,0.0,inf
4941,BRA_B,BRA,LEFT,4941,head,,0.048,shoulder,0.118,111.475,7.87,4.86,943.5,519.0,24.8,8.1,LEFT,27.231,0.911,0.48,0.234,0.0,0.714
4941,ISR_A,ISR,RIGHT,4939,foot,right,0.479,shin,0.751,102.057,10.0,3.13,943.5,519.0,24.8,8.1,LEFT,24.93,0.995,4.85,0.013,2.0,inf
4941,ISR_B,ISR,RIGHT,4942,head,,2.113,shoulder,2.26,126.003,10.94,6.33,943.5,519.0,24.8,8.1,LEFT,30.78,0.806,21.16,0.54,2.0,inf
5036,BRA_A,BRA,LEFT,5034,head,,5.76,chest,5.948,115.503,3.04,5.76,975.0,98.1,27.35,8.2,NET,28.214,0.969,57.66,0.078,0.0,inf
5036,BRA_B,BRA,LEFT,5034,hand,left,8.244,arm,8.283,91.244,-0.36,1.99,975.0,98.1,27.35,8.2,NET,22.289,1.227,82.5,0.512,0.0,inf
5036,ISR_A,ISR,RIGHT,5038,head,,5.315,shoulder,5.375,108.383,14.63,3.73,975.0,98.1,27.35,8.2,NET,26.475,1.033,53.21,0.081,0.0,inf
5036,ISR_B,ISR,RIGHT,5038,head,,5.991,hand,6.007,129.293,14.38,6.39,975.0,98.1,27.35,8.2,NET,31.583,0.866,59.97,0.36,0.0,inf
5071,BRA_A,BRA,LEFT,5073,hand,left,11.256,head,11.269,121.281,4.1,6.39,1848.0,268.2,34.3,10.3,RIGHT,29.626,1.158,112.62,0.366,2.0,inf
5071,BRA_B,BRA,LEFT,5073,foot,left,12.996,thigh,13.14,102.69,3.54,3.8,1848.0,268.2,34.3,10.3,RIGHT,25.085,1.367,130.02,0.782,2.0,inf
5071,ISR_A,ISR,RIGHT,5073,head,,3.213,shoulder,3.314,115.869,12.68,4.95,1848.0,268.2,34.3,10.3,RIGHT,28.304,1.212,32.19,0.48,0.0,inf
5071,ISR_B,ISR,RIGHT,5073,head,,2.345,,,135.201,15.36,6.9,1848.0,268.2,34.3,10.3,RIGHT,33.026,1.039,23.51,0.095,0.0,inf
5079,BRA_A,BRA,LEFT,5081,hand,left,9.636,arm,9.702,124.07,4.39,6.68,1728.0,377.9,33.475,7.6,RIGHT,30.307,1.105,96.42,0.249,2.0,inf
5079,BRA_B,BRA,LEFT,5081,hand,left,11.53,thigh,11.531,103.415,3.66,3.91,1728.0,377.9,33.475,7.6,RIGHT,25.262,1.325,115.36,0.704,2.0,inf
5079,ISR_A,ISR,RIGHT,5081,hand,left,1.538,arm,1.572,126.77,12.71,6.26,1728.0,377.9,33.475,7.6,RIGHT,30.967,1.081,15.44,0.195,0.0,inf
5079,ISR_B,ISR,RIGHT,5078,head,,2.017,,,135.738,15.38,6.95,1728.0,377.9,33.475,7.6,RIGHT,33.157,1.01,20.2,0.024,0.0,inf
5085,BRA_A,BRA,LEFT,5087,foot,left,8.611,thigh,8.652,124.101,4.46,6.69,1629.0,566.6,30.0,11.3,RIGHT,30.315,0.99,86.17,0.026,2.0,inf
5085,BRA_B,BRA,LEFT,5087,foot,left,9.637,thigh,9.662,108.45,4.14,4.68,1629.0,566.6,30.0,11.3,RIGHT,26.492,1.132,96.43,0.311,2.0,inf
5085,ISR_A,ISR,RIGHT,5087,arm,left,-0.03,hand,-0.009,142.658,12.18,7.86,1629.0,566.6,30.0,11.3,RIGHT,34.848,0.861,0.06,0.374,0.0,0.434
5085,ISR_B,ISR,RIGHT,5086,foot,left,1.497,shin,1.697,136.594,15.4,7.03,1629.0,566.6,30.0,11.3,RIGHT,33.367,0.899,15.0,0.266,0.0,inf
5091,BRA_A,BRA,LEFT,5091,foot,left,8.056,thigh,8.157,124.109,4.46,6.69,1521.0,816.0,30.575,92.2,RIGHT,30.317,1.009,80.56,0.021,2.0,inf
5091,BRA_B,BRA,LEFT,5093,foot,left,8.828,shin,8.914,108.398,4.4,4.7,1521.0,816.0,30.575,92.2,RIGHT,26.479,1.155,88.34,0.36,2.0,inf
5091,ISR_A,ISR,RIGHT,5091,thigh,left,-0.151,knee,-0.131,143.956,12.18,7.96,1521.0,816.0,30.575,92.2,RIGHT,35.165,0.869,0.0,0.35,0.0,0.35
5091,ISR_B,ISR,RIGHT,5090,knee,right,2.174,shin,2.184,137.045,15.43,7.07,1521.0,816.0,30.575,92.2,RIGHT,33.477,0.913,21.77,0.227,0.0,inf
5111,BRA_A,BRA,LEFT,5113,head,,7.239,shoulder,7.44,125.313,4.77,6.8,1406.0,178.0,35.25,24.1,RIGHT,30.611,1.152,72.45,0.353,2.0,inf
5111,BRA_B,BRA,LEFT,5113,head,,8.454,shoulder,8.524,102.786,4.27,3.75,1406.0,178.0,35.25,24.1,RIGHT,25.108,1.404,84.6,0.848,2.0,inf
5111,ISR_A,ISR,RIGHT,5109,head,,2.855,chest,2.975,145.084,11.89,8.15,1406.0,178.0,35.25,24.1,RIGHT,35.441,0.995,28.61,0.013,0.0,inf
5111,ISR_B,ISR,RIGHT,5109,head,,2.706,shoulder,2.919,129.751,13.29,6.53,1406.0,178.0,35.25,24.1,RIGHT,31.695,1.112,27.12,0.266,0.0,inf
5116,BRA_A,BRA,LEFT,5118,head,,6.805,shoulder,6.94,125.505,4.89,6.81,1374.0,226.9,31.3,9.7,RIGHT,30.658,1.021,68.11,0.052,2.0,inf
5116,BRA_B,BRA,LEFT,5118,foot,left,7.885,head,7.914,104.949,4.19,4.13,1374.0,226.9,31.3,9.7,RIGHT,25.637,1.221,78.91,0.499,2.0,inf
5116,ISR_A,ISR,RIGHT,5118,head,,2.818,shoulder,2.982,147.047,12.12,8.26,1374.0,226.9,31.3,9.7,RIGHT,35.92,0.871,28.24,0.344,0.0,inf
5116,ISR_B,ISR,RIGHT,5118,hand,right,2.234,arm,2.272,128.323,12.01,6.49,1374.0,226.9,31.3,9.7,RIGHT,31.346,0.999,22.4,0.004,0.0,inf
5121,BRA_A,BRA,LEFT,5123,head,,6.254,shoulder,6.4,126.067,4.81,6.88,1318.8,289.8,28.6,15.7,RIGHT,30.795,0.929,62.6,0.185,2.0,inf
5121,BRA_B,BRA,LEFT,5122,foot,left,7.365,thigh,7.483,105.387,4.21,4.29,1318.8,289.8,28.6,15.7,RIGHT,25.744,1.111,73.68,0.263,2.0,inf
5121,ISR_A,ISR,RIGHT,5123,head,,2.225,shoulder,2.427,147.047,12.2,8.24,1318.8,289.8,28.6,15.7,RIGHT,35.92,0.796,22.31,0.57,0.0,inf
5121,ISR_B,ISR,RIGHT,5123,hand,right,0.843,arm,0.906,126.415,11.69,6.31,1318.8,289.8,28.6,15.7,RIGHT,30.88,0.926,8.49,0.192,0.0,inf
5127,BRA_A,BRA,LEFT,5129,head,,5.058,shoulder,5.148,127.651,4.52,7.08,1263.0,468.7,28.95,48.3,RIGHT,31.182,0.928,50.64,0.186,2.0,inf
5127,BRA_B,BRA,LEFT,5129,thigh,left,6.085,foot,6.086,104.808,3.63,4.1,1263.0,468.7,28.95,48.3,RIGHT,25.602,1.131,60.91,0.307,2.0,inf
5127,ISR_A,ISR,RIGHT,5127,head,,1.854,shoulder,2.038,146.877,12.25,8.21,1263.0,468.7,28.95,48.3,RIGHT,35.878,0.807,18.54,0.536,0.0,inf
5127,ISR_B,ISR,RIGHT,5127,head,,0.028,hand,0.078,124.239,11.17,6.04,1263.0,468.7,28.95,48.3,RIGHT,30.349,0.954,0.28,0.118,0.0,0.398
5133,BRA_A,BRA,LEFT,5135,foot,left,2.463,shin,2.518,132.684,4.5,7.7,895.5,496.5,30.0,7.0,LEFT,32.412,0.926,24.69,0.193,0.0,inf
5133,BRA_B,BRA,LEFT,5135,foot,left,2.464,shin,2.585,103.476,3.41,3.9,895.5,496.5,30.0,7.0,LEFT,25.277,1.187,24.7,0.428,0.0,inf
5133,ISR_A,ISR,RIGHT,5131,head,,3.289,chest,3.48,146.766,12.24,8.25,895.5,496.5,30.0,7.0,LEFT,35.851,0.837,32.95,0.445,2.0,inf
5133,ISR_B,ISR,RIGHT,5131,head,,1.257,shoulder,1.488,125.888,10.68,6.34,895.5,496.5,30.0,7.0,LEFT,30.751,0.976,12.63,0.062,2.0,inf
5143,BRA_A,BRA,LEFT,5143,head,,-0.079,chest,-0.06,133.784,3.69,7.76,303.0,684.0,29.6,83.9,LEFT,32.68,0.906,0.0,0.247,0.0,0.247
5143,BRA_B,BRA,LEFT,5141,foot,right,0.235,shin,0.32,104.092,3.36,4.05,303.0,684.0,29.6,83.9,LEFT,25.427,1.164,2.41,0.38,0.0,2.79
5143,ISR_A,ISR,RIGHT,5141,thigh,left,7.497,knee,7.517,140.987,12.37,7.71,303.0,684.0,29.6,83.9,LEFT,34.44,0.859,75.03,0.379,2.0,inf
5143,ISR_B,ISR,RIGHT,5141,hand,left,4.787,arm,4.895,132.793,9.66,7.16,303.0,684.0,29.6,83.9,LEFT,32.438,0.913,47.93,0.229,2.0,inf
5148,BRA_A,BRA,LEFT,5146,arm,left,0.988,head,1.001,133.784,3.32,7.81,312.4,449.2,28.9,7.9,LEFT,32.68,0.884,9.94,0.307,0.0,inf
5148,BRA_B,BRA,LEFT,5147,shoulder,right,0.432,arm,0.52,105.199,3.49,4.38,312.4,449.2,28.9,7.9,LEFT,25.698,1.125,4.35,0.294,0.0,4.644
5148,ISR_A,ISR,RIGHT,5146,hand,right,8.375,thigh,8.385,139.589,12.38,7.57,312.4,449.2,28.9,7.9,LEFT,34.098,0.848,83.81,0.414,2.0,inf
5148,ISR_B,ISR,RIGHT,5146,hand,left,5.984,head,5.997,133.163,9.92,7.18,312.4,449.2,28.9,7.9,LEFT,32.529,0.888,59.9,0.296,2.0,inf
5153,BRA_A,BRA,LEFT,5151,arm,left,2.572,shoulder,2.586,140.479,3.24,8.46,322.3,286.5,27.2,9.1,LEFT,34.316,0.793,25.78,0.581,0.0,inf
5153,BRA_B,BRA,LEFT,5151,head,,1.147,chest,1.299,105.828,3.55,4.21,322.3,286.5,27.2,9.1,LEFT,25.851,1.052,11.53,0.127,0.0,inf
5153,ISR_A,ISR,RIGHT,5151,hand,left,8.586,arm,8.693,134.73,12.53,7.1,322.3,286.5,27.2,9.1,LEFT,32.911,0.826,85.92,0.476,2.0,inf
5153,ISR_B,ISR,RIGHT,5151,head,,6.366,shoulder,6.524,133.157,10.1,7.15,322.3,286.5,27.2,9.1,LEFT,32.527,0.836,63.72,0.447,2.0,inf
5174,BRA_A,BRA,LEFT,5176,head,,2.055,chest,2.295,134.29,3.89,7.52,470.8,245.9,23.725,34.9,LEFT,32.804,0.723,20.61,0.81,0.0,inf
5174,BRA_B,BRA,LEFT,5176,head,,0.068,chest,0.338,96.523,3.87,2.67,470.8,245.9,23.725,34.9,LEFT,23.578,1.006,0.74,0.016,0.0,0.756
5174,ISR_A,ISR,RIGHT,5176,hand,right,8.658,head,8.694,117.094,13.48,5.04,470.8,245.9,23.725,34.9,LEFT,28.603,0.829,86.64,0.467,2.0,inf
5174,ISR_B,ISR,RIGHT,5176,head,,6.168,chest,6.376,137.371,11.25,7.45,470.8,245.9,23.725,34.9,LEFT,33.556,0.707,61.74,0.867,2.0,inf
5179,BRA_A,BRA,LEFT,5179,head,,1.749,chest,1.968,131.585,4.24,7.79,508.5,364.3,23.725,51.2,LEFT,32.143,0.738,17.49,0.759,0.0,inf
5179,BRA_B,BRA,LEFT,5179,head,,-0.223,chest,-0.151,96.523,3.82,2.52,508.5,364.3,23.725,51.2,LEFT,23.578,1.006,0.0,0.016,0.0,0.016
5179,ISR_A,ISR,RIGHT,5178,hand,right,8.687,arm,8.762,114.52,13.6,4.69,508.5,364.3,23.725,51.2,LEFT,27.975,0.848,86.9,0.412,2.0,inf
5179,ISR_B,ISR,RIGHT,5179,head,,6.092,shoulder,6.248,137.466,11.38,7.47,508.5,364.3,23.725,51.2,LEFT,33.58,0.707,60.92,0.868,2.0,inf
5188,BRA_A,BRA,LEFT,5186,head,,2.678,chest,2.912,129.349,5.1,7.21,582.8,152.1,27.15,9.4,LEFT,31.597,0.859,26.84,0.379,0.0,inf
5188,BRA_B,BRA,LEFT,5186,head,,0.945,chest,1.189,96.077,4.09,2.5,582.8,152.1,27.15,9.4,LEFT,23.469,1.157,9.51,0.364,0.0,inf
5188,ISR_A,ISR,RIGHT,5187,head,,8.659,shoulder,8.81,112.02,13.89,4.32,582.8,152.1,27.15,9.4,LEFT,27.364,0.992,86.62,0.02,2.0,inf
5188,ISR_B,ISR,RIGHT,5186,head,,6.383,shoulder,6.562,138.398,11.59,7.53,582.8,152.1,27.15,9.4,LEFT,33.807,0.803,63.89,0.548,2.0,inf
5213,BRA_A,BRA,LEFT,5213,head,,0.013,chest,0.294,105.883,7.57,3.9,887.9,336.1,24.75,57.8,LEFT,25.865,0.957,0.13,0.11,0.0,0.24
5213,BRA_B,BRA,LEFT,5211,hand,left,2.453,arm,2.539,89.287,4.14,1.16,887.9,336.1,24.75,57.8,LEFT,21.811,1.135,24.59,0.316,0.0,inf
5213,ISR_A,ISR,RIGHT,5215,thigh,right,4.576,knee,4.596,104.725,13.7,3.24,887.9,336.1,24.75,57.8,LEFT,25.582,0.967,45.82,0.083,2.0,inf
5213,ISR_B,ISR,RIGHT,5215,head,,4.401,shoulder,4.538,135.16,12.75,7.11,887.9,336.1,24.75,57.8,LEFT,33.016,0.75,44.07,0.72,2.0,inf
5218,BRA_A,BRA,LEFT,5216,head,,0.801,chest,1.061,105.883,7.77,3.91,1123.5,216.4,24.75,42.7,RIGHT,25.865,0.957,8.07,0.11,2.0,inf
5218,BRA_B,BRA,LEFT,5216,hand,left,4.15,arm,4.213,89.724,4.11,1.26,1123.5,216.4,24.75,42.7,RIGHT,21.917,1.129,41.56,0.304,2.0,inf
5218,ISR_A,ISR,RIGHT,5220,head,,2.843,shoulder,3.032,102.533,13.42,2.9,1123.5,216.4,24.75,42.7,RIGHT,25.046,0.988,28.49,0.03,0.0,inf
5218,ISR_B,ISR,RIGHT,5220,head,,3.672,shoulder,3.804,135.661,12.64,7.23,1123.5,216.4,24.75,42.7,RIGHT,33.139,0.747,36.78,0.73,0.0,inf
5241,BRA_A,BRA,LEFT,5239,thigh,right,7.248,head,7.252,109.938,7.89,4.56,1776.0,405.0,19.175,30.0,RIGHT,26.855,0.714,72.54,0.842,2.0,inf
5241,BRA_B,BRA,LEFT,5239,hand,left,12.917,arm,12.975,90.406,3.76,1.44,1776.0,405.0,19.175,30.0,RIGHT,22.084,0.868,129.23,0.353,2.0,inf
5241,ISR_A,ISR,RIGHT,5239,head,,2.132,shoulder,2.284,102.533,13.42,2.9,1776.0,405.0,19.175,30.0,RIGHT,25.046,0.766,21.38,0.668,0.0,inf
5241,ISR_B,ISR,RIGHT,5241,head,,1.204,chest,1.425,128.161,13.72,6.34,1776.0,405.0,19.175,30.0,RIGHT,31.307,0.612,12.04,1.226,0.0,inf
5263,BRA_A,BRA,LEFT,5263,hand,right,8.474,arm,8.497,112.62,7.45,4.97,1848.0,399.8,19.875,21.4,RIGHT,27.51,0.722,84.74,0.813,2.0,inf
5263,BRA_B,BRA,LEFT,5263,foot,left,13.468,shin,13.478,98.554,3.6,3.1,1848.0,399.8,19.875,21.4,RIGHT,24.074,0.826,134.68,0.479,2.0,inf
5263,ISR_A,ISR,RIGHT,5265,head,,2.361,hand,2.476,101.745,14.39,2.66,1848.0,399.8,19.875,21.4,RIGHT,24.854,0.8,23.67,0.559,0.0,inf
5263,ISR_B,ISR,RIGHT,5263,head,,1.315,shoulder,1.486,127.931,14.05,6.27,1848.0,399.8,19.875,21.4,RIGHT,31.25,0.636,13.15,1.131,0.0,inf
5314,BRA_A,BRA,LEFT,5313,head,,-0.115,shoulder,-0.098,116.159,4.24,5.62,465.0,537.0,27.75,21.1,LEFT,28.375,0.978,0.03,0.056,0.0,0.086
5314,BRA_B,BRA,LEFT,5314,shin,right,-0.153,foot,-0.07,99.239,3.91,3.16,465.0,537.0,27.75,21.1,LEFT,24.242,1.145,0.0,0.338,0.0,0.338
5314,ISR_A,ISR,RIGHT,5313,foot,right,10.403,thigh,10.462,109.45,14.99,3.98,465.0,537.0,27.75,21.1,LEFT,26.736,1.038,104.06,0.093,2.0,inf
5342,BRA_A,BRA,LEFT,5342,head,,0.676,chest,0.931,118.038,5.21,5.89,636.8,405.7,24.35,38.5,LEFT,28.834,0.844,6.76,0.423,0.0,inf
5342,BRA_B,BRA,LEFT,5342,head,,-0.182,chest,-0.07,104.575,5.51,3.96,636.8,405.7,24.35,38.5,LEFT,25.545,0.953,0.0,0.12,0.0,0.12
5342,ISR_A,ISR,RIGHT,5342,foot,right,8.115,shin,8.195,106.997,14.24,3.55,636.8,405.7,24.35,38.5,LEFT,26.137,0.932,81.15,0.177,2.0,inf
5376,BRA_A,BRA,LEFT,5376,hand,left,-0.056,head,-0.011,101.976,8.14,3.27,921.0,325.1,26.1,61.2,LEFT,24.91,1.048,0.0,0.117,0.0,0.117
5376,BRA_B,BRA,LEFT,5376,hand,left,2.576,arm,2.653,103.669,5.06,3.82,921.0,325.1,26.1,61.2,LEFT,25.324,1.031,25.76,0.075,0.0,inf
5376,ISR_A,ISR,RIGHT,5378,head,,4.286,hand,4.311,107.483,13.93,3.65,921.0,325.1,26.1,61.2,LEFT,26.256,0.994,42.92,0.015,2.0,inf
5376,ISR_B,ISR,RIGHT,5378,hand,right,3.8,arm,3.879,124.147,12.77,5.96,921.0,325.1,26.1,61.2,LEFT,30.326,0.861,38.06,0.375,2.0,inf
5388,BRA_A,BRA,LEFT,5386,thigh,right,4.715,knee,4.735,109.397,8.55,4.41,1620.0,411.0,25.3,71.8,RIGHT,26.723,0.947,47.21,0.137,2.0,inf
5388,BRA_B,BRA,LEFT,5386,head,,8.457,shoulder,8.586,104.521,4.79,4.01,1620.0,411.0,25.3,71.8,RIGHT,25.532,0.991,84.63,0.023,2.0,inf
5388,ISR_A,ISR,RIGHT,5388,head,,-0.068,chest,0.032,109.781,14.44,3.95,1620.0,411.0,25.3,71.8,RIGHT,26.817,0.943,0.0,0.146,0.0,0.146
5388,ISR_B,ISR,RIGHT,5386,head,,1.14,shoulder,1.382,122.529,11.99,5.84,1620.0,411.0,25.3,71.8,RIGHT,29.931,0.845,11.46,0.42,0.0,inf
5394,BRA_A,BRA,LEFT,5392,torso,,6.031,thigh,6.053,109.438,8.61,4.41,1638.0,202.2,29.35,11.5,RIGHT,26.733,1.098,60.37,0.233,2.0,inf
5394,BRA_B,BRA,LEFT,5392,head,,10.007,shoulder,10.097,104.169,4.71,3.94,1638.0,202.2,29.35,11.5,RIGHT,25.446,1.153,100.13,0.357,2.0,inf
5394,ISR_A,ISR,RIGHT,5392,hand,right,0.982,arm,1.063,109.781,14.84,3.76,1638.0,202.2,29.35,11.5,RIGHT,26.817,1.094,9.88,0.226,0.0,inf
5394,ISR_B,ISR,RIGHT,5392,head,,2.518,chest,2.744,122.768,11.74,5.89,1638.0,202.2,29.35,11.5,RIGHT,29.989,0.979,25.24,0.054,0.0,inf
5423,BRA_A,BRA,LEFT,5425,head,,6.643,thigh,6.807,111.321,6.85,4.84,1528.5,164.4,25.7,10.9,RIGHT,27.193,0.945,66.49,0.141,2.0,inf
5423,BRA_B,BRA,LEFT,5425,head,,9.711,shoulder,9.821,100.703,3.99,3.42,1528.5,164.4,25.7,10.9,RIGHT,24.599,1.045,97.17,0.109,2.0,inf
5423,ISR_A,ISR,RIGHT,5425,head,,1.333,shoulder,1.496,103.709,14.63,2.99,1528.5,164.4,25.7,10.9,RIGHT,25.333,1.014,13.39,0.036,0.0,inf
5423,ISR_B,ISR,RIGHT,5425,head,,2.092,chest,2.233,107.317,13.37,3.4,1528.5,164.4,25.7,10.9,RIGHT,26.215,0.98,20.98,0.05,0.0,inf
5431,BRA_A,BRA,LEFT,5431,foot,right,6.24,thigh,6.31,112.098,6.29,5.0,1459.5,438.8,24.4,74.8,RIGHT,27.383,0.891,62.4,0.288,2.0,inf
5431,BRA_B,BRA,LEFT,5433,thigh,left,8.682,knee,8.702,100.995,4.11,3.46,1459.5,438.8,24.4,74.8,RIGHT,24.671,0.989,86.88,0.028,2.0,inf
5431,ISR_A,ISR,RIGHT,5431,head,,-0.128,chest,-0.047,105.53,13.34,3.67,1459.5,438.8,24.4,74.8,RIGHT,25.778,0.947,0.0,0.137,0.0,0.137
5431,ISR_B,ISR,RIGHT,5433,shoulder,right,-0.064,arm,0.022,92.472,14.06,0.56,1459.5,438.8,24.4,74.8,RIGHT,22.589,1.08,0.06,0.193,0.0,0.253
5470,BRA_A,BRA,LEFT,5470,head,,1.564,shoulder,1.734,115.186,5.86,5.44,855.8,379.2,22.65,56.3,LEFT,28.137,0.805,15.64,0.542,0.0,inf
5470,BRA_B,BRA,LEFT,5470,shin,left,-0.076,foot,-0.058,94.33,6.97,1.99,855.8,379.2,22.65,56.3,LEFT,23.043,0.983,0.0,0.043,0.0,0.043
5470,ISR_A,ISR,RIGHT,5468,head,,2.331,thigh,2.417,95.228,10.25,1.77,855.8,379.2,22.65,56.3,LEFT,23.262,0.974,23.37,0.067,2.0,inf
5470,ISR_B,ISR,RIGHT,5469,hand,left,4.935,arm,4.978,122.528,12.79,5.77,855.8,379.2,22.65,56.3,LEFT,29.931,0.757,49.38,0.697,2.0,inf
5510,BRA_A,BRA,LEFT,5510,foot,right,-0.077,shin,-0.048,103.129,8.07,3.47,967.5,456.7,24.4,69.2,NET,25.192,0.969,0.0,0.08,0.0,0.08
5510,BRA_B,BRA,LEFT,5510,foot,left,1.529,shin,1.61,89.309,6.47,0.96,967.5,456.7,24.4,69.2,NET,21.816,1.118,15.29,0.28,0.0,inf
5510,ISR_A,ISR,RIGHT,5510,thigh,left,3.322,knee,3.342,99.679,12.47,2.49,967.5,456.7,24.4,69.2,NET,24.349,1.002,33.22,0.005,0.0,inf
5510,ISR_B,ISR,RIGHT,5510,head,,4.117,shoulder,4.157,131.669,12.7,6.78,967.5,456.7,24.4,69.2,NET,32.164,0.759,41.17,0.691,0.0,inf
5543,BRA_A,BRA,LEFT,5543,head,,1.589,chest,1.832,112.483,7.46,4.95,919.5,240.4,24.4,46.5,LEFT,27.477,0.888,15.89,0.297,0.0,inf
5543,BRA_B,BRA,LEFT,5543,foot,left,-0.083,shin,-0.011,87.85,7.45,0.51,919.5,240.4,24.4,46.5,LEFT,21.46,1.137,0.0,0.321,0.0,0.321
5543,ISR_A,ISR,RIGHT,5545,head,,3.425,hand,3.457,100.058,12.61,2.4,919.5,240.4,24.4,46.5,LEFT,24.442,0.998,34.31,0.004,2.0,inf
5543,ISR_B,ISR,RIGHT,5545,head,,4.718,shoulder,4.766,127.45,13.22,6.29,919.5,240.4,24.4,46.5,LEFT,31.133,0.784,47.24,0.609,2.0,inf
5557,BRA_A,BRA,LEFT,5555,hand,right,5.523,arm,5.589,113.9,7.04,5.18,1576.5,604.5,27.4,93.8,RIGHT,27.823,0.985,55.29,0.038,2.0,inf
5557,BRA_B,BRA,LEFT,5555,arm,left,5.11,hand,5.234,104.055,7.76,3.65,1576.5,604.5,27.4,93.8,RIGHT,25.418,1.078,51.16,0.188,2.0,inf
5557,ISR_A,ISR,RIGHT,5555,shin,right,-0.132,foot,-0.1,102.673,13.9,2.88,1576.5,604.5,27.4,93.8,RIGHT,25.081,1.092,0.06,0.221,0.0,0.281
5557,ISR_B,ISR,RIGHT,5557,foot,right,-0.088,shin,-0.077,125.52,13.94,5.91,1576.5,604.5,27.4,93.8,RIGHT,30.661,0.894,0.0,0.281,0.0,0.281
5576,BRA_A,BRA,LEFT,5577,foot,left,2.471,head,2.58,116.612,5.87,5.65,1002.0,503.3,28.55,20.4,NET,28.485,1.002,24.74,0.006,0.0,inf
5576,BRA_B,BRA,LEFT,5578,shoulder,left,0.119,chest,0.167,110.369,7.9,4.61,1002.0,503.3,28.55,20.4,NET,26.961,1.059,1.25,0.143,0.0,1.393
5576,ISR_A,ISR,RIGHT,5574,arm,right,3.348,hand,3.401,103.029,13.77,2.77,1002.0,503.3,28.55,20.4,NET,25.167,1.134,33.54,0.315,0.0,inf
5576,ISR_B,ISR,RIGHT,5574,hand,right,3.957,arm,4.068,124.346,13.88,5.81,1002.0,503.3,28.55,20.4,NET,30.375,0.94,39.63,0.155,0.0,inf
5582,BRA_A,BRA,LEFT,5580,head,,2.711,thigh,2.757,116.574,5.62,5.67,1010.4,515.6,28.55,13.6,NET,28.476,1.003,27.17,0.006,0.0,inf
5582,BRA_B,BRA,LEFT,5580,shoulder,left,0.194,head,0.245,110.208,7.89,4.58,1010.4,515.6,28.55,13.6,NET,26.921,1.061,2.0,0.147,0.0,2.147
5582,ISR_A,ISR,RIGHT,5584,hand,right,2.468,arm,2.52,106.925,12.26,3.71,1010.4,515.6,28.55,13.6,NET,26.119,1.093,24.74,0.222,0.0,inf
5582,ISR_B,ISR,RIGHT,5584,hand,right,3.879,arm,3.968,127.666,13.31,6.35,1010.4,515.6,28.55,13.6,NET,31.186,0.915,38.85,0.221,0.0,inf
5592,BRA_A,BRA,LEFT,5590,foot,right,3.737,thigh,3.799,116.299,5.36,5.65,1093.5,621.0,28.55,35.2,RIGHT,28.409,1.005,37.43,0.012,2.0,inf
5592,BRA_B,BRA,LEFT,5590,head,,1.095,hand,1.121,110.327,7.83,4.61,1093.5,621.0,28.55,35.2,RIGHT,26.95,1.059,11.01,0.144,2.0,inf
5592,ISR_A,ISR,RIGHT,5593,shin,right,0.023,foot,0.094,115.667,10.55,5.11,1093.5,621.0,28.55,35.2,RIGHT,28.255,1.01,0.26,0.026,0.0,0.286
5592,ISR_B,ISR,RIGHT,5594,hand,right,2.379,arm,2.492,136.566,12.49,7.28,1093.5,621.0,28.55,35.2,RIGHT,33.36,0.856,23.85,0.389,0.0,inf
5599,BRA_A,BRA,LEFT,5597,head,,4.429,hand,4.444,116.328,5.24,5.65,1146.7,438.0,28.5,8.4,RIGHT,28.416,1.003,44.35,0.007,2.0,inf
5599,BRA_B,BRA,LEFT,5597,head,,1.818,hand,1.905,110.09,7.72,4.59,1146.7,438.0,28.5,8.4,RIGHT,26.892,1.06,18.24,0.145,2.0,inf
5599,ISR_A,ISR,RIGHT,5597,head,,0.333,shoulder,0.46,121.924,9.92,5.95,1146.7,438.0,28.5,8.4,RIGHT,29.783,0.957,3.39,0.11,0.0,3.5
5599,ISR_B,ISR,RIGHT,5598,hand,right,2.229,arm,2.308,138.542,12.19,7.48,1146.7,438.0,28.5,8.4,RIGHT,33.842,0.842,22.32,0.43,0.0,inf
5605,BRA_A,BRA,LEFT,5603,head,,5.054,chest,5.186,119.805,5.11,6.12,1213.5,322.3,29.6,7.4,RIGHT,29.266,1.011,50.6,0.028,2.0,inf
5605,BRA_B,BRA,LEFT,5603,shoulder,left,3.134,head,3.142,109.613,7.27,4.57,1213.5,322.3,29.6,7.4,RIGHT,26.776,1.105,31.4,0.251,2.0,inf
5605,ISR_A,ISR,RIGHT,5603,head,,1.696,chest,1.81,121.954,9.61,5.94,1213.5,322.3,29.6,7.4,RIGHT,29.79,0.994,17.02,0.016,0.0,inf
5605,ISR_B,ISR,RIGHT,5603,head,,2.501,shoulder,2.673,138.819,11.87,7.45,1213.5,322.3,29.6,7.4,RIGHT,33.91,0.873,25.07,0.34,0.0,inf
5612,BRA_A,BRA,LEFT,5610,head,,5.935,chest,6.085,121.262,4.98,6.32,1287.1,300.5,34.85,10.0,RIGHT,29.621,1.177,59.41,0.406,2.0,inf
5612,BRA_B,BRA,LEFT,5610,hand,left,4.423,arm,4.455,106.21,6.63,4.11,1287.1,300.5,34.85,10.0,RIGHT,25.944,1.343,44.29,0.738,2.0,inf
5612,ISR_A,ISR,RIGHT,5614,hand,left,2.378,arm,2.381,120.627,9.74,5.81,1287.1,300.5,34.85,10.0,RIGHT,29.466,1.183,23.84,0.42,0.0,inf
5612,ISR_B,ISR,RIGHT,5614,head,,2.363,chest,2.609,149.954,11.32,8.54,1287.1,300.5,34.85,10.0,RIGHT,36.63,0.951,23.69,0.125,0.0,inf
5619,BRA_A,BRA,LEFT,5617,head,,6.495,shoulder,6.63,123.656,4.77,6.61,1366.5,409.5,37.85,18.2,RIGHT,30.206,1.253,65.01,0.564,2.0,inf
5619,BRA_B,BRA,LEFT,5617,thigh,left,5.824,knee,5.844,104.505,5.82,3.88,1366.5,409.5,37.85,18.2,RIGHT,25.528,1.483,58.3,0.985,2.0,inf
5619,ISR_A,ISR,RIGHT,5621,hand,left,1.337,arm,1.358,119.828,10.12,5.69,1366.5,409.5,37.85,18.2,RIGHT,29.271,1.293,13.43,0.643,0.0,inf
5619,ISR_B,ISR,RIGHT,5621,hand,right,1.471,arm,1.533,155.231,11.31,8.94,1366.5,409.5,37.85,18.2,RIGHT,37.919,0.998,14.77,0.005,0.0,inf
5627,BRA_A,BRA,LEFT,5629,head,,6.44,foot,6.49,127.772,4.22,7.12,1408.5,695.2,37.5,104.4,RIGHT,31.212,1.201,64.46,0.459,2.0,inf
5627,BRA_B,BRA,LEFT,5629,hand,left,6.651,arm,6.7,102.745,4.65,3.71,1408.5,695.2,37.5,104.4,RIGHT,25.098,1.494,66.57,1.004,2.0,inf
5627,ISR_A,ISR,RIGHT,5629,hand,left,0.481,arm,0.578,117.148,10.36,5.32,1408.5,695.2,37.5,104.4,RIGHT,28.616,1.31,4.87,0.676,0.0,inf
5627,ISR_B,ISR,RIGHT,5627,head,,-0.019,chest,0.181,156.227,11.29,9.14,1408.5,695.2,37.5,104.4,RIGHT,38.162,0.983,0.0,0.044,0.0,0.044
5637,BRA_A,BRA,LEFT,5639,head,,3.789,chest,4.001,127.49,4.0,7.11,897.0,312.8,32.05,7.5,LEFT,31.143,1.029,37.95,0.072,0.0,inf
5637,BRA_B,BRA,LEFT,5639,arm,left,3.381,hand,3.403,100.429,3.79,3.39,897.0,312.8,32.05,7.5,LEFT,24.532,1.306,33.87,0.668,0.0,inf
5637,ISR_A,ISR,RIGHT,5635,head,,1.882,shoulder,1.984,114.088,10.7,4.87,897.0,312.8,32.05,7.5,LEFT,27.869,1.15,18.88,0.349,2.0,inf
5637,ISR_B,ISR,RIGHT,5635,hand,right,3.357,arm,3.434,155.697,11.7,8.94,897.0,312.8,32.05,7.5,LEFT,38.033,0.843,33.63,0.428,2.0,inf
5645,BRA_A,BRA,LEFT,5647,head,,2.553,chest,2.734,124.859,3.64,6.83,570.4,227.4,28.425,7.4,LEFT,30.5,0.932,25.59,0.176,0.0,inf
5645,BRA_B,BRA,LEFT,5647,head,,1.985,shoulder,2.096,98.781,2.63,3.2,570.4,227.4,28.425,7.4,LEFT,24.13,1.178,19.91,0.41,0.0,inf
5645,ISR_A,ISR,RIGHT,5643,head,,5.504,shoulder,5.653,113.932,11.24,4.81,570.4,227.4,28.425,7.4,LEFT,27.831,1.021,55.1,0.053,2.0,inf
5645,ISR_B,ISR,RIGHT,5643,head,,5.759,chest,6.006,165.002,11.79,9.57,570.4,227.4,28.425,7.4,LEFT,40.306,0.705,57.65,0.873,2.0,inf
5652,BRA_A,BRA,LEFT,5654,head,,1.576,chest,1.798,122.455,3.54,6.58,378.8,264.2,25.55,23.0,LEFT,29.913,0.854,15.82,0.394,0.0,inf
5652,BRA_B,BRA,LEFT,5654,head,,0.721,shoulder,0.887,100.392,2.09,3.53,378.8,264.2,25.55,23.0,LEFT,24.523,1.042,7.27,0.103,0.0,inf
5652,ISR_A,ISR,RIGHT,5650,head,,7.95,shoulder,8.052,112.728,11.82,4.6,378.8,264.2,25.55,23.0,LEFT,27.537,0.928,79.56,0.187,2.0,inf
5652,ISR_B,ISR,RIGHT,5650,head,,7.362,shoulder,7.495,165.015,11.82,9.57,378.8,264.2,25.55,23.0,LEFT,40.309,0.634,73.68,1.14,2.0,inf
5658,BRA_A,BRA,LEFT,5657,head,,1.257,chest,1.458,121.552,3.61,6.45,253.7,364.5,24.55,39.4,LEFT,29.692,0.827,12.6,0.475,0.0,inf
5658,BRA_B,BRA,LEFT,5658,head,,0.009,chest,0.168,100.154,1.6,3.51,253.7,364.5,24.55,39.4,LEFT,24.465,1.003,0.09,0.009,0.0,0.099
5658,ISR_A,ISR,RIGHT,5656,head,,9.629,foot,9.631,111.086,12.23,4.39,253.7,364.5,24.55,39.4,LEFT,27.136,0.905,96.35,0.25,2.0,inf
5658,ISR_B,ISR,RIGHT,5656,hand,left,8.168,head,8.172,164.849,12.15,9.53,253.7,364.5,24.55,39.4,LEFT,40.268,0.61,81.74,1.237,2.0,inf
5663,BRA_A,BRA,LEFT,5661,head,,1.952,chest,2.141,121.602,3.86,6.45,282.2,232.5,25.55,8.5,LEFT,29.704,0.86,19.58,0.377,0.0,inf
5663,BRA_B,BRA,LEFT,5661,head,,0.919,hand,1.018,98.979,1.25,3.36,282.2,232.5,25.55,8.5,LEFT,24.178,1.057,9.25,0.138,0.0,inf
5663,ISR_A,ISR,RIGHT,5661,thigh,right,10.106,knee,10.126,110.196,12.59,4.16,282.2,232.5,25.55,8.5,LEFT,26.918,0.949,101.12,0.13,2.0,inf
5663,ISR_B,ISR,RIGHT,5661,shoulder,left,8.372,head,8.385,164.735,12.35,9.51,282.2,232.5,25.55,8.5,LEFT,40.241,0.635,83.78,1.136,2.0,inf
5689,BRA_A,BRA,LEFT,5691,hand,left,0.755,arm,0.85,105.24,5.75,4.02,594.0,313.4,25.825,8.7,LEFT,25.708,1.005,7.61,0.011,0.0,inf
5689,BRA_B,BRA,LEFT,5691,hand,left,1.156,arm,1.227,97.191,3.49,2.83,594.0,313.4,25.825,8.7,LEFT,23.741,1.088,11.62,0.21,0.0,inf
5689,ISR_A,ISR,RIGHT,5691,hand,right,7.852,arm,7.918,104.066,13.81,3.12,594.0,313.4,25.825,8.7,LEFT,25.421,1.016,78.58,0.039,2.0,inf
5689,ISR_B,ISR,RIGHT,5691,hand,left,6.759,arm,6.769,145.507,12.88,8.05,594.0,313.4,25.825,8.7,LEFT,35.544,0.727,67.65,0.799,2.0,inf
5694,BRA_A,BRA,LEFT,5694,chest,,0.111,shoulder,0.144,105.007,5.78,3.98,659.2,440.2,24.55,49.8,LEFT,25.651,0.957,1.11,0.11,0.0,1.22
5694,BRA_B,BRA,LEFT,5695,hand,left,0.912,arm,0.953,96.839,3.98,2.72,659.2,440.2,24.55,49.8,LEFT,23.655,1.038,9.15,0.093,0.0,inf
5694,ISR_A,ISR,RIGHT,5695,hand,right,6.966,arm,7.07,103.299,13.51,3.02,659.2,440.2,24.55,49.8,LEFT,25.233,0.973,69.69,0.069,2.0,inf
5694,ISR_B,ISR,RIGHT,5694,hand,left,6.508,shoulder,6.525,142.895,12.99,7.81,659.2,440.2,24.55,49.8,LEFT,34.906,0.703,65.08,0.88,2.0,inf
5729,BRA_A,BRA,LEFT,5729,head,,1.492,chest,1.713,108.893,5.7,4.59,780.0,308.6,24.35,53.5,LEFT,26.6,0.915,14.92,0.221,0.0,inf
5729,BRA_B,BRA,LEFT,5729,head,,-0.099,chest,0.131,96.45,6.55,2.34,780.0,308.6,24.35,53.5,LEFT,23.56,1.034,0.0,0.082,0.0,0.082
5729,ISR_A,ISR,RIGHT,5731,head,,5.613,shoulder,5.745,103.069,13.85,2.79,780.0,308.6,24.35,53.5,LEFT,25.177,0.967,56.19,0.084,2.0,inf
5729,ISR_B,ISR,RIGHT,5731,head,,5.655,shoulder,5.804,133.065,13.17,6.88,780.0,308.6,24.35,53.5,LEFT,32.505,0.749,56.61,0.722,2.0,inf
5753,BRA_A,BRA,LEFT,5751,foot,left,9.941,hand,9.954,112.401,4.96,5.15,1789.5,509.2,25.15,32.0,RIGHT,27.457,0.916,99.47,0.219,2.0,inf
5753,BRA_B,BRA,LEFT,5751,thigh,left,9.491,knee,9.511,101.086,6.08,3.3,1789.5,509.2,25.15,32.0,RIGHT,24.693,1.019,94.97,0.046,2.0,inf
5753,ISR_A,ISR,RIGHT,5751,thigh,left,-0.127,torso,-0.111,109.721,15.49,3.85,1789.5,509.2,25.15,32.0,RIGHT,26.802,0.938,0.06,0.159,0.0,0.219
5753,ISR_B,ISR,RIGHT,5754,head,,0.12,shoulder,0.249,124.486,14.71,5.83,1789.5,509.2,25.15,32.0,RIGHT,30.409,0.827,1.23,0.475,0.0,1.705
5764,BRA_A,BRA,LEFT,5766,foot,right,9.129,shin,9.336,116.299,4.85,5.69,1684.5,542.2,27.35,30.8,RIGHT,28.409,0.963,91.35,0.095,2.0,inf
5764,BRA_B,BRA,LEFT,5766,hand,left,9.531,arm,9.585,98.909,5.54,3.0,1684.5,542.2,27.35,30.8,RIGHT,24.161,1.132,95.37,0.31,2.0,inf
5764,ISR_A,ISR,RIGHT,5762,foot,right,0.461,shin,0.473,113.502,16.35,4.33,1684.5,542.2,27.35,30.8,RIGHT,27.726,0.986,4.67,0.034,0.0,inf
5764,ISR_B,ISR,RIGHT,5763,shoulder,left,-0.101,arm,-0.077,123.328,14.66,5.54,1684.5,542.2,27.35,30.8,RIGHT,30.126,0.908,0.03,0.242,0.0,0.272
5798,BRA_A,BRA,LEFT,5799,shoulder,right,5.742,arm,5.743,118.876,4.47,6.06,1194.0,393.8,21.4,24.9,RIGHT,29.038,0.737,57.45,0.763,2.0,inf
5798,BRA_B,BRA,LEFT,5800,arm,left,5.958,shoulder,5.972,99.976,4.31,3.24,1194.0,393.8,21.4,24.9,RIGHT,24.422,0.876,59.64,0.33,2.0,inf
5798,ISR_A,ISR,RIGHT,5796,head,,3.02,hand,3.108,106.706,14.41,3.49,1194.0,393.8,21.4,24.9,RIGHT,26.066,0.821,30.26,0.493,0.0,inf
5798,ISR_B,ISR,RIGHT,5796,head,,4.025,shoulder,4.066,131.917,14.37,6.66,1194.0,393.8,21.4,24.9,RIGHT,32.224,0.664,40.31,1.023,0.0,inf
5852,BRA_A,BRA,LEFT,5854,head,,4.443,shoulder,4.463,130.337,5.69,7.36,1151.2,286.8,32.95,10.1,RIGHT,31.838,1.035,44.49,0.086,2.0,inf
5852,BRA_B,BRA,LEFT,5854,foot,left,5.616,thigh,5.706,107.244,4.41,4.47,1151.2,286.8,32.95,10.1,RIGHT,26.197,1.258,56.22,0.573,2.0,inf
5852,ISR_A,ISR,RIGHT,5854,head,,1.453,shoulder,1.621,123.094,10.82,6.01,1151.2,286.8,32.95,10.1,RIGHT,30.069,1.096,14.59,0.229,0.0,inf
5852,ISR_B,ISR,RIGHT,5854,hand,left,1.407,arm,1.478,137.547,9.89,7.6,1151.2,286.8,32.95,10.1,RIGHT,33.599,0.981,14.13,0.049,0.0,inf
5860,BRA_A,BRA,LEFT,5862,head,,3.036,shoulder,3.05,132.223,5.3,7.49,1105.5,480.0,31.5,61.6,RIGHT,32.299,0.975,30.42,0.063,2.0,inf
5860,BRA_B,BRA,LEFT,5862,hand,left,4.238,arm,4.302,107.05,3.78,4.48,1105.5,480.0,31.5,61.6,RIGHT,26.15,1.205,42.44,0.465,2.0,inf
5860,ISR_A,ISR,RIGHT,5860,shoulder,right,1.097,hand,1.164,122.957,11.07,5.92,1105.5,480.0,31.5,61.6,RIGHT,30.035,1.049,10.97,0.119,0.0,inf
5860,ISR_B,ISR,RIGHT,5860,head,,0.104,chest,0.289,129.077,9.85,6.76,1105.5,480.0,31.5,61.6,RIGHT,31.53,0.999,1.04,0.002,0.0,1.042
5873,BRA_A,BRA,LEFT,5871,head,,0.139,shoulder,0.21,133.908,4.72,7.7,317.4,620.2,28.1,80.8,LEFT,32.71,0.859,1.45,0.38,0.0,1.83
5873,BRA_B,BRA,LEFT,5873,shin,left,-0.139,thigh,-0.091,111.767,3.07,5.12,317.4,620.2,28.1,80.8,LEFT,27.302,1.029,0.0,0.072,0.0,0.072
5873,ISR_A,ISR,RIGHT,5871,foot,right,7.127,shin,7.237,119.079,11.44,5.44,317.4,620.2,28.1,80.8,LEFT,29.088,0.966,71.33,0.086,2.0,inf
5873,ISR_B,ISR,RIGHT,5871,thigh,right,4.616,knee,4.636,132.302,9.44,7.13,317.4,620.2,28.1,80.8,LEFT,32.318,0.869,46.22,0.35,2.0,inf
5972,BRA_B,BRA,LEFT,5974,hand,right,1.21,head,1.278,101.734,4.61,3.44,458.3,227.0,25.85,7.6,LEFT,24.851,1.04,12.16,0.099,0.0,inf
5972,ISR_A,ISR,RIGHT,5974,head,,9.797,shoulder,9.927,107.612,14.52,3.6,458.3,227.0,25.85,7.6,LEFT,26.287,0.983,98.03,0.042,2.0,inf
5972,ISR_B,ISR,RIGHT,5974,head,,8.455,hand,8.488,131.102,13.45,6.67,458.3,227.0,25.85,7.6,LEFT,32.025,0.807,84.61,0.536,2.0,inf
5978,BRA_B,BRA,LEFT,5978,head,,0.049,chest,0.196,103.304,4.91,3.78,593.6,381.0,25.9,41.1,LEFT,25.235,1.026,0.49,0.065,0.0,0.555
5978,ISR_A,ISR,RIGHT,5980,head,,8.241,shoulder,8.367,111.59,14.32,4.26,593.6,381.0,25.9,41.1,LEFT,27.259,0.95,82.47,0.128,2.0,inf
5978,ISR_B,ISR,RIGHT,5980,head,,7.571,hand,7.668,131.102,13.75,6.58,593.6,381.0,25.9,41.1,LEFT,32.025,0.809,75.77,0.531,2.0,inf
5986,BRA_A,BRA,LEFT,5984,foot,left,6.768,thigh,7.09,110.946,0.13,5.16,801.0,192.4,28.5,7.0,LEFT,27.101,1.052,67.74,0.126,0.0,inf
5986,BRA_B,BRA,LEFT,5984,head,,1.737,shoulder,1.909,104.393,5.2,3.97,801.0,192.4,28.5,7.0,LEFT,25.501,1.118,17.43,0.278,0.0,inf
5986,ISR_A,ISR,RIGHT,5988,head,,6.894,shoulder,7.004,110.686,14.46,4.08,801.0,192.4,28.5,7.0,LEFT,27.038,1.054,69.0,0.132,2.0,inf
5986,ISR_B,ISR,RIGHT,5988,head,,6.705,hand,6.881,130.971,13.84,6.6,801.0,192.4,28.5,7.0,LEFT,31.993,0.891,67.11,0.289,2.0,inf
6014,BRA_A,BRA,LEFT,6012,foot,left,12.448,shin,12.593,114.457,1.88,5.72,1734.0,619.5,30.7,71.7,RIGHT,27.959,1.098,124.54,0.234,2.0,inf
6014,BRA_B,BRA,LEFT,6012,thigh,left,9.879,knee,9.899,105.356,4.97,4.08,1734.0,619.5,30.7,71.7,RIGHT,25.736,1.193,98.85,0.441,2.0,inf
6014,ISR_A,ISR,RIGHT,6012,hand,left,0.839,foot,0.874,109.443,13.74,3.91,1734.0,619.5,30.7,71.7,RIGHT,26.734,1.148,8.45,0.346,0.0,inf
6014,ISR_B,ISR,RIGHT,6014,hand,right,-0.038,shoulder,-0.016,140.046,14.12,7.49,1734.0,619.5,30.7,71.7,RIGHT,34.21,0.897,0.0,0.271,0.0,0.271
6028,BRA_A,BRA,LEFT,6030,thigh,left,10.241,knee,10.261,118.664,3.1,6.14,1572.0,274.1,32.1,11.8,RIGHT,28.987,1.107,102.47,0.255,2.0,inf
6028,BRA_B,BRA,LEFT,6030,head,,9.139,shoulder,9.144,106.313,4.4,4.31,1572.0,274.1,32.1,11.8,RIGHT,25.97,1.236,91.45,0.53,2.0,inf
6028,ISR_A,ISR,RIGHT,6028,head,,2.227,shoulder,2.328,111.098,12.04,4.34,1572.0,274.1,32.1,11.8,RIGHT,27.138,1.183,22.27,0.42,0.0,inf
6028,ISR_B,ISR,RIGHT,6028,head,,2.311,shoulder,2.481,138.201,13.68,7.33,1572.0,274.1,32.1,11.8,RIGHT,33.759,0.951,23.11,0.126,0.0,inf
6047,BRA_A,BRA,LEFT,6048,foot,right,6.539,hand,6.573,122.425,4.17,6.52,1279.5,509.6,27.35,55.4,RIGHT,29.906,0.915,65.42,0.223,2.0,inf
6047,BRA_B,BRA,LEFT,6047,foot,left,6.602,thigh,6.685,108.062,4.31,4.58,1279.5,509.6,27.35,55.4,RIGHT,26.397,1.036,66.02,0.089,2.0,inf
6047,ISR_A,ISR,RIGHT,6047,head,,-0.178,chest,-0.089,121.521,11.02,5.82,1279.5,509.6,27.35,55.4,RIGHT,29.685,0.921,0.0,0.205,0.0,0.205
6047,ISR_B,ISR,RIGHT,6047,head,,1.214,hand,1.261,137.664,12.06,7.35,1279.5,509.6,27.35,55.4,RIGHT,33.628,0.813,12.14,0.517,0.0,inf
6079,BRA_A,BRA,LEFT,6081,head,,2.733,chest,2.946,132.499,5.93,7.47,1046.2,380.2,27.0,43.1,RIGHT,32.366,0.834,27.39,0.453,2.0,inf
6079,BRA_B,BRA,LEFT,6081,head,,3.37,shoulder,3.495,102.501,4.85,3.84,1046.2,380.2,27.0,43.1,RIGHT,25.039,1.078,33.76,0.189,2.0,inf
6079,ISR_A,ISR,RIGHT,6078,head,,2.487,shoulder,2.503,114.619,12.15,4.83,1046.2,380.2,27.0,43.1,RIGHT,27.999,0.964,24.9,0.091,0.0,inf
6079,ISR_B,ISR,RIGHT,6079,head,,0.112,chest,0.405,111.045,9.74,4.51,1046.2,380.2,27.0,43.1,RIGHT,27.126,0.995,1.12,0.012,0.0,1.132
6092,BRA_A,BRA,LEFT,6092,head,,1.697,chest,1.904,132.576,5.69,7.49,568.5,318.0,25.55,40.2,LEFT,32.385,0.789,16.97,0.593,0.0,inf
6092,BRA_B,BRA,LEFT,6092,head,,-0.029,chest,0.262,99.868,4.92,3.19,568.5,318.0,25.55,40.2,LEFT,24.395,1.047,0.0,0.116,0.0,0.116
6092,ISR_A,ISR,RIGHT,6090,head,,7.098,shoulder,7.157,113.902,12.7,4.69,568.5,318.0,25.55,40.2,LEFT,27.824,0.918,71.04,0.213,2.0,inf
6092,ISR_B,ISR,RIGHT,6090,head,,3.838,hand,3.898,114.621,9.1,4.88,568.5,318.0,25.55,40.2,LEFT,27.999,0.913,38.44,0.229,2.0,inf
6132,BRA_A,BRA,LEFT,6133,head,,-0.085,chest,0.105,101.794,5.43,3.5,662.6,428.3,22.85,50.1,LEFT,24.866,0.919,0.03,0.211,0.0,0.241
6132,BRA_B,BRA,LEFT,6131,hand,left,0.53,arm,0.603,94.756,4.31,2.27,662.6,428.3,22.85,50.1,LEFT,23.147,0.987,5.33,0.032,0.0,inf
6132,ISR_A,ISR,RIGHT,6133,head,,8.002,thigh,8.098,106.127,14.27,3.41,662.6,428.3,22.85,50.1,LEFT,25.924,0.881,80.05,0.316,2.0,inf
6132,ISR_B,ISR,RIGHT,6132,head,,5.307,chest,5.493,121.313,11.56,5.71,662.6,428.3,22.85,50.1,LEFT,29.634,0.771,53.07,0.65,2.0,inf
6168,BRA_A,BRA,LEFT,6168,head,,1.158,chest,1.372,109.695,5.87,4.69,766.5,312.0,26.25,57.4,LEFT,26.796,0.98,11.58,0.051,0.0,inf
6168,BRA_B,BRA,LEFT,6168,head,,-0.076,chest,0.144,97.368,6.29,2.47,766.5,312.0,26.25,57.4,LEFT,23.785,1.104,0.0,0.247,0.0,0.247
6168,ISR_A,ISR,RIGHT,6170,head,,5.989,shoulder,6.089,106.044,14.12,3.41,766.5,312.0,26.25,57.4,LEFT,25.904,1.013,59.95,0.033,2.0,inf
6168,ISR_B,ISR,RIGHT,6170,head,,5.366,shoulder,5.493,137.728,12.94,7.35,766.5,312.0,26.25,57.4,LEFT,33.644,0.78,53.72,0.62,2.0,inf
6186,BRA_A,BRA,LEFT,6184,head,,7.847,hand,7.893,115.634,5.53,5.55,1654.5,452.6,27.75,43.1,RIGHT,28.246,0.982,78.53,0.044,2.0,inf
6186,BRA_B,BRA,LEFT,6184,head,,6.71,thigh,6.721,106.638,6.99,4.13,1654.5,452.6,27.75,43.1,RIGHT,26.049,1.065,67.16,0.158,2.0,inf
6186,ISR_A,ISR,RIGHT,6186,chest,,-0.039,head,-0.038,110.132,14.57,3.99,1654.5,452.6,27.75,43.1,RIGHT,26.902,1.032,0.0,0.078,0.0,0.078
6186,ISR_B,ISR,RIGHT,6186,head,,1.037,chest,1.268,132.983,14.39,6.79,1654.5,452.6,27.75,43.1,RIGHT,32.484,0.854,10.37,0.394,0.0,inf
6194,BRA_A,BRA,LEFT,6192,foot,right,9.958,shin,10.113,115.464,5.36,5.56,1831.5,379.5,27.75,14.3,RIGHT,28.205,0.984,99.64,0.041,2.0,inf
6194,BRA_B,BRA,LEFT,6192,hand,left,9.147,thigh,9.184,105.125,6.78,3.91,1831.5,379.5,27.75,14.3,RIGHT,25.679,1.081,91.53,0.194,2.0,inf
6194,ISR_A,ISR,RIGHT,6192,head,,0.605,chest,0.805,115.509,15.0,4.72,1831.5,379.5,27.75,14.3,RIGHT,28.216,0.983,6.11,0.042,0.0,inf
6194,ISR_B,ISR,RIGHT,6192,head,,1.414,chest,1.621,132.26,14.34,6.78,1831.5,379.5,27.75,14.3,RIGHT,32.308,0.859,14.2,0.38,0.0,inf
6273,BRA_A,BRA,LEFT,6275,hand,left,8.544,arm,8.612,124.221,3.71,6.77,1459.5,250.3,31.575,19.0,RIGHT,30.344,1.041,85.5,0.099,2.0,inf
6273,BRA_B,BRA,LEFT,6275,head,,8.499,shoulder,8.599,106.252,4.05,4.24,1459.5,250.3,31.575,19.0,RIGHT,25.955,1.217,85.05,0.49,2.0,inf
6273,ISR_A,ISR,RIGHT,6275,head,,1.675,chest,1.964,123.801,11.4,6.04,1459.5,250.3,31.575,19.0,RIGHT,30.242,1.044,16.81,0.108,0.0,inf
6273,ISR_B,ISR,RIGHT,6275,head,,2.987,shoulder,3.236,140.438,13.98,7.55,1459.5,250.3,31.575,19.0,RIGHT,34.306,0.92,29.93,0.207,0.0,inf
6284,BRA_A,BRA,LEFT,6285,hand,right,6.296,foot,6.409,124.447,4.3,6.79,1264.5,520.5,27.75,56.6,RIGHT,30.399,0.913,62.99,0.228,2.0,inf
6284,BRA_B,BRA,LEFT,6284,foot,left,6.504,shin,6.582,107.116,4.25,4.44,1264.5,520.5,27.75,56.6,RIGHT,26.166,1.061,65.04,0.147,2.0,inf
6284,ISR_A,ISR,RIGHT,6284,head,,-0.196,chest,-0.074,123.832,10.84,6.08,1264.5,520.5,27.75,56.6,RIGHT,30.249,0.917,0.0,0.216,0.0,0.216
6284,ISR_B,ISR,RIGHT,6285,head,,1.916,hand,1.929,139.479,12.69,7.55,1264.5,520.5,27.75,56.6,RIGHT,34.071,0.814,19.19,0.513,0.0,inf
6307,BRA_A,BRA,LEFT,6309,head,,4.852,shoulder,4.953,125.305,5.38,6.75,1171.5,250.9,33.95,9.5,RIGHT,30.609,1.109,48.58,0.259,2.0,inf
6307,BRA_B,BRA,LEFT,6309,head,,5.977,thigh,6.062,107.046,4.23,4.44,1171.5,250.9,33.95,9.5,RIGHT,26.149,1.298,59.83,0.653,2.0,inf
6307,ISR_A,ISR,RIGHT,6309,head,,1.437,shoulder,1.702,119.654,10.98,5.61,1171.5,250.9,33.95,9.5,RIGHT,29.229,1.162,14.43,0.374,0.0,inf
6307,ISR_B,ISR,RIGHT,6309,hand,right,1.083,arm,1.177,125.396,10.28,6.32,1171.5,250.9,33.95,9.5,RIGHT,30.631,1.108,10.89,0.257,0.0,inf
6314,BRA_A,BRA,LEFT,6316,hand,left,4.057,head,4.075,128.312,5.41,7.12,1134.7,398.3,33.0,24.4,RIGHT,31.343,1.053,40.63,0.129,2.0,inf
6314,BRA_B,BRA,LEFT,6316,foot,left,5.327,thigh,5.361,105.669,4.14,4.19,1134.7,398.3,33.0,24.4,RIGHT,25.812,1.278,53.33,0.614,2.0,inf
6314,ISR_A,ISR,RIGHT,6314,head,,0.856,shoulder,0.867,119.654,11.04,5.58,1134.7,398.3,33.0,24.4,RIGHT,29.229,1.129,8.56,0.303,0.0,inf
6314,ISR_B,ISR,RIGHT,6314,head,,0.016,chest,0.254,115.998,10.25,5.18,1134.7,398.3,33.0,24.4,RIGHT,28.335,1.165,0.16,0.381,0.0,0.541
6323,BRA_A,BRA,LEFT,6325,hand,right,2.602,arm,2.73,133.069,5.57,7.63,1002.0,454.5,32.65,8.9,NET,32.506,1.004,26.08,0.011,0.0,inf
6323,BRA_B,BRA,LEFT,6325,foot,left,4.102,thigh,4.143,106.102,3.86,4.33,1002.0,454.5,32.65,8.9,NET,25.918,1.26,41.08,0.577,0.0,inf
6323,ISR_A,ISR,RIGHT,6321,shoulder,right,1.732,head,1.746,117.056,11.25,5.23,1002.0,454.5,32.65,8.9,NET,28.594,1.142,17.38,0.332,0.0,inf
6323,ISR_B,ISR,RIGHT,6321,head,,0.331,chest,0.552,112.342,9.84,4.72,1002.0,454.5,32.65,8.9,NET,27.442,1.19,3.37,0.434,0.0,3.804
6335,BRA_A,BRA,LEFT,6335,foot,right,0.054,shin,0.064,130.102,6.91,6.65,856.5,707.2,32.25,68.2,LEFT,31.781,1.015,0.54,0.037,0.0,0.577
6335,BRA_B,BRA,LEFT,6337,foot,left,2.508,thigh,2.576,106.361,4.43,4.36,856.5,707.2,32.25,68.2,LEFT,25.981,1.241,25.14,0.54,0.0,inf
6335,ISR_A,ISR,RIGHT,6333,foot,right,3.135,shin,3.311,113.339,11.53,4.71,856.5,707.2,32.25,68.2,LEFT,27.686,1.165,31.41,0.381,2.0,inf
6335,ISR_B,ISR,RIGHT,6333,foot,left,1.405,thigh,1.435,118.167,9.68,5.51,856.5,707.2,32.25,68.2,LEFT,28.865,1.117,14.11,0.277,2.0,inf
6345,BRA_A,BRA,LEFT,6343,head,,1.865,shoulder,2.058,134.764,7.36,7.58,819.0,322.5,31.1,8.0,LEFT,32.919,0.945,18.71,0.142,0.0,inf
6345,BRA_B,BRA,LEFT,6345,head,,1.985,shoulder,1.986,102.83,5.06,3.49,819.0,322.5,31.1,8.0,LEFT,25.119,1.238,19.85,0.534,0.0,inf
6345,ISR_A,ISR,RIGHT,6343,hand,right,4.519,arm,4.57,113.036,12.16,4.63,819.0,322.5,31.1,8.0,LEFT,27.612,1.126,45.25,0.297,2.0,inf
6345,ISR_B,ISR,RIGHT,6343,head,,2.428,hand,2.506,115.088,9.86,5.08,819.0,322.5,31.1,8.0,LEFT,28.113,1.106,24.34,0.252,2.0,inf
6364,BRA_A,BRA,LEFT,6366,head,,2.284,chest,2.521,134.679,7.47,7.54,792.7,208.7,29.35,7.0,LEFT,32.899,0.892,22.9,0.285,0.0,inf
6364,BRA_B,BRA,LEFT,6366,head,,1.375,shoulder,1.609,102.551,6.93,3.33,792.7,208.7,29.35,7.0,LEFT,25.051,1.172,13.81,0.396,0.0,inf
6364,ISR_A,ISR,RIGHT,6366,head,,6.149,hand,6.269,111.562,13.52,4.3,792.7,208.7,29.35,7.0,LEFT,27.252,1.077,61.55,0.185,2.0,inf
6364,ISR_B,ISR,RIGHT,6366,head,,4.605,shoulder,4.694,124.188,11.68,6.06,792.7,208.7,29.35,7.0,LEFT,30.336,0.967,46.11,0.083,2.0,inf
6373,BRA_A,BRA,LEFT,6373,head,,1.185,chest,1.397,134.586,7.49,7.53,798.8,386.2,26.5,43.2,LEFT,32.876,0.806,11.85,0.539,0.0,inf
6373,BRA_B,BRA,LEFT,6373,chest,,-0.135,head,-0.09,101.218,6.85,3.21,798.8,386.2,26.5,43.2,LEFT,24.725,1.072,0.0,0.173,0.0,0.173
6373,ISR_A,ISR,RIGHT,6372,head,,6.075,hand,6.153,110.499,13.69,4.12,798.8,386.2,26.5,43.2,LEFT,26.992,0.982,60.78,0.046,2.0,inf
6373,ISR_B,ISR,RIGHT,6373,head,,4.541,thigh,4.559,126.271,11.85,6.32,798.8,386.2,26.5,43.2,LEFT,30.845,0.859,45.41,0.38,2.0,inf
6407,BRA_A,BRA,LEFT,6407,head,,0.071,hand,0.141,111.815,7.93,4.74,900.0,371.8,27.35,45.0,LEFT,27.314,1.001,0.71,0.003,0.0,0.713
6407,BRA_B,BRA,LEFT,6406,shoulder,left,0.509,head,0.584,94.439,6.76,2.08,900.0,371.8,27.35,45.0,LEFT,23.069,1.186,5.12,0.426,0.0,inf
6407,ISR_A,ISR,RIGHT,6409,thigh,right,5.129,knee,5.149,103.986,13.82,3.06,900.0,371.8,27.35,45.0,LEFT,25.401,1.077,51.35,0.185,2.0,inf
6407,ISR_B,ISR,RIGHT,6408,hand,right,4.044,arm,4.103,127.435,12.17,6.38,900.0,371.8,27.35,45.0,LEFT,31.129,0.879,40.47,0.324,2.0,inf
6429,BRA_A,BRA,LEFT,6428,shoulder,right,2.02,hand,2.065,115.257,7.78,5.3,1111.5,418.1,23.35,27.1,RIGHT,28.154,0.829,20.23,0.468,2.0,inf
6429,BRA_B,BRA,LEFT,6427,hand,left,2.738,arm,2.775,96.501,6.68,2.51,1111.5,418.1,23.35,27.1,RIGHT,23.573,0.991,27.44,0.024,2.0,inf
6429,ISR_A,ISR,RIGHT,6429,foot,right,-0.007,shin,0.079,93.734,11.26,1.47,1111.5,418.1,23.35,27.1,RIGHT,22.897,1.02,0.0,0.049,0.0,0.049
6429,ISR_B,ISR,RIGHT,6431,head,,1.667,chest,1.852,121.358,11.41,5.84,1111.5,418.1,23.35,27.1,RIGHT,29.645,0.788,16.73,0.597,0.0,inf
6457,BRA_A,BRA,LEFT,6455,hand,right,4.386,arm,4.493,114.651,5.78,5.39,1213.9,491.8,24.0,68.1,RIGHT,28.006,0.857,43.92,0.386,2.0,inf
6457,BRA_B,BRA,LEFT,6457,foot,right,4.977,thigh,5.088,98.973,5.54,3.0,1213.9,491.8,24.0,68.1,RIGHT,24.177,0.993,49.77,0.018,2.0,inf
6457,ISR_A,ISR,RIGHT,6458,foot,left,-0.165,shin,-0.01,90.773,11.02,0.98,1213.9,491.8,24.0,68.1,RIGHT,22.174,1.082,0.03,0.198,0.0,0.228
6457,ISR_B,ISR,RIGHT,6457,shoulder,left,-0.112,chest,-0.086,111.928,10.77,4.58,1213.9,491.8,24.0,68.1,RIGHT,27.341,0.878,0.0,0.326,0.0,0.326
6491,BRA_A,BRA,LEFT,6493,head,,5.32,chest,5.573,121.219,4.24,6.37,1123.5,265.5,25.7,28.8,RIGHT,29.611,0.868,53.26,0.354,2.0,inf
6491,BRA_B,BRA,LEFT,6493,head,,4.744,chest,4.942,100.679,4.95,3.33,1123.5,265.5,25.7,28.8,RIGHT,24.593,1.045,47.5,0.11,2.0,inf
6491,ISR_A,ISR,RIGHT,6491,head,,0.047,chest,0.264,88.556,10.43,0.35,1123.5,265.5,25.7,28.8,RIGHT,21.632,1.188,0.47,0.431,0.0,0.901
6491,ISR_B,ISR,RIGHT,6491,head,,1.668,chest,1.886,120.249,10.58,5.69,1123.5,265.5,25.7,28.8,RIGHT,29.374,0.875,16.68,0.334,0.0,inf
6501,BRA_A,BRA,LEFT,6503,head,,3.968,chest,4.225,125.837,4.61,6.87,973.5,247.1,24.4,8.0,NET,30.739,0.794,39.74,0.577,0.0,inf
6501,BRA_B,BRA,LEFT,6503,hand,right,3.184,arm,3.253,97.657,4.88,2.6,973.5,247.1,24.4,8.0,NET,23.855,1.023,31.9,0.056,0.0,inf
6501,ISR_A,ISR,RIGHT,6499,head,,1.283,chest,1.53,102.681,9.94,3.23,973.5,247.1,24.4,8.0,NET,25.082,0.973,12.89,0.069,0.0,inf
6501,ISR_B,ISR,RIGHT,6499,head,,2.499,shoulder,2.635,120.285,10.67,5.69,973.5,247.1,24.4,8.0,NET,29.383,0.83,25.05,0.465,0.0,inf
6514,BRA_A,BRA,LEFT,6514,head,,1.588,shoulder,1.728,120.815,5.26,6.23,807.8,445.5,23.2,37.0,LEFT,29.512,0.786,15.88,0.602,0.0,inf
6514,BRA_B,BRA,LEFT,6514,foot,left,-0.077,shin,0.052,95.916,5.71,2.39,807.8,445.5,23.2,37.0,LEFT,23.43,0.99,0.0,0.025,0.0,0.025
6514,ISR_A,ISR,RIGHT,6512,thigh,right,2.869,knee,2.889,103.87,10.49,3.34,807.8,445.5,23.2,37.0,LEFT,25.373,0.914,28.75,0.224,2.0,inf
6514,ISR_B,ISR,RIGHT,6513,foot,left,3.469,hand,3.638,120.743,10.81,5.73,807.8,445.5,23.2,37.0,LEFT,29.495,0.787,34.72,0.6,2.0,inf
6534,BRA_A,BRA,LEFT,6532,head,,3.647,chest,3.871,118.438,6.76,5.8,1188.7,238.3,29.8,13.2,RIGHT,28.932,1.03,36.53,0.074,2.0,inf
6534,BRA_B,BRA,LEFT,6532,foot,left,4.27,shin,4.416,95.376,6.12,2.2,1188.7,238.3,29.8,13.2,RIGHT,23.298,1.279,42.76,0.615,2.0,inf
6534,ISR_A,ISR,RIGHT,6536,head,,1.54,shoulder,1.711,107.255,12.23,3.78,1188.7,238.3,29.8,13.2,RIGHT,26.2,1.137,15.46,0.322,0.0,inf
6534,ISR_B,ISR,RIGHT,6536,head,,2.7,shoulder,2.936,130.441,11.71,6.74,1188.7,238.3,29.8,13.2,RIGHT,31.864,0.935,27.06,0.167,0.0,inf
6540,BRA_A,BRA,LEFT,6538,head,,4.56,chest,4.746,118.599,6.83,5.82,1326.0,336.0,34.5,10.4,RIGHT,28.971,1.191,45.66,0.437,2.0,inf
6540,BRA_B,BRA,LEFT,6538,foot,left,5.471,thigh,5.536,95.47,6.09,2.27,1326.0,336.0,34.5,10.4,RIGHT,23.321,1.479,54.77,0.979,2.0,inf
6540,ISR_A,ISR,RIGHT,6542,head,,0.135,chest,0.289,111.492,12.46,4.37,1326.0,336.0,34.5,10.4,RIGHT,27.235,1.267,1.41,0.591,0.0,2.001
6540,ISR_B,ISR,RIGHT,6542,head,,1.554,hand,1.611,138.067,12.04,7.46,1326.0,336.0,34.5,10.4,RIGHT,33.726,1.023,15.6,0.057,0.0,inf
6548,BRA_A,BRA,LEFT,6546,thigh,left,6.019,knee,6.039,118.966,6.41,5.9,1536.0,644.2,37.1,92.3,RIGHT,29.06,1.277,60.25,0.611,2.0,inf
6548,BRA_B,BRA,LEFT,6546,foot,left,7.273,shin,7.454,94.888,6.09,2.14,1536.0,644.2,37.1,92.3,RIGHT,23.179,1.601,72.79,1.176,2.0,inf
6548,ISR_A,ISR,RIGHT,6546,thigh,left,-0.002,hand,0.056,113.13,12.65,4.59,1536.0,644.2,37.1,92.3,RIGHT,27.635,1.343,0.06,0.736,0.0,0.796
6548,ISR_B,ISR,RIGHT,6548,head,,-0.042,hand,-0.003,146.407,12.31,8.18,1536.0,644.2,37.1,92.3,RIGHT,35.764,1.037,0.0,0.092,0.0,0.092
6565,BRA_A,BRA,LEFT,6563,head,,7.852,chest,8.009,120.094,5.58,6.11,1540.5,208.1,35.25,12.7,RIGHT,29.336,1.202,78.58,0.459,2.0,inf
6565,BRA_B,BRA,LEFT,6565,arm,left,8.584,hand,8.618,100.192,5.45,3.2,1540.5,208.1,35.25,12.7,RIGHT,24.474,1.44,85.84,0.912,2.0,inf
6565,ISR_A,ISR,RIGHT,6565,head,,2.048,chest,2.315,118.646,12.42,5.33,1540.5,208.1,35.25,12.7,RIGHT,28.982,1.216,20.48,0.489,0.0,inf
6565,ISR_B,ISR,RIGHT,6565,head,,3.498,shoulder,3.576,162.296,12.87,9.3,1540.5,208.1,35.25,12.7,RIGHT,39.645,0.889,34.98,0.294,0.0,inf
6583,BRA_A,BRA,LEFT,6583,head,,6.977,chest,7.024,124.132,5.16,6.63,1455.0,506.2,27.75,58.6,RIGHT,30.322,0.915,69.77,0.222,2.0,inf
6583,BRA_B,BRA,LEFT,6583,foot,left,8.242,shin,8.364,100.064,4.49,3.19,1455.0,506.2,27.75,58.6,RIGHT,24.443,1.135,82.42,0.317,2.0,inf
6583,ISR_A,ISR,RIGHT,6583,chest,,-0.084,shoulder,-0.081,121.235,12.6,5.44,1455.0,506.2,27.75,58.6,RIGHT,29.615,0.937,0.0,0.163,0.0,0.163
6583,ISR_B,ISR,RIGHT,6583,head,,0.945,chest,1.184,152.412,11.76,8.69,1455.0,506.2,27.75,58.6,RIGHT,37.231,0.745,9.45,0.735,0.0,inf
6590,BRA_A,BRA,LEFT,6588,head,,6.888,chest,7.023,124.489,5.17,6.67,1423.7,281.4,29.025,11.7,RIGHT,30.41,0.954,68.94,0.117,2.0,inf
6590,BRA_B,BRA,LEFT,6591,shoulder,left,8.214,head,8.247,103.972,4.32,3.9,1423.7,281.4,29.025,11.7,RIGHT,25.398,1.143,82.17,0.334,2.0,inf
6590,ISR_A,ISR,RIGHT,6588,head,,0.828,shoulder,0.972,121.771,12.48,5.71,1423.7,281.4,29.025,11.7,RIGHT,29.746,0.976,8.34,0.061,0.0,inf
6590,ISR_B,ISR,RIGHT,6588,head,,2.06,chest,2.279,148.319,11.3,8.41,1423.7,281.4,29.025,11.7,RIGHT,36.231,0.801,20.66,0.554,0.0,inf
6606,BRA_A,BRA,LEFT,6608,head,,6.06,shoulder,6.181,124.422,5.44,6.62,1270.5,104.6,33.45,14.3,RIGHT,30.393,1.101,60.66,0.24,2.0,inf
6606,BRA_B,BRA,LEFT,6608,head,,7.205,shoulder,7.354,106.577,4.19,4.35,1270.5,104.6,33.45,14.3,RIGHT,26.034,1.285,72.11,0.627,2.0,inf
6606,ISR_A,ISR,RIGHT,6606,head,,3.245,shoulder,3.47,118.33,13.03,5.23,1270.5,104.6,33.45,14.3,RIGHT,28.905,1.157,32.45,0.365,0.0,inf
6606,ISR_B,ISR,RIGHT,6608,head,,3.375,chest,3.563,130.784,10.01,6.88,1270.5,104.6,33.45,14.3,RIGHT,31.947,1.047,33.81,0.115,0.0,inf
6615,BRA_A,BRA,LEFT,6617,head,,4.827,hand,4.871,124.519,4.94,6.68,1157.2,285.8,35.1,12.1,RIGHT,30.417,1.154,48.33,0.358,2.0,inf
6615,BRA_B,BRA,LEFT,6617,head,,5.679,thigh,5.723,104.047,4.04,3.98,1157.2,285.8,35.1,12.1,RIGHT,25.416,1.381,56.85,0.807,2.0,inf
6615,ISR_A,ISR,RIGHT,6615,head,,2.964,shoulder,3.061,118.385,13.19,5.23,1157.2,285.8,35.1,12.1,RIGHT,28.919,1.214,29.64,0.484,0.0,inf
6615,ISR_B,ISR,RIGHT,6617,hand,right,0.623,arm,0.684,121.913,10.02,5.94,1157.2,285.8,35.1,12.1,RIGHT,29.78,1.179,6.29,0.411,0.0,inf
6620,BRA_A,BRA,LEFT,6622,shoulder,left,4.1,head,4.145,127.977,4.69,7.1,1086.7,453.8,33.75,49.4,RIGHT,31.262,1.08,41.06,0.191,2.0,inf
6620,BRA_B,BRA,LEFT,6622,thigh,left,4.599,knee,4.619,102.443,3.98,3.7,1086.7,453.8,33.75,49.4,RIGHT,25.024,1.349,46.05,0.748,2.0,inf
6620,ISR_A,ISR,RIGHT,6618,hand,right,3.001,arm,3.053,118.392,13.2,5.23,1086.7,453.8,33.75,49.4,RIGHT,28.92,1.167,30.07,0.386,0.0,inf
6620,ISR_B,ISR,RIGHT,6620,arm,right,-0.089,hand,-0.08,120.819,9.89,5.82,1086.7,453.8,33.75,49.4,RIGHT,29.513,1.144,0.0,0.335,0.0,0.335
6632,BRA_A,BRA,LEFT,6634,head,,2.241,shoulder,2.3,129.741,3.72,7.23,626.2,351.8,36.2,9.9,LEFT,31.692,1.142,22.47,0.332,0.0,inf
6632,BRA_B,BRA,LEFT,6634,arm,left,1.042,hand,1.095,101.92,3.54,3.67,626.2,351.8,36.2,9.9,LEFT,24.897,1.454,10.48,0.936,0.0,inf
6632,ISR_A,ISR,RIGHT,6630,head,,6.916,hand,6.952,114.821,13.49,4.74,626.2,351.8,36.2,9.9,LEFT,28.048,1.291,69.22,0.638,2.0,inf
6632,ISR_B,ISR,RIGHT,6630,head,,3.272,chest,3.461,121.282,9.33,5.73,626.2,351.8,36.2,9.9,LEFT,29.626,1.222,32.78,0.501,2.0,inf
6638,BRA_A,BRA,LEFT,6640,head,,0.8,shoulder,0.898,130.651,3.21,7.6,395.2,435.4,33.75,8.5,LEFT,31.915,1.058,8.06,0.14,0.0,inf
6638,BRA_B,BRA,LEFT,6638,head,,-0.1,chest,-0.011,102.768,3.24,3.84,395.2,435.4,33.75,8.5,LEFT,25.104,1.344,0.0,0.74,0.0,0.74
6638,ISR_A,ISR,RIGHT,6636,foot,right,9.036,thigh,9.069,113.352,13.63,4.46,395.2,435.4,33.75,8.5,LEFT,27.689,1.219,90.42,0.495,2.0,inf
6638,ISR_B,ISR,RIGHT,6636,hand,right,4.849,arm,4.92,124.517,9.49,6.29,395.2,435.4,33.75,8.5,LEFT,30.417,1.11,48.55,0.26,2.0,inf
6647,BRA_A,BRA,LEFT,6648,chest,,-0.199,torso,-0.188,126.431,2.03,7.11,124.5,692.3,32.8,82.4,LEFT,30.884,1.062,0.03,0.15,0.0,0.18
6647,BRA_B,BRA,LEFT,6645,foot,right,1.76,shin,1.822,103.627,3.26,3.98,124.5,692.3,32.8,82.4,LEFT,25.314,1.296,17.66,0.648,0.0,inf
6647,ISR_A,ISR,RIGHT,6645,foot,right,11.569,thigh,11.717,113.277,13.72,4.51,124.5,692.3,32.8,82.4,LEFT,27.671,1.185,115.75,0.425,2.0,inf
6647,ISR_B,ISR,RIGHT,6645,foot,right,7.499,thigh,7.51,125.11,10.1,6.2,124.5,692.3,32.8,82.4,LEFT,30.561,1.073,75.05,0.177,2.0,inf
6656,BRA_A,BRA,LEFT,6654,head,,1.659,shoulder,1.791,127.767,1.77,7.34,194.6,323.6,29.55,10.2,LEFT,31.21,0.947,16.65,0.137,0.0,inf
6656,BRA_B,BRA,LEFT,6654,shoulder,right,2.114,head,2.134,104.028,3.53,4.03,194.6,323.6,29.55,10.2,LEFT,25.412,1.163,21.2,0.377,0.0,inf
6656,ISR_A,ISR,RIGHT,6658,head,,11.813,hand,11.849,111.903,13.92,4.31,194.6,323.6,29.55,10.2,LEFT,27.335,1.081,118.19,0.195,2.0,inf
6656,ISR_B,ISR,RIGHT,6654,head,,8.278,thigh,8.373,126.071,10.69,6.35,194.6,323.6,29.55,10.2,LEFT,30.796,0.96,82.84,0.103,2.0,inf
6685,BRA_A,BRA,LEFT,6685,head,,1.937,chest,2.178,127.663,3.55,7.2,576.0,402.7,25.5,52.7,LEFT,31.185,0.818,19.37,0.503,0.0,inf
6685,BRA_B,BRA,LEFT,6685,head,,-0.213,chest,-0.107,103.884,4.86,3.88,576.0,402.7,25.5,52.7,LEFT,25.376,1.005,0.0,0.012,0.0,0.012
6685,ISR_A,ISR,RIGHT,6687,head,,8.52,hand,8.622,108.672,14.16,3.81,576.0,402.7,25.5,52.7,LEFT,26.546,0.961,85.26,0.1,2.0,inf
6685,ISR_B,ISR,RIGHT,6686,hand,right,6.413,arm,6.503,131.633,12.2,6.83,576.0,402.7,25.5,52.7,LEFT,32.155,0.793,64.16,0.58,2.0,inf
6718,BRA_A,BRA,LEFT,6718,foot,left,-0.175,shin,0.075,100.957,7.97,3.11,963.0,281.2,25.85,33.6,NET,24.661,1.048,0.0,0.118,0.0,0.118
6718,BRA_B,BRA,LEFT,6717,shoulder,left,3.805,head,3.87,98.839,4.44,3.05,963.0,281.2,25.85,33.6,NET,24.144,1.071,38.08,0.171,0.0,inf
6718,ISR_A,ISR,RIGHT,6720,hand,right,3.657,arm,3.726,100.393,13.8,2.17,963.0,281.2,25.85,33.6,NET,24.524,1.054,36.63,0.132,0.0,inf
6718,ISR_B,ISR,RIGHT,6720,head,,2.572,hand,2.715,110.431,11.7,4.13,963.0,281.2,25.85,33.6,NET,26.976,0.958,25.78,0.107,0.0,inf
6728,BRA_A,BRA,LEFT,6726,torso,,2.782,thigh,2.811,104.16,8.52,3.6,1382.3,553.9,24.7,57.7,RIGHT,25.444,0.971,27.88,0.074,2.0,inf
6728,BRA_B,BRA,LEFT,6726,foot,right,7.299,shin,7.403,98.829,4.13,3.1,1382.3,553.9,24.7,57.7,RIGHT,24.142,1.023,73.05,0.057,2.0,inf
6728,ISR_A,ISR,RIGHT,6729,foot,left,-0.014,shin,0.048,99.649,13.2,2.42,1382.3,553.9,24.7,57.7,RIGHT,24.342,1.015,0.03,0.037,0.0,0.067
6728,ISR_B,ISR,RIGHT,6726,shoulder,right,-0.107,chest,-0.055,110.997,11.31,4.4,1382.3,553.9,24.7,57.7,RIGHT,27.114,0.911,0.06,0.233,0.0,0.293
6752,BRA_A,BRA,LEFT,6752,torso,,3.99,chest,4.235,101.358,8.79,3.16,1452.0,549.8,24.4,22.2,RIGHT,24.759,0.985,39.9,0.037,2.0,inf
6752,BRA_B,BRA,LEFT,6750,foot,left,8.952,shin,9.03,99.311,3.82,3.1,1452.0,549.8,24.4,22.2,RIGHT,24.259,1.006,89.58,0.014,2.0,inf
6752,ISR_A,ISR,RIGHT,6750,foot,right,0.532,shin,0.547,100.813,12.57,2.68,1452.0,549.8,24.4,22.2,RIGHT,24.626,0.991,5.38,0.023,0.0,inf
6752,ISR_B,ISR,RIGHT,6750,arm,right,1.433,thigh,1.487,113.744,10.91,4.82,1452.0,549.8,24.4,22.2,RIGHT,27.785,0.878,14.39,0.325,0.0,inf
6776,BRA_A,BRA,LEFT,6778,head,,4.017,thigh,4.156,128.479,4.55,7.6,1075.5,413.6,30.0,36.3,RIGHT,31.384,0.956,40.23,0.113,2.0,inf
6776,BRA_B,BRA,LEFT,6778,hand,left,3.45,arm,3.52,107.564,4.52,4.62,1075.5,413.6,30.0,36.3,RIGHT,26.275,1.142,34.56,0.331,2.0,inf
6776,ISR_A,ISR,RIGHT,6776,foot,right,-0.056,shin,0.051,110.435,10.23,4.56,1075.5,413.6,30.0,36.3,RIGHT,26.977,1.112,0.0,0.266,0.0,0.266
6776,ISR_B,ISR,RIGHT,6775,hand,left,2.918,thigh,2.997,149.263,11.82,8.45,1075.5,413.6,30.0,36.3,RIGHT,36.461,0.823,29.21,0.488,0.0,inf
6781,BRA_A,BRA,LEFT,6783,head,,1.627,hand,1.636,133.501,4.71,7.67,795.0,473.2,29.6,9.0,LEFT,32.611,0.908,16.33,0.242,0.0,inf
6781,BRA_B,BRA,LEFT,6783,foot,left,1.059,hand,1.074,107.542,4.32,4.49,795.0,473.2,29.6,9.0,LEFT,26.27,1.127,10.65,0.298,0.0,inf
6781,ISR_A,ISR,RIGHT,6779,foot,right,1.187,shin,1.395,111.952,9.9,4.63,795.0,473.2,29.6,9.0,LEFT,27.347,1.082,11.93,0.198,2.0,inf
6781,ISR_B,ISR,RIGHT,6779,foot,right,3.641,shin,3.665,149.312,11.75,8.45,795.0,473.2,29.6,9.0,LEFT,36.473,0.812,36.47,0.522,2.0,inf
6787,BRA_A,BRA,LEFT,6787,head,,-0.024,chest,0.172,133.602,4.73,7.69,477.8,623.2,29.65,78.7,LEFT,32.636,0.909,0.0,0.24,0.0,0.24
6787,BRA_B,BRA,LEFT,6788,shin,right,-0.181,foot,-0.15,106.693,4.31,4.35,477.8,623.2,29.65,78.7,LEFT,26.062,1.138,0.03,0.322,0.0,0.352
6787,ISR_A,ISR,RIGHT,6785,thigh,left,3.685,torso,3.751,123.812,9.48,6.21,477.8,623.2,29.65,78.7,LEFT,30.244,0.98,36.91,0.05,2.0,inf
6787,ISR_B,ISR,RIGHT,6785,thigh,right,5.656,knee,5.676,149.5,11.92,8.45,477.8,623.2,29.65,78.7,LEFT,36.519,0.812,56.62,0.521,2.0,inf
6798,BRA_A,BRA,LEFT,6796,head,,2.228,chest,2.402,133.358,4.4,7.68,484.9,246.0,30.625,11.0,LEFT,32.576,0.94,22.34,0.154,0.0,inf
6798,BRA_B,BRA,LEFT,6796,head,,1.271,chest,1.502,106.134,4.48,4.33,484.9,246.0,30.625,11.0,LEFT,25.926,1.181,12.77,0.416,0.0,inf
6798,ISR_A,ISR,RIGHT,6796,hand,right,4.874,arm,4.905,131.905,9.06,7.09,484.9,246.0,30.625,11.0,LEFT,32.221,0.95,48.8,0.127,2.0,inf
6798,ISR_B,ISR,RIGHT,6796,head,,7.076,shoulder,7.169,148.545,12.08,8.36,484.9,246.0,30.625,11.0,LEFT,36.286,0.844,70.82,0.424,2.0,inf
6816,BRA_A,BRA,LEFT,6818,head,,2.835,chest,3.089,138.268,4.53,8.19,618.0,209.6,30.2,11.2,LEFT,33.776,0.894,28.41,0.28,0.0,inf
6816,BRA_B,BRA,LEFT,6818,head,,1.892,chest,2.157,122.306,6.14,6.33,618.0,209.6,30.2,11.2,LEFT,29.876,1.011,18.98,0.027,0.0,inf
6816,ISR_A,ISR,RIGHT,6816,hand,left,5.154,arm,5.265,122.177,10.49,5.93,618.0,209.6,30.2,11.2,LEFT,29.845,1.012,51.54,0.03,2.0,inf
6816,ISR_B,ISR,RIGHT,6818,head,,6.881,hand,6.913,141.834,12.73,7.74,618.0,209.6,30.2,11.2,LEFT,34.646,0.872,68.87,0.343,2.0,inf
6827,BRA_A,BRA,LEFT,6827,head,,1.379,chest,1.582,138.223,4.92,8.13,720.4,554.2,28.5,69.8,LEFT,33.765,0.844,13.79,0.424,0.0,inf
6827,BRA_B,BRA,LEFT,6827,head,,-0.157,chest,-0.081,124.722,6.6,6.59,720.4,554.2,28.5,69.8,LEFT,30.467,0.935,0.0,0.167,0.0,0.167
6827,ISR_A,ISR,RIGHT,6827,hand,right,5.058,foot,5.096,120.223,12.12,5.64,720.4,554.2,28.5,69.8,LEFT,29.368,0.97,50.58,0.075,2.0,inf
6827,ISR_B,ISR,RIGHT,6827,foot,left,5.693,shin,5.855,142.101,12.77,7.76,720.4,554.2,28.5,69.8,LEFT,34.712,0.821,56.93,0.493,2.0,inf
6838,BRA_A,BRA,LEFT,6836,head,,2.675,chest,2.913,139.32,6.09,8.1,753.0,206.2,29.65,7.9,LEFT,34.033,0.871,26.81,0.345,0.0,inf
6838,BRA_B,BRA,LEFT,6836,head,,1.91,chest,2.125,122.311,6.82,6.27,753.0,206.2,29.65,7.9,LEFT,29.877,0.992,19.16,0.019,0.0,inf
6838,ISR_A,ISR,RIGHT,6836,head,,6.154,shoulder,6.229,112.043,13.13,4.34,753.0,206.2,29.65,7.9,LEFT,27.369,1.083,61.6,0.2,2.0,inf
6838,ISR_B,ISR,RIGHT,6838,head,,6.267,shoulder,6.396,141.74,12.75,7.73,753.0,206.2,29.65,7.9,LEFT,34.624,0.856,62.67,0.388,2.0,inf
6853,BRA_A,BRA,LEFT,6855,hand,right,1.898,arm,2.022,126.421,7.61,6.67,835.5,146.2,29.6,10.0,LEFT,30.882,0.958,19.04,0.106,0.0,inf
6853,BRA_B,BRA,LEFT,6855,head,,2.303,chest,2.54,117.076,6.9,5.7,835.5,146.2,29.6,10.0,LEFT,28.599,1.035,23.09,0.086,0.0,inf
6853,ISR_A,ISR,RIGHT,6855,head,,6.14,shoulder,6.231,110.304,13.85,4.1,835.5,146.2,29.6,10.0,LEFT,26.945,1.099,61.46,0.235,2.0,inf
6853,ISR_B,ISR,RIGHT,6855,hand,right,5.478,arm,5.555,137.152,12.78,7.31,835.5,146.2,29.6,10.0,LEFT,33.503,0.884,54.84,0.31,2.0,inf
6858,BRA_A,BRA,LEFT,6860,hand,left,0.667,arm,0.756,119.675,7.74,5.87,876.0,255.4,29.25,7.8,LEFT,29.234,1.001,6.73,0.001,0.0,inf
6858,BRA_B,BRA,LEFT,6860,head,,1.169,chest,1.409,116.304,6.95,5.54,876.0,255.4,29.25,7.8,LEFT,28.41,1.03,11.75,0.073,0.0,inf
6858,ISR_A,ISR,RIGHT,6860,head,,5.288,shoulder,5.349,107.16,13.82,3.61,876.0,255.4,29.25,7.8,LEFT,26.177,1.117,52.94,0.278,2.0,inf
6858,ISR_B,ISR,RIGHT,6860,hand,right,5.0,arm,5.084,133.62,13.05,6.89,876.0,255.4,29.25,7.8,LEFT,32.64,0.896,50.06,0.274,2.0,inf
6863,BRA_A,BRA,LEFT,6863,head,,0.04,chest,0.238,116.888,7.94,5.5,912.0,420.0,27.8,39.1,LEFT,28.553,0.974,0.4,0.067,0.0,0.467
6863,BRA_B,BRA,LEFT,6863,head,,0.725,shoulder,0.84,115.541,6.79,5.44,912.0,420.0,27.8,39.1,LEFT,28.224,0.985,7.25,0.038,0.0,inf
6863,ISR_A,ISR,RIGHT,6865,foot,right,4.417,shin,4.481,104.916,13.27,3.29,912.0,420.0,27.8,39.1,LEFT,25.628,1.085,44.23,0.203,2.0,inf
6863,ISR_B,ISR,RIGHT,6865,hand,right,4.29,arm,4.362,133.336,12.87,6.99,912.0,420.0,27.8,39.1,LEFT,32.571,0.854,42.96,0.396,2.0,inf
6886,BRA_A,BRA,LEFT,6884,thigh,right,1.594,knee,1.614,127.198,8.01,6.72,1156.5,645.7,27.0,53.8,RIGHT,31.071,0.869,16.0,0.351,2.0,inf
6886,BRA_B,BRA,LEFT,6884,foot,left,2.967,shin,3.095,112.849,6.57,5.08,1156.5,645.7,27.0,53.8,RIGHT,27.566,0.979,29.73,0.052,2.0,inf
6886,ISR_A,ISR,RIGHT,6888,foot,right,1.159,thigh,1.274,98.407,12.07,2.28,1156.5,645.7,27.0,53.8,RIGHT,24.039,1.123,11.65,0.29,0.0,inf
6886,ISR_B,ISR,RIGHT,6886,foot,right,-0.056,shin,0.038,128.993,11.0,6.65,1156.5,645.7,27.0,53.8,RIGHT,31.51,0.857,0.0,0.386,0.0,0.386
6899,BRA_A,BRA,LEFT,6897,thigh,right,4.221,foot,4.237,122.508,6.71,6.32,1314.8,481.5,24.35,32.5,RIGHT,29.926,0.814,42.27,0.515,2.0,inf
6899,BRA_B,BRA,LEFT,6897,thigh,right,5.295,knee,5.315,108.198,5.8,4.27,1314.8,481.5,24.35,32.5,RIGHT,26.43,0.921,53.01,0.205,2.0,inf
6899,ISR_A,ISR,RIGHT,6899,shin,left,-0.161,foot,-0.043,98.628,11.37,2.35,1314.8,481.5,24.35,32.5,RIGHT,24.092,1.011,0.0,0.027,0.0,0.027
6899,ISR_B,ISR,RIGHT,6899,head,,0.712,chest,0.887,124.452,10.82,5.99,1314.8,481.5,24.35,32.5,RIGHT,30.401,0.801,7.12,0.555,0.0,inf
6912,BRA_A,BRA,LEFT,6910,head,,6.551,chest,6.768,123.681,5.33,6.57,1401.0,191.2,27.45,7.1,RIGHT,30.212,0.909,65.57,0.24,2.0,inf
6912,BRA_B,BRA,LEFT,6912,head,,7.261,chest,7.472,108.1,5.24,4.51,1401.0,191.2,27.45,7.1,RIGHT,26.406,1.04,72.61,0.097,2.0,inf
6912,ISR_A,ISR,RIGHT,6910,head,,1.704,shoulder,1.956,101.728,11.29,2.95,1401.0,191.2,27.45,7.1,RIGHT,24.85,1.105,17.1,0.249,0.0,inf
6912,ISR_B,ISR,RIGHT,6910,head,,2.448,chest,2.664,126.352,10.96,6.39,1401.0,191.2,27.45,7.1,RIGHT,30.865,0.889,24.54,0.293,0.0,inf
6925,BRA_A,BRA,LEFT,6924,head,,8.192,chest,8.404,118.6,4.55,6.02,1473.0,214.4,24.75,7.0,RIGHT,28.971,0.854,81.95,0.394,2.0,inf
6925,BRA_B,BRA,LEFT,6923,head,,8.63,thigh,8.802,104.025,4.67,3.92,1473.0,214.4,24.75,7.0,RIGHT,25.411,0.974,86.36,0.066,2.0,inf
6925,ISR_A,ISR,RIGHT,6927,head,,1.663,chest,1.889,96.928,11.95,2.03,1473.0,214.4,24.75,7.0,RIGHT,23.677,1.045,16.69,0.111,0.0,inf
6925,ISR_B,ISR,RIGHT,6927,head,,1.708,hand,1.78,116.592,12.39,5.07,1473.0,214.4,24.75,7.0,RIGHT,28.48,0.869,17.14,0.351,0.0,inf
6935,BRA_A,BRA,LEFT,6937,head,,8.171,thigh,8.244,117.926,4.08,5.92,1507.5,455.2,24.35,71.6,RIGHT,28.806,0.845,81.77,0.42,2.0,inf
6935,BRA_B,BRA,LEFT,6937,hand,left,8.745,head,8.797,100.599,4.01,3.4,1507.5,455.2,24.35,71.6,RIGHT,24.574,0.991,87.51,0.023,2.0,inf
6935,ISR_A,ISR,RIGHT,6937,hand,left,0.423,arm,0.485,97.163,12.48,2.03,1507.5,455.2,24.35,71.6,RIGHT,23.735,1.026,4.29,0.064,0.0,4.354
6935,ISR_B,ISR,RIGHT,6935,foot,right,-0.113,head,-0.076,112.949,13.2,4.51,1507.5,455.2,24.35,71.6,RIGHT,27.591,0.883,0.0,0.312,0.0,0.312
6966,BRA_A,BRA,LEFT,6966,head,,0.863,chest,1.076,116.543,4.28,5.76,438.4,368.2,23.6,48.2,LEFT,28.469,0.829,8.63,0.469,0.0,inf
6966,BRA_B,BRA,LEFT,6966,shoulder,left,-0.159,chest,-0.14,93.671,3.0,2.19,438.4,368.2,23.6,48.2,LEFT,22.881,1.031,0.0,0.077,0.0,0.077
6966,ISR_A,ISR,RIGHT,6964,hand,right,9.484,arm,9.517,102.716,13.93,2.88,438.4,368.2,23.6,48.2,LEFT,25.091,0.941,94.9,0.153,2.0,inf
6966,ISR_B,ISR,RIGHT,6964,foot,right,9.246,head,9.248,117.514,13.87,5.06,438.4,368.2,23.6,48.2,LEFT,28.706,0.822,92.52,0.49,2.0,inf
6972,BRA_A,BRA,LEFT,6974,head,,0.889,shoulder,1.07,114.014,5.0,5.38,454.2,220.1,23.6,85.7,LEFT,27.851,0.847,8.95,0.414,0.0,inf
6972,BRA_B,BRA,LEFT,6974,arm,left,-0.019,hand,-0.014,93.069,3.17,2.03,454.2,220.1,23.6,85.7,LEFT,22.734,1.038,0.06,0.093,0.0,0.153
6972,ISR_A,ISR,RIGHT,6974,foot,right,9.875,shin,9.965,102.765,14.29,2.87,454.2,220.1,23.6,85.7,LEFT,25.103,0.94,98.81,0.154,2.0,inf
6972,ISR_B,ISR,RIGHT,6974,head,,9.283,hand,9.344,119.202,14.02,5.26,454.2,220.1,23.6,85.7,LEFT,29.118,0.81,92.89,0.525,2.0,inf
7003,BRA_A,BRA,LEFT,7003,chest,,0.065,shoulder,0.141,106.292,6.27,4.14,723.7,434.3,26.825,54.1,LEFT,25.965,1.033,0.65,0.082,0.0,0.732
7003,BRA_B,BRA,LEFT,7005,arm,left,0.457,hand,0.485,90.17,5.16,1.25,723.7,434.3,26.825,54.1,LEFT,22.026,1.218,4.63,0.493,0.0,inf
7003,ISR_A,ISR,RIGHT,7005,hand,right,6.381,arm,6.473,100.918,13.58,2.61,723.7,434.3,26.825,54.1,LEFT,24.652,1.088,63.87,0.211,2.0,inf
7003,ISR_B,ISR,RIGHT,7003,hand,left,6.579,arm,6.613,130.63,13.74,6.59,723.7,434.3,26.825,54.1,LEFT,31.91,0.841,65.79,0.434,2.0,inf
7033,BRA_A,BRA,LEFT,7033,head,,2.375,chest,2.602,107.984,6.35,4.39,930.0,223.5,27.0,34.4,LEFT,26.378,1.024,23.75,0.058,0.0,inf
7033,BRA_B,BRA,LEFT,7033,foot,left,0.027,shin,0.072,89.711,7.73,0.95,930.0,223.5,27.0,34.4,LEFT,21.914,1.232,0.27,0.522,0.0,0.792
7033,ISR_A,ISR,RIGHT,7035,head,,2.138,chest,2.338,100.782,11.14,2.8,930.0,223.5,27.0,34.4,LEFT,24.619,1.097,21.44,0.231,2.0,inf
7033,ISR_B,ISR,RIGHT,7035,head,,4.157,hand,4.314,132.207,12.41,6.86,930.0,223.5,27.0,34.4,LEFT,32.295,0.836,41.63,0.448,2.0,inf
7049,BRA_A,BRA,LEFT,7047,hand,right,6.681,arm,6.744,110.899,6.17,4.84,1557.0,549.8,24.0,44.7,RIGHT,27.09,0.886,66.87,0.303,2.0,inf
7049,BRA_B,BRA,LEFT,7047,shoulder,right,5.072,arm,5.131,100.226,8.3,2.94,1557.0,549.8,24.0,44.7,RIGHT,24.483,0.98,50.78,0.05,2.0,inf
7049,ISR_A,ISR,RIGHT,7047,thigh,left,1.472,knee,1.492,102.452,11.72,2.98,1557.0,549.8,24.0,44.7,RIGHT,25.026,0.959,14.78,0.105,0.0,inf
7049,ISR_B,ISR,RIGHT,7048,head,,0.16,chest,0.334,128.857,12.26,6.52,1557.0,549.8,24.0,44.7,RIGHT,31.477,0.762,1.63,0.678,0.0,2.308
7065,BRA_A,BRA,LEFT,7063,foot,right,7.829,shin,7.959,110.815,5.81,4.86,1599.0,501.8,24.75,13.4,RIGHT,27.069,0.914,78.35,0.224,2.0,inf
7065,BRA_B,BRA,LEFT,7063,shoulder,right,6.052,head,6.053,102.123,7.97,3.31,1599.0,501.8,24.75,13.4,RIGHT,24.946,0.992,60.58,0.02,2.0,inf
7065,ISR_A,ISR,RIGHT,7067,hand,right,1.174,arm,1.267,105.969,12.84,3.51,1599.0,501.8,24.75,13.4,RIGHT,25.886,0.956,11.8,0.112,0.0,inf
7065,ISR_B,ISR,RIGHT,7065,head,,0.34,shoulder,0.478,128.707,12.71,6.47,1599.0,501.8,24.75,13.4,RIGHT,31.44,0.787,3.4,0.598,0.0,3.998
7085,BRA_B,BRA,LEFT,7086,head,,0.57,chest,0.685,104.094,3.79,3.99,423.0,388.5,35.25,11.9,LEFT,25.428,1.386,5.73,0.817,0.0,inf
7085,ISR_A,ISR,RIGHT,7087,head,,9.122,foot,9.207,114.521,14.51,4.63,423.0,388.5,35.25,11.9,LEFT,27.975,1.26,91.28,0.578,2.0,inf
7085,ISR_B,ISR,RIGHT,7087,hand,right,8.696,arm,8.743,137.105,14.28,7.17,423.0,388.5,35.25,11.9,LEFT,33.491,1.053,87.02,0.128,2.0,inf
7093,BRA_B,BRA,LEFT,7091,head,,3.026,shoulder,3.159,104.1,3.8,4.01,949.5,310.3,36.75,12.3,NET,25.429,1.445,30.32,0.921,0.0,inf
7093,ISR_A,ISR,RIGHT,7095,hand,right,4.569,shoulder,4.57,114.676,14.54,4.63,949.5,310.3,36.75,12.3,NET,28.013,1.312,45.75,0.679,0.0,inf
7093,ISR_B,ISR,RIGHT,7095,hand,right,5.373,arm,5.419,144.707,14.43,7.84,949.5,310.3,36.75,12.3,NET,35.348,1.04,53.79,0.097,0.0,inf
7098,BRA_B,BRA,LEFT,7096,head,,6.205,shoulder,6.312,104.105,3.81,4.01,1300.5,363.8,36.4,13.2,RIGHT,25.43,1.431,62.11,0.897,2.0,inf
7098,ISR_A,ISR,RIGHT,7100,shoulder,right,1.532,hand,1.561,114.644,14.48,4.63,1300.5,363.8,36.4,13.2,RIGHT,28.005,1.3,15.38,0.655,0.0,inf
7098,ISR_B,ISR,RIGHT,7100,hand,right,3.549,head,3.553,148.017,14.7,8.09,1300.5,363.8,36.4,13.2,RIGHT,36.157,1.007,35.55,0.017,0.0,inf
7103,BRA_B,BRA,LEFT,7101,foot,left,9.335,head,9.406,104.105,3.81,4.01,1635.0,501.4,36.6,7.1,RIGHT,25.43,1.439,93.41,0.91,2.0,inf
7103,ISR_A,ISR,RIGHT,7103,chest,,-0.265,torso,-0.182,114.611,14.34,4.63,1635.0,501.4,36.6,7.1,RIGHT,27.997,1.307,0.0,0.67,0.0,0.67
7103,ISR_B,ISR,RIGHT,7104,hand,left,1.844,arm,2.025,150.518,14.68,8.41,1635.0,501.4,36.6,7.1,RIGHT,36.768,0.995,18.47,0.011,0.0,inf
7108,BRA_B,BRA,LEFT,7106,foot,left,12.23,shin,12.452,104.172,3.82,4.02,1911.0,680.2,36.8,60.2,RIGHT,25.447,1.446,122.36,0.922,2.0,inf
7108,ISR_A,ISR,RIGHT,7106,foot,left,1.112,shin,1.123,114.592,14.15,4.65,1911.0,680.2,36.8,60.2,RIGHT,27.992,1.315,11.18,0.684,0.0,inf
7108,ISR_B,ISR,RIGHT,7108,shoulder,left,0.997,arm,1.087,152.768,14.73,8.49,1911.0,680.2,36.8,60.2,RIGHT,37.318,0.986,9.97,0.035,0.0,inf
7115,BRA_A,BRA,LEFT,7117,hand,right,14.906,chest,14.963,123.497,1.01,6.93,1909.5,508.5,36.7,36.0,RIGHT,30.167,1.217,149.12,0.49,2.0,inf
7115,BRA_B,BRA,LEFT,7117,foot,left,12.776,shin,12.926,104.265,3.96,4.0,1909.5,508.5,36.7,36.0,RIGHT,25.469,1.441,127.82,0.913,2.0,inf
7115,ISR_A,ISR,RIGHT,7115,hand,left,2.491,arm,2.524,120.915,13.29,5.6,1909.5,508.5,36.7,36.0,RIGHT,29.537,1.243,24.91,0.543,0.0,inf
7115,ISR_B,ISR,RIGHT,7113,head,,1.033,,,152.254,14.73,8.42,1909.5,508.5,36.7,36.0,RIGHT,37.192,0.987,10.39,0.033,0.0,inf
7121,BRA_A,BRA,LEFT,7123,head,,13.42,thigh,13.423,124.362,1.42,6.94,1801.5,288.8,36.7,7.0,RIGHT,30.379,1.208,134.26,0.473,2.0,inf
7121,BRA_B,BRA,LEFT,7123,foot,left,11.815,head,11.854,104.282,4.05,4.02,1801.5,288.8,36.7,7.0,RIGHT,25.473,1.441,118.21,0.913,2.0,inf
7121,ISR_A,ISR,RIGHT,7119,head,,2.8,shoulder,2.849,121.464,12.84,5.61,1801.5,288.8,36.7,7.0,RIGHT,29.671,1.237,28.06,0.532,0.0,inf
7121,ISR_B,ISR,RIGHT,7119,head,,3.052,,,150.837,14.74,8.31,1801.5,288.8,36.7,7.0,RIGHT,36.846,0.996,30.58,0.01,0.0,inf
7134,BRA_A,BRA,LEFT,7136,thigh,left,9.621,head,9.63,125.026,2.95,6.93,1486.5,199.7,35.65,7.1,RIGHT,30.541,1.167,96.27,0.387,2.0,inf
7134,BRA_B,BRA,LEFT,7136,head,,8.503,shoulder,8.599,107.692,4.21,4.54,1486.5,199.7,35.65,7.1,RIGHT,26.306,1.355,85.09,0.76,2.0,inf
7134,ISR_A,ISR,RIGHT,7136,head,,2.27,chest,2.555,128.19,10.86,6.64,1486.5,199.7,35.65,7.1,RIGHT,31.314,1.138,22.76,0.324,0.0,inf
7134,ISR_B,ISR,RIGHT,7134,head,,4.605,hand,4.888,148.205,14.76,8.05,1486.5,199.7,35.65,7.1,RIGHT,36.203,0.985,46.05,0.038,0.0,inf
7148,BRA_A,BRA,LEFT,7150,foot,right,5.545,hand,5.763,125.99,4.49,6.9,1197.0,540.4,30.0,59.6,RIGHT,30.776,0.975,55.51,0.064,2.0,inf
7148,BRA_B,BRA,LEFT,7148,foot,left,5.883,thigh,6.037,107.703,4.24,4.54,1197.0,540.4,30.0,59.6,RIGHT,26.309,1.14,58.83,0.328,2.0,inf
7148,ISR_A,ISR,RIGHT,7149,head,,-0.198,chest,-0.029,125.19,10.19,6.33,1197.0,540.4,30.0,59.6,RIGHT,30.581,0.981,0.03,0.048,0.0,0.078
7148,ISR_B,ISR,RIGHT,7149,hand,right,2.626,head,2.698,156.55,12.64,8.92,1197.0,540.4,30.0,59.6,RIGHT,38.241,0.784,26.29,0.607,0.0,inf
7173,BRA_A,BRA,LEFT,7171,foot,left,4.9,head,4.964,128.813,5.26,7.16,1193.2,478.1,31.1,36.5,RIGHT,31.466,0.988,49.06,0.029,2.0,inf
7173,BRA_B,BRA,LEFT,7175,foot,left,6.013,hand,6.038,103.988,3.82,3.99,1193.2,478.1,31.1,36.5,RIGHT,25.402,1.224,60.19,0.506,2.0,inf
7173,ISR_A,ISR,RIGHT,7173,chest,,-0.269,torso,-0.09,113.961,10.45,4.89,1193.2,478.1,31.1,36.5,RIGHT,27.838,1.117,0.0,0.277,0.0,0.277
7173,ISR_B,ISR,RIGHT,7173,hand,right,0.041,head,0.063,130.48,10.27,6.85,1193.2,478.1,31.1,36.5,RIGHT,31.873,0.976,0.41,0.061,0.0,0.471
7178,BRA_A,BRA,LEFT,7180,foot,left,4.671,thigh,4.672,130.186,4.74,7.33,1101.0,406.5,30.35,8.1,RIGHT,31.801,0.954,46.77,0.117,2.0,inf
7178,BRA_B,BRA,LEFT,7180,hand,left,5.289,thigh,5.294,103.628,3.84,3.97,1101.0,406.5,30.35,8.1,RIGHT,25.314,1.199,52.95,0.454,2.0,inf
7178,ISR_A,ISR,RIGHT,7176,shoulder,right,0.231,head,0.242,112.965,10.73,3.82,1101.0,406.5,30.35,8.1,RIGHT,27.595,1.1,2.37,0.238,0.0,2.608
7178,ISR_B,ISR,RIGHT,7176,head,,0.594,chest,0.806,130.186,10.05,6.86,1101.0,406.5,30.35,8.1,RIGHT,31.801,0.954,6.0,0.117,0.0,inf
7197,BRA_A,BRA,LEFT,7197,hand,right,2.406,head,2.459,127.496,4.89,7.03,858.0,606.7,27.0,27.0,LEFT,31.144,0.867,24.06,0.357,0.0,inf
7197,BRA_B,BRA,LEFT,7199,foot,right,1.88,thigh,1.922,101.61,5.25,3.47,858.0,606.7,27.0,27.0,LEFT,24.821,1.088,18.86,0.21,0.0,inf
7197,ISR_A,ISR,RIGHT,7195,thigh,right,3.055,knee,3.075,110.895,11.28,4.34,858.0,606.7,27.0,27.0,LEFT,27.089,0.997,30.61,0.008,2.0,inf
7197,ISR_B,ISR,RIGHT,7195,hand,left,1.679,arm,1.727,137.34,9.67,7.6,858.0,606.7,27.0,27.0,LEFT,33.549,0.805,16.85,0.543,2.0,inf
7233,BRA_A,BRA,LEFT,7234,hand,left,0.159,arm,0.171,122.063,6.74,6.25,823.2,554.0,24.75,7.0,LEFT,29.817,0.83,1.62,0.466,0.0,2.086
7233,BRA_B,BRA,LEFT,7233,shin,right,-0.141,thigh,-0.054,105.472,7.47,3.9,823.2,554.0,24.75,7.0,LEFT,25.764,0.961,0.0,0.1,0.0,0.1
7233,ISR_A,ISR,RIGHT,7233,hand,right,4.675,arm,4.698,117.549,12.43,5.19,823.2,554.0,24.75,7.0,LEFT,28.714,0.862,46.75,0.371,2.0,inf
7233,ISR_B,ISR,RIGHT,7233,arm,left,4.308,shoulder,4.348,142.134,11.96,7.86,823.2,554.0,24.75,7.0,LEFT,34.72,0.713,43.08,0.846,2.0,inf
7245,BRA_A,BRA,LEFT,7244,chest,,-0.216,shoulder,-0.107,122.19,7.4,6.21,815.7,528.7,24.35,17.3,LEFT,29.848,0.816,0.03,0.509,0.0,0.539
7245,BRA_B,BRA,LEFT,7245,hand,right,0.48,arm,0.546,108.714,8.14,4.35,815.7,528.7,24.35,17.3,LEFT,26.556,0.917,4.8,0.217,0.0,inf
7245,ISR_A,ISR,RIGHT,7247,arm,right,4.772,thigh,4.813,120.373,12.58,5.53,815.7,528.7,24.35,17.3,LEFT,29.404,0.828,47.78,0.472,2.0,inf
7245,ISR_B,ISR,RIGHT,7247,shoulder,left,4.679,arm,4.722,141.399,12.52,7.72,815.7,528.7,24.35,17.3,LEFT,34.54,0.705,46.85,0.874,2.0,inf
7383,BRA_A,BRA,RIGHT,7381,foot,left,6.109,shin,6.149,108.8,13.92,3.85,810.0,554.2,24.35,8.4,LEFT,26.577,0.916,61.15,0.219,2.0,inf
7383,BRA_B,BRA,RIGHT,7381,foot,left,7.605,shin,7.651,125.374,15.63,5.85,810.0,554.2,24.35,8.4,LEFT,30.626,0.795,76.11,0.573,2.0,inf
7383,ISR_A,ISR,LEFT,7383,foot,right,-0.018,shin,0.017,104.378,7.0,3.77,810.0,554.2,24.35,8.4,LEFT,25.497,0.955,0.0,0.115,0.0,0.115
7383,ISR_B,ISR,LEFT,7383,head,,0.737,shoulder,0.806,116.182,8.17,5.37,810.0,554.2,24.35,8.4,LEFT,28.38,0.858,7.37,0.383,0.0,inf
7390,BRA_A,BRA,RIGHT,7388,foot,right,7.028,shin,7.105,107.891,14.31,3.66,751.8,540.4,25.1,16.8,LEFT,26.355,0.952,70.34,0.122,2.0,inf
7390,BRA_B,BRA,RIGHT,7388,foot,left,7.952,shin,8.069,125.266,15.66,5.82,751.8,540.4,25.1,16.8,LEFT,30.599,0.82,79.58,0.495,2.0,inf
7390,ISR_A,ISR,LEFT,7390,shin,right,0.03,foot,0.034,103.994,6.9,3.68,751.8,540.4,25.1,16.8,LEFT,25.403,0.988,0.3,0.03,0.0,0.33
7390,ISR_B,ISR,LEFT,7390,hand,left,0.511,arm,0.584,116.123,7.83,5.41,751.8,540.4,25.1,16.8,LEFT,28.366,0.885,5.11,0.306,0.0,inf
7407,BRA_A,BRA,RIGHT,7406,hand,right,8.028,arm,8.098,109.539,14.72,3.89,684.7,468.0,26.65,7.6,LEFT,26.758,0.996,80.31,0.01,2.0,inf
7407,BRA_B,BRA,RIGHT,7409,thigh,right,8.573,knee,8.593,125.653,15.23,5.92,684.7,468.0,26.65,7.6,LEFT,30.694,0.868,85.79,0.353,2.0,inf
7407,ISR_A,ISR,LEFT,7407,hand,right,-0.052,arm,0.02,102.739,6.05,3.22,684.7,468.0,26.65,7.6,LEFT,25.097,1.062,0.0,0.15,0.0,0.15
7407,ISR_B,ISR,LEFT,7407,head,,0.291,arm,0.453,113.357,6.91,5.12,684.7,468.0,26.65,7.6,LEFT,27.69,0.962,2.91,0.096,0.0,3.006
7521,BRA_A,BRA,RIGHT,7519,foot,right,14.083,shin,14.178,107.852,14.7,3.64,19.8,571.1,25.925,9.7,LEFT,26.345,0.984,140.89,0.04,2.0,inf
7521,BRA_B,BRA,RIGHT,7519,foot,right,13.034,hand,13.053,125.465,14.71,5.94,19.8,571.1,25.925,9.7,LEFT,30.648,0.846,130.4,0.418,2.0,inf
7521,ISR_A,ISR,LEFT,7520,torso,,-0.216,hand,-0.085,113.659,0.62,5.71,19.8,571.1,25.925,9.7,LEFT,27.764,0.934,0.03,0.171,0.0,0.201
7521,ISR_B,ISR,LEFT,7519,hand,right,2.622,arm,2.711,102.977,2.96,3.9,19.8,571.1,25.925,9.7,LEFT,25.155,1.031,26.28,0.075,0.0,inf
7584,BRA_A,BRA,RIGHT,7582,head,,8.617,shoulder,8.671,107.98,14.8,3.65,711.7,56.2,24.55,12.9,LEFT,26.377,0.931,86.23,0.179,2.0,inf
7584,BRA_B,BRA,RIGHT,7582,head,,8.023,shoulder,8.209,135.453,14.39,7.01,711.7,56.2,24.55,12.9,LEFT,33.088,0.742,80.29,0.746,2.0,inf
7584,ISR_B,ISR,LEFT,7586,shoulder,left,4.102,arm,4.156,100.779,3.02,3.52,711.7,56.2,24.55,12.9,LEFT,24.618,0.997,41.08,0.007,0.0,inf
7593,BRA_A,BRA,RIGHT,7595,head,,9.099,shoulder,9.12,107.98,14.8,3.65,660.0,67.2,21.95,12.5,LEFT,26.377,0.832,91.05,0.459,2.0,inf
7593,BRA_B,BRA,RIGHT,7595,head,,8.357,shoulder,8.535,135.349,14.37,7.0,660.0,67.2,21.95,12.5,LEFT,33.062,0.664,83.63,1.024,2.0,inf
7593,ISR_B,ISR,LEFT,7593,shoulder,left,3.856,head,3.886,100.064,2.96,3.4,660.0,67.2,21.95,12.5,LEFT,24.443,0.898,38.56,0.269,0.0,inf
7601,BRA_A,BRA,RIGHT,7601,head,,9.079,shoulder,9.105,107.98,14.8,3.65,677.2,86.6,19.35,46.4,LEFT,26.377,0.734,90.79,0.774,2.0,inf
7601,BRA_B,BRA,RIGHT,7601,head,,8.334,shoulder,8.521,135.349,14.37,7.0,677.2,86.6,19.35,46.4,LEFT,33.062,0.585,83.34,1.339,2.0,inf
7601,ISR_B,ISR,LEFT,7603,head,,3.521,shoulder,3.553,100.043,2.91,3.42,677.2,86.6,19.35,46.4,LEFT,24.438,0.792,35.27,0.584,0.0,inf
7740,BRA_A,BRA,RIGHT,7742,hand,right,0.702,arm,0.734,97.181,13.19,1.97,1309.5,444.8,24.7,64.9,RIGHT,23.739,1.04,7.08,0.099,0.0,inf
7740,BRA_B,BRA,RIGHT,7740,head,,-0.199,chest,-0.042,109.398,11.74,4.13,1309.5,444.8,24.7,64.9,RIGHT,26.723,0.924,0.0,0.197,0.0,0.197
7740,ISR_A,ISR,LEFT,7741,hand,right,6.443,arm,6.543,114.994,4.32,5.78,1309.5,444.8,24.7,64.9,RIGHT,28.09,0.879,64.46,0.322,2.0,inf
7740,ISR_B,ISR,LEFT,7740,foot,left,7.739,shin,7.824,93.234,3.91,2.07,1309.5,444.8,24.7,64.9,RIGHT,22.775,1.085,77.39,0.203,2.0,inf
7747,BRA_A,BRA,RIGHT,7745,head,,0.9,shoulder,0.909,96.538,12.72,1.89,1273.5,230.0,27.05,8.4,RIGHT,23.582,1.147,9.06,0.343,0.0,inf
7747,BRA_B,BRA,RIGHT,7745,hand,left,1.087,arm,1.188,109.169,11.6,4.08,1273.5,230.0,27.05,8.4,RIGHT,26.667,1.014,10.93,0.036,0.0,inf
7747,ISR_A,ISR,LEFT,7749,hand,left,5.44,arm,5.523,112.739,5.5,5.16,1273.5,230.0,27.05,8.4,RIGHT,27.539,0.982,54.46,0.045,2.0,inf
7747,ISR_B,ISR,LEFT,7748,hand,left,7.686,arm,7.704,93.354,3.95,2.07,1273.5,230.0,27.05,8.4,RIGHT,22.804,1.186,76.89,0.427,2.0,inf
7772,BRA_A,BRA,RIGHT,7772,head,,-0.063,chest,0.207,93.809,10.18,1.58,1092.0,251.2,26.7,38.6,RIGHT,22.915,1.165,0.0,0.382,0.0,0.382
7772,BRA_B,BRA,RIGHT,7772,head,,1.88,chest,2.125,115.127,11.1,4.99,1092.0,251.2,26.7,38.6,RIGHT,28.123,0.949,18.8,0.13,0.0,inf
7772,ISR_A,ISR,LEFT,7774,head,,2.642,chest,2.886,110.658,6.68,4.76,1092.0,251.2,26.7,38.6,RIGHT,27.031,0.988,26.48,0.031,2.0,inf
7772,ISR_B,ISR,LEFT,7774,head,,5.808,shoulder,5.851,103.063,3.12,3.9,1092.0,251.2,26.7,38.6,RIGHT,25.176,1.061,58.14,0.147,2.0,inf
7793,BRA_A,BRA,RIGHT,7791,foot,right,7.523,shin,7.546,98.352,9.85,2.48,229.5,618.8,28.55,59.2,LEFT,24.025,1.188,75.29,0.431,2.0,inf
7793,BRA_B,BRA,RIGHT,7791,foot,left,7.808,shin,8.061,117.14,11.26,5.24,229.5,618.8,28.55,59.2,LEFT,28.614,0.998,78.14,0.006,2.0,inf
7793,ISR_A,ISR,LEFT,7791,head,,2.966,hand,3.039,119.583,6.26,5.99,229.5,618.8,28.55,59.2,LEFT,29.211,0.977,29.72,0.057,0.0,inf
7793,ISR_B,ISR,LEFT,7793,thigh,left,-0.138,torso,-0.049,116.432,2.14,5.91,229.5,618.8,28.55,59.2,LEFT,28.441,1.004,0.0,0.01,0.0,0.01
7826,BRA_A,BRA,RIGHT,7828,foot,left,10.004,shin,10.027,105.738,12.08,3.54,198.8,478.5,38.8,8.5,LEFT,25.829,1.502,100.1,1.017,2.0,inf
7826,BRA_B,BRA,RIGHT,7828,foot,right,9.838,thigh,9.931,124.03,12.93,5.94,198.8,478.5,38.8,8.5,LEFT,30.297,1.281,98.44,0.618,2.0,inf
7826,ISR_A,ISR,LEFT,7828,head,,1.408,hand,1.476,141.245,4.78,8.39,198.8,478.5,38.8,8.5,LEFT,34.503,1.125,14.14,0.293,0.0,inf
7826,ISR_B,ISR,LEFT,7828,arm,right,0.298,hand,0.326,113.025,2.8,5.3,198.8,478.5,38.8,8.5,LEFT,27.609,1.405,3.04,0.851,0.0,3.891
7833,BRA_A,BRA,RIGHT,7834,foot,left,9.517,shin,9.646,107.902,12.32,3.87,279.4,778.5,37.9,88.3,LEFT,26.358,1.438,95.2,0.908,2.0,inf
7833,BRA_B,BRA,RIGHT,7834,foot,right,9.283,shin,9.432,124.753,13.0,6.01,279.4,778.5,37.9,88.3,LEFT,30.474,1.244,92.86,0.545,2.0,inf
7833,ISR_A,ISR,LEFT,7833,foot,right,-0.035,shin,0.036,143.019,4.22,8.61,279.4,778.5,37.9,88.3,LEFT,34.936,1.085,0.0,0.204,0.0,0.204
7833,ISR_B,ISR,LEFT,7831,foot,left,0.352,shin,0.429,112.475,3.15,5.41,279.4,778.5,37.9,88.3,LEFT,27.475,1.379,3.58,0.804,0.0,4.384
7842,BRA_A,BRA,RIGHT,7842,arm,right,9.328,shoulder,9.332,108.017,12.78,3.85,362.2,320.4,38.125,13.3,LEFT,26.386,1.445,93.28,0.92,2.0,inf
7842,BRA_B,BRA,RIGHT,7842,head,,9.452,shoulder,9.526,125.18,13.37,6.05,362.2,320.4,38.125,13.3,LEFT,30.578,1.247,94.52,0.551,2.0,inf
7842,ISR_A,ISR,LEFT,7840,head,,1.55,chest,1.809,142.651,4.22,8.55,362.2,320.4,38.125,13.3,LEFT,34.846,1.094,15.56,0.225,0.0,inf
7842,ISR_B,ISR,LEFT,7840,head,,1.182,shoulder,1.293,109.631,4.39,5.05,362.2,320.4,38.125,13.3,LEFT,26.78,1.424,11.88,0.883,0.0,inf
7877,BRA_A,BRA,RIGHT,7879,head,,3.133,shoulder,3.192,106.56,12.87,3.6,946.5,337.5,30.15,41.4,NET,26.03,1.158,31.39,0.367,0.0,inf
7877,BRA_B,BRA,RIGHT,7879,head,,4.035,chest,4.231,128.602,13.47,6.29,946.5,337.5,30.15,41.4,NET,31.414,0.96,40.41,0.103,0.0,inf
7877,ISR_A,ISR,LEFT,7877,head,,4.27,shoulder,4.372,133.141,4.31,7.67,946.5,337.5,30.15,41.4,NET,32.523,0.927,42.7,0.189,0.0,inf
7877,ISR_B,ISR,LEFT,7877,foot,left,0.011,shin,0.166,98.698,7.73,2.35,946.5,337.5,30.15,41.4,NET,24.109,1.251,0.11,0.559,0.0,0.669
7888,BRA_A,BRA,RIGHT,7890,thigh,right,0.085,knee,0.106,105.062,13.25,3.33,1465.5,624.4,27.0,71.8,RIGHT,25.664,1.052,0.91,0.127,0.0,1.037
7888,BRA_B,BRA,RIGHT,7888,foot,left,0.038,shin,0.127,122.795,13.33,5.72,1465.5,624.4,27.0,71.8,RIGHT,29.996,0.9,0.38,0.263,0.0,0.643
7888,ISR_A,ISR,LEFT,7886,foot,left,7.133,thigh,7.255,131.904,4.26,7.55,1465.5,624.4,27.0,71.8,RIGHT,32.221,0.838,71.39,0.442,2.0,inf
7888,ISR_B,ISR,LEFT,7886,torso,,3.442,thigh,3.459,119.128,7.99,5.78,1465.5,624.4,27.0,71.8,RIGHT,29.1,0.928,34.48,0.187,2.0,inf
7923,BRA_A,BRA,RIGHT,7923,foot,right,-0.113,shin,-0.055,91.059,10.95,0.98,1128.8,319.2,23.9,43.3,RIGHT,22.244,1.074,0.0,0.18,0.0,0.18
7923,BRA_B,BRA,RIGHT,7923,head,,2.917,hand,3.107,125.247,12.6,6.1,1128.8,319.2,23.9,43.3,RIGHT,30.595,0.781,29.17,0.617,0.0,inf
7923,ISR_A,ISR,LEFT,7923,head,,5.281,chest,5.51,117.034,4.27,5.82,1128.8,319.2,23.9,43.3,RIGHT,28.588,0.836,52.81,0.448,2.0,inf
7923,ISR_B,ISR,LEFT,7923,head,,2.223,hand,2.304,118.145,8.09,5.62,1128.8,319.2,23.9,43.3,RIGHT,28.86,0.828,22.23,0.471,2.0,inf
7950,BRA_A,BRA,RIGHT,7952,head,,2.608,shoulder,2.652,83.071,11.38,-0.99,1356.8,44.8,28.45,7.4,RIGHT,20.292,1.402,26.14,0.845,0.0,inf
7950,BRA_B,BRA,RIGHT,7952,hand,right,2.916,arm,2.996,120.546,12.08,5.65,1356.8,44.8,28.45,7.4,RIGHT,29.446,0.966,29.22,0.086,0.0,inf
7950,ISR_A,ISR,LEFT,7948,head,,6.96,chest,7.199,123.471,5.65,6.51,1356.8,44.8,28.45,7.4,RIGHT,30.161,0.943,69.66,0.146,2.0,inf
7950,ISR_B,ISR,LEFT,7948,head,,6.671,shoulder,6.84,114.911,5.91,5.42,1356.8,44.8,28.45,7.4,RIGHT,28.07,1.014,66.77,0.034,2.0,inf
7962,BRA_A,BRA,RIGHT,7964,thigh,left,1.276,knee,1.296,83.671,11.45,-0.81,1436.2,420.7,28.45,71.7,RIGHT,20.439,1.392,12.82,0.827,0.0,inf
7962,BRA_B,BRA,RIGHT,7962,head,,-0.049,chest,0.102,115.55,12.72,4.89,1436.2,420.7,28.45,71.7,RIGHT,28.226,1.008,0.0,0.02,0.0,0.02
7962,ISR_A,ISR,LEFT,7964,head,,6.664,thigh,6.772,120.348,4.37,6.25,1436.2,420.7,28.45,71.7,RIGHT,29.398,0.968,66.7,0.082,2.0,inf
7962,ISR_B,ISR,LEFT,7964,thigh,left,7.377,knee,7.397,100.074,4.32,3.28,1436.2,420.7,28.45,71.7,RIGHT,24.446,1.164,73.83,0.379,2.0,inf
7970,BRA_A,BRA,RIGHT,7968,foot,right,0.787,shin,0.836,84.007,11.66,-0.75,994.5,433.1,27.7,33.1,NET,20.521,1.35,7.93,0.75,0.0,inf
7970,BRA_B,BRA,RIGHT,7968,head,,2.597,hand,2.669,122.413,12.52,5.78,994.5,433.1,27.7,33.1,NET,29.902,0.926,26.03,0.191,0.0,inf
7970,ISR_A,ISR,LEFT,7971,head,,4.128,hand,4.266,119.633,4.09,6.19,994.5,433.1,27.7,33.1,NET,29.223,0.948,41.31,0.134,0.0,inf
7970,ISR_B,ISR,LEFT,7972,thigh,left,3.965,knee,3.985,98.776,4.05,3.14,994.5,433.1,27.7,33.1,NET,24.129,1.148,39.71,0.345,0.0,inf
7977,BRA_A,BRA,RIGHT,7976,foot,right,2.492,shin,2.632,87.141,11.82,0.04,1007.2,525.8,25.8,11.3,NET,21.286,1.212,24.95,0.481,0.0,inf
7977,BRA_B,BRA,RIGHT,7979,foot,left,3.001,shin,3.197,121.138,12.83,5.6,1007.2,525.8,25.8,11.3,NET,29.591,0.872,30.07,0.343,0.0,inf
7977,ISR_A,ISR,LEFT,7975,hand,left,4.295,head,4.364,116.288,3.91,5.78,1007.2,525.8,25.8,11.3,NET,28.406,0.908,43.01,0.241,0.0,inf
7977,ISR_B,ISR,LEFT,7975,foot,left,4.144,thigh,4.202,99.153,3.93,3.06,1007.2,525.8,25.8,11.3,NET,24.221,1.065,41.5,0.158,0.0,inf
7983,BRA_A,BRA,RIGHT,7981,foot,right,2.759,shin,2.846,87.835,12.03,-0.08,1096.5,663.8,25.5,22.1,RIGHT,21.456,1.188,27.65,0.432,0.0,inf
7983,BRA_B,BRA,RIGHT,7985,foot,left,2.568,thigh,2.668,121.279,12.92,5.61,1096.5,663.8,25.5,22.1,RIGHT,29.625,0.861,25.74,0.375,0.0,inf
7983,ISR_A,ISR,LEFT,7981,hand,left,5.143,head,5.183,116.385,3.95,5.79,1096.5,663.8,25.5,22.1,RIGHT,28.43,0.897,51.49,0.272,2.0,inf
7983,ISR_B,ISR,LEFT,7981,foot,left,5.186,shin,5.249,98.079,3.99,2.95,1096.5,663.8,25.5,22.1,RIGHT,23.958,1.064,51.92,0.156,2.0,inf
8062,BRA_A,BRA,RIGHT,8064,head,,5.868,thigh,5.928,103.638,13.27,3.07,795.0,428.2,24.75,43.7,LEFT,25.316,0.978,58.74,0.057,2.0,inf
8062,BRA_B,BRA,RIGHT,8063,foot,left,5.831,thigh,5.92,121.638,13.13,5.62,795.0,428.2,24.75,43.7,LEFT,29.713,0.833,58.34,0.457,2.0,inf
8062,ISR_A,ISR,LEFT,8063,thigh,right,0.008,torso,0.076,100.238,7.0,3.12,795.0,428.2,24.75,43.7,LEFT,24.486,1.011,0.11,0.027,0.0,0.137
8062,ISR_B,ISR,LEFT,8064,hand,right,0.633,arm,0.747,92.936,5.63,2.12,795.0,428.2,24.75,43.7,LEFT,22.702,1.09,6.39,0.216,0.0,inf
8092,BRA_A,BRA,RIGHT,8094,head,,4.035,chest,4.2,99.793,12.92,2.53,906.0,235.9,25.85,38.3,LEFT,24.377,1.06,40.41,0.147,2.0,inf
8092,BRA_B,BRA,RIGHT,8094,head,,5.27,chest,5.52,121.858,13.83,5.6,906.0,235.9,25.85,38.3,LEFT,29.767,0.868,52.76,0.353,2.0,inf
8092,ISR_A,ISR,LEFT,8092,head,,1.748,chest,2.028,106.572,6.65,4.15,906.0,235.9,25.85,38.3,LEFT,26.033,0.993,17.48,0.018,0.0,inf
8092,ISR_B,ISR,LEFT,8092,head,,0.074,chest,0.198,89.639,7.91,0.58,906.0,235.9,25.85,38.3,LEFT,21.897,1.181,0.74,0.415,0.0,1.155
8164,BRA_A,BRA,RIGHT,8164,head,,-0.22,chest,-0.154,98.072,14.66,2.07,1552.5,318.0,24.8,46.4,RIGHT,23.957,1.035,0.0,0.087,0.0,0.087
8164,BRA_B,BRA,RIGHT,8164,head,,2.058,chest,2.283,141.528,13.27,7.65,1552.5,318.0,24.8,46.4,RIGHT,34.572,0.717,20.58,0.83,0.0,inf
8164,ISR_A,ISR,LEFT,8164,foot,right,9.406,head,9.456,116.734,4.01,5.83,1552.5,318.0,24.8,46.4,RIGHT,28.515,0.87,94.06,0.349,2.0,inf
8164,ISR_B,ISR,LEFT,8164,hand,left,9.061,arm,9.085,92.195,5.26,1.7,1552.5,318.0,24.8,46.4,RIGHT,22.521,1.101,90.61,0.241,2.0,inf
8182,BRA_A,BRA,RIGHT,8180,head,,2.85,shoulder,3.058,93.226,14.31,1.15,1331.3,25.5,23.125,7.8,RIGHT,22.773,1.015,28.56,0.038,0.0,inf
8182,BRA_B,BRA,RIGHT,8181,head,,3.837,chest,3.983,127.673,10.98,6.51,1331.3,25.5,23.125,7.8,RIGHT,31.187,0.741,38.4,0.748,0.0,inf
8182,ISR_A,ISR,LEFT,8184,head,,8.09,chest,8.345,117.289,3.93,5.92,1331.3,25.5,23.125,7.8,RIGHT,28.651,0.807,80.96,0.536,2.0,inf
8182,ISR_B,ISR,LEFT,8184,shoulder,left,8.112,arm,8.131,92.674,4.53,1.85,1331.3,25.5,23.125,7.8,RIGHT,22.638,1.022,81.18,0.053,2.0,inf
8198,BRA_A,BRA,RIGHT,8196,shoulder,right,3.755,hand,3.761,88.74,14.13,0.16,1047.0,292.2,27.2,29.3,RIGHT,21.677,1.255,37.61,0.567,0.0,inf
8198,BRA_B,BRA,RIGHT,8198,foot,left,-0.063,shin,0.186,105.37,10.05,3.66,1047.0,292.2,27.2,29.3,RIGHT,25.739,1.057,0.0,0.138,0.0,0.138
8198,ISR_A,ISR,LEFT,8200,head,,3.534,hand,3.599,116.242,4.97,5.68,1047.0,292.2,27.2,29.3,RIGHT,28.395,0.958,35.4,0.107,2.0,inf
8198,ISR_B,ISR,LEFT,8200,hand,left,2.539,arm,2.561,98.356,5.68,2.85,1047.0,292.2,27.2,29.3,RIGHT,24.026,1.132,25.45,0.31,2.0,inf
8206,BRA_A,BRA,RIGHT,8204,foot,right,6.892,shin,7.057,88.516,14.2,0.1,722.2,438.0,24.65,72.3,LEFT,21.622,1.14,68.98,0.328,2.0,inf
8206,BRA_B,BRA,RIGHT,8204,thigh,left,2.643,torso,2.695,108.297,9.78,4.07,722.2,438.0,24.65,72.3,LEFT,26.454,0.932,26.49,0.177,2.0,inf
8206,ISR_A,ISR,LEFT,8206,head,,1.538,hand,1.627,109.229,4.67,4.73,722.2,438.0,24.65,72.3,LEFT,26.682,0.924,15.38,0.198,0.0,inf
8206,ISR_B,ISR,LEFT,8206,thigh,right,-0.078,knee,-0.058,97.438,5.8,2.67,722.2,438.0,24.65,72.3,LEFT,23.802,1.036,0.0,0.088,0.0,0.088
8299,BRA_A,BRA,RIGHT,8297,head,,4.386,shoulder,4.409,105.664,14.38,3.35,1059.0,79.0,29.95,10.1,RIGHT,25.811,1.16,43.92,0.372,0.0,inf
8299,ISR_A,ISR,LEFT,8301,head,,5.858,shoulder,6.113,118.366,3.39,6.11,1059.0,79.0,29.95,10.1,RIGHT,28.914,1.036,58.64,0.088,2.0,inf
8299,ISR_B,ISR,LEFT,8301,head,,6.302,shoulder,6.32,99.249,2.97,3.19,1059.0,79.0,29.95,10.1,RIGHT,24.244,1.235,63.08,0.528,2.0,inf
8304,BRA_A,BRA,RIGHT,8302,shoulder,right,6.692,arm,6.698,105.779,14.35,3.35,804.8,92.4,27.9,8.6,LEFT,25.839,1.08,66.98,0.192,2.0,inf
8304,ISR_A,ISR,LEFT,8306,head,,4.036,chest,4.278,118.517,3.56,6.1,804.8,92.4,27.9,8.6,LEFT,28.951,0.964,40.42,0.092,0.0,inf
8304,ISR_B,ISR,LEFT,8306,head,,4.361,shoulder,4.369,98.295,2.02,2.27,804.8,92.4,27.9,8.6,LEFT,24.011,1.162,43.67,0.375,0.0,inf
8309,BRA_A,BRA,RIGHT,8307,shoulder,right,8.587,head,8.635,105.746,14.27,3.35,580.5,159.8,27.05,11.6,LEFT,25.831,1.047,85.93,0.115,2.0,inf
8309,ISR_A,ISR,LEFT,8311,head,,2.375,chest,2.635,119.392,3.87,6.2,580.5,159.8,27.05,11.6,LEFT,29.165,0.927,23.81,0.188,0.0,inf
8309,ISR_B,ISR,LEFT,8311,head,,2.472,shoulder,2.505,98.326,2.03,3.24,580.5,159.8,27.05,11.6,LEFT,24.019,1.126,24.78,0.297,0.0,inf
8319,BRA_A,BRA,RIGHT,8317,thigh,right,11.302,foot,11.311,105.743,13.99,3.38,247.9,399.4,25.3,58.9,LEFT,25.83,0.979,113.08,0.052,2.0,inf
8319,ISR_A,ISR,LEFT,8317,head,,1.478,shoulder,1.59,119.435,4.12,6.15,247.9,399.4,25.3,58.9,LEFT,29.175,0.867,14.84,0.356,0.0,inf
8319,ISR_B,ISR,LEFT,8319,chest,,-0.231,shoulder,-0.09,98.272,1.61,3.17,247.9,399.4,25.3,58.9,LEFT,24.005,1.054,0.0,0.131,0.0,0.131
8346,BRA_A,BRA,RIGHT,8348,foot,right,6.961,shin,7.175,104.931,13.12,3.33,628.5,253.9,26.7,11.3,LEFT,25.632,1.042,69.67,0.102,2.0,inf
8346,BRA_B,BRA,RIGHT,8348,thigh,right,7.673,knee,7.693,124.285,13.87,5.88,628.5,253.9,26.7,11.3,LEFT,30.36,0.879,76.79,0.321,2.0,inf
8346,ISR_A,ISR,LEFT,8348,head,,1.711,chest,1.843,110.019,6.76,4.66,628.5,253.9,26.7,11.3,LEFT,26.875,0.993,17.17,0.016,0.0,inf
8346,ISR_B,ISR,LEFT,8348,head,,2.459,shoulder,2.602,98.939,2.87,3.11,628.5,253.9,26.7,11.3,LEFT,24.168,1.105,24.65,0.249,0.0,inf
8354,BRA_A,BRA,RIGHT,8354,foot,right,5.721,shin,5.865,104.893,13.15,3.31,777.8,499.5,25.85,69.8,LEFT,25.623,1.009,57.21,0.022,2.0,inf
8354,BRA_B,BRA,RIGHT,8354,foot,right,5.937,thigh,5.992,123.947,13.39,5.91,777.8,499.5,25.85,69.8,LEFT,30.277,0.854,59.37,0.395,2.0,inf
8354,ISR_A,ISR,LEFT,8354,head,,-0.173,chest,-0.078,110.128,6.87,4.66,777.8,499.5,25.85,69.8,LEFT,26.902,0.961,0.0,0.1,0.0,0.1
8354,ISR_B,ISR,LEFT,8356,hand,left,2.223,arm,2.267,99.419,4.11,3.12,777.8,499.5,25.85,69.8,LEFT,24.286,1.064,22.29,0.156,0.0,inf
8381,BRA_A,BRA,RIGHT,8383,head,,4.643,shoulder,4.811,101.065,13.06,2.82,880.5,295.6,24.75,28.1,LEFT,24.688,1.003,46.49,0.006,2.0,inf
8381,BRA_B,BRA,RIGHT,8381,head,,5.555,chest,5.801,122.213,13.51,5.67,880.5,295.6,24.75,28.1,LEFT,29.854,0.829,55.55,0.469,2.0,inf
8381,ISR_A,ISR,LEFT,8381,head,,1.804,chest,2.055,123.968,6.97,6.45,880.5,295.6,24.75,28.1,LEFT,30.282,0.817,18.04,0.504,0.0,inf
8381,ISR_B,ISR,LEFT,8381,hand,left,-0.107,arm,-0.07,95.114,7.36,1.84,880.5,295.6,24.75,28.1,LEFT,23.234,1.065,0.0,0.158,0.0,0.158
8389,BRA_A,BRA,RIGHT,8391,hand,right,3.379,arm,3.441,98.747,13.03,2.35,1003.5,289.2,24.75,9.1,NET,24.122,1.026,33.85,0.064,0.0,inf
8389,BRA_B,BRA,RIGHT,8390,head,,5.005,chest,5.232,123.22,14.25,5.24,1003.5,289.2,24.75,9.1,NET,30.1,0.822,50.08,0.489,0.0,inf
8389,ISR_A,ISR,LEFT,8387,head,,2.277,chest,2.531,123.748,6.87,6.44,1003.5,289.2,24.75,9.1,NET,30.229,0.819,22.83,0.5,0.0,inf
8389,ISR_B,ISR,LEFT,8387,head,,0.57,chest,0.802,94.724,7.94,1.96,1003.5,289.2,24.75,9.1,NET,23.139,1.07,5.76,0.168,0.0,inf
8407,BRA_A,BRA,RIGHT,8407,shin,right,-0.013,foot,0.004,99.577,10.98,2.57,1095.0,487.9,24.75,38.0,RIGHT,24.324,1.018,0.0,0.043,0.0,0.043
8407,BRA_B,BRA,RIGHT,8409,head,,2.952,chest,3.136,126.96,12.95,6.26,1095.0,487.9,24.75,38.0,RIGHT,31.013,0.798,29.58,0.564,0.0,inf
8407,ISR_A,ISR,LEFT,8405,head,,2.77,shoulder,2.946,121.108,6.46,6.12,1095.0,487.9,24.75,38.0,RIGHT,29.584,0.837,27.76,0.446,2.0,inf
8407,ISR_B,ISR,LEFT,8407,thigh,right,0.74,knee,0.76,103.986,8.67,3.42,1095.0,487.9,24.75,38.0,RIGHT,25.401,0.974,7.4,0.065,2.0,inf
8429,BRA_A,BRA,RIGHT,8427,head,,1.536,shoulder,1.553,100.18,10.73,2.6,1416.0,344.6,33.75,11.8,RIGHT,24.472,1.379,15.42,0.804,0.0,inf
8429,BRA_B,BRA,RIGHT,8431,head,,1.633,shoulder,1.757,136.31,12.44,7.26,1416.0,344.6,33.75,11.8,RIGHT,33.297,1.014,16.39,0.034,0.0,inf
8429,ISR_A,ISR,LEFT,8427,head,,6.44,chest,6.644,119.332,5.29,5.96,1416.0,344.6,33.75,11.8,RIGHT,29.15,1.158,64.46,0.366,2.0,inf
8429,ISR_B,ISR,LEFT,8427,head,,4.415,chest,4.543,105.547,7.79,4.15,1416.0,344.6,33.75,11.8,RIGHT,25.782,1.309,44.21,0.673,2.0,inf
8434,BRA_A,BRA,RIGHT,8432,shoulder,left,1.882,arm,1.956,104.253,10.96,3.4,1497.0,474.0,37.1,9.7,RIGHT,25.466,1.457,18.88,0.941,0.0,inf
8434,BRA_B,BRA,RIGHT,8436,head,,0.51,hand,0.52,145.517,12.56,8.11,1497.0,474.0,37.1,9.7,RIGHT,35.546,1.044,5.16,0.107,0.0,inf
8434,ISR_A,ISR,LEFT,8432,head,,7.37,foot,7.466,118.516,5.02,5.93,1497.0,474.0,37.1,9.7,RIGHT,28.951,1.281,73.76,0.62,2.0,inf
8434,ISR_B,ISR,LEFT,8432,hand,left,5.584,thigh,5.611,102.849,7.43,3.48,1497.0,474.0,37.1,9.7,RIGHT,25.123,1.477,55.9,0.975,2.0,inf
8441,BRA_A,BRA,RIGHT,8443,foot,left,2.375,shin,2.411,108.56,11.51,4.03,1617.0,785.3,37.5,111.7,RIGHT,26.518,1.414,23.81,0.866,0.0,inf
8441,BRA_B,BRA,RIGHT,8441,thigh,right,-0.213,foot,-0.077,146.83,13.04,7.95,1617.0,785.3,37.5,111.7,RIGHT,35.867,1.046,0.0,0.111,0.0,0.111
8441,ISR_A,ISR,LEFT,8439,foot,left,8.227,shin,8.376,118.416,4.81,5.97,1617.0,785.3,37.5,111.7,RIGHT,28.926,1.296,82.33,0.649,2.0,inf
8441,ISR_B,ISR,LEFT,8439,foot,left,7.036,shin,7.057,102.505,7.08,3.44,1617.0,785.3,37.5,111.7,RIGHT,25.039,1.498,70.42,1.01,2.0,inf
8450,BRA_A,BRA,RIGHT,8448,shoulder,left,2.159,head,2.212,108.208,11.5,3.88,1536.5,306.7,33.0,13.4,RIGHT,26.432,1.248,21.65,0.555,0.0,inf
8450,BRA_B,BRA,RIGHT,8448,hand,right,2.166,arm,2.247,150.234,13.4,8.53,1536.5,306.7,33.0,13.4,RIGHT,36.699,0.899,21.72,0.266,0.0,inf
8450,ISR_A,ISR,LEFT,8450,head,,8.371,shoulder,8.517,118.569,4.74,5.97,1536.5,306.7,33.0,13.4,RIGHT,28.963,1.139,83.71,0.326,2.0,inf
8450,ISR_B,ISR,LEFT,8450,shoulder,left,7.181,hand,7.218,100.194,6.69,3.09,1536.5,306.7,33.0,13.4,RIGHT,24.475,1.348,71.81,0.747,2.0,inf
8459,BRA_A,BRA,RIGHT,8457,head,,3.294,chest,3.507,107.214,11.4,3.83,1441.5,49.0,32.15,7.6,RIGHT,26.19,1.228,33.0,0.513,0.0,inf
8459,BRA_B,BRA,RIGHT,8457,head,,5.353,chest,5.6,149.981,14.55,8.28,1441.5,49.0,32.15,7.6,RIGHT,36.637,0.878,53.59,0.327,0.0,inf
8459,ISR_A,ISR,LEFT,8461,head,,8.451,chest,8.693,119.102,4.43,6.09,1441.5,49.0,32.15,7.6,RIGHT,29.094,1.105,84.57,0.25,2.0,inf
8459,ISR_B,ISR,LEFT,8457,shoulder,left,7.501,head,7.552,99.085,6.34,2.94,1441.5,49.0,32.15,7.6,RIGHT,24.204,1.328,75.07,0.71,2.0,inf
8464,BRA_A,BRA,RIGHT,8463,head,,3.467,chest,3.677,106.949,11.39,3.79,1394.9,26.0,30.95,17.8,RIGHT,26.125,1.185,34.7,0.424,0.0,inf
8464,BRA_B,BRA,RIGHT,8462,head,,6.004,shoulder,6.155,149.898,14.7,8.24,1394.9,26.0,30.95,17.8,RIGHT,36.616,0.845,60.1,0.42,0.0,inf
8464,ISR_A,ISR,LEFT,8466,head,,7.995,chest,8.243,119.054,4.24,6.11,1394.9,26.0,30.95,17.8,RIGHT,29.082,1.064,80.01,0.156,2.0,inf
8464,ISR_B,ISR,LEFT,8466,arm,left,7.605,shoulder,7.611,94.566,5.47,2.07,1394.9,26.0,30.95,17.8,RIGHT,23.1,1.34,76.11,0.731,2.0,inf
8472,BRA_A,BRA,RIGHT,8474,head,,1.767,hand,1.801,104.048,11.15,3.35,1285.5,97.0,27.85,10.6,RIGHT,25.416,1.096,17.73,0.229,0.0,inf
8472,BRA_B,BRA,RIGHT,8474,head,,5.515,shoulder,5.752,150.198,14.49,8.27,1285.5,97.0,27.85,10.6,RIGHT,36.69,0.759,55.21,0.689,0.0,inf
8472,ISR_A,ISR,LEFT,8474,head,,7.154,chest,7.42,118.778,4.13,6.08,1285.5,97.0,27.85,10.6,RIGHT,29.015,0.96,71.6,0.102,2.0,inf
8472,ISR_B,ISR,LEFT,8473,foot,left,7.124,shin,7.134,93.995,4.96,2.08,1285.5,97.0,27.85,10.6,RIGHT,22.961,1.213,71.27,0.483,2.0,inf
8481,BRA_A,BRA,RIGHT,8481,head,,-0.04,chest,0.194,98.679,11.07,2.44,1200.0,307.5,27.0,41.1,RIGHT,24.105,1.12,0.0,0.284,0.0,0.284
8481,BRA_B,BRA,RIGHT,8481,head,,4.739,shoulder,4.885,150.465,14.52,8.3,1200.0,307.5,27.0,41.1,RIGHT,36.755,0.735,47.39,0.771,0.0,inf
8481,ISR_A,ISR,LEFT,8483,head,,5.889,chest,6.119,118.814,4.18,6.08,1200.0,307.5,27.0,41.1,RIGHT,29.023,0.93,58.95,0.181,2.0,inf
8481,ISR_B,ISR,LEFT,8483,hand,left,6.531,arm,6.547,94.111,3.62,2.23,1200.0,307.5,27.0,41.1,RIGHT,22.989,1.174,65.37,0.402,2.0,inf
8504,BRA_A,BRA,RIGHT,8502,thigh,right,3.222,knee,3.242,108.149,11.02,4.02,804.0,523.8,24.75,43.1,LEFT,26.418,0.937,32.28,0.163,2.0,inf
8504,BRA_B,BRA,RIGHT,8503,foot,left,5.962,head,6.077,142.121,13.71,7.68,804.0,523.8,24.75,43.1,LEFT,34.717,0.713,59.65,0.846,2.0,inf
8504,ISR_A,ISR,LEFT,8505,thigh,right,0.107,knee,0.127,109.638,6.1,4.53,804.0,523.8,24.75,43.1,LEFT,26.782,0.924,1.1,0.197,0.0,1.297
8504,ISR_B,ISR,LEFT,8506,hand,left,2.384,arm,2.471,92.251,3.84,1.56,804.0,523.8,24.75,43.1,LEFT,22.535,1.098,23.9,0.234,0.0,inf
8530,BRA_A,BRA,RIGHT,8530,head,,6.577,shoulder,6.613,104.446,12.97,3.27,697.5,331.8,24.35,27.2,LEFT,25.514,0.954,65.77,0.117,2.0,inf
8530,BRA_B,BRA,RIGHT,8530,head,,6.801,chest,6.988,128.541,13.3,6.41,697.5,331.8,24.35,27.2,LEFT,31.4,0.775,68.01,0.636,2.0,inf
8530,ISR_A,ISR,LEFT,8530,head,,0.984,shoulder,1.13,112.298,6.83,4.98,697.5,331.8,24.35,27.2,LEFT,27.432,0.888,9.84,0.298,0.0,inf
8530,ISR_B,ISR,LEFT,8530,shoulder,left,-0.115,chest,-0.045,93.59,5.7,1.91,697.5,331.8,24.35,27.2,LEFT,22.862,1.065,0.0,0.158,0.0,0.158
8561,BRA_A,BRA,RIGHT,8563,thigh,right,4.595,knee,4.615,101.26,13.72,2.56,926.2,337.8,26.8,39.1,LEFT,24.735,1.083,46.01,0.2,2.0,inf
8561,BRA_B,BRA,RIGHT,8563,head,,4.653,chest,4.893,132.128,13.24,6.86,926.2,337.8,26.8,39.1,LEFT,32.276,0.83,46.59,0.465,2.0,inf
8561,ISR_A,ISR,LEFT,8561,head,,0.062,chest,0.303,102.61,8.19,3.03,926.2,337.8,26.8,39.1,LEFT,25.065,1.069,0.62,0.167,0.0,0.787
8561,ISR_B,ISR,LEFT,8559,shoulder,left,1.185,arm,1.275,94.222,6.42,1.97,926.2,337.8,26.8,39.1,LEFT,23.016,1.164,11.91,0.381,0.0,inf
8581,BRA_A,BRA,RIGHT,8581,shin,right,-0.075,foot,0.021,92.301,12.48,1.07,1249.5,421.1,23.65,42.0,RIGHT,22.547,1.049,0.0,0.119,0.0,0.119
8581,BRA_B,BRA,RIGHT,8581,head,,2.024,shoulder,2.197,130.684,12.8,6.67,1249.5,421.1,23.65,42.0,RIGHT,31.923,0.741,20.24,0.75,0.0,inf
8581,ISR_A,ISR,LEFT,8579,thigh,right,2.531,head,2.549,110.942,8.34,4.65,1249.5,421.1,23.65,42.0,RIGHT,27.101,0.873,25.37,0.34,2.0,inf
8581,ISR_B,ISR,LEFT,8579,hand,left,4.453,arm,4.494,93.894,6.45,1.92,1249.5,421.1,23.65,42.0,RIGHT,22.936,1.031,44.59,0.077,2.0,inf
8594,BRA_A,BRA,RIGHT,8592,hand,right,1.195,arm,1.231,88.073,11.95,0.2,1299.0,163.3,30.2,8.6,RIGHT,21.514,1.404,12.01,0.848,0.0,inf
8594,BRA_B,BRA,RIGHT,8592,head,,3.048,chest,3.294,125.161,12.21,6.12,1299.0,163.3,30.2,8.6,RIGHT,30.574,0.988,30.54,0.031,0.0,inf
8594,ISR_A,ISR,LEFT,8592,head,,4.673,chest,4.895,110.261,7.16,4.65,1299.0,163.3,30.2,8.6,RIGHT,26.934,1.121,46.79,0.286,2.0,inf
8594,ISR_B,ISR,LEFT,8592,shoulder,left,5.968,head,5.977,94.273,5.98,2.04,1299.0,163.3,30.2,8.6,RIGHT,23.029,1.311,59.74,0.678,2.0,inf
8604,BRA_A,BRA,RIGHT,8606,head,,1.227,chest,1.368,89.832,12.06,0.58,1356.0,162.6,33.55,8.0,RIGHT,21.944,1.529,12.33,1.061,0.0,inf
8604,BRA_B,BRA,RIGHT,8606,head,,3.053,shoulder,3.26,133.259,12.13,6.99,1356.0,162.6,33.55,8.0,RIGHT,32.552,1.031,30.59,0.076,0.0,inf
8604,ISR_A,ISR,LEFT,8602,head,,6.153,chest,6.376,110.284,6.07,4.76,1356.0,162.6,33.55,8.0,RIGHT,26.94,1.245,61.59,0.549,2.0,inf
8604,ISR_B,ISR,LEFT,8602,shoulder,left,7.143,arm,7.171,91.25,5.32,0.82,1356.0,162.6,33.55,8.0,RIGHT,22.29,1.505,71.49,1.022,2.0,inf
8610,BRA_A,BRA,RIGHT,8610,shoulder,left,0.664,head,0.721,94.001,11.87,1.47,1386.0,304.0,38.25,8.5,RIGHT,22.962,1.666,6.64,1.276,0.0,inf
8610,BRA_B,BRA,RIGHT,8612,head,,1.922,hand,1.989,145.588,11.83,8.14,1386.0,304.0,38.25,8.5,RIGHT,35.563,1.076,19.28,0.182,0.0,inf
8610,ISR_A,ISR,LEFT,8608,head,,6.559,shoulder,6.714,112.154,5.48,5.08,1386.0,304.0,38.25,8.5,RIGHT,27.397,1.396,65.65,0.834,2.0,inf
8610,ISR_B,ISR,LEFT,8610,arm,left,7.359,shoulder,7.372,92.716,5.3,1.79,1386.0,304.0,38.25,8.5,RIGHT,22.648,1.689,73.59,1.31,2.0,inf
8621,BRA_A,BRA,RIGHT,8619,foot,left,2.504,shin,2.581,98.887,11.98,2.39,1444.5,903.0,40.5,124.2,RIGHT,24.156,1.677,25.1,1.292,0.0,inf
8621,BRA_B,BRA,RIGHT,8621,thigh,right,-0.023,shin,0.019,158.383,11.85,8.94,1444.5,903.0,40.5,124.2,RIGHT,38.689,1.047,0.0,0.114,0.0,0.114
8621,ISR_A,ISR,LEFT,8619,thigh,left,7.337,knee,7.357,114.447,4.65,5.47,1444.5,903.0,40.5,124.2,RIGHT,27.957,1.449,73.43,0.927,2.0,inf
8621,ISR_B,ISR,LEFT,8619,foot,left,8.074,shin,8.153,93.428,5.36,1.93,1444.5,903.0,40.5,124.2,RIGHT,22.822,1.775,80.8,1.434,2.0,inf
8643,BRA_A,BRA,RIGHT,8643,head,,3.121,chest,3.315,108.878,11.31,4.09,1336.5,40.6,37.5,7.2,RIGHT,26.596,1.41,31.21,0.859,0.0,inf
8643,BRA_B,BRA,RIGHT,8641,head,,5.363,chest,5.641,166.939,12.79,9.61,1336.5,40.6,37.5,7.2,RIGHT,40.779,0.92,53.69,0.21,0.0,inf
8643,ISR_A,ISR,LEFT,8643,head,,7.684,shoulder,7.926,120.615,4.54,6.27,1336.5,40.6,37.5,7.2,RIGHT,29.463,1.273,76.84,0.603,2.0,inf
8643,ISR_B,ISR,LEFT,8643,shoulder,left,7.42,arm,7.474,93.841,5.5,1.98,1336.5,40.6,37.5,7.2,RIGHT,22.923,1.636,74.2,1.23,2.0,inf
8655,BRA_A,BRA,RIGHT,8657,head,,1.266,hand,1.268,110.546,11.14,4.35,1261.5,167.2,31.9,9.5,RIGHT,27.004,1.181,12.72,0.417,0.0,inf
8655,BRA_B,BRA,RIGHT,8657,head,,4.595,shoulder,4.84,166.802,12.92,9.59,1261.5,167.2,31.9,9.5,RIGHT,40.746,0.783,46.01,0.612,0.0,inf
8655,ISR_A,ISR,LEFT,8657,head,,6.872,chest,7.133,122.198,4.0,6.51,1261.5,167.2,31.9,9.5,RIGHT,29.85,1.069,68.78,0.166,2.0,inf
8655,ISR_B,ISR,LEFT,8657,hand,left,5.377,arm,5.419,95.374,5.88,2.27,1261.5,167.2,31.9,9.5,RIGHT,23.297,1.369,53.83,0.786,2.0,inf
8662,BRA_A,BRA,RIGHT,8662,head,,-0.042,chest,0.179,111.11,11.04,4.44,1221.0,361.3,27.35,63.5,RIGHT,27.142,1.008,0.0,0.019,0.0,0.019
8662,BRA_B,BRA,RIGHT,8662,head,,3.787,shoulder,3.974,166.631,12.87,9.6,1221.0,361.3,27.35,63.5,RIGHT,40.704,0.672,37.87,0.994,0.0,inf
8662,ISR_A,ISR,LEFT,8664,head,,5.657,chest,5.892,122.313,3.8,6.53,1221.0,361.3,27.35,63.5,RIGHT,29.878,0.915,56.63,0.221,2.0,inf
8662,ISR_B,ISR,LEFT,8664,head,,3.261,shoulder,3.33,105.309,6.21,3.99,1221.0,361.3,27.35,63.5,RIGHT,25.724,1.063,32.67,0.153,2.0,inf
8681,BRA_A,BRA,RIGHT,8683,thigh,right,6.636,knee,6.656,116.716,11.09,5.2,363.4,496.5,22.5,79.2,LEFT,28.511,0.789,66.42,0.592,2.0,inf
8681,BRA_B,BRA,RIGHT,8683,head,,7.711,shoulder,7.764,157.721,13.03,8.97,363.4,496.5,22.5,79.2,LEFT,38.527,0.584,77.17,1.345,2.0,inf
8681,ISR_A,ISR,LEFT,8681,arm,right,0.01,shoulder,0.041,110.031,2.64,5.03,363.4,496.5,22.5,79.2,LEFT,26.878,0.837,0.1,0.444,0.0,0.544
8681,ISR_B,ISR,LEFT,8683,hand,right,2.158,head,2.163,107.703,6.36,4.35,363.4,496.5,22.5,79.2,LEFT,26.309,0.855,21.64,0.391,0.0,inf
8690,BRA_A,BRA,RIGHT,8692,shoulder,right,4.662,head,4.672,116.08,11.74,5.06,709.5,395.2,21.0,9.9,LEFT,28.355,0.741,46.68,0.751,2.0,inf
8690,BRA_B,BRA,RIGHT,8692,hand,left,6.131,arm,6.171,147.758,13.19,8.2,709.5,395.2,21.0,9.9,LEFT,36.094,0.582,61.37,1.354,2.0,inf
8690,ISR_A,ISR,LEFT,8688,thigh,right,2.514,knee,2.534,107.514,2.76,4.63,709.5,395.2,21.0,9.9,LEFT,26.263,0.8,25.2,0.559,0.0,inf
8690,ISR_B,ISR,LEFT,8690,head,,0.048,chest,0.249,108.775,6.42,4.49,709.5,395.2,21.0,9.9,LEFT,26.571,0.79,0.48,0.588,0.0,1.068
8697,BRA_A,BRA,RIGHT,8699,shoulder,right,3.983,arm,4.073,111.948,12.08,4.45,877.5,320.3,19.8,8.4,LEFT,27.346,0.724,39.89,0.807,2.0,inf
8697,BRA_B,BRA,RIGHT,8699,hand,left,5.45,arm,5.477,144.999,13.33,7.96,877.5,320.3,19.8,8.4,LEFT,35.42,0.559,54.56,1.454,2.0,inf
8697,ISR_A,ISR,LEFT,8695,foot,left,4.294,shin,4.502,107.407,2.61,4.65,877.5,320.3,19.8,8.4,LEFT,26.237,0.755,43.0,0.704,0.0,inf
8697,ISR_B,ISR,LEFT,8695,shoulder,right,1.166,arm,1.192,108.769,6.37,4.51,877.5,320.3,19.8,8.4,LEFT,26.57,0.745,11.72,0.735,0.0,inf
8708,BRA_A,BRA,RIGHT,8706,foot,right,3.605,shin,3.664,111.881,12.23,4.51,966.1,365.3,21.95,18.7,NET,27.33,0.803,36.11,0.548,0.0,inf
8708,BRA_B,BRA,RIGHT,8706,shoulder,left,5.21,arm,5.217,138.885,13.71,7.38,966.1,365.3,21.95,18.7,NET,33.926,0.647,52.16,1.089,0.0,inf
8708,ISR_A,ISR,LEFT,8710,foot,right,5.466,shin,5.6,107.391,2.36,4.66,966.1,365.3,21.95,18.7,NET,26.233,0.837,54.72,0.446,0.0,inf
8708,ISR_B,ISR,LEFT,8710,arm,right,2.103,shoulder,2.156,108.06,6.07,4.43,966.1,365.3,21.95,18.7,NET,26.396,0.832,21.09,0.461,0.0,inf
8757,BRA_A,BRA,RIGHT,8759,head,,7.639,shoulder,7.803,106.656,13.27,3.58,603.0,133.2,27.8,7.0,LEFT,26.054,1.067,76.45,0.162,2.0,inf
8757,BRA_B,BRA,RIGHT,8759,head,,8.349,thigh,8.353,124.861,13.82,5.95,603.0,133.2,27.8,7.0,LEFT,30.5,0.911,83.55,0.232,2.0,inf
8757,ISR_A,ISR,LEFT,8759,head,,2.749,chest,2.941,111.032,6.61,4.82,603.0,133.2,27.8,7.0,LEFT,27.122,1.025,27.55,0.062,0.0,inf
8757,ISR_B,ISR,LEFT,8759,head,,2.115,shoulder,2.343,98.686,4.0,3.06,603.0,133.2,27.8,7.0,LEFT,24.106,1.153,21.21,0.356,0.0,inf
8763,BRA_A,BRA,RIGHT,8765,head,,6.486,shoulder,6.587,106.5,13.19,3.56,688.8,251.6,27.4,8.4,LEFT,26.015,1.053,64.92,0.13,2.0,inf
8763,BRA_B,BRA,RIGHT,8765,foot,right,6.913,head,6.921,123.763,13.47,5.82,688.8,251.6,27.4,8.4,LEFT,30.232,0.906,69.19,0.246,2.0,inf
8763,ISR_A,ISR,LEFT,8765,hand,left,1.617,head,1.631,110.641,7.08,4.74,688.8,251.6,27.4,8.4,LEFT,27.027,1.014,16.23,0.034,0.0,inf
8763,ISR_B,ISR,LEFT,8765,head,,1.186,shoulder,1.308,98.212,4.73,2.92,688.8,251.6,27.4,8.4,LEFT,23.991,1.142,11.92,0.332,0.0,inf
8770,BRA_A,BRA,RIGHT,8772,head,,5.644,thigh,5.74,106.701,13.12,3.6,791.2,486.0,25.55,68.5,LEFT,26.064,0.98,56.5,0.05,2.0,inf
8770,BRA_B,BRA,RIGHT,8770,foot,left,5.763,thigh,5.8,124.292,13.12,5.94,791.2,486.0,25.55,68.5,LEFT,30.361,0.842,57.63,0.431,2.0,inf
8770,ISR_A,ISR,LEFT,8770,chest,,0.013,torso,0.099,110.615,7.0,4.73,791.2,486.0,25.55,68.5,LEFT,27.02,0.946,0.13,0.14,0.0,0.27
8770,ISR_B,ISR,LEFT,8772,hand,left,0.851,arm,0.919,98.485,5.61,2.83,791.2,486.0,25.55,68.5,LEFT,24.057,1.062,8.57,0.15,0.0,inf
8802,BRA_A,BRA,RIGHT,8804,head,,4.261,hand,4.36,100.642,13.03,2.61,918.0,318.6,26.25,29.5,LEFT,24.584,1.068,42.67,0.164,2.0,inf
8802,BRA_B,BRA,RIGHT,8804,head,,4.714,chest,4.933,127.203,13.13,6.36,918.0,318.6,26.25,29.5,LEFT,31.073,0.845,47.2,0.422,2.0,inf
8802,ISR_A,ISR,LEFT,8802,head,,2.054,chest,2.296,119.831,6.38,6.01,918.0,318.6,26.25,29.5,LEFT,29.272,0.897,20.54,0.272,0.0,inf
8802,ISR_B,ISR,LEFT,8802,head,,0.046,chest,0.281,96.065,8.06,2.21,918.0,318.6,26.25,29.5,LEFT,23.466,1.119,0.46,0.28,0.0,0.74
8822,BRA_A,BRA,RIGHT,8822,shin,right,-0.046,foot,-0.039,108.37,11.71,4.03,1218.0,573.7,26.2,54.4,RIGHT,26.472,0.99,0.0,0.026,0.0,0.026
8822,BRA_B,BRA,RIGHT,8824,head,,1.692,chest,1.896,128.964,12.68,6.5,1218.0,573.7,26.2,54.4,RIGHT,31.503,0.832,16.98,0.461,0.0,inf
8822,ISR_A,ISR,LEFT,8820,foot,right,4.028,shin,4.24,119.439,6.02,6.0,1218.0,573.7,26.2,54.4,RIGHT,29.176,0.898,40.34,0.269,2.0,inf
8822,ISR_B,ISR,LEFT,8822,foot,left,1.652,shin,1.832,107.442,8.39,4.13,1218.0,573.7,26.2,54.4,RIGHT,26.245,0.998,16.52,0.004,2.0,inf
8843,BRA_A,BRA,RIGHT,8845,head,,1.436,shoulder,1.671,106.198,11.19,3.68,1419.0,332.6,27.4,9.6,RIGHT,25.942,1.056,14.42,0.137,0.0,inf
8843,BRA_B,BRA,RIGHT,8845,head,,1.121,hand,1.186,123.742,12.58,5.93,1419.0,332.6,27.4,9.6,RIGHT,30.227,0.906,11.27,0.245,0.0,inf
8843,ISR_A,ISR,LEFT,8841,head,,6.877,chest,7.082,120.013,4.97,6.15,1419.0,332.6,27.4,9.6,RIGHT,29.316,0.935,68.83,0.169,2.0,inf
8843,ISR_B,ISR,LEFT,8841,head,,5.197,hand,5.218,106.387,7.05,4.04,1419.0,332.6,27.4,9.6,RIGHT,25.988,1.054,52.03,0.132,2.0,inf
8851,BRA_A,BRA,RIGHT,8851,hand,left,1.38,arm,1.412,107.157,11.32,3.79,1471.5,465.0,27.0,59.1,RIGHT,26.176,1.031,13.8,0.077,0.0,inf
8851,BRA_B,BRA,RIGHT,8851,head,,0.005,hand,0.159,119.772,12.78,5.51,1471.5,465.0,27.0,59.1,RIGHT,29.257,0.923,0.05,0.201,0.0,0.251
8851,ISR_A,ISR,LEFT,8849,head,,7.575,foot,7.642,119.678,4.71,6.14,1471.5,465.0,27.0,59.1,RIGHT,29.234,0.924,75.81,0.199,2.0,inf
8851,ISR_B,ISR,LEFT,8849,thigh,left,6.185,knee,6.205,103.913,6.71,3.72,1471.5,465.0,27.0,59.1,RIGHT,25.383,1.064,61.91,0.154,2.0,inf
8866,BRA_A,BRA,RIGHT,8864,head,,2.836,chest,3.1,104.691,11.17,3.39,1380.7,56.0,27.05,9.4,RIGHT,25.574,1.058,28.42,0.14,0.0,inf
8866,BRA_B,BRA,RIGHT,8864,head,,3.192,chest,3.463,115.299,13.24,4.81,1380.7,56.0,27.05,9.4,RIGHT,28.165,0.96,31.98,0.101,0.0,inf
8866,ISR_A,ISR,LEFT,8865,head,,8.28,chest,8.533,116.078,4.2,5.71,1380.7,56.0,27.05,9.4,RIGHT,28.355,0.954,82.83,0.118,2.0,inf
8866,ISR_B,ISR,LEFT,8864,head,,7.097,shoulder,7.272,102.732,5.82,3.48,1380.7,56.0,27.05,9.4,RIGHT,25.095,1.078,71.03,0.188,2.0,inf
8881,BRA_A,BRA,RIGHT,8883,hand,right,0.769,arm,0.872,98.905,11.22,2.46,1245.0,137.7,26.7,7.6,RIGHT,24.16,1.105,7.75,0.25,0.0,inf
8881,BRA_B,BRA,RIGHT,8883,head,,3.209,chest,3.461,115.551,13.48,4.84,1245.0,137.7,26.7,7.6,RIGHT,28.226,0.946,32.15,0.139,0.0,inf
8881,ISR_A,ISR,LEFT,8883,head,,6.902,chest,7.151,115.57,3.86,5.67,1245.0,137.7,26.7,7.6,RIGHT,28.231,0.946,69.08,0.139,2.0,inf
8881,ISR_B,ISR,LEFT,8883,hand,right,6.21,arm,6.315,98.585,4.69,2.98,1245.0,137.7,26.7,7.6,RIGHT,24.082,1.109,62.16,0.258,2.0,inf
8887,BRA_A,BRA,RIGHT,8887,head,,-0.03,chest,0.202,98.163,11.07,2.15,1187.2,275.1,26.45,43.7,RIGHT,23.979,1.103,0.0,0.245,0.0,0.245
8887,BRA_B,BRA,RIGHT,8886,head,,2.966,shoulder,3.188,115.551,13.46,4.84,1187.2,275.1,26.45,43.7,RIGHT,28.226,0.937,29.69,0.162,0.0,inf
8887,ISR_A,ISR,LEFT,8889,head,,5.616,chest,5.841,115.659,4.01,5.64,1187.2,275.1,26.45,43.7,RIGHT,28.253,0.936,56.22,0.165,2.0,inf
8887,ISR_B,ISR,LEFT,8889,hand,right,5.374,arm,5.454,98.087,4.23,2.93,1187.2,275.1,26.45,43.7,RIGHT,23.96,1.104,53.8,0.247,2.0,inf
8905,BRA_A,BRA,RIGHT,8903,head,,5.81,shoulder,5.918,103.042,10.74,3.22,489.4,332.2,23.225,70.3,LEFT,25.171,0.923,58.16,0.201,2.0,inf
8905,BRA_B,BRA,RIGHT,8903,head,,8.184,shoulder,8.336,116.688,13.45,4.99,489.4,332.2,23.225,70.3,LEFT,28.504,0.815,81.9,0.512,2.0,inf
8905,ISR_A,ISR,LEFT,8905,head,,1.191,chest,1.441,114.534,4.08,5.53,489.4,332.2,23.225,70.3,LEFT,27.978,0.83,11.91,0.465,0.0,inf
8905,ISR_B,ISR,LEFT,8905,foot,left,-0.025,chest,0.319,96.287,3.43,2.68,489.4,332.2,23.225,70.3,LEFT,23.52,0.987,0.0,0.032,0.0,0.032
8950,BRA_A,BRA,RIGHT,8951,thigh,left,0.005,knee,0.128,93.157,13.2,1.24,1344.4,392.4,22.025,52.1,RIGHT,22.756,0.968,0.08,0.082,0.0,0.162
8950,BRA_B,BRA,RIGHT,8951,head,,1.439,shoulder,1.453,119.337,13.36,5.38,1344.4,392.4,22.025,52.1,RIGHT,29.151,0.756,14.42,0.701,0.0,inf
8950,ISR_A,ISR,LEFT,8950,foot,right,6.81,thigh,6.905,111.118,4.84,4.99,1344.4,392.4,22.025,52.1,RIGHT,27.143,0.811,68.1,0.522,2.0,inf
8950,ISR_B,ISR,LEFT,8948,foot,right,8.754,shin,8.754,89.848,3.41,1.32,1344.4,392.4,22.025,52.1,RIGHT,21.948,1.004,87.6,0.009,2.0,inf
9018,BRA_A,BRA,RIGHT,9016,thigh,left,-0.123,torso,-0.065,93.847,15.52,1.12,1638.0,369.8,23.25,8.6,RIGHT,22.924,1.014,0.06,0.035,0.0,0.095
9018,ISR_A,ISR,LEFT,9016,arm,right,9.571,thigh,9.742,110.259,4.42,4.9,1638.0,369.8,23.25,8.6,RIGHT,26.934,0.863,95.77,0.368,2.0,inf
9018,ISR_B,ISR,LEFT,9016,thigh,right,12.37,knee,12.419,89.463,2.99,1.27,1638.0,369.8,23.25,8.6,RIGHT,21.854,1.064,123.76,0.155,2.0,inf
9052,BRA_A,BRA,RIGHT,9054,head,,7.862,shoulder,7.945,105.945,13.24,3.48,580.8,228.4,28.15,7.9,LEFT,25.88,1.088,78.68,0.21,2.0,inf
9052,BRA_B,BRA,RIGHT,9054,foot,left,8.386,head,8.467,128.193,13.8,6.32,580.8,228.4,28.15,7.9,LEFT,31.315,0.899,83.92,0.266,2.0,inf
9052,ISR_A,ISR,LEFT,9054,head,,2.118,chest,2.295,116.479,5.99,5.62,580.8,228.4,28.15,7.9,LEFT,28.453,0.989,21.24,0.027,0.0,inf
9052,ISR_B,ISR,LEFT,9054,head,,1.486,chest,1.724,103.223,4.24,3.94,580.8,228.4,28.15,7.9,LEFT,25.215,1.116,14.92,0.275,0.0,inf
9068,BRA_A,BRA,RIGHT,9070,head,,5.809,shoulder,5.85,105.848,13.06,3.49,759.0,496.9,26.25,58.1,LEFT,25.856,1.015,58.15,0.038,2.0,inf
9068,BRA_B,BRA,RIGHT,9069,foot,left,5.889,head,5.968,124.409,13.03,5.98,759.0,496.9,26.25,58.1,LEFT,30.39,0.864,58.92,0.366,2.0,inf
9068,ISR_A,ISR,LEFT,9068,chest,,-0.02,torso,0.034,109.344,6.79,4.56,759.0,496.9,26.25,58.1,LEFT,26.71,0.983,0.0,0.043,0.0,0.043
9068,ISR_B,ISR,LEFT,9069,thigh,left,0.223,knee,0.243,100.032,5.79,3.22,759.0,496.9,26.25,58.1,LEFT,24.435,1.074,2.26,0.179,0.0,2.439
9088,BRA_A,BRA,RIGHT,9090,head,,4.664,chest,4.883,107.138,12.71,3.72,900.0,183.2,27.4,7.5,LEFT,26.171,1.047,46.7,0.115,2.0,inf
9088,BRA_B,BRA,RIGHT,9090,head,,5.285,chest,5.528,124.417,13.01,5.97,900.0,183.2,27.4,7.5,LEFT,30.392,0.902,52.91,0.259,2.0,inf
9088,ISR_A,ISR,LEFT,9086,head,,2.809,chest,3.03,113.843,6.31,5.24,900.0,183.2,27.4,7.5,LEFT,27.809,0.985,28.15,0.037,0.0,inf
9088,ISR_B,ISR,LEFT,9090,hand,right,1.072,arm,1.195,103.007,7.84,3.47,900.0,183.2,27.4,7.5,LEFT,25.162,1.089,10.78,0.213,0.0,inf
9096,BRA_A,BRA,RIGHT,9098,head,,3.988,thigh,4.119,100.081,13.39,2.48,958.5,287.6,27.0,13.6,NET,24.447,1.104,39.94,0.248,0.0,inf
9096,BRA_B,BRA,RIGHT,9098,head,,4.402,chest,4.625,127.187,13.13,6.34,958.5,287.6,27.0,13.6,NET,31.069,0.869,44.08,0.351,0.0,inf
9096,ISR_A,ISR,LEFT,9097,foot,left,2.724,thigh,2.887,114.653,6.01,5.37,958.5,287.6,27.0,13.6,NET,28.007,0.964,27.27,0.092,0.0,inf
9096,ISR_B,ISR,LEFT,9097,head,,-0.091,shoulder,0.146,98.921,8.19,2.67,958.5,287.6,27.0,13.6,NET,24.164,1.117,0.03,0.277,0.0,0.307
9112,BRA_A,BRA,RIGHT,9114,foot,right,1.419,shin,1.44,100.963,13.35,2.61,1408.5,756.0,28.55,102.7,RIGHT,24.663,1.158,14.25,0.366,0.0,inf
9112,BRA_B,BRA,RIGHT,9112,foot,left,-0.03,shin,0.021,134.165,12.19,7.24,1408.5,756.0,28.55,102.7,RIGHT,32.773,0.871,0.0,0.345,0.0,0.345
9112,ISR_A,ISR,LEFT,9110,foot,left,5.58,shin,5.81,114.362,5.51,5.4,1408.5,756.0,28.55,102.7,RIGHT,27.936,1.022,55.86,0.054,2.0,inf
9112,ISR_B,ISR,LEFT,9110,foot,left,2.635,shin,2.743,107.665,8.91,4.35,1408.5,756.0,28.55,102.7,RIGHT,26.3,1.086,26.41,0.205,2.0,inf
9126,BRA_A,BRA,RIGHT,9124,head,,1.001,shoulder,1.003,100.827,12.62,2.58,1232.3,273.6,30.0,8.9,RIGHT,24.63,1.218,10.07,0.493,0.0,inf
9126,BRA_B,BRA,RIGHT,9124,head,,2.582,shoulder,2.71,142.952,11.67,7.93,1232.3,273.6,30.0,8.9,RIGHT,34.92,0.859,25.88,0.38,0.0,inf
9126,ISR_A,ISR,LEFT,9126,head,,6.073,foot,6.208,115.658,4.87,5.64,1232.3,273.6,30.0,8.9,RIGHT,28.252,1.062,60.73,0.15,2.0,inf
9126,ISR_B,ISR,LEFT,9126,hand,left,2.888,arm,2.975,104.942,8.07,4.04,1232.3,273.6,30.0,8.9,RIGHT,25.635,1.17,28.88,0.393,2.0,inf
9148,BRA_A,BRA,RIGHT,9148,foot,right,-0.116,shin,-0.084,97.027,9.58,2.26,1021.5,405.0,24.0,52.8,NET,23.701,1.013,0.0,0.031,0.0,0.031
9148,BRA_B,BRA,RIGHT,9148,shoulder,left,3.36,head,3.424,135.945,12.19,7.24,1021.5,405.0,24.0,52.8,NET,33.208,0.723,33.6,0.812,0.0,inf
9148,ISR_A,ISR,LEFT,9148,hand,right,4.695,shoulder,4.709,115.629,4.16,5.67,1021.5,405.0,24.0,52.8,NET,28.245,0.85,46.95,0.407,0.0,inf
9148,ISR_B,ISR,LEFT,9147,shoulder,right,2.217,chest,2.274,100.216,6.51,3.11,1021.5,405.0,24.0,52.8,NET,24.48,0.98,22.2,0.05,0.0,inf
9162,BRA_A,BRA,RIGHT,9160,head,,2.443,chest,2.634,96.242,9.47,2.08,1081.5,41.7,26.9,7.9,RIGHT,23.509,1.144,24.49,0.337,0.0,inf
9162,BRA_B,BRA,RIGHT,9160,shoulder,left,4.99,arm,5.08,130.161,12.75,6.62,1081.5,41.7,26.9,7.9,RIGHT,31.795,0.846,49.96,0.418,0.0,inf
9162,ISR_A,ISR,LEFT,9160,head,,6.385,shoulder,6.447,114.902,3.77,5.61,1081.5,41.7,26.9,7.9,RIGHT,28.068,0.958,63.91,0.106,2.0,inf
9162,ISR_B,ISR,LEFT,9160,shoulder,right,4.438,head,4.473,100.932,5.96,3.28,1081.5,41.7,26.9,7.9,RIGHT,24.655,1.091,44.44,0.218,2.0,inf
9175,BRA_A,BRA,RIGHT,9177,head,,2.554,shoulder,2.817,96.855,9.88,1.98,1147.5,42.2,27.35,7.0,RIGHT,23.659,1.156,25.6,0.362,0.0,inf
9175,BRA_B,BRA,RIGHT,9177,shoulder,left,5.267,arm,5.342,128.024,13.86,6.3,1147.5,42.2,27.35,7.0,RIGHT,31.273,0.875,52.73,0.335,0.0,inf
9175,ISR_A,ISR,LEFT,9177,head,,7.145,shoulder,7.169,114.754,3.67,5.61,1147.5,42.2,27.35,7.0,RIGHT,28.032,0.976,71.51,0.062,2.0,inf
9175,ISR_B,ISR,LEFT,9175,shoulder,right,5.986,chest,6.032,100.034,5.25,3.19,1147.5,42.2,27.35,7.0,RIGHT,24.436,1.119,59.86,0.282,2.0,inf
9182,BRA_A,BRA,RIGHT,9184,head,,1.041,shoulder,1.202,104.079,9.97,3.47,1187.2,205.7,27.35,8.7,RIGHT,25.424,1.076,10.47,0.183,0.0,inf
9182,BRA_B,BRA,RIGHT,9184,shoulder,left,4.554,chest,4.62,127.326,14.55,6.12,1187.2,205.7,27.35,8.7,RIGHT,31.103,0.879,45.6,0.321,0.0,inf
9182,ISR_A,ISR,LEFT,9182,head,,6.997,shoulder,7.046,114.269,3.6,5.54,1187.2,205.7,27.35,8.7,RIGHT,27.913,0.98,69.97,0.051,2.0,inf
9182,ISR_B,ISR,LEFT,9182,foot,right,5.971,shin,6.038,100.7,4.99,3.33,1187.2,205.7,27.35,8.7,RIGHT,24.598,1.112,59.71,0.265,2.0,inf
9193,BRA_A,BRA,RIGHT,9195,foot,left,0.359,shin,0.522,107.457,10.23,3.97,1227.7,627.7,25.45,54.1,RIGHT,26.249,0.97,3.65,0.077,0.0,3.727
9193,BRA_B,BRA,RIGHT,9192,foot,left,3.728,shin,3.784,127.53,14.95,6.13,1227.7,627.7,25.45,54.1,RIGHT,31.152,0.817,37.31,0.505,0.0,inf
9193,ISR_A,ISR,LEFT,9192,hand,right,6.898,arm,6.952,111.93,3.44,5.21,1227.7,627.7,25.45,54.1,RIGHT,27.342,0.931,69.01,0.179,2.0,inf
9193,ISR_B,ISR,LEFT,9192,foot,left,5.974,shin,6.016,102.509,4.43,3.69,1227.7,627.7,25.45,54.1,RIGHT,25.04,1.016,59.77,0.041,2.0,inf
9210,BRA_A,BRA,RIGHT,9208,foot,right,1.38,thigh,1.429,111.886,10.73,4.58,1414.5,611.6,24.75,16.9,RIGHT,27.331,0.906,13.86,0.248,0.0,inf
9210,ISR_A,ISR,LEFT,9208,foot,right,8.701,shin,8.762,111.172,3.14,5.15,1414.5,611.6,24.75,16.9,RIGHT,27.157,0.911,87.07,0.232,2.0,inf
9210,ISR_B,ISR,LEFT,9208,foot,right,8.294,shin,8.358,104.808,3.63,4.14,1414.5,611.6,24.75,16.9,RIGHT,25.602,0.967,83.0,0.085,2.0,inf
9262,BRA_A,BRA,RIGHT,9262,shin,right,-0.014,foot,0.005,109.575,13.18,4.02,1525.5,555.4,24.0,14.4,RIGHT,26.767,0.897,0.0,0.273,0.0,0.273
9262,ISR_A,ISR,LEFT,9262,hand,right,11.307,arm,11.408,106.239,1.92,4.56,1525.5,555.4,24.0,14.4,RIGHT,25.952,0.925,113.07,0.195,2.0,inf
9262,ISR_B,ISR,LEFT,9261,foot,right,12.516,shin,12.549,99.864,1.11,3.68,1525.5,555.4,24.0,14.4,RIGHT,24.394,0.984,125.19,0.041,2.0,inf
9283,BRA_A,BRA,RIGHT,9283,hand,right,-0.068,arm,-0.063,109.798,14.01,3.99,1599.6,474.4,23.25,12.9,RIGHT,26.821,0.867,0.0,0.357,0.0,0.357
9283,ISR_A,ISR,LEFT,9284,foot,left,12.163,hand,12.391,102.338,1.99,3.88,1599.6,474.4,23.25,12.9,RIGHT,24.999,0.93,121.66,0.181,2.0,inf
9283,ISR_B,ISR,LEFT,9283,foot,right,13.396,thigh,13.473,99.92,1.12,3.54,1599.6,474.4,23.25,12.9,RIGHT,24.408,0.953,133.96,0.122,2.0,inf
9290,BRA_A,BRA,RIGHT,9290,hand,right,-0.098,arm,-0.036,109.312,14.58,3.64,1629.0,500.2,24.0,11.5,RIGHT,26.702,0.899,0.0,0.267,0.0,0.267
9290,ISR_A,ISR,LEFT,9288,foot,right,12.879,thigh,12.903,99.122,1.87,3.33,1629.0,500.2,24.0,11.5,RIGHT,24.213,0.991,128.85,0.022,2.0,inf
9290,ISR_B,ISR,LEFT,9289,foot,right,13.912,hand,13.975,97.312,1.07,3.07,1629.0,500.2,24.0,11.5,RIGHT,23.771,1.01,139.15,0.024,2.0,inf
9381,BRA_A,BRA,RIGHT,9383,foot,right,7.56,thigh,7.687,106.993,13.2,3.64,565.5,357.0,27.0,14.0,LEFT,26.136,1.033,75.66,0.081,2.0,inf
9381,BRA_B,BRA,RIGHT,9383,foot,left,8.022,thigh,8.051,125.885,13.9,6.01,565.5,357.0,27.0,14.0,LEFT,30.751,0.878,80.28,0.325,2.0,inf
9381,ISR_A,ISR,LEFT,9383,head,,1.251,chest,1.415,121.143,6.04,6.2,565.5,357.0,27.0,14.0,LEFT,29.592,0.912,12.57,0.229,0.0,inf
9381,ISR_B,ISR,LEFT,9383,shoulder,left,0.608,head,0.66,103.545,3.9,3.91,565.5,357.0,27.0,14.0,LEFT,25.293,1.067,6.14,0.163,0.0,inf
9388,BRA_A,BRA,RIGHT,9389,foot,right,6.696,hand,6.849,107.049,13.06,3.68,665.2,562.1,26.9,67.7,LEFT,26.149,1.029,66.99,0.071,2.0,inf
9388,BRA_B,BRA,RIGHT,9390,foot,right,6.736,thigh,6.855,125.885,13.35,6.11,665.2,562.1,26.9,67.7,LEFT,30.751,0.875,67.42,0.334,2.0,inf
9388,ISR_A,ISR,LEFT,9388,head,,-0.181,chest,-0.033,120.729,5.97,6.12,665.2,562.1,26.9,67.7,LEFT,29.491,0.912,0.0,0.23,0.0,0.23
9388,ISR_B,ISR,LEFT,9390,thigh,left,0.305,knee,0.325,104.267,4.88,3.97,665.2,562.1,26.9,67.7,LEFT,25.47,1.056,3.11,0.137,0.0,3.247
9397,BRA_A,BRA,RIGHT,9397,head,,6.575,shoulder,6.655,107.043,13.04,3.66,697.5,311.2,28.8,7.4,LEFT,26.148,1.101,65.75,0.242,2.0,inf
9397,BRA_B,BRA,RIGHT,9397,head,,6.754,hand,6.778,123.993,13.14,5.91,697.5,311.2,28.8,7.4,LEFT,30.288,0.951,67.54,0.126,2.0,inf
9397,ISR_A,ISR,LEFT,9395,hand,left,1.582,head,1.626,121.191,6.33,6.18,697.5,311.2,28.8,7.4,LEFT,29.604,0.973,15.88,0.069,0.0,inf
9397,ISR_B,ISR,LEFT,9395,head,,0.422,shoulder,0.601,104.816,5.66,3.96,697.5,311.2,28.8,7.4,LEFT,25.604,1.125,4.28,0.294,0.0,4.574
9415,BRA_A,BRA,RIGHT,9417,head,,5.34,thigh,5.459,103.718,13.5,3.09,801.0,331.2,26.6,28.5,LEFT,25.336,1.05,53.46,0.122,2.0,inf
9415,BRA_B,BRA,RIGHT,9417,head,,5.603,chest,5.842,128.953,13.47,6.43,801.0,331.2,26.6,28.5,LEFT,31.5,0.844,56.09,0.423,2.0,inf
9415,ISR_A,ISR,LEFT,9415,head,,1.849,chest,2.084,132.518,6.44,7.42,801.0,331.2,26.6,28.5,LEFT,32.371,0.822,18.49,0.491,0.0,inf
9415,ISR_B,ISR,LEFT,9415,head,,0.072,shoulder,0.172,103.891,7.12,3.68,801.0,331.2,26.6,28.5,LEFT,25.378,1.048,0.72,0.118,0.0,0.838
9426,BRA_A,BRA,RIGHT,9428,hand,right,2.05,arm,2.095,96.014,13.29,1.74,1140.8,282.8,24.4,9.0,RIGHT,23.454,1.04,20.56,0.099,0.0,inf
9426,BRA_B,BRA,RIGHT,9428,head,,3.426,chest,3.67,129.9,13.49,6.54,1140.8,282.8,24.4,9.0,RIGHT,31.731,0.769,34.32,0.657,0.0,inf
9426,ISR_A,ISR,LEFT,9424,head,,3.471,chest,3.725,132.159,6.36,7.39,1140.8,282.8,24.4,9.0,RIGHT,32.283,0.756,34.77,0.7,2.0,inf
9426,ISR_B,ISR,LEFT,9424,hand,left,2.675,head,2.719,109.988,7.16,4.65,1140.8,282.8,24.4,9.0,RIGHT,26.867,0.908,26.81,0.241,2.0,inf
9434,BRA_A,BRA,RIGHT,9434,foot,right,-0.062,shin,0.019,95.282,12.83,1.58,1317.0,355.1,23.2,39.1,RIGHT,23.275,0.997,0.0,0.008,0.0,0.008
9434,BRA_B,BRA,RIGHT,9434,head,,1.953,shoulder,2.191,129.515,12.89,6.54,1317.0,355.1,23.2,39.1,RIGHT,31.637,0.733,19.53,0.775,0.0,inf
9434,ISR_A,ISR,LEFT,9432,head,,4.79,shoulder,4.984,132.034,6.28,7.38,1317.0,355.1,23.2,39.1,RIGHT,32.253,0.719,47.96,0.824,2.0,inf
9434,ISR_B,ISR,LEFT,9432,hand,left,4.13,arm,4.229,110.61,6.99,4.76,1317.0,355.1,23.2,39.1,RIGHT,27.019,0.859,41.36,0.381,2.0,inf
9471,BRA_A,BRA,RIGHT,9473,thigh,right,-0.022,foot,-0.018,90.723,12.01,0.82,1258.5,510.8,28.85,78.5,RIGHT,22.161,1.302,0.06,0.659,0.0,0.719
9471,BRA_B,BRA,RIGHT,9471,head,,-0.097,chest,-0.02,120.751,10.9,5.78,1258.5,510.8,28.85,78.5,RIGHT,29.496,0.978,0.0,0.055,0.0,0.055
9471,ISR_A,ISR,LEFT,9471,head,,5.714,thigh,5.815,122.945,4.69,6.53,1258.5,510.8,28.85,78.5,RIGHT,30.032,0.961,57.14,0.1,2.0,inf
9471,ISR_B,ISR,LEFT,9470,hand,right,5.303,arm,5.426,105.576,5.44,4.08,1258.5,510.8,28.85,78.5,RIGHT,25.79,1.119,53.06,0.28,2.0,inf
9498,BRA_A,BRA,RIGHT,9500,hand,right,1.505,arm,1.567,94.546,10.2,1.46,1080.8,130.8,28.9,8.9,RIGHT,23.095,1.251,15.11,0.561,0.0,inf
9498,BRA_B,BRA,RIGHT,9500,head,,3.276,chest,3.53,123.824,11.43,6.04,1080.8,130.8,28.9,8.9,RIGHT,30.247,0.955,32.82,0.114,0.0,inf
9498,ISR_A,ISR,LEFT,9500,head,,5.281,hand,5.403,122.427,4.73,6.47,1080.8,130.8,28.9,8.9,RIGHT,29.906,0.966,52.87,0.086,2.0,inf
9498,ISR_B,ISR,LEFT,9500,head,,3.516,shoulder,3.654,103.329,6.64,3.63,1080.8,130.8,28.9,8.9,RIGHT,25.241,1.145,35.22,0.338,2.0,inf
9505,BRA_A,BRA,RIGHT,9505,foot,right,-0.12,shin,-0.008,96.408,10.16,2.09,1041.0,290.4,28.3,35.4,RIGHT,23.55,1.202,0.0,0.459,0.0,0.459
9505,BRA_B,BRA,RIGHT,9505,head,,2.863,shoulder,3.091,125.337,11.8,6.18,1041.0,290.4,28.3,35.4,RIGHT,30.617,0.924,28.63,0.197,0.0,inf
9505,ISR_A,ISR,LEFT,9507,head,,3.535,chest,3.77,123.052,4.88,6.53,1041.0,290.4,28.3,35.4,RIGHT,30.059,0.941,35.41,0.151,2.0,inf
9505,ISR_B,ISR,LEFT,9507,head,,1.345,shoulder,1.368,104.539,7.07,3.79,1041.0,290.4,28.3,35.4,RIGHT,25.536,1.108,13.51,0.257,2.0,inf
9514,BRA_A,BRA,RIGHT,9512,thigh,right,3.056,torso,3.059,108.198,9.95,4.12,665.2,674.2,27.75,123.3,LEFT,26.43,1.05,30.62,0.122,2.0,inf
9514,BRA_B,BRA,RIGHT,9512,head,,4.802,foot,4.808,125.555,12.1,6.18,665.2,674.2,27.75,123.3,LEFT,30.67,0.905,48.08,0.25,2.0,inf
9514,ISR_A,ISR,LEFT,9514,shin,right,-0.046,thigh,-0.012,124.392,5.6,6.67,665.2,674.2,27.75,123.3,LEFT,30.386,0.913,0.0,0.227,0.0,0.227
9514,ISR_B,ISR,LEFT,9512,foot,right,0.288,shin,0.332,106.45,7.11,4.18,665.2,674.2,27.75,123.3,LEFT,26.003,1.067,2.94,0.163,0.0,3.103
9519,BRA_A,BRA,RIGHT,9519,chest,,2.684,shoulder,2.725,115.82,9.87,5.19,792.8,380.2,28.15,9.1,LEFT,28.292,0.995,26.84,0.013,2.0,inf
9519,BRA_B,BRA,RIGHT,9519,head,,4.785,shoulder,4.974,125.652,12.11,6.18,792.8,380.2,28.15,9.1,LEFT,30.694,0.917,47.85,0.216,2.0,inf
9519,ISR_A,ISR,LEFT,9517,head,,1.115,chest,1.361,125.543,5.61,6.75,792.8,380.2,28.15,9.1,LEFT,30.667,0.918,11.21,0.214,0.0,inf
9519,ISR_B,ISR,LEFT,9519,head,,-0.018,chest,0.19,104.358,7.19,3.75,792.8,380.2,28.15,9.1,LEFT,25.492,1.104,0.0,0.248,0.0,0.248
9607,BRA_A,BRA,RIGHT,9607,shoulder,right,-0.113,chest,-0.103,103.468,12.73,3.18,1387.5,404.2,24.8,61.7,RIGHT,25.275,0.981,0.0,0.047,0.0,0.047
9607,BRA_B,BRA,RIGHT,9607,hand,left,2.382,arm,2.487,123.089,14.68,5.67,1387.5,404.2,24.8,61.7,RIGHT,30.068,0.825,23.82,0.482,0.0,inf
9607,ISR_A,ISR,LEFT,9607,head,,8.407,thigh,8.429,117.907,3.51,6.08,1387.5,404.2,24.8,61.7,RIGHT,28.802,0.861,84.07,0.374,2.0,inf
9607,ISR_B,ISR,LEFT,9607,foot,right,8.146,hand,8.178,96.831,4.39,2.71,1387.5,404.2,24.8,61.7,RIGHT,23.654,1.048,81.46,0.118,2.0,inf
9638,BRA_A,BRA,RIGHT,9638,hand,left,1.788,arm,1.885,102.231,12.24,2.96,1117.5,366.0,30.95,61.4,RIGHT,24.973,1.239,17.88,0.536,0.0,inf
9638,BRA_B,BRA,RIGHT,9638,foot,left,-0.057,shin,0.021,107.999,10.26,4.05,1117.5,366.0,30.95,61.4,RIGHT,26.382,1.173,0.0,0.399,0.0,0.399
9638,ISR_A,ISR,LEFT,9640,head,,3.919,thigh,4.122,125.303,4.81,6.78,1117.5,366.0,30.95,61.4,RIGHT,30.609,1.011,39.25,0.028,2.0,inf
9638,ISR_B,ISR,LEFT,9640,hand,left,4.955,arm,4.961,98.192,3.44,3.02,1117.5,366.0,30.95,61.4,RIGHT,23.986,1.29,49.61,0.637,2.0,inf
9658,BRA_A,BRA,RIGHT,9656,thigh,right,11.812,knee,11.832,101.962,12.57,2.87,61.2,688.9,25.95,36.3,LEFT,24.907,1.042,118.18,0.103,2.0,inf
9658,BRA_B,BRA,LEFT,9657,foot,right,6.769,shin,6.91,120.285,8.7,5.86,61.2,688.9,25.95,36.3,LEFT,29.383,0.883,67.72,0.311,0.0,inf
9658,ISR_A,ISR,LEFT,9656,arm,left,2.905,shoulder,2.94,118.899,4.97,6.02,61.2,688.9,25.95,36.3,LEFT,29.044,0.893,29.11,0.282,0.0,inf
9658,ISR_B,ISR,LEFT,9656,foot,right,1.19,shin,1.384,104.072,2.3,4.14,61.2,688.9,25.95,36.3,LEFT,25.422,1.021,11.96,0.051,0.0,inf
9688,BRA_A,BRA,RIGHT,9690,hand,right,7.587,arm,7.64,106.011,13.02,3.5,572.3,233.8,28.15,7.4,LEFT,25.896,1.087,75.93,0.209,2.0,inf
9688,BRA_B,BRA,RIGHT,9690,foot,right,7.952,head,8.029,124.084,13.59,5.8,572.3,233.8,28.15,7.4,LEFT,30.311,0.929,79.58,0.185,2.0,inf
9688,ISR_A,ISR,LEFT,9690,head,,2.103,chest,2.289,119.806,6.5,6.04,572.3,233.8,28.15,7.4,LEFT,29.266,0.962,21.09,0.097,0.0,inf
9688,ISR_B,ISR,LEFT,9690,head,,0.91,shoulder,1.128,98.019,4.09,2.93,572.3,233.8,28.15,7.4,LEFT,23.944,1.176,9.16,0.405,0.0,inf
9698,BRA_A,BRA,RIGHT,9699,thigh,right,6.387,knee,6.407,105.953,13.04,3.49,710.2,538.5,27.4,81.7,LEFT,25.882,1.059,63.9,0.143,2.0,inf
9698,BRA_B,BRA,RIGHT,9699,hand,right,6.331,arm,6.397,124.769,13.24,5.99,710.2,538.5,27.4,81.7,LEFT,30.478,0.899,63.34,0.266,2.0,inf
9698,ISR_A,ISR,LEFT,9698,chest,,-0.038,shoulder,0.04,119.565,6.46,5.97,710.2,538.5,27.4,81.7,LEFT,29.207,0.938,0.0,0.16,0.0,0.16
9698,ISR_B,ISR,LEFT,9700,thigh,left,0.185,knee,0.205,98.096,5.37,2.83,710.2,538.5,27.4,81.7,LEFT,23.962,1.143,1.91,0.335,0.0,2.245
9727,BRA_A,BRA,RIGHT,9728,head,,5.12,chest,5.35,107.358,12.53,3.76,825.0,148.5,26.7,7.5,LEFT,26.225,1.018,51.23,0.045,2.0,inf
9727,BRA_B,BRA,RIGHT,9729,head,,6.074,chest,6.332,124.525,13.46,5.85,825.0,148.5,26.7,7.5,LEFT,30.418,0.878,60.8,0.326,2.0,inf
9727,ISR_A,ISR,LEFT,9729,head,,2.902,chest,3.167,133.646,6.44,7.53,825.0,148.5,26.7,7.5,LEFT,32.646,0.818,29.08,0.503,0.0,inf
9727,ISR_B,ISR,LEFT,9729,head,,0.991,hand,1.013,96.82,7.31,2.42,825.0,148.5,26.7,7.5,LEFT,23.651,1.129,9.97,0.303,0.0,inf
9733,BRA_A,BRA,RIGHT,9735,head,,4.541,shoulder,4.699,98.906,13.16,2.29,855.0,283.3,24.6,46.5,LEFT,24.16,1.018,45.47,0.045,2.0,inf
9733,BRA_B,BRA,RIGHT,9735,head,,5.507,chest,5.751,124.773,13.82,5.94,855.0,283.3,24.6,46.5,LEFT,30.479,0.807,55.13,0.536,2.0,inf
9733,ISR_A,ISR,LEFT,9733,head,,2.358,chest,2.609,133.885,6.5,7.55,855.0,283.3,24.6,46.5,LEFT,32.705,0.752,23.58,0.712,0.0,inf
9733,ISR_B,ISR,LEFT,9733,head,,-0.041,chest,0.194,94.505,7.46,1.7,855.0,283.3,24.6,46.5,LEFT,23.085,1.066,0.0,0.159,0.0,0.159
9756,BRA_A,BRA,RIGHT,9754,hand,left,0.215,arm,0.29,95.079,15.31,1.36,1687.5,360.0,21.75,81.9,RIGHT,23.225,0.936,2.21,0.164,0.0,2.374
9756,BRA_B,BRA,RIGHT,9756,head,,0.859,chest,1.085,117.253,14.98,4.93,1687.5,360.0,21.75,81.9,RIGHT,28.642,0.759,8.59,0.688,0.0,inf
9756,ISR_A,ISR,LEFT,9754,hand,right,7.101,head,7.135,133.648,6.38,7.54,1687.5,360.0,21.75,81.9,RIGHT,32.647,0.666,71.07,1.015,2.0,inf
9756,ISR_B,ISR,LEFT,9754,thigh,left,8.433,knee,8.453,93.246,6.97,1.75,1687.5,360.0,21.75,81.9,RIGHT,22.778,0.955,84.39,0.115,2.0,inf
9802,BRA_A,BRA,RIGHT,9804,hand,left,7.898,head,7.969,94.003,16.32,1.09,900.7,131.4,19.95,16.7,LEFT,22.963,0.869,79.04,0.352,2.0,inf
9802,BRA_B,BRA,RIGHT,9804,head,,5.487,chest,5.707,108.813,13.47,3.89,900.7,131.4,19.95,16.7,LEFT,26.58,0.751,54.93,0.717,2.0,inf
9802,ISR_A,ISR,LEFT,9803,head,,3.25,chest,3.534,118.856,6.03,5.92,900.7,131.4,19.95,16.7,LEFT,29.033,0.687,32.53,0.938,0.0,inf
9802,ISR_B,ISR,LEFT,9802,shoulder,right,3.357,chest,3.408,88.104,4.96,0.9,900.7,131.4,19.95,16.7,LEFT,21.522,0.927,33.57,0.19,0.0,inf
9897,BRA_A,BRA,LEFT,9897,chest,,-0.005,arm,0.001,108.037,2.98,4.66,352.1,495.0,25.8,74.3,LEFT,26.391,0.978,0.0,0.057,0.0,0.057
9897,BRA_B,BRA,LEFT,9895,foot,right,0.664,arm,0.672,93.862,4.1,2.13,352.1,495.0,25.8,74.3,LEFT,22.928,1.125,6.7,0.295,0.0,inf
9897,ISR_A,ISR,RIGHT,9895,hand,right,13.464,arm,13.513,102.804,17.61,2.61,352.1,495.0,25.8,74.3,LEFT,25.113,1.027,134.7,0.068,2.0,inf
9897,ISR_B,ISR,RIGHT,9895,head,,9.027,chest,9.191,129.01,14.01,6.39,352.1,495.0,25.8,74.3,LEFT,31.514,0.819,90.33,0.5,2.0,inf
9912,BRA_A,BRA,LEFT,9910,head,,3.215,hand,3.279,111.529,3.15,5.2,534.2,118.9,26.75,13.1,LEFT,27.244,0.982,32.21,0.046,0.0,inf
9912,BRA_B,BRA,LEFT,9910,head,,2.497,chest,2.779,96.633,5.59,2.52,534.2,118.9,26.75,13.1,LEFT,23.605,1.133,25.03,0.313,0.0,inf
9912,ISR_A,ISR,RIGHT,9914,hand,right,10.834,head,10.868,104.099,15.89,2.98,534.2,118.9,26.75,13.1,LEFT,25.429,1.052,108.4,0.127,2.0,inf
9912,ISR_B,ISR,RIGHT,9914,head,,8.619,chest,8.821,128.611,14.0,6.33,534.2,118.9,26.75,13.1,LEFT,31.416,0.851,86.25,0.402,2.0,inf
9928,BRA_A,BRA,LEFT,9930,head,,3.337,hand,3.527,116.414,4.62,5.75,826.5,211.8,24.4,11.5,LEFT,28.437,0.858,33.43,0.383,0.0,inf
9928,BRA_B,BRA,LEFT,9930,head,,1.12,chest,1.401,101.838,8.1,3.25,826.5,211.8,24.4,11.5,LEFT,24.877,0.981,11.26,0.048,0.0,inf
9928,ISR_A,ISR,RIGHT,9930,head,,6.46,hand,6.533,104.874,14.3,3.16,826.5,211.8,24.4,11.5,LEFT,25.618,0.952,64.66,0.122,2.0,inf
9928,ISR_B,ISR,RIGHT,9930,head,,5.863,shoulder,6.078,133.524,13.35,6.91,826.5,211.8,24.4,11.5,LEFT,32.617,0.748,58.69,0.726,2.0,inf
9934,BRA_A,BRA,LEFT,9936,head,,2.826,hand,2.984,116.403,5.18,5.63,918.0,360.8,23.2,38.1,LEFT,28.434,0.816,28.32,0.509,0.0,inf
9934,BRA_B,BRA,LEFT,9935,head,,-0.199,chest,-0.054,101.838,8.26,3.11,918.0,360.8,23.2,38.1,LEFT,24.877,0.933,0.03,0.174,0.0,0.204
9934,ISR_A,ISR,RIGHT,9935,hand,right,4.864,arm,4.92,105.507,13.7,3.38,918.0,360.8,23.2,38.1,LEFT,25.773,0.9,48.67,0.263,2.0,inf
9934,ISR_B,ISR,RIGHT,9935,head,,4.815,shoulder,5.034,134.136,13.24,6.98,918.0,360.8,23.2,38.1,LEFT,32.766,0.708,48.18,0.863,2.0,inf
9941,BRA_A,BRA,LEFT,9941,head,,2.867,chest,3.122,116.524,5.84,5.67,904.9,198.7,25.725,8.0,LEFT,28.464,0.904,28.67,0.253,0.0,inf
9941,BRA_B,BRA,LEFT,9939,hand,left,0.306,arm,0.421,100.79,8.38,3.29,904.9,198.7,25.725,8.0,LEFT,24.621,1.045,3.12,0.11,0.0,3.23
9941,ISR_A,ISR,RIGHT,9943,head,,4.581,hand,4.62,105.403,12.45,3.36,904.9,198.7,25.725,8.0,LEFT,25.747,0.999,45.87,0.002,2.0,inf
9941,ISR_B,ISR,RIGHT,9939,head,,5.123,shoulder,5.36,134.127,13.11,6.97,904.9,198.7,25.725,8.0,LEFT,32.764,0.785,51.29,0.605,2.0,inf
9968,BRA_A,BRA,LEFT,9968,head,,0.04,hand,0.094,98.052,7.62,2.61,879.0,302.6,25.25,33.3,LEFT,23.952,1.054,0.4,0.132,0.0,0.532
9968,BRA_B,BRA,LEFT,9970,head,,0.461,shoulder,0.534,89.916,8.75,0.92,879.0,302.6,25.25,33.3,LEFT,21.964,1.15,4.67,0.349,0.0,inf
9968,ISR_A,ISR,RIGHT,9966,hand,right,4.088,arm,4.175,104.264,12.12,3.3,879.0,302.6,25.25,33.3,LEFT,25.469,0.991,40.94,0.022,2.0,inf
9968,ISR_B,ISR,RIGHT,9970,head,,5.184,hand,5.302,130.028,12.81,6.62,879.0,302.6,25.25,33.3,LEFT,31.763,0.795,51.9,0.574,2.0,inf
9974,BRA_A,BRA,LEFT,9972,head,,0.942,chest,1.163,100.891,7.79,3.15,969.4,231.4,24.75,7.0,NET,24.645,1.004,9.48,0.011,0.0,inf
9974,BRA_B,BRA,LEFT,9972,head,,0.339,chest,0.53,89.908,8.72,0.81,969.4,231.4,24.75,7.0,NET,21.962,1.127,3.45,0.299,0.0,3.749
9974,ISR_A,ISR,RIGHT,9976,hand,left,3.512,arm,3.633,102.954,12.78,3.03,969.4,231.4,24.75,7.0,NET,25.149,0.984,35.18,0.04,0.0,inf
9974,ISR_B,ISR,RIGHT,9976,head,,4.369,shoulder,4.507,129.333,12.63,6.53,969.4,231.4,24.75,7.0,NET,31.593,0.783,43.75,0.61,0.0,inf
9993,BRA_A,BRA,LEFT,9991,head,,2.12,shoulder,2.166,99.704,8.08,2.88,1206.0,400.5,20.2,32.9,RIGHT,24.355,0.829,21.26,0.468,2.0,inf
9993,BRA_B,BRA,LEFT,9991,hand,left,2.252,arm,2.266,88.287,8.49,0.55,1206.0,400.5,20.2,32.9,RIGHT,21.566,0.937,22.58,0.164,2.0,inf
9993,ISR_A,ISR,RIGHT,9993,thigh,left,1.613,knee,1.633,97.633,13.08,2.06,1206.0,400.5,20.2,32.9,RIGHT,23.849,0.847,16.13,0.415,0.0,inf
9993,ISR_B,ISR,RIGHT,9993,head,,1.032,shoulder,1.147,126.717,11.15,6.45,1206.0,400.5,20.2,32.9,RIGHT,30.954,0.653,10.32,1.067,0.0,inf
10011,BRA_A,BRA,LEFT,10011,hand,left,2.361,arm,2.418,96.584,8.5,2.25,1236.0,379.5,21.65,13.1,RIGHT,23.593,0.918,23.61,0.215,2.0,inf
10011,BRA_B,BRA,LEFT,10011,foot,right,3.101,shin,3.134,91.375,7.89,1.28,1236.0,379.5,21.65,13.1,RIGHT,22.321,0.97,31.01,0.076,2.0,inf
10011,ISR_A,ISR,RIGHT,10009,hand,left,0.816,arm,0.897,93.287,12.81,1.24,1236.0,379.5,21.65,13.1,RIGHT,22.788,0.95,8.22,0.128,0.0,inf
10011,ISR_B,ISR,RIGHT,10011,head,,0.869,shoulder,0.941,120.574,10.69,5.72,1236.0,379.5,21.65,13.1,RIGHT,29.453,0.735,8.69,0.77,0.0,inf
10033,BRA_A,BRA,LEFT,10031,shoulder,left,3.245,thigh,3.266,99.753,8.18,2.88,1293.0,358.5,27.0,9.3,RIGHT,24.367,1.108,32.51,0.256,2.0,inf
10033,BRA_B,BRA,LEFT,10031,foot,left,4.626,shin,4.75,92.55,6.94,1.61,1293.0,358.5,27.0,9.3,RIGHT,22.608,1.194,46.32,0.444,2.0,inf
10033,ISR_A,ISR,RIGHT,10033,thigh,left,0.103,knee,0.123,86.174,13.06,-0.4,1293.0,358.5,27.0,9.3,RIGHT,21.05,1.283,1.03,0.622,0.0,1.652
10033,ISR_B,ISR,RIGHT,10033,chest,,1.388,shoulder,1.399,123.988,11.62,6.05,1293.0,358.5,27.0,9.3,RIGHT,30.287,0.891,13.88,0.287,0.0,inf
10039,BRA_A,BRA,LEFT,10037,foot,left,3.572,shin,3.584,102.618,8.05,3.39,1299.7,269.2,24.75,36.2,RIGHT,25.067,0.987,35.78,0.032,2.0,inf
10039,BRA_B,BRA,LEFT,10037,hand,left,5.046,arm,5.078,95.359,6.56,2.31,1299.7,269.2,24.75,36.2,RIGHT,23.294,1.063,50.52,0.152,2.0,inf
10039,ISR_A,ISR,RIGHT,10039,arm,left,-0.104,hand,0.014,86.055,13.04,-0.37,1299.7,269.2,24.75,36.2,RIGHT,21.021,1.177,0.0,0.408,0.0,0.408
10039,ISR_B,ISR,RIGHT,10037,shoulder,left,1.576,chest,1.588,124.459,11.92,6.07,1299.7,269.2,24.75,36.2,RIGHT,30.402,0.814,15.82,0.514,0.0,inf
10049,BRA_A,BRA,LEFT,10051,hand,left,3.842,arm,3.884,106.364,7.41,4.05,1291.5,267.4,21.75,27.0,RIGHT,25.982,0.837,38.48,0.444,2.0,inf
10049,BRA_B,BRA,LEFT,10051,foot,left,5.614,shin,5.647,98.095,6.0,2.8,1291.5,267.4,21.75,27.0,RIGHT,23.962,0.908,56.2,0.242,2.0,inf
10049,ISR_A,ISR,RIGHT,10051,thigh,left,-0.203,knee,-0.146,82.124,12.88,-1.34,1291.5,267.4,21.75,27.0,RIGHT,20.061,1.084,0.06,0.202,0.0,0.262
10049,ISR_B,ISR,RIGHT,10051,chest,,2.358,shoulder,2.369,125.837,12.9,6.14,1291.5,267.4,21.75,27.0,RIGHT,30.739,0.708,23.64,0.865,0.0,inf
10054,BRA_A,BRA,LEFT,10053,hand,left,3.985,arm,4.022,106.762,7.32,4.12,1290.0,356.4,21.75,27.4,RIGHT,26.079,0.834,39.88,0.454,2.0,inf
10054,BRA_B,BRA,LEFT,10054,foot,left,5.574,shin,5.617,98.095,5.93,2.78,1290.0,356.4,21.75,27.4,RIGHT,23.962,0.908,55.74,0.242,2.0,inf
10054,ISR_A,ISR,RIGHT,10052,thigh,left,-0.206,torso,-0.142,82.008,12.99,-1.38,1290.0,356.4,21.75,27.4,RIGHT,20.033,1.086,0.06,0.206,0.0,0.266
10054,ISR_B,ISR,RIGHT,10054,chest,,2.32,shoulder,2.322,126.648,13.01,6.3,1290.0,356.4,21.75,27.4,RIGHT,30.937,0.703,23.2,0.881,0.0,inf
10084,BRA_A,BRA,LEFT,10082,hand,left,6.962,arm,7.006,110.255,5.64,4.8,1450.2,288.4,20.25,10.1,RIGHT,26.933,0.752,69.68,0.713,2.0,inf
10084,BRA_B,BRA,LEFT,10082,foot,left,8.187,shin,8.233,102.82,4.67,3.73,1450.2,288.4,20.25,10.1,RIGHT,25.116,0.806,81.93,0.538,2.0,inf
10084,ISR_A,ISR,RIGHT,10082,chest,,-0.102,torso,-0.049,82.291,13.84,-1.38,1450.2,288.4,20.25,10.1,RIGHT,20.102,1.007,0.06,0.018,0.0,0.078
10084,ISR_B,ISR,RIGHT,10084,shoulder,left,3.038,chest,3.087,130.445,14.7,6.48,1450.2,288.4,20.25,10.1,RIGHT,31.864,0.636,30.38,1.133,0.0,inf
10092,BRA_A,BRA,LEFT,10090,thigh,left,8.031,chest,8.071,110.2,5.07,4.84,1482.0,277.5,18.75,7.5,RIGHT,26.919,0.697,80.37,0.904,2.0,inf
10092,BRA_B,BRA,LEFT,10090,foot,right,9.14,thigh,9.195,103.97,4.21,4.0,1482.0,277.5,18.75,7.5,RIGHT,25.397,0.738,91.46,0.759,2.0,inf
10092,ISR_A,ISR,RIGHT,10092,hand,left,-0.053,arm,-0.049,83.124,14.48,-1.19,1482.0,277.5,18.75,7.5,RIGHT,20.305,0.923,0.0,0.199,0.0,0.199
10092,ISR_B,ISR,RIGHT,10092,shoulder,left,3.14,chest,3.226,131.788,14.91,6.6,1482.0,277.5,18.75,7.5,RIGHT,32.192,0.582,31.4,1.351,0.0,inf
10277,BRA_A,BRA,LEFT,10279,head,,4.427,chest,4.687,138.879,2.63,8.37,316.1,26.4,25.85,18.5,LEFT,33.925,0.762,44.33,0.68,0.0,inf
10277,BRA_B,BRA,LEFT,10279,head,,3.866,shoulder,4.1,114.332,5.33,5.39,316.1,26.4,25.85,18.5,LEFT,27.929,0.926,38.72,0.193,0.0,inf
10277,ISR_A,ISR,RIGHT,10279,hand,right,12.586,arm,12.592,105.865,15.32,3.26,316.1,26.4,25.85,18.5,LEFT,25.86,1.0,125.92,0.001,2.0,inf
10277,ISR_B,ISR,RIGHT,10279,head,,9.929,shoulder,10.08,140.356,13.57,7.55,316.1,26.4,25.85,18.5,LEFT,34.286,0.754,99.35,0.706,2.0,inf
10282,BRA_A,BRA,LEFT,10284,head,,3.991,chest,4.256,138.354,2.87,8.3,375.6,71.3,27.075,14.4,LEFT,33.797,0.801,39.97,0.554,0.0,inf
10282,BRA_B,BRA,LEFT,10284,head,,3.201,shoulder,3.447,118.073,5.26,5.89,375.6,71.3,27.075,14.4,LEFT,28.842,0.939,32.07,0.158,0.0,inf
10282,ISR_A,ISR,RIGHT,10284,head,,11.689,hand,11.697,105.799,15.04,3.29,375.6,71.3,27.075,14.4,LEFT,25.844,1.048,116.95,0.116,2.0,inf
10282,ISR_B,ISR,RIGHT,10284,head,,9.34,shoulder,9.503,140.356,13.46,7.54,375.6,71.3,27.075,14.4,LEFT,34.286,0.79,93.46,0.59,2.0,inf
10287,BRA_A,BRA,LEFT,10289,head,,2.772,chest,3.027,138.014,3.39,8.19,448.5,222.2,29.025,8.5,LEFT,33.714,0.861,27.78,0.374,0.0,inf
10287,BRA_B,BRA,LEFT,10289,head,,1.793,chest,2.072,118.845,5.2,5.99,448.5,222.2,29.025,8.5,LEFT,29.031,1.0,17.99,0.001,0.0,inf
10287,ISR_A,ISR,RIGHT,10289,hand,right,10.365,arm,10.428,105.648,14.78,3.25,448.5,222.2,29.025,8.5,LEFT,25.807,1.125,103.71,0.294,2.0,inf
10287,ISR_B,ISR,RIGHT,10289,head,,8.454,shoulder,8.605,140.337,13.47,7.54,448.5,222.2,29.025,8.5,LEFT,34.281,0.847,84.6,0.416,2.0,inf
10296,BRA_A,BRA,LEFT,10296,head,,1.279,chest,1.492,138.66,4.43,8.25,579.7,511.1,27.4,50.0,LEFT,33.871,0.809,12.79,0.53,0.0,inf
10296,BRA_B,BRA,LEFT,10296,head,,-0.218,chest,-0.054,119.035,5.26,6.06,579.7,511.1,27.4,50.0,LEFT,29.077,0.942,0.0,0.149,0.0,0.149
10296,ISR_A,ISR,RIGHT,10298,hand,right,8.201,arm,8.279,107.356,14.01,3.49,579.7,511.1,27.4,50.0,LEFT,26.224,1.045,82.07,0.11,2.0,inf
10296,ISR_B,ISR,RIGHT,10298,head,,7.358,shoulder,7.436,140.56,13.45,7.56,579.7,511.1,27.4,50.0,LEFT,34.335,0.798,73.64,0.564,2.0,inf
10304,BRA_A,BRA,LEFT,10302,head,,2.081,chest,2.311,136.212,5.31,7.88,653.2,275.6,30.0,9.5,LEFT,33.273,0.902,20.87,0.259,0.0,inf
10304,BRA_B,BRA,LEFT,10302,hand,right,0.852,arm,0.951,118.481,5.39,5.93,653.2,275.6,30.0,9.5,LEFT,28.942,1.037,8.58,0.09,0.0,inf
10304,ISR_A,ISR,RIGHT,10306,head,,6.516,hand,6.549,112.299,12.75,4.45,653.2,275.6,30.0,9.5,LEFT,27.432,1.094,65.22,0.224,2.0,inf
10304,ISR_B,ISR,RIGHT,10306,head,,6.963,shoulder,7.067,140.303,13.27,7.54,653.2,275.6,30.0,9.5,LEFT,34.273,0.875,69.69,0.333,2.0,inf
10315,BRA_A,BRA,LEFT,10316,hand,right,2.436,arm,2.522,125.426,7.26,6.59,807.0,173.4,30.2,8.1,LEFT,30.638,0.986,24.39,0.036,0.0,inf
10315,BRA_B,BRA,LEFT,10313,head,,2.547,chest,2.784,114.161,5.56,5.35,807.0,173.4,30.2,8.1,LEFT,27.887,1.083,25.53,0.199,0.0,inf
10315,ISR_A,ISR,RIGHT,10317,head,,4.452,shoulder,4.585,117.431,11.24,5.26,807.0,173.4,30.2,8.1,LEFT,28.685,1.053,44.58,0.129,2.0,inf
10315,ISR_B,ISR,RIGHT,10317,head,,6.189,hand,6.357,140.269,13.16,7.65,807.0,173.4,30.2,8.1,LEFT,34.264,0.881,61.95,0.316,2.0,inf
10326,BRA_A,BRA,LEFT,10326,foot,right,-0.083,shin,0.039,104.619,7.73,3.3,963.7,352.6,28.85,49.8,NET,25.556,1.129,0.0,0.303,0.0,0.303
10326,BRA_B,BRA,LEFT,10325,head,,2.869,shoulder,2.964,109.782,5.36,4.75,963.7,352.6,28.85,49.8,NET,26.817,1.076,28.72,0.183,0.0,inf
10326,ISR_A,ISR,RIGHT,10328,head,,1.843,shoulder,2.02,114.68,11.33,4.91,963.7,352.6,28.85,49.8,NET,28.014,1.03,18.49,0.074,0.0,inf
10326,ISR_B,ISR,RIGHT,10328,head,,4.717,shoulder,4.841,128.395,14.28,6.3,963.7,352.6,28.85,49.8,NET,31.364,0.92,47.23,0.209,0.0,inf
10339,BRA_A,BRA,LEFT,10337,torso,,4.399,thigh,4.438,116.463,8.22,5.42,1614.0,574.5,25.15,64.6,RIGHT,28.449,0.884,44.05,0.308,2.0,inf
10339,BRA_B,BRA,LEFT,10337,hand,left,7.944,arm,7.981,109.827,5.21,4.77,1614.0,574.5,25.15,64.6,RIGHT,26.828,0.937,79.5,0.161,2.0,inf
10339,ISR_A,ISR,RIGHT,10337,arm,left,1.281,shoulder,1.328,111.01,11.66,4.29,1614.0,574.5,25.15,64.6,RIGHT,27.117,0.927,12.87,0.188,0.0,inf
10339,ISR_B,ISR,RIGHT,10339,foot,right,-0.032,shin,0.044,122.695,14.74,5.62,1614.0,574.5,25.15,64.6,RIGHT,29.971,0.839,0.0,0.438,0.0,0.438
10353,BRA_A,BRA,LEFT,10351,shoulder,right,5.662,arm,5.752,114.552,8.07,5.18,1566.0,205.5,27.35,10.7,RIGHT,27.982,0.977,56.68,0.057,2.0,inf
10353,BRA_B,BRA,LEFT,10353,head,,9.123,shoulder,9.256,106.353,5.01,4.26,1566.0,205.5,27.35,10.7,RIGHT,25.979,1.053,91.23,0.129,2.0,inf
10353,ISR_A,ISR,RIGHT,10351,head,,2.744,shoulder,2.866,108.729,11.86,3.86,1566.0,205.5,27.35,10.7,RIGHT,26.56,1.03,27.5,0.073,0.0,inf
10353,ISR_B,ISR,RIGHT,10351,head,,2.181,chest,2.385,120.262,14.63,5.37,1566.0,205.5,27.35,10.7,RIGHT,29.377,0.931,21.87,0.179,0.0,inf
10364,BRA_A,BRA,LEFT,10366,shoulder,left,5.709,chest,5.774,111.856,7.82,4.83,1495.5,179.3,29.95,9.0,RIGHT,27.324,1.096,57.15,0.229,2.0,inf
10364,BRA_B,BRA,LEFT,10366,head,,8.579,shoulder,8.61,106.515,4.52,4.34,1495.5,179.3,29.95,9.0,RIGHT,26.019,1.151,85.85,0.352,2.0,inf
10364,ISR_A,ISR,RIGHT,10366,head,,2.465,shoulder,2.64,116.126,11.64,5.51,1495.5,179.3,29.95,9.0,RIGHT,28.367,1.056,24.71,0.136,0.0,inf
10364,ISR_B,ISR,RIGHT,10366,head,,2.829,shoulder,3.074,122.922,14.24,5.69,1495.5,179.3,29.95,9.0,RIGHT,30.027,0.997,28.35,0.006,0.0,inf
10370,BRA_A,BRA,LEFT,10372,shoulder,left,4.378,head,4.422,112.498,7.71,4.93,1440.0,275.6,28.8,9.1,RIGHT,27.481,1.048,43.84,0.117,2.0,inf
10370,BRA_B,BRA,LEFT,10372,head,,7.96,shoulder,8.02,105.92,4.29,4.09,1440.0,275.6,28.8,9.1,RIGHT,25.874,1.113,79.66,0.268,2.0,inf
10370,ISR_A,ISR,RIGHT,10372,head,,1.522,shoulder,1.717,123.912,11.66,6.03,1440.0,275.6,28.8,9.1,RIGHT,30.269,0.951,15.28,0.124,0.0,inf
10370,ISR_B,ISR,RIGHT,10372,head,,2.119,shoulder,2.274,132.692,13.66,6.8,1440.0,275.6,28.8,9.1,RIGHT,32.413,0.889,21.25,0.295,0.0,inf
10380,BRA_A,BRA,LEFT,10380,foot,left,3.323,shin,3.375,113.135,7.58,5.03,1326.8,616.5,27.75,51.9,RIGHT,27.636,1.004,33.23,0.01,2.0,inf
10380,BRA_B,BRA,LEFT,10382,foot,left,6.98,thigh,7.193,107.116,4.23,4.45,1326.8,616.5,27.75,51.9,RIGHT,26.166,1.061,69.86,0.147,2.0,inf
10380,ISR_A,ISR,RIGHT,10380,head,,-0.222,chest,-0.03,128.939,11.62,6.59,1326.8,616.5,27.75,51.9,RIGHT,31.497,0.881,0.0,0.317,0.0,0.317
10380,ISR_B,ISR,RIGHT,10380,hand,right,1.295,arm,1.386,135.947,12.96,7.18,1326.8,616.5,27.75,51.9,RIGHT,33.208,0.836,12.95,0.449,0.0,inf
10404,BRA_A,BRA,LEFT,10406,head,,4.051,chest,4.178,119.237,5.33,6.03,1152.0,592.8,27.0,60.9,RIGHT,29.127,0.927,40.57,0.19,2.0,inf
10404,BRA_B,BRA,LEFT,10405,foot,left,5.443,hand,5.503,107.105,4.2,4.49,1152.0,592.8,27.0,60.9,RIGHT,26.163,1.032,54.46,0.079,2.0,inf
10404,ISR_A,ISR,RIGHT,10404,thigh,right,1.118,knee,1.138,124.56,11.48,6.12,1152.0,592.8,27.0,60.9,RIGHT,30.427,0.887,11.18,0.299,0.0,inf
10404,ISR_B,ISR,RIGHT,10404,foot,right,-0.04,shin,-0.026,131.112,10.33,6.98,1152.0,592.8,27.0,60.9,RIGHT,32.027,0.843,0.0,0.427,0.0,0.427
10438,BRA_A,BRA,LEFT,10438,head,,1.477,shoulder,1.659,120.271,5.75,6.12,811.5,384.0,22.9,44.8,LEFT,29.379,0.779,14.77,0.623,0.0,inf
10438,BRA_B,BRA,LEFT,10438,foot,left,-0.096,shin,-0.089,92.151,6.4,1.52,811.5,384.0,22.9,44.8,LEFT,22.51,1.017,0.0,0.043,0.0,0.043
10438,ISR_A,ISR,RIGHT,10436,head,,4.733,shoulder,4.931,114.437,12.5,4.83,811.5,384.0,22.9,44.8,LEFT,27.954,0.819,47.39,0.499,2.0,inf
10438,ISR_B,ISR,RIGHT,10438,head,,3.631,shoulder,3.746,130.577,10.82,6.87,811.5,384.0,22.9,44.8,LEFT,31.897,0.718,36.31,0.828,2.0,inf
10473,BRA_A,BRA,LEFT,10473,foot,left,-0.026,shin,0.045,88.175,6.52,0.62,836.2,432.0,25.1,53.0,LEFT,21.539,1.165,0.0,0.383,0.0,0.383
10473,BRA_B,BRA,LEFT,10473,chest,,0.061,head,0.109,106.897,7.28,4.18,836.2,432.0,25.1,53.0,LEFT,26.112,0.961,0.61,0.099,0.0,0.709
10473,ISR_A,ISR,RIGHT,10473,hand,right,5.096,arm,5.188,102.466,13.29,2.9,836.2,432.0,25.1,53.0,LEFT,25.03,1.003,50.96,0.007,2.0,inf
10473,ISR_B,ISR,RIGHT,10473,shoulder,left,4.337,head,4.351,139.54,12.1,7.56,836.2,432.0,25.1,53.0,LEFT,34.086,0.736,43.37,0.765,2.0,inf
10505,BRA_A,BRA,RIGHT,10505,foot,right,-0.01,shin,0.037,90.639,10.41,0.51,1011.0,283.8,25.7,22.4,NET,22.141,1.161,0.0,0.373,0.0,0.373
10505,BRA_B,BRA,LEFT,10503,foot,left,0.152,shin,0.467,96.098,8.02,0.98,1011.0,283.8,25.7,22.4,NET,23.474,1.095,1.58,0.226,0.0,1.806
10505,ISR_A,ISR,RIGHT,10506,thigh,right,0.934,knee,1.26,101.498,10.5,2.98,1011.0,283.8,25.7,22.4,NET,24.793,1.037,9.37,0.09,0.0,inf
10505,ISR_B,ISR,RIGHT,10506,head,,3.055,shoulder,3.149,132.193,11.27,6.99,1011.0,283.8,25.7,22.4,NET,32.292,0.796,30.58,0.571,0.0,inf
10522,BRA_A,BRA,LEFT,10522,shin,right,-0.035,foot,-0.029,113.332,7.36,5.07,937.5,554.2,27.4,74.4,LEFT,27.684,0.99,0.0,0.026,0.0,0.026
10522,BRA_B,BRA,RIGHT,10520,thigh,right,0.644,torso,0.716,105.306,9.64,3.74,937.5,554.2,27.4,74.4,LEFT,25.724,1.065,6.5,0.158,2.0,inf
10522,ISR_A,ISR,RIGHT,10522,foot,right,0.748,shin,0.758,103.838,9.85,3.43,937.5,554.2,27.4,74.4,LEFT,25.365,1.08,7.48,0.193,2.0,inf
10522,ISR_B,ISR,RIGHT,10522,head,,2.173,thigh,2.246,126.729,10.84,6.4,937.5,554.2,27.4,74.4,LEFT,30.957,0.885,21.73,0.305,2.0,inf
10563,BRA_A,BRA,LEFT,10563,head,,0.998,chest,1.236,123.635,7.04,6.41,793.5,355.5,24.15,43.4,LEFT,30.201,0.8,9.98,0.559,0.0,inf
10563,BRA_B,BRA,LEFT,10563,head,,-0.22,chest,-0.132,97.844,6.79,2.81,793.5,355.5,24.15,43.4,LEFT,23.901,1.01,0.0,0.026,0.0,0.026
10563,ISR_A,ISR,RIGHT,10561,head,,4.526,shoulder,4.647,102.964,11.96,3.1,793.5,355.5,24.15,43.4,LEFT,25.152,0.96,45.32,0.102,2.0,inf
10563,ISR_B,ISR,RIGHT,10563,head,,4.141,shoulder,4.207,134.196,11.36,7.15,793.5,355.5,24.15,43.4,LEFT,32.781,0.737,41.41,0.764,2.0,inf
10584,BRA_A,BRA,LEFT,10586,hand,right,1.145,arm,1.266,114.137,7.21,5.2,802.5,191.4,27.0,7.8,LEFT,27.881,0.968,11.51,0.08,0.0,inf
10584,BRA_B,BRA,LEFT,10586,head,,1.046,shoulder,1.21,92.015,6.09,1.52,802.5,191.4,27.0,7.8,LEFT,22.477,1.201,10.52,0.458,0.0,inf
10584,ISR_A,ISR,RIGHT,10584,head,,6.169,shoulder,6.322,105.649,13.52,3.4,802.5,191.4,27.0,7.8,LEFT,25.807,1.046,61.69,0.113,2.0,inf
10584,ISR_B,ISR,RIGHT,10584,head,,5.009,shoulder,5.114,133.725,11.58,7.16,802.5,191.4,27.0,7.8,LEFT,32.666,0.827,50.09,0.476,2.0,inf
10592,BRA_A,BRA,LEFT,10592,head,,-0.035,chest,0.19,109.475,7.07,4.5,831.8,360.0,26.95,57.3,LEFT,26.742,1.008,0.0,0.019,0.0,0.019
10592,BRA_B,BRA,LEFT,10591,shoulder,left,0.598,arm,0.688,92.27,5.95,1.64,831.8,360.0,26.95,57.3,LEFT,22.539,1.196,6.01,0.447,0.0,inf
10592,ISR_A,ISR,RIGHT,10594,head,,5.028,shoulder,5.103,104.897,13.77,3.28,831.8,360.0,26.95,57.3,LEFT,25.624,1.052,50.34,0.126,2.0,inf
10592,ISR_B,ISR,RIGHT,10594,head,,4.365,arm,4.411,133.447,12.47,7.06,831.8,360.0,26.95,57.3,LEFT,32.598,0.827,43.71,0.476,2.0,inf
10599,BRA_A,BRA,LEFT,10597,head,,2.177,chest,2.396,110.408,7.06,4.69,1194.0,337.0,26.6,7.7,RIGHT,26.97,0.986,21.83,0.035,2.0,inf
10599,BRA_B,BRA,LEFT,10597,shoulder,left,3.494,head,3.557,92.253,5.91,1.64,1194.0,337.0,26.6,7.7,RIGHT,22.535,1.18,35.0,0.415,2.0,inf
10599,ISR_A,ISR,RIGHT,10601,hand,right,2.168,arm,2.216,105.234,14.05,3.34,1194.0,337.0,26.6,7.7,RIGHT,25.706,1.035,21.74,0.085,0.0,inf
10599,ISR_B,ISR,RIGHT,10601,head,,2.657,hand,2.773,131.313,13.27,6.8,1194.0,337.0,26.6,7.7,RIGHT,32.077,0.829,26.63,0.468,0.0,inf
10611,BRA_A,BRA,LEFT,10609,foot,right,7.382,thigh,7.502,111.294,6.89,4.84,1752.0,514.5,27.0,46.9,RIGHT,27.186,0.993,73.88,0.017,2.0,inf
10611,BRA_B,BRA,LEFT,10609,foot,left,10.154,shin,10.208,90.319,5.68,1.25,1752.0,514.5,27.0,46.9,RIGHT,22.063,1.224,101.6,0.505,2.0,inf
10611,ISR_A,ISR,RIGHT,10610,thigh,left,-0.207,knee,-0.169,109.212,14.92,3.86,1752.0,514.5,27.0,46.9,RIGHT,26.678,1.012,0.03,0.03,0.0,0.06
10611,ISR_B,ISR,RIGHT,10611,head,,0.324,chest,0.547,131.245,14.27,6.6,1752.0,514.5,27.0,46.9,RIGHT,32.06,0.842,3.24,0.429,0.0,3.669
10620,BRA_A,BRA,LEFT,10620,foot,left,8.0,shin,8.236,115.455,6.38,5.46,1726.3,560.6,25.3,21.5,RIGHT,28.203,0.897,80.0,0.272,2.0,inf
10620,BRA_B,BRA,LEFT,10618,foot,left,10.821,shin,10.831,91.134,5.43,1.38,1726.3,560.6,25.3,21.5,RIGHT,22.262,1.136,108.27,0.32,2.0,inf
10620,ISR_A,ISR,RIGHT,10618,torso,,-0.238,thigh,-0.075,112.881,15.39,4.31,1726.3,560.6,25.3,21.5,RIGHT,27.574,0.918,0.06,0.215,0.0,0.275
10620,ISR_B,ISR,RIGHT,10620,head,,-0.193,chest,-0.049,131.245,14.21,6.6,1726.3,560.6,25.3,21.5,RIGHT,32.06,0.789,0.0,0.592,0.0,0.592
10634,BRA_A,BRA,LEFT,10636,foot,right,7.754,shin,8.072,115.782,5.65,5.57,1659.0,546.7,27.35,22.8,RIGHT,28.283,0.967,77.6,0.084,2.0,inf
10634,BRA_B,BRA,LEFT,10636,hand,left,9.717,foot,9.753,96.083,4.97,2.49,1659.0,546.7,27.35,22.8,RIGHT,23.471,1.165,97.23,0.382,2.0,inf
10634,ISR_A,ISR,RIGHT,10634,foot,left,-0.179,shin,-0.106,109.817,14.37,3.9,1659.0,546.7,27.35,22.8,RIGHT,26.825,1.02,0.0,0.048,0.0,0.048
10634,ISR_B,ISR,RIGHT,10634,head,,0.208,shoulder,0.222,129.805,13.93,6.48,1659.0,546.7,27.35,22.8,RIGHT,31.708,0.863,2.08,0.37,0.0,2.45
10647,BRA_A,BRA,LEFT,10649,foot,right,4.774,shin,4.979,117.538,4.61,5.88,1183.5,730.5,27.0,40.0,RIGHT,28.712,0.94,47.8,0.154,2.0,inf
10647,BRA_B,BRA,LEFT,10649,foot,left,5.454,shin,5.573,97.263,4.71,2.75,1183.5,730.5,27.0,40.0,RIGHT,23.759,1.136,54.6,0.32,2.0,inf
10647,ISR_A,ISR,RIGHT,10645,foot,left,1.859,shin,1.975,108.119,13.32,3.8,1183.5,730.5,27.0,40.0,RIGHT,26.411,1.022,18.65,0.055,0.0,inf
10647,ISR_B,ISR,RIGHT,10645,foot,left,2.523,thigh,2.637,129.904,14.05,6.48,1183.5,730.5,27.0,40.0,RIGHT,31.732,0.851,25.29,0.404,0.0,inf
10655,BRA_A,BRA,LEFT,10657,hand,left,3.738,thigh,3.801,122.184,4.41,6.47,1000.5,715.5,28.5,14.8,NET,29.847,0.955,37.44,0.115,0.0,inf
10655,BRA_B,BRA,LEFT,10657,foot,right,4.111,shin,4.15,100.202,4.35,3.3,1000.5,715.5,28.5,14.8,NET,24.477,1.164,41.17,0.38,0.0,inf
10655,ISR_A,ISR,RIGHT,10653,foot,right,3.293,shin,3.429,105.936,12.81,3.49,1000.5,715.5,28.5,14.8,NET,25.877,1.101,32.99,0.241,0.0,inf
10655,ISR_B,ISR,RIGHT,10653,foot,left,4.482,thigh,4.573,130.32,14.32,6.5,1000.5,715.5,28.5,14.8,NET,31.834,0.895,44.88,0.277,0.0,inf
10662,BRA_A,BRA,LEFT,10664,thigh,left,2.566,knee,2.586,122.409,4.26,6.51,846.8,811.5,30.0,18.8,LEFT,29.902,1.003,25.72,0.008,0.0,inf
10662,BRA_B,BRA,LEFT,10664,foot,right,3.486,shin,3.626,100.088,3.97,3.32,846.8,811.5,30.0,18.8,LEFT,24.449,1.227,34.92,0.512,0.0,inf
10662,ISR_A,ISR,RIGHT,10660,foot,right,5.053,thigh,5.184,102.091,12.68,2.89,846.8,811.5,30.0,18.8,LEFT,24.938,1.203,50.59,0.462,2.0,inf
10662,ISR_B,ISR,RIGHT,10660,foot,right,6.129,shin,6.227,130.457,14.6,6.49,846.8,811.5,30.0,18.8,LEFT,31.868,0.941,61.35,0.151,2.0,inf
10670,BRA_A,BRA,LEFT,10672,foot,left,1.128,shin,1.224,124.698,4.43,6.76,678.8,855.0,29.65,10.6,LEFT,30.461,0.973,11.34,0.067,0.0,inf
10670,BRA_B,BRA,LEFT,10672,foot,left,3.081,shin,3.153,100.151,3.63,3.37,678.8,855.0,29.65,10.6,LEFT,24.464,1.212,30.87,0.481,0.0,inf
10670,ISR_A,ISR,RIGHT,10668,foot,left,6.719,shin,6.729,101.161,12.46,2.75,678.8,855.0,29.65,10.6,LEFT,24.711,1.2,67.25,0.456,2.0,inf
10670,ISR_B,ISR,RIGHT,10670,foot,left,7.269,shin,8.159,129.124,14.83,6.33,678.8,855.0,29.65,10.6,LEFT,31.542,0.94,72.69,0.155,2.0,inf
10682,BRA_A,BRA,LEFT,10684,foot,right,0.602,shin,0.779,129.786,4.72,7.29,503.6,906.0,36.0,8.7,LEFT,31.704,1.136,6.08,0.318,0.0,inf
10682,BRA_B,BRA,LEFT,10682,foot,left,3.022,shin,3.077,103.03,3.06,3.9,503.6,906.0,36.0,8.7,LEFT,25.168,1.43,30.22,0.895,0.0,inf
10682,ISR_A,ISR,RIGHT,10680,foot,left,9.028,shin,9.076,96.793,12.44,2.0,503.6,906.0,36.0,8.7,LEFT,23.644,1.523,90.34,1.051,2.0,inf
10682,ISR_B,ISR,RIGHT,10680,foot,left,9.218,shin,9.345,128.69,14.96,6.28,503.6,906.0,36.0,8.7,LEFT,31.436,1.145,92.24,0.339,2.0,inf
10727,BRA_A,BRA,LEFT,10728,foot,right,5.982,shin,6.197,123.283,4.51,6.59,1260.0,538.5,27.7,65.6,RIGHT,30.115,0.92,59.85,0.209,2.0,inf
10727,BRA_B,BRA,LEFT,10727,foot,left,6.454,shin,6.656,104.168,4.3,3.98,1260.0,538.5,27.7,65.6,RIGHT,25.446,1.089,64.54,0.212,2.0,inf
10727,ISR_A,ISR,RIGHT,10727,head,,-0.178,chest,-0.093,124.308,10.85,6.09,1260.0,538.5,27.7,65.6,RIGHT,30.365,0.912,0.0,0.23,0.0,0.23
10727,ISR_B,ISR,RIGHT,10728,head,,2.04,hand,2.123,135.702,13.03,6.81,1260.0,538.5,27.7,65.6,RIGHT,33.149,0.836,20.43,0.449,0.0,inf
10760,BRA_A,BRA,LEFT,10762,hand,left,3.7,arm,3.745,127.906,4.94,7.07,1154.2,431.6,33.4,85.4,RIGHT,31.244,1.069,37.06,0.167,2.0,inf
10760,BRA_B,BRA,LEFT,10762,thigh,left,4.995,head,5.008,103.853,3.58,3.95,1154.2,431.6,33.4,85.4,RIGHT,25.369,1.317,50.01,0.688,2.0,inf
10760,ISR_A,ISR,RIGHT,10760,head,,0.657,shoulder,0.721,120.206,11.09,5.64,1154.2,431.6,33.4,85.4,RIGHT,29.363,1.137,6.57,0.322,0.0,inf
10760,ISR_B,ISR,RIGHT,10760,head,,-0.043,chest,0.178,121.733,10.23,5.9,1154.2,431.6,33.4,85.4,RIGHT,29.736,1.123,0.0,0.29,0.0,0.29
10765,BRA_A,BRA,LEFT,10763,hand,left,3.617,arm,3.632,129.498,4.94,7.24,996.0,438.8,28.45,27.6,NET,31.633,0.899,36.23,0.265,0.0,inf
10765,BRA_B,BRA,LEFT,10763,hand,left,4.799,head,4.815,103.853,3.46,3.71,996.0,438.8,28.45,27.6,NET,25.369,1.121,48.05,0.287,0.0,inf
10765,ISR_A,ISR,RIGHT,10765,shoulder,right,2.037,head,2.055,117.771,11.29,5.32,996.0,438.8,28.45,27.6,NET,28.769,0.989,20.37,0.028,0.0,inf
10765,ISR_B,ISR,RIGHT,10765,hand,right,0.953,arm,1.071,118.501,9.95,5.4,996.0,438.8,28.45,27.6,NET,28.947,0.983,9.53,0.043,0.0,inf
10788,BRA_A,BRA,LEFT,10788,hand,right,5.201,foot,5.241,133.777,3.9,7.77,1079.2,510.8,28.5,9.7,RIGHT,32.679,0.872,52.01,0.342,2.0,inf
10788,BRA_B,BRA,LEFT,10788,foot,left,6.018,thigh,6.061,105.334,3.12,4.27,1079.2,510.8,28.5,9.7,RIGHT,25.73,1.108,60.18,0.256,2.0,inf
10788,ISR_A,ISR,RIGHT,10788,thigh,right,2.0,knee,2.02,111.941,11.93,4.48,1079.2,510.8,28.5,9.7,RIGHT,27.344,1.042,20.0,0.103,0.0,inf
10788,ISR_B,ISR,RIGHT,10788,hand,right,-0.013,arm,0.092,126.981,9.78,6.54,1079.2,510.8,28.5,9.7,RIGHT,31.018,0.919,0.0,0.212,0.0,0.212
10824,BRA_A,BRA,LEFT,10826,foot,right,3.889,hand,3.915,126.981,4.3,7.02,1040.3,634.5,28.5,14.9,NET,31.018,0.919,38.95,0.212,0.0,inf
10824,BRA_B,BRA,LEFT,10826,hand,left,5.545,arm,5.602,102.961,2.82,3.91,1040.3,634.5,28.5,14.9,NET,25.151,1.133,55.51,0.313,0.0,inf
10824,ISR_A,ISR,RIGHT,10822,foot,left,3.199,shin,3.228,106.389,13.25,3.54,1040.3,634.5,28.5,14.9,NET,25.988,1.097,32.05,0.231,0.0,inf
10824,ISR_B,ISR,RIGHT,10824,hand,right,0.05,arm,0.12,127.1,9.57,6.56,1040.3,634.5,28.5,14.9,NET,31.047,0.918,0.5,0.214,0.0,0.714
10843,BRA_A,BRA,LEFT,10843,hand,right,0.007,arm,0.044,125.841,4.64,6.87,552.4,621.0,26.625,16.4,LEFT,30.74,0.866,0.07,0.359,0.0,0.429
10843,BRA_B,BRA,LEFT,10845,thigh,left,0.812,knee,0.832,110.533,3.3,5.05,552.4,621.0,26.625,16.4,LEFT,27.001,0.986,8.18,0.035,0.0,inf
10843,ISR_A,ISR,RIGHT,10841,foot,right,8.368,shin,8.397,104.828,14.08,3.22,552.4,621.0,26.625,16.4,LEFT,25.607,1.04,83.74,0.097,2.0,inf
10843,ISR_B,ISR,RIGHT,10841,shoulder,right,3.657,arm,3.747,127.11,9.59,6.57,552.4,621.0,26.625,16.4,LEFT,31.05,0.857,36.63,0.384,2.0,inf
10850,BRA_A,BRA,LEFT,10849,torso,,-0.197,chest,-0.11,124.964,4.36,6.8,421.8,620.5,25.1,7.5,LEFT,30.526,0.822,0.03,0.489,0.0,0.519
10850,BRA_B,BRA,LEFT,10850,shin,left,-0.068,foot,0.067,108.487,3.21,4.75,421.8,620.5,25.1,7.5,LEFT,26.501,0.947,0.0,0.136,0.0,0.136
10850,ISR_A,ISR,RIGHT,10848,foot,right,9.688,shin,9.763,104.955,14.28,3.24,421.8,620.5,25.1,7.5,LEFT,25.638,0.979,96.94,0.053,2.0,inf
10850,ISR_B,ISR,RIGHT,10848,shoulder,right,4.826,thigh,4.84,126.365,9.79,6.5,421.8,620.5,25.1,7.5,LEFT,30.868,0.813,48.32,0.517,2.0,inf
10855,BRA_A,BRA,LEFT,10853,arm,left,-0.075,hand,0.033,124.932,4.28,6.8,342.1,622.1,23.8,21.7,LEFT,30.518,0.78,0.06,0.622,0.0,0.682
10855,BRA_B,BRA,LEFT,10854,thigh,right,0.129,knee,0.149,103.497,2.99,3.81,342.1,622.1,23.8,21.7,LEFT,25.282,0.941,1.32,0.151,0.0,1.471
10855,ISR_A,ISR,RIGHT,10853,foot,left,11.177,shin,11.208,104.993,14.73,3.19,342.1,622.1,23.8,21.7,LEFT,25.647,0.928,111.83,0.187,2.0,inf
10855,ISR_B,ISR,RIGHT,10853,foot,right,5.686,shin,5.696,125.746,9.91,6.39,342.1,622.1,23.8,21.7,LEFT,30.717,0.775,56.92,0.638,2.0,inf
10957,BRA_A,BRA,LEFT,10957,foot,left,9.272,shin,9.464,123.515,3.91,6.7,1611.0,513.4,29.45,62.6,RIGHT,30.172,0.976,92.72,0.061,2.0,inf
10957,BRA_B,BRA,LEFT,10957,foot,left,10.153,shin,10.248,106.096,4.02,4.31,1611.0,513.4,29.45,62.6,RIGHT,25.917,1.136,101.53,0.32,2.0,inf
10957,ISR_A,ISR,RIGHT,10957,head,,-0.22,chest,-0.134,124.742,13.66,5.97,1611.0,513.4,29.45,62.6,RIGHT,30.471,0.966,0.0,0.085,0.0,0.085
10966,BRA_A,BRA,LEFT,10967,hand,left,9.73,head,9.788,124.482,4.49,6.73,1630.5,205.0,29.75,8.5,RIGHT,30.408,0.978,97.33,0.055,2.0,inf
10966,BRA_B,BRA,LEFT,10964,head,,10.585,hand,10.611,106.102,4.05,4.33,1630.5,205.0,29.75,8.5,RIGHT,25.918,1.148,105.91,0.345,2.0,inf
10966,ISR_A,ISR,RIGHT,10964,head,,1.428,chest,1.709,124.976,13.74,5.97,1630.5,205.0,29.75,8.5,RIGHT,30.529,0.974,14.34,0.065,0.0,inf
10966,ISR_B,ISR,RIGHT,10964,head,,2.884,chest,3.154,137.743,15.14,7.26,1630.5,205.0,29.75,8.5,RIGHT,33.647,0.884,28.9,0.308,0.0,inf
10975,BRA_A,BRA,LEFT,10977,head,,9.642,hand,9.765,124.766,4.77,6.73,1620.0,42.6,30.65,7.3,RIGHT,30.477,1.006,96.48,0.014,2.0,inf
10975,BRA_B,BRA,LEFT,10975,head,,11.451,shoulder,11.625,101.79,3.82,3.6,1620.0,42.6,30.65,7.3,RIGHT,24.865,1.233,114.51,0.523,2.0,inf
10975,ISR_A,ISR,RIGHT,10973,head,,3.11,chest,3.392,120.662,14.13,5.43,1620.0,42.6,30.65,7.3,RIGHT,29.475,1.04,31.16,0.098,0.0,inf
10975,ISR_B,ISR,RIGHT,10973,head,,3.675,chest,3.928,135.755,14.04,7.07,1620.0,42.6,30.65,7.3,RIGHT,33.162,0.924,36.81,0.197,0.0,inf
10984,BRA_A,BRA,LEFT,10986,head,,8.876,thigh,8.975,124.748,4.97,6.72,1581.0,94.3,30.2,11.3,RIGHT,30.473,0.991,88.82,0.022,2.0,inf
10984,BRA_B,BRA,LEFT,10986,head,,10.434,chest,10.638,106.034,3.8,4.32,1581.0,94.3,30.2,11.3,RIGHT,25.902,1.166,104.4,0.384,2.0,inf
10984,ISR_A,ISR,RIGHT,10986,head,,2.644,chest,2.935,118.763,14.53,5.14,1581.0,94.3,30.2,11.3,RIGHT,29.011,1.041,26.5,0.1,0.0,inf
10984,ISR_B,ISR,RIGHT,10986,hand,right,2.805,arm,2.881,130.487,13.04,6.7,1581.0,94.3,30.2,11.3,RIGHT,31.875,0.947,28.11,0.135,0.0,inf
10996,BRA_A,BRA,LEFT,10998,head,,6.943,hand,6.956,125.005,4.26,6.81,1487.3,445.8,30.35,73.8,RIGHT,30.536,0.994,69.49,0.015,2.0,inf
10996,BRA_B,BRA,LEFT,10998,head,,8.356,hand,8.367,101.543,3.49,3.61,1487.3,445.8,30.35,73.8,RIGHT,24.804,1.224,83.62,0.504,2.0,inf
10996,ISR_A,ISR,RIGHT,10995,head,,1.187,shoulder,1.245,118.742,14.51,5.16,1487.3,445.8,30.35,73.8,RIGHT,29.006,1.046,11.9,0.113,0.0,inf
10996,ISR_B,ISR,RIGHT,10996,head,,-0.042,chest,0.224,121.638,13.11,5.62,1487.3,445.8,30.35,73.8,RIGHT,29.713,1.021,0.0,0.053,0.0,0.053
11011,BRA_A,BRA,LEFT,11013,head,,0.658,shoulder,0.753,126.509,3.46,7.05,498.0,464.2,27.35,7.7,LEFT,30.903,0.885,6.64,0.305,0.0,inf
11011,BRA_B,BRA,LEFT,11013,hand,left,0.039,arm,0.043,105.711,2.93,4.4,498.0,464.2,27.35,7.7,LEFT,25.823,1.059,0.45,0.144,0.0,0.594
11011,ISR_A,ISR,RIGHT,11009,thigh,left,8.738,knee,8.758,116.179,14.64,4.82,498.0,464.2,27.35,7.7,LEFT,28.38,0.964,87.44,0.092,2.0,inf
11011,ISR_B,ISR,RIGHT,11009,foot,left,6.29,shin,6.419,125.89,12.28,6.2,498.0,464.2,27.35,7.7,LEFT,30.752,0.889,62.96,0.293,2.0,inf
11016,BRA_A,BRA,LEFT,11016,head,,-0.02,chest,0.17,129.491,3.37,7.38,255.7,567.8,28.25,68.5,LEFT,31.631,0.893,0.0,0.283,0.0,0.283
11016,BRA_B,BRA,LEFT,11016,shin,right,-0.188,foot,-0.131,106.047,2.51,4.43,255.7,567.8,28.25,68.5,LEFT,25.905,1.091,0.0,0.217,0.0,0.217
11016,ISR_A,ISR,RIGHT,11014,thigh,left,10.939,knee,10.959,114.305,14.64,4.56,255.7,567.8,28.25,68.5,LEFT,27.922,1.012,109.45,0.029,2.0,inf
11016,ISR_B,ISR,RIGHT,11014,foot,left,8.082,shin,8.321,128.025,12.33,6.43,255.7,567.8,28.25,68.5,LEFT,31.273,0.903,80.88,0.254,2.0,inf
11049,BRA_A,BRA,LEFT,11049,foot,left,-0.061,shin,-0.051,119.283,5.17,6.05,631.2,615.0,26.65,65.5,LEFT,29.138,0.915,0.0,0.223,0.0,0.223
11049,BRA_B,BRA,LEFT,11047,foot,left,0.946,shin,1.009,106.541,3.37,4.03,631.2,615.0,26.65,65.5,LEFT,26.025,1.024,9.52,0.059,0.0,inf
11049,ISR_A,ISR,RIGHT,11051,thigh,right,7.984,knee,8.004,108.31,14.04,3.68,631.2,615.0,26.65,65.5,LEFT,26.458,1.007,79.9,0.018,2.0,inf
11049,ISR_B,ISR,RIGHT,11050,hand,left,6.789,arm,6.872,136.238,13.28,7.18,631.2,615.0,26.65,65.5,LEFT,33.28,0.801,67.92,0.555,2.0,inf
11074,BRA_A,BRA,LEFT,11076,head,,2.7,chest,2.923,123.521,5.94,6.49,829.5,188.4,32.65,7.5,LEFT,30.173,1.082,27.06,0.197,0.0,inf
11074,BRA_B,BRA,LEFT,11076,hand,left,1.418,arm,1.506,111.936,7.54,4.93,829.5,188.4,32.65,7.5,LEFT,27.343,1.194,14.24,0.443,0.0,inf
11074,ISR_A,ISR,RIGHT,11076,head,,5.997,shoulder,6.074,106.456,13.6,3.52,829.5,188.4,32.65,7.5,LEFT,26.005,1.256,60.03,0.569,2.0,inf
11074,ISR_B,ISR,RIGHT,11076,head,,5.417,chest,5.624,135.475,12.67,7.16,829.5,188.4,32.65,7.5,LEFT,33.093,0.987,54.23,0.034,2.0,inf
11084,BRA_A,BRA,LEFT,11083,head,,2.388,shoulder,2.422,124.368,5.71,6.63,943.5,422.2,28.5,50.2,LEFT,30.38,0.938,23.91,0.16,0.0,inf
11084,BRA_B,BRA,LEFT,11084,foot,left,-0.059,shin,0.003,117.118,8.0,5.11,943.5,422.2,28.5,50.2,LEFT,28.609,0.996,0.0,0.01,0.0,0.01
11084,ISR_A,ISR,RIGHT,11086,hand,right,3.785,foot,3.811,106.699,13.7,3.53,943.5,422.2,28.5,50.2,LEFT,26.064,1.093,37.91,0.223,2.0,inf
11084,ISR_B,ISR,RIGHT,11086,head,,3.134,hand,3.136,135.497,12.14,7.11,943.5,422.2,28.5,50.2,LEFT,33.099,0.861,31.4,0.374,2.0,inf
11095,BRA_A,BRA,LEFT,11093,foot,left,6.655,shin,6.768,120.976,5.59,6.22,1572.0,534.7,28.1,10.0,RIGHT,29.551,0.951,66.61,0.126,2.0,inf
11095,BRA_B,BRA,LEFT,11093,hand,right,3.385,arm,3.436,131.099,8.73,7.07,1572.0,534.7,28.1,10.0,RIGHT,32.024,0.877,33.91,0.327,2.0,inf
11095,ISR_A,ISR,RIGHT,11094,thigh,right,-0.096,torso,-0.011,108.327,13.76,3.8,1572.0,534.7,28.1,10.0,RIGHT,26.462,1.062,0.03,0.15,0.0,0.18
11095,ISR_B,ISR,RIGHT,11094,head,,0.396,chest,0.632,139.044,12.04,7.56,1572.0,534.7,28.1,10.0,RIGHT,33.965,0.827,3.99,0.474,0.0,4.464
11100,BRA_A,BRA,LEFT,11098,foot,left,8.942,thigh,8.976,119.353,5.38,6.04,1825.5,682.5,27.7,7.5,RIGHT,29.155,0.95,89.48,0.128,2.0,inf
11100,BRA_B,BRA,RIGHT,11098,arm,left,4.603,shoulder,4.603,137.247,9.23,7.63,1825.5,682.5,27.7,7.5,RIGHT,33.526,0.826,46.09,0.477,0.0,inf
11100,ISR_A,ISR,RIGHT,11098,foot,left,1.294,shin,1.319,108.327,13.69,3.8,1825.5,682.5,27.7,7.5,RIGHT,26.462,1.047,13.0,0.114,0.0,inf
11100,ISR_B,ISR,RIGHT,11098,head,,1.336,shoulder,1.414,139.602,12.05,7.6,1825.5,682.5,27.7,7.5,RIGHT,34.101,0.812,13.42,0.52,0.0,inf
11200,BRA_B,BRA,LEFT,11202,thigh,right,1.363,torso,1.404,104.077,3.86,4.0,215.0,432.0,34.3,7.9,LEFT,25.423,1.349,13.69,0.749,0.0,inf
11200,ISR_A,ISR,RIGHT,11202,head,,11.188,shoulder,11.319,115.127,14.65,4.68,215.0,432.0,34.3,7.9,LEFT,28.123,1.22,111.94,0.496,2.0,inf
11200,ISR_B,ISR,RIGHT,11202,head,,10.298,shoulder,10.42,137.541,14.43,7.18,215.0,432.0,34.3,7.9,LEFT,33.598,1.021,103.04,0.052,2.0,inf
11205,BRA_B,BRA,LEFT,11204,head,,1.155,chest,1.188,104.077,3.86,4.0,480.8,289.1,31.25,13.2,LEFT,25.423,1.229,11.58,0.516,0.0,inf
11205,ISR_A,ISR,RIGHT,11207,head,,8.846,shoulder,8.968,114.822,14.62,4.61,480.8,289.1,31.25,13.2,LEFT,28.048,1.114,88.52,0.27,2.0,inf
11205,ISR_B,ISR,RIGHT,11207,head,,8.576,hand,8.578,137.541,14.32,7.24,480.8,289.1,31.25,13.2,LEFT,33.598,0.93,85.82,0.181,2.0,inf
11210,BRA_B,BRA,LEFT,11208,head,,2.198,shoulder,2.32,104.071,3.87,4.0,773.8,224.6,34.15,8.1,LEFT,25.422,1.343,22.04,0.738,0.0,inf
11210,ISR_A,ISR,RIGHT,11212,head,,6.24,hand,6.374,113.753,14.47,4.51,773.8,224.6,34.15,8.1,LEFT,27.787,1.229,62.46,0.515,2.0,inf
11210,ISR_B,ISR,RIGHT,11212,hand,right,6.772,head,6.783,134.472,14.54,6.9,773.8,224.6,34.15,8.1,LEFT,32.848,1.04,67.78,0.097,2.0,inf
11221,BRA_B,BRA,LEFT,11219,head,,7.626,shoulder,7.692,104.077,3.87,4.0,1415.2,324.4,31.5,10.4,RIGHT,25.423,1.239,76.32,0.536,2.0,inf
11221,ISR_A,ISR,RIGHT,11223,head,,0.443,shoulder,0.566,109.718,13.99,3.98,1415.2,324.4,31.5,10.4,RIGHT,26.801,1.175,4.49,0.404,0.0,4.894
11221,ISR_B,ISR,RIGHT,11223,head,,2.537,hand,2.575,133.216,14.84,6.75,1415.2,324.4,31.5,10.4,RIGHT,32.541,0.968,25.43,0.081,0.0,inf
11230,BRA_B,BRA,LEFT,11228,foot,left,11.442,head,11.579,104.032,3.88,3.99,1806.0,589.8,29.25,91.7,RIGHT,25.412,1.151,114.48,0.352,2.0,inf
11230,ISR_A,ISR,RIGHT,11228,foot,left,1.374,shin,1.385,109.241,13.65,3.87,1806.0,589.8,29.25,91.7,RIGHT,26.685,1.096,13.8,0.229,0.0,inf
11230,ISR_B,ISR,RIGHT,11230,shoulder,right,-0.119,chest,-0.093,136.432,14.81,7.06,1806.0,589.8,29.25,91.7,RIGHT,33.327,0.878,0.0,0.326,0.0,0.326
11246,BRA_A,BRA,LEFT,11248,hand,left,10.781,arm,10.858,123.567,2.57,6.79,1563.0,170.8,30.0,8.3,RIGHT,30.184,0.994,107.87,0.015,2.0,inf
11246,BRA_B,BRA,LEFT,11248,head,,9.783,shoulder,9.913,103.384,4.04,3.83,1563.0,170.8,30.0,8.3,RIGHT,25.254,1.188,97.89,0.431,2.0,inf
11246,ISR_A,ISR,RIGHT,11247,head,,2.595,shoulder,2.809,111.704,11.83,4.45,1563.0,170.8,30.0,8.3,RIGHT,27.286,1.099,25.98,0.237,0.0,inf
11246,ISR_B,ISR,RIGHT,11244,head,,2.875,hand,2.901,131.865,14.64,6.57,1563.0,170.8,30.0,8.3,RIGHT,32.211,0.931,28.81,0.178,0.0,inf
11265,BRA_A,BRA,LEFT,11266,foot,right,6.295,thigh,6.38,119.868,4.19,6.21,1218.0,420.7,25.5,51.8,RIGHT,29.281,0.871,62.98,0.346,2.0,inf
11265,BRA_B,BRA,LEFT,11266,head,,6.232,foot,6.272,103.707,4.32,3.9,1218.0,420.7,25.5,51.8,RIGHT,25.333,1.007,62.35,0.016,2.0,inf
11265,ISR_A,ISR,RIGHT,11265,head,,-0.196,chest,-0.045,112.206,10.76,4.62,1218.0,420.7,25.5,51.8,RIGHT,27.409,0.93,0.0,0.18,0.0,0.18
11265,ISR_B,ISR,RIGHT,11266,head,,2.039,hand,2.188,130.201,12.44,6.64,1218.0,420.7,25.5,51.8,RIGHT,31.805,0.802,20.42,0.552,0.0,inf
11301,BRA_A,BRA,LEFT,11303,head,,5.359,shoulder,5.453,122.533,4.87,6.47,1236.0,369.6,27.95,46.1,RIGHT,29.932,0.934,53.65,0.171,2.0,inf
11301,BRA_B,BRA,LEFT,11303,head,,6.736,thigh,6.826,97.736,3.75,2.89,1236.0,369.6,27.95,46.1,RIGHT,23.874,1.171,67.42,0.394,2.0,inf
11301,ISR_A,ISR,RIGHT,11303,shoulder,left,0.044,arm,0.134,98.751,10.56,2.4,1236.0,369.6,27.95,46.1,RIGHT,24.122,1.159,0.5,0.368,0.0,0.868
11301,ISR_B,ISR,RIGHT,11301,head,,0.045,hand,0.169,109.063,10.94,4.15,1236.0,369.6,27.95,46.1,RIGHT,26.641,1.049,0.45,0.12,0.0,0.57
11306,BRA_A,BRA,LEFT,11308,head,,5.03,shoulder,5.276,125.272,4.82,6.79,1154.2,290.3,27.75,8.4,RIGHT,30.601,0.907,50.36,0.244,2.0,inf
11306,BRA_B,BRA,LEFT,11308,hand,right,5.917,head,5.94,97.736,3.78,2.93,1154.2,290.3,27.75,8.4,RIGHT,23.874,1.162,59.23,0.376,2.0,inf
11306,ISR_A,ISR,RIGHT,11305,head,,-0.011,chest,0.244,98.751,10.56,2.49,1154.2,290.3,27.75,8.4,RIGHT,24.122,1.15,0.03,0.35,0.0,0.38
11306,ISR_B,ISR,RIGHT,11304,hand,right,0.745,head,0.779,109.063,10.88,4.04,1154.2,290.3,27.75,8.4,RIGHT,26.641,1.042,7.51,0.102,0.0,inf
11315,BRA_A,BRA,LEFT,11315,hand,left,3.802,head,3.916,125.814,4.99,6.84,1015.5,290.6,25.15,12.3,NET,30.733,0.818,38.02,0.501,0.0,inf
11315,BRA_B,BRA,LEFT,11317,hand,left,3.566,arm,3.631,96.688,4.78,2.62,1015.5,290.6,25.15,12.3,NET,23.618,1.065,35.72,0.157,0.0,inf
11315,ISR_A,ISR,RIGHT,11313,head,,1.036,shoulder,1.232,98.843,10.74,2.47,1015.5,290.6,25.15,12.3,NET,24.145,1.042,10.42,0.102,0.0,inf
11315,ISR_B,ISR,RIGHT,11314,head,,2.454,hand,2.648,115.714,11.19,5.06,1015.5,290.6,25.15,12.3,NET,28.266,0.89,24.57,0.292,0.0,inf
11335,BRA_A,BRA,LEFT,11337,hand,right,2.926,thigh,2.999,116.979,6.3,5.66,1096.5,480.8,24.75,26.9,RIGHT,28.575,0.866,29.32,0.359,2.0,inf
11335,BRA_B,BRA,LEFT,11335,foot,left,2.165,shin,2.302,94.169,7.17,1.89,1096.5,480.8,24.75,26.9,RIGHT,23.003,1.076,21.65,0.183,2.0,inf
11335,ISR_A,ISR,RIGHT,11335,foot,left,0.972,shin,1.116,99.861,11.46,2.61,1096.5,480.8,24.75,26.9,RIGHT,24.394,1.015,9.72,0.036,0.0,inf
11335,ISR_B,ISR,RIGHT,11335,head,,2.025,shoulder,2.133,123.409,11.91,5.95,1096.5,480.8,24.75,26.9,RIGHT,30.146,0.821,20.25,0.493,0.0,inf
11405,BRA_A,BRA,LEFT,11407,arm,right,4.801,thigh,4.834,121.715,4.15,6.43,1096.5,450.0,23.2,19.6,RIGHT,29.732,0.78,48.07,0.62,2.0,inf
11405,BRA_B,BRA,LEFT,11403,foot,left,4.855,shin,4.896,104.168,4.35,4.0,1096.5,450.0,23.2,19.6,RIGHT,25.446,0.912,48.61,0.231,2.0,inf
11405,ISR_A,ISR,RIGHT,11405,foot,right,-0.06,shin,0.142,91.886,10.42,1.13,1096.5,450.0,23.2,19.6,RIGHT,22.446,1.034,0.0,0.083,0.0,0.083
11405,ISR_B,ISR,RIGHT,11403,foot,left,4.81,shin,4.909,136.98,14.42,7.18,1096.5,450.0,23.2,19.6,RIGHT,33.461,0.693,48.16,0.916,0.0,inf
11410,BRA_A,BRA,LEFT,11412,hand,right,3.68,arm,3.747,121.715,3.88,6.48,966.8,444.8,24.0,10.8,NET,29.732,0.807,36.86,0.535,0.0,inf
11410,BRA_B,BRA,LEFT,11412,foot,right,3.694,shin,3.73,106.051,3.83,4.32,966.8,444.8,24.0,10.8,NET,25.906,0.926,37.0,0.191,0.0,inf
11410,ISR_A,ISR,RIGHT,11408,foot,right,0.39,shin,0.622,91.946,10.27,1.19,966.8,444.8,24.0,10.8,NET,22.46,1.069,3.96,0.166,0.0,4.126
11410,ISR_B,ISR,RIGHT,11408,hand,left,5.652,chest,5.655,137.043,14.82,7.05,966.8,444.8,24.0,10.8,NET,33.476,0.717,56.58,0.832,0.0,inf
11415,BRA_A,BRA,LEFT,11417,hand,right,2.894,arm,2.962,120.236,3.69,6.3,823.5,492.0,24.4,13.7,LEFT,29.371,0.831,29.0,0.464,0.0,inf
11415,BRA_B,BRA,LEFT,11417,foot,right,2.625,shin,2.676,106.903,3.67,4.48,823.5,492.0,24.4,13.7,LEFT,26.114,0.934,26.31,0.17,0.0,inf
11415,ISR_A,ISR,RIGHT,11413,foot,right,2.115,thigh,2.19,93.12,10.3,1.43,823.5,492.0,24.4,13.7,LEFT,22.747,1.073,21.21,0.175,2.0,inf
11415,ISR_B,ISR,RIGHT,11413,foot,right,6.563,shin,6.602,137.372,14.86,7.15,823.5,492.0,24.4,13.7,LEFT,33.557,0.727,65.69,0.797,2.0,inf
11552,BRA_B,BRA,LEFT,11554,torso,,-0.179,thigh,-0.143,108.211,2.98,4.73,314.5,475.7,21.8,27.1,LEFT,26.433,0.825,0.06,0.482,0.0,0.542
11552,ISR_A,ISR,RIGHT,11554,foot,right,10.704,shin,10.745,122.356,14.82,5.53,314.5,475.7,21.8,27.1,LEFT,29.889,0.729,107.1,0.789,2.0,inf
11559,BRA_B,BRA,LEFT,11559,hand,right,0.009,arm,0.067,108.214,2.79,4.75,275.6,520.5,27.05,12.4,LEFT,26.434,1.023,0.09,0.058,0.0,0.148
11559,ISR_A,ISR,RIGHT,11557,foot,right,11.022,shin,11.07,122.216,14.87,5.61,275.6,520.5,27.05,12.4,LEFT,29.854,0.906,110.28,0.247,2.0,inf
11573,BRA_A,BRA,LEFT,11575,foot,right,10.515,hand,10.58,123.383,2.81,6.75,1563.0,196.1,30.2,15.5,RIGHT,30.139,1.002,105.21,0.005,2.0,inf
11573,BRA_B,BRA,LEFT,11575,head,,9.588,shoulder,9.703,105.739,3.96,4.26,1563.0,196.1,30.2,15.5,RIGHT,25.829,1.169,95.94,0.391,2.0,inf
11573,ISR_A,ISR,RIGHT,11575,head,,2.266,shoulder,2.541,114.441,11.99,4.82,1563.0,196.1,30.2,15.5,RIGHT,27.955,1.08,22.72,0.193,0.0,inf
11573,ISR_B,ISR,RIGHT,11574,head,,3.577,hand,3.676,140.674,14.96,7.46,1563.0,196.1,30.2,15.5,RIGHT,34.363,0.879,35.8,0.323,0.0,inf
11589,BRA_A,BRA,LEFT,11591,foot,right,6.16,shin,6.342,121.856,4.31,6.44,1234.5,473.6,27.35,46.9,RIGHT,29.767,0.919,61.66,0.212,2.0,inf
11589,BRA_B,BRA,LEFT,11590,foot,left,6.349,thigh,6.361,105.33,4.23,4.17,1234.5,473.6,27.35,46.9,RIGHT,25.73,1.063,63.52,0.153,2.0,inf
11589,ISR_A,ISR,RIGHT,11589,head,,-0.224,chest,0.003,117.849,10.7,5.38,1234.5,473.6,27.35,46.9,RIGHT,28.788,0.95,0.0,0.128,0.0,0.128
11589,ISR_B,ISR,RIGHT,11590,head,,2.413,chest,2.597,137.134,13.03,7.33,1234.5,473.6,27.35,46.9,RIGHT,33.498,0.816,24.16,0.507,0.0,inf
11619,BRA_A,BRA,LEFT,11621,head,,4.897,shoulder,4.992,125.001,5.39,6.73,1148.2,194.0,30.8,7.7,RIGHT,30.535,1.009,49.03,0.022,2.0,inf
11619,BRA_B,BRA,LEFT,11621,head,,5.967,foot,6.057,104.779,4.27,4.09,1148.2,194.0,30.8,7.7,RIGHT,25.595,1.203,59.73,0.463,2.0,inf
11619,ISR_A,ISR,RIGHT,11621,hand,right,1.112,arm,1.203,101.981,10.53,3.06,1148.2,194.0,30.8,7.7,RIGHT,24.912,1.236,11.18,0.53,0.0,inf
11619,ISR_B,ISR,RIGHT,11621,hand,right,0.942,arm,1.032,116.689,10.14,5.28,1148.2,194.0,30.8,7.7,RIGHT,28.504,1.081,9.48,0.194,0.0,inf
11625,BRA_A,BRA,LEFT,11627,head,,4.337,shoulder,4.383,126.164,4.93,6.88,1120.5,377.6,30.0,32.1,RIGHT,30.819,0.973,43.43,0.067,2.0,inf
11625,BRA_B,BRA,LEFT,11627,hand,left,5.407,arm,5.433,104.387,3.68,4.01,1120.5,377.6,30.0,32.1,RIGHT,25.499,1.177,54.13,0.406,2.0,inf
11625,ISR_A,ISR,RIGHT,11625,head,,0.064,shoulder,0.146,106.179,10.48,3.75,1120.5,377.6,30.0,32.1,RIGHT,25.937,1.157,0.64,0.364,0.0,1.004
11625,ISR_B,ISR,RIGHT,11626,head,,0.066,chest,0.346,109.4,10.03,4.28,1120.5,377.6,30.0,32.1,RIGHT,26.724,1.123,0.69,0.289,0.0,0.979
11643,BRA_A,BRA,LEFT,11643,foot,right,-0.064,shin,0.05,123.328,5.8,6.48,764.2,619.5,26.2,65.5,LEFT,30.126,0.87,0.0,0.349,0.0,0.349
11643,BRA_B,BRA,LEFT,11645,thigh,left,2.325,knee,2.345,103.574,3.73,3.93,764.2,619.5,26.2,65.5,LEFT,25.301,1.036,23.31,0.087,0.0,inf
11643,ISR_A,ISR,RIGHT,11644,foot,right,3.452,thigh,3.903,104.336,11.0,3.41,764.2,619.5,26.2,65.5,LEFT,25.487,1.028,34.55,0.069,2.0,inf
11643,ISR_B,ISR,RIGHT,11643,thigh,left,2.106,knee,2.126,123.542,9.63,6.14,764.2,619.5,26.2,65.5,LEFT,30.178,0.868,21.06,0.353,2.0,inf
11679,BRA_A,BRA,LEFT,11679,head,,1.253,shoulder,1.438,122.516,6.53,6.32,645.8,340.5,25.85,37.3,LEFT,29.928,0.864,12.53,0.366,0.0,inf
11679,BRA_B,BRA,LEFT,11679,shoulder,left,-0.139,chest,-0.136,95.012,5.17,2.33,645.8,340.5,25.85,37.3,LEFT,23.209,1.114,0.0,0.269,0.0,0.269
11679,ISR_A,ISR,RIGHT,11677,head,,7.108,chest,7.269,106.892,13.11,3.62,645.8,340.5,25.85,37.3,LEFT,26.111,0.99,71.14,0.025,2.0,inf
11679,ISR_B,ISR,RIGHT,11679,head,,5.32,shoulder,5.353,134.779,11.44,7.2,645.8,340.5,25.85,37.3,LEFT,32.923,0.785,53.2,0.605,2.0,inf
11712,BRA_A,BRA,LEFT,11712,head,,-0.065,chest,0.165,109.762,7.34,4.37,848.2,369.4,27.35,54.5,LEFT,26.812,1.02,0.0,0.05,0.0,0.05
11712,BRA_B,BRA,LEFT,11711,hand,left,1.255,arm,1.293,94.483,5.54,2.14,848.2,369.4,27.35,54.5,LEFT,23.08,1.185,12.58,0.424,0.0,inf
11712,ISR_A,ISR,RIGHT,11714,head,,5.102,thigh,5.149,105.694,14.04,3.36,848.2,369.4,27.35,54.5,LEFT,25.818,1.059,51.08,0.144,2.0,inf
11712,ISR_B,ISR,RIGHT,11714,head,,3.833,shoulder,3.909,139.2,11.86,7.58,848.2,369.4,27.35,54.5,LEFT,34.003,0.804,38.39,0.544,2.0,inf
11731,BRA_A,BRA,LEFT,11729,foot,right,6.683,shin,6.786,113.616,7.61,5.1,1780.5,708.0,29.65,14.6,RIGHT,27.754,1.068,66.89,0.165,2.0,inf
11731,BRA_B,BRA,LEFT,11729,foot,left,10.403,shin,10.479,95.231,5.31,2.33,1780.5,708.0,29.65,14.6,RIGHT,23.263,1.275,104.09,0.607,2.0,inf
11731,ISR_A,ISR,RIGHT,11729,foot,left,0.446,shin,0.574,108.614,14.29,3.79,1780.5,708.0,29.65,14.6,RIGHT,26.532,1.118,4.52,0.278,0.0,4.798
11731,ISR_B,ISR,RIGHT,11729,foot,right,0.394,hand,0.508,133.756,12.69,6.98,1780.5,708.0,29.65,14.6,RIGHT,32.673,0.907,4.0,0.243,0.0,4.243
11794,BRA_A,BRA,RIGHT,11795,foot,right,6.439,shin,6.55,100.236,13.12,2.51,717.0,421.1,25.9,50.9,LEFT,24.485,1.058,64.42,0.14,2.0,inf
11794,BRA_B,BRA,RIGHT,11796,head,,6.772,foot,6.811,122.022,13.57,5.6,717.0,421.1,25.9,50.9,LEFT,29.807,0.869,67.78,0.351,2.0,inf
11794,ISR_A,ISR,LEFT,11795,hand,right,-0.092,arm,-0.026,105.521,6.05,4.03,717.0,421.1,25.9,50.9,LEFT,25.776,1.005,0.03,0.012,0.0,0.042
11794,ISR_B,ISR,LEFT,11793,thigh,right,-0.199,torso,-0.146,90.228,5.91,1.27,717.0,421.1,25.9,50.9,LEFT,22.041,1.175,0.03,0.403,0.0,0.433
11807,BRA_A,BRA,RIGHT,11807,head,,6.019,shoulder,6.073,100.673,13.09,2.61,828.0,101.9,27.25,7.1,LEFT,24.592,1.108,60.19,0.257,2.0,inf
11807,BRA_B,BRA,RIGHT,11807,head,,6.442,chest,6.668,122.315,13.42,5.69,828.0,101.9,27.25,7.1,LEFT,29.879,0.912,64.42,0.23,2.0,inf
11807,ISR_A,ISR,LEFT,11805,hand,right,2.61,head,2.721,108.7,6.03,4.53,828.0,101.9,27.25,7.1,LEFT,26.553,1.026,26.16,0.065,0.0,inf
11807,ISR_B,ISR,LEFT,11805,head,,1.91,chest,2.183,94.067,6.92,1.92,828.0,101.9,27.25,7.1,LEFT,22.978,1.186,19.16,0.426,0.0,inf
11828,BRA_A,BRA,RIGHT,11830,hand,left,2.099,arm,2.176,105.692,11.23,4.86,1026.8,284.6,24.35,7.6,NET,25.818,0.943,21.05,0.146,0.0,inf
11828,BRA_B,BRA,RIGHT,11830,hand,right,1.893,arm,1.943,103.017,11.88,2.28,1026.8,284.6,24.35,7.6,NET,25.165,0.968,18.99,0.082,0.0,inf
11828,ISR_A,ISR,LEFT,11828,head,,4.035,thigh,4.216,114.091,5.23,5.37,1026.8,284.6,24.35,7.6,NET,27.87,0.874,40.35,0.338,0.0,inf
11828,ISR_B,ISR,LEFT,11828,head,,1.247,shoulder,1.38,99.041,7.88,2.78,1026.8,284.6,24.35,7.6,NET,24.193,1.006,12.47,0.016,0.0,inf
11835,BRA_A,BRA,RIGHT,11836,thigh,right,0.939,knee,0.959,101.176,11.3,2.57,1082.2,502.5,24.35,75.3,RIGHT,24.715,0.985,9.42,0.037,0.0,inf
11835,BRA_B,BRA,RIGHT,11835,foot,left,-0.121,shin,0.044,109.066,10.49,4.19,1082.2,502.5,24.35,75.3,RIGHT,26.642,0.914,0.0,0.225,0.0,0.225
11835,ISR_A,ISR,LEFT,11833,thigh,left,4.294,knee,4.314,113.902,4.95,5.36,1082.2,502.5,24.35,75.3,RIGHT,27.824,0.875,43.0,0.333,2.0,inf
11835,ISR_B,ISR,LEFT,11833,hand,left,1.422,thigh,1.482,99.059,7.76,2.84,1082.2,502.5,24.35,75.3,RIGHT,24.198,1.006,14.28,0.016,2.0,inf
11846,BRA_A,BRA,RIGHT,11844,head,,2.317,shoulder,2.511,101.286,11.0,2.64,1096.5,98.0,24.45,8.2,RIGHT,24.742,0.988,23.23,0.03,0.0,inf
11846,BRA_B,BRA,RIGHT,11844,hand,right,3.101,arm,3.182,109.768,9.56,4.36,1096.5,98.0,24.45,8.2,RIGHT,26.814,0.912,31.07,0.231,0.0,inf
11846,ISR_A,ISR,LEFT,11844,head,,5.471,hand,5.676,113.85,4.69,5.36,1096.5,98.0,24.45,8.2,RIGHT,27.811,0.879,54.77,0.322,2.0,inf
11846,ISR_B,ISR,LEFT,11844,head,,3.021,hand,3.125,95.573,7.41,2.19,1096.5,98.0,24.45,8.2,RIGHT,23.346,1.047,30.27,0.116,2.0,inf
11878,BRA_A,BRA,RIGHT,11878,head,,-0.096,chest,0.147,88.327,10.52,0.38,1132.5,238.2,24.6,53.2,RIGHT,21.576,1.14,0.0,0.328,0.0,0.328
11878,BRA_B,BRA,RIGHT,11878,head,,1.394,chest,1.621,108.686,10.36,4.17,1132.5,238.2,24.6,53.2,RIGHT,26.549,0.927,13.94,0.191,0.0,inf
11878,ISR_A,ISR,LEFT,11880,head,,5.387,chest,5.658,117.686,4.15,5.94,1132.5,238.2,24.6,53.2,RIGHT,28.748,0.856,53.93,0.39,2.0,inf
11878,ISR_B,ISR,LEFT,11880,head,,3.885,shoulder,3.95,92.596,5.53,1.74,1132.5,238.2,24.6,53.2,RIGHT,22.619,1.088,38.91,0.21,2.0,inf
11903,BRA_A,BRA,RIGHT,11901,foot,left,8.71,shin,8.936,91.852,11.55,1.07,338.4,419.6,19.9,38.8,LEFT,22.437,0.887,87.16,0.3,2.0,inf
11903,BRA_B,BRA,RIGHT,11901,head,,7.52,foot,7.591,113.123,11.19,4.71,338.4,419.6,19.9,38.8,LEFT,27.633,0.72,75.26,0.821,2.0,inf
11903,ISR_A,ISR,LEFT,11903,head,,0.734,shoulder,0.805,116.108,3.87,5.78,338.4,419.6,19.9,38.8,LEFT,28.362,0.702,7.34,0.886,0.0,inf
11903,ISR_B,ISR,LEFT,11901,head,,1.315,chest,1.516,91.029,4.14,1.54,338.4,419.6,19.9,38.8,LEFT,22.236,0.895,13.21,0.277,0.0,inf
11923,BRA_A,BRA,RIGHT,11922,foot,left,13.092,shin,13.124,92.207,12.94,1.01,102.2,418.5,22.55,11.1,LEFT,22.524,1.001,130.95,0.003,2.0,inf
11923,BRA_B,BRA,RIGHT,11921,foot,left,10.294,shin,10.384,113.829,11.84,4.75,102.2,418.5,22.55,11.1,LEFT,27.806,0.811,103.0,0.524,2.0,inf
11923,ISR_A,ISR,LEFT,11922,arm,left,2.34,shoulder,2.343,116.026,3.76,5.76,102.2,418.5,22.55,11.1,LEFT,28.342,0.796,23.43,0.572,0.0,inf
11923,ISR_B,ISR,LEFT,11921,hand,left,3.566,arm,3.641,87.89,2.97,0.48,102.2,418.5,22.55,11.1,LEFT,21.469,1.05,35.72,0.123,0.0,inf
11928,BRA_A,BRA,RIGHT,11926,foot,left,13.581,shin,13.603,92.52,13.11,1.06,44.2,418.5,22.9,12.7,LEFT,22.6,1.013,135.87,0.033,2.0,inf
11928,BRA_B,BRA,RIGHT,11926,arm,left,11.204,foot,11.227,113.395,12.16,4.65,44.2,418.5,22.9,12.7,LEFT,27.7,0.827,112.1,0.476,2.0,inf
11928,ISR_A,ISR,LEFT,11926,arm,left,2.677,shoulder,2.702,116.033,3.77,5.76,44.2,418.5,22.9,12.7,LEFT,28.344,0.808,26.83,0.533,0.0,inf
11928,ISR_B,ISR,LEFT,11930,hand,right,4.251,foot,4.281,87.755,3.06,0.91,44.2,418.5,22.9,12.7,LEFT,21.436,1.068,42.57,0.165,0.0,inf
11974,BRA_A,BRA,RIGHT,11975,thigh,right,6.395,knee,6.415,98.533,13.6,2.17,783.0,357.4,24.6,56.2,LEFT,24.069,1.022,63.98,0.055,2.0,inf
11974,BRA_B,BRA,RIGHT,11974,foot,left,6.272,head,6.303,119.978,13.4,5.41,783.0,357.4,24.6,56.2,LEFT,29.308,0.839,62.72,0.438,2.0,inf
11974,ISR_A,ISR,LEFT,11974,hand,left,-0.082,arm,-0.067,92.838,6.82,1.83,783.0,357.4,24.6,56.2,LEFT,22.678,1.085,0.0,0.203,0.0,0.203
11974,ISR_B,ISR,LEFT,11974,hand,left,0.427,arm,0.461,86.299,5.5,0.16,783.0,357.4,24.6,56.2,LEFT,21.081,1.167,4.27,0.386,0.0,4.656
11981,BRA_A,BRA,RIGHT,11981,head,,6.422,shoulder,6.577,98.482,13.33,2.2,796.5,180.6,26.1,7.2,LEFT,24.057,1.085,64.22,0.204,2.0,inf
11981,BRA_B,BRA,RIGHT,11980,hand,right,6.283,arm,6.394,119.407,13.28,5.35,796.5,180.6,26.1,7.2,LEFT,29.168,0.895,62.86,0.278,2.0,inf
11981,ISR_A,ISR,LEFT,11979,hand,left,0.996,arm,1.041,92.856,6.86,1.68,796.5,180.6,26.1,7.2,LEFT,22.682,1.151,10.02,0.351,0.0,inf
11981,ISR_B,ISR,LEFT,11979,head,,0.626,shoulder,0.812,85.932,6.07,0.43,796.5,180.6,26.1,7.2,LEFT,20.991,1.243,6.32,0.545,0.0,inf
12007,BRA_A,BRA,RIGHT,12009,head,,6.06,shoulder,6.191,101.796,14.51,2.68,883.5,242.2,25.9,28.8,LEFT,24.866,1.042,60.66,0.102,2.0,inf
12007,BRA_B,BRA,RIGHT,12009,head,,3.869,chest,4.081,115.083,11.63,4.95,883.5,242.2,25.9,28.8,LEFT,28.112,0.921,38.75,0.205,2.0,inf
12007,ISR_A,ISR,LEFT,12007,head,,1.742,shoulder,1.868,100.696,6.26,3.13,883.5,242.2,25.9,28.8,LEFT,24.597,1.053,17.42,0.129,0.0,inf
12007,ISR_B,ISR,LEFT,12007,head,,-0.013,chest,0.229,85.941,7.64,0.01,883.5,242.2,25.9,28.8,LEFT,20.993,1.234,0.0,0.525,0.0,0.525
12027,BRA_A,BRA,RIGHT,12027,foot,right,3.017,thigh,3.09,101.934,14.96,2.74,1224.8,453.8,25.9,53.3,RIGHT,24.9,1.04,30.17,0.098,0.0,inf
12027,BRA_B,BRA,RIGHT,12027,hand,right,-0.012,arm,0.006,105.867,11.38,3.64,1224.8,453.8,25.9,53.3,RIGHT,25.861,1.002,0.0,0.004,0.0,0.004
12027,ISR_A,ISR,LEFT,12025,hand,left,4.372,arm,4.426,104.184,5.95,3.85,1224.8,453.8,25.9,53.3,RIGHT,25.45,1.018,43.78,0.044,2.0,inf
12027,ISR_B,ISR,LEFT,12025,thigh,left,2.52,foot,2.53,99.298,7.9,2.93,1224.8,453.8,25.9,53.3,RIGHT,24.256,1.068,25.26,0.164,2.0,inf
12037,BRA_A,BRA,RIGHT,12035,head,,3.296,hand,3.386,99.619,14.29,2.23,1234.5,106.3,26.85,12.0,RIGHT,24.335,1.103,33.02,0.246,0.0,inf
12037,BRA_B,BRA,RIGHT,12035,head,,2.297,shoulder,2.426,109.808,11.51,4.21,1234.5,106.3,26.85,12.0,RIGHT,26.823,1.001,23.03,0.002,0.0,inf
12037,ISR_A,ISR,LEFT,12035,head,,5.576,shoulder,5.624,109.162,5.68,4.63,1234.5,106.3,26.85,12.0,RIGHT,26.666,1.007,55.82,0.017,2.0,inf
12037,ISR_B,ISR,LEFT,12035,head,,4.058,shoulder,4.078,97.679,7.43,2.57,1234.5,106.3,26.85,12.0,RIGHT,23.861,1.125,40.64,0.295,2.0,inf
12060,BRA_A,BRA,RIGHT,12062,head,,1.847,shoulder,2.065,93.16,11.3,1.33,1219.5,84.8,24.275,10.4,RIGHT,22.757,1.067,18.53,0.161,0.0,inf
12060,BRA_B,BRA,RIGHT,12062,head,,2.996,chest,3.245,115.759,12.31,4.96,1219.5,84.8,24.275,10.4,RIGHT,28.277,0.858,30.02,0.382,0.0,inf
12060,ISR_A,ISR,LEFT,12062,head,,6.368,chest,6.592,114.347,4.61,5.46,1219.5,84.8,24.275,10.4,RIGHT,27.932,0.869,63.74,0.351,2.0,inf
12060,ISR_B,ISR,LEFT,12062,head,,5.425,shoulder,5.495,94.316,5.85,2.05,1219.5,84.8,24.275,10.4,RIGHT,23.039,1.054,54.31,0.131,2.0,inf
12069,BRA_A,BRA,RIGHT,12070,hand,right,-0.131,chest,-0.099,93.583,11.07,1.47,1206.8,321.0,25.55,51.1,RIGHT,22.86,1.118,0.03,0.278,0.0,0.308
12069,BRA_B,BRA,RIGHT,12069,head,,1.593,chest,1.817,116.618,12.16,5.12,1206.8,321.0,25.55,51.1,RIGHT,28.487,0.897,15.93,0.272,0.0,inf
12069,ISR_A,ISR,LEFT,12069,head,,5.748,chest,5.975,116.302,4.6,5.72,1206.8,321.0,25.55,51.1,RIGHT,28.41,0.899,57.48,0.265,2.0,inf
12069,ISR_B,ISR,LEFT,12069,thigh,left,5.26,knee,5.28,94.217,5.57,2.07,1206.8,321.0,25.55,51.1,RIGHT,23.015,1.11,52.6,0.261,2.0,inf
12095,BRA_A,BRA,RIGHT,12093,thigh,right,0.245,arm,0.245,86.236,11.48,-0.19,1129.5,348.8,24.8,34.8,RIGHT,21.065,1.177,2.51,0.408,0.0,2.918
12095,BRA_B,BRA,RIGHT,12095,head,,0.132,chest,0.346,104.766,10.37,3.38,1129.5,348.8,24.8,34.8,RIGHT,25.592,0.969,1.32,0.079,0.0,1.399
12095,ISR_A,ISR,LEFT,12097,head,,4.904,chest,5.133,118.982,4.25,6.15,1129.5,348.8,24.8,34.8,RIGHT,29.064,0.853,49.1,0.397,2.0,inf
12095,ISR_B,ISR,LEFT,12097,arm,left,4.939,shoulder,4.954,94.445,4.06,2.25,1129.5,348.8,24.8,34.8,RIGHT,23.071,1.075,49.45,0.181,2.0,inf
12115,BRA_A,BRA,RIGHT,12113,foot,right,7.566,shin,7.583,87.324,11.77,0.04,472.5,316.5,24.2,48.7,LEFT,21.331,1.134,75.72,0.315,2.0,inf
12115,BRA_B,BRA,RIGHT,12113,hand,left,5.815,thigh,5.887,109.873,10.48,4.31,472.5,316.5,24.2,48.7,LEFT,26.839,0.902,58.21,0.259,2.0,inf
12115,ISR_A,ISR,LEFT,12115,head,,1.414,chest,1.661,114.687,3.57,5.66,472.5,316.5,24.2,48.7,LEFT,28.015,0.864,14.14,0.366,0.0,inf
12115,ISR_B,ISR,LEFT,12115,head,,-0.093,chest,0.139,95.515,3.61,2.5,472.5,316.5,24.2,48.7,LEFT,23.332,1.037,0.0,0.091,0.0,0.091
12146,BRA_A,BRA,RIGHT,12148,thigh,right,6.934,knee,6.954,103.685,13.19,3.13,652.9,492.8,28.15,63.9,LEFT,25.328,1.111,69.4,0.264,2.0,inf
12146,BRA_B,BRA,RIGHT,12146,head,,6.636,thigh,6.676,122.378,13.08,5.77,652.9,492.8,28.15,63.9,LEFT,29.894,0.942,66.36,0.15,2.0,inf
12146,ISR_A,ISR,LEFT,12146,head,,0.021,chest,0.072,116.127,5.83,5.59,652.9,492.8,28.15,63.9,LEFT,28.367,0.992,0.21,0.019,0.0,0.229
12146,ISR_B,ISR,LEFT,12144,thigh,right,-0.213,torso,-0.179,92.698,5.0,1.96,652.9,492.8,28.15,63.9,LEFT,22.644,1.243,0.06,0.544,0.0,0.604
12158,BRA_A,BRA,RIGHT,12156,shoulder,right,7.352,head,7.368,104.468,13.11,3.25,680.6,66.4,28.8,7.1,LEFT,25.519,1.129,73.58,0.302,2.0,inf
12158,BRA_B,BRA,RIGHT,12156,head,,7.293,shoulder,7.465,125.573,13.25,6.08,680.6,66.4,28.8,7.1,LEFT,30.675,0.939,72.99,0.158,2.0,inf
12158,ISR_A,ISR,LEFT,12156,head,,3.142,hand,3.196,122.884,5.78,6.43,680.6,66.4,28.8,7.1,LEFT,30.018,0.959,31.48,0.104,0.0,inf
12158,ISR_B,ISR,LEFT,12156,head,,2.408,chest,2.682,97.404,6.74,2.58,680.6,66.4,28.8,7.1,LEFT,23.793,1.21,24.14,0.477,0.0,inf
12188,BRA_A,BRA,RIGHT,12190,head,,4.851,chest,5.015,104.478,13.02,3.33,856.5,339.8,27.4,54.3,LEFT,25.521,1.074,48.57,0.178,2.0,inf
12188,BRA_B,BRA,RIGHT,12190,head,,5.523,chest,5.784,131.768,13.62,6.71,856.5,339.8,27.4,54.3,LEFT,32.188,0.851,55.29,0.403,2.0,inf
12188,ISR_A,ISR,LEFT,12188,head,,2.927,shoulder,3.178,134.751,5.14,7.76,856.5,339.8,27.4,54.3,LEFT,32.916,0.832,29.27,0.459,0.0,inf
12188,ISR_B,ISR,LEFT,12188,head,,-0.082,chest,-0.04,98.99,7.45,2.55,856.5,339.8,27.4,54.3,LEFT,24.181,1.133,0.0,0.312,0.0,0.312
12195,BRA_A,BRA,RIGHT,12197,head,,4.15,hand,4.249,103.485,13.13,3.29,982.5,229.5,24.4,8.3,NET,25.279,0.965,41.56,0.088,0.0,inf
12195,BRA_B,BRA,RIGHT,12197,head,,5.166,chest,5.389,134.296,13.63,6.97,982.5,229.5,24.4,8.3,NET,32.805,0.744,51.72,0.74,0.0,inf
12195,ISR_A,ISR,LEFT,12193,head,,3.961,shoulder,4.199,134.678,5.03,7.76,982.5,229.5,24.4,8.3,NET,32.899,0.742,39.67,0.747,0.0,inf
12195,ISR_B,ISR,LEFT,12193,head,,1.176,shoulder,1.381,103.336,7.78,3.53,982.5,229.5,24.4,8.3,NET,25.242,0.967,11.82,0.085,0.0,inf
12209,BRA_A,BRA,RIGHT,12211,hand,left,2.421,arm,2.462,99.998,13.65,2.46,1168.5,277.5,22.5,8.0,RIGHT,24.427,0.921,24.27,0.205,0.0,inf
12209,BRA_B,BRA,RIGHT,12211,head,,3.634,shoulder,3.766,129.446,13.8,6.47,1168.5,277.5,22.5,8.0,RIGHT,31.62,0.712,36.4,0.851,0.0,inf
12209,ISR_A,ISR,LEFT,12207,head,,5.422,shoulder,5.665,134.645,4.81,7.78,1168.5,277.5,22.5,8.0,RIGHT,32.89,0.684,54.28,0.949,2.0,inf
12209,ISR_B,ISR,LEFT,12209,hand,right,2.499,arm,2.595,114.583,7.98,5.22,1168.5,277.5,22.5,8.0,RIGHT,27.99,0.804,24.99,0.546,2.0,inf
12215,BRA_A,BRA,RIGHT,12215,hand,left,1.838,arm,1.92,99.487,13.67,2.35,1223.3,369.0,21.35,20.9,RIGHT,24.302,0.879,18.38,0.324,0.0,inf
12215,BRA_B,BRA,RIGHT,12215,head,,3.161,shoulder,3.253,128.355,13.77,6.34,1223.3,369.0,21.35,20.9,RIGHT,31.354,0.681,31.61,0.961,0.0,inf
12215,ISR_A,ISR,LEFT,12213,head,,5.682,shoulder,5.765,134.303,4.7,7.75,1223.3,369.0,21.35,20.9,RIGHT,32.807,0.651,56.88,1.074,2.0,inf
12215,ISR_B,ISR,LEFT,12213,hand,right,2.615,arm,2.68,114.536,7.89,5.2,1223.3,369.0,21.35,20.9,RIGHT,27.978,0.763,26.21,0.676,2.0,inf
12314,BRA_B,BRA,RIGHT,12312,thigh,right,1.802,torso,1.824,124.149,14.15,5.85,1800.0,346.5,23.9,7.8,RIGHT,30.326,0.788,18.08,0.595,0.0,inf
12314,ISR_A,ISR,LEFT,12316,head,,11.904,chest,12.165,110.811,3.12,5.08,1800.0,346.5,23.9,7.8,RIGHT,27.068,0.883,119.1,0.311,2.0,inf
12314,ISR_B,ISR,LEFT,12316,head,,12.723,shoulder,12.855,96.417,3.25,2.66,1800.0,346.5,23.9,7.8,RIGHT,23.552,1.015,127.29,0.037,2.0,inf
12348,BRA_A,BRA,RIGHT,12346,foot,right,12.363,thigh,12.441,101.294,16.99,2.4,429.0,349.1,22.85,55.6,LEFT,24.744,0.923,123.69,0.199,2.0,inf
12348,BRA_B,BRA,RIGHT,12346,head,,9.198,hand,9.224,122.493,14.12,5.65,429.0,349.1,22.85,55.6,LEFT,29.922,0.764,92.04,0.674,2.0,inf
12348,ISR_A,ISR,LEFT,12348,head,,0.976,shoulder,1.16,114.314,3.89,5.52,429.0,349.1,22.85,55.6,LEFT,27.924,0.818,9.76,0.501,0.0,inf
12348,ISR_B,ISR,LEFT,12348,arm,left,-0.101,shoulder,-0.019,93.671,2.84,1.96,429.0,349.1,22.85,55.6,LEFT,22.881,0.999,0.0,0.003,0.0,0.003
12359,BRA_A,BRA,RIGHT,12361,thigh,right,10.773,knee,10.793,102.672,15.23,2.76,530.7,135.3,25.7,7.3,LEFT,25.08,1.025,107.79,0.061,2.0,inf
12359,BRA_B,BRA,RIGHT,12359,head,,9.16,chest,9.283,122.327,13.98,5.64,530.7,135.3,25.7,7.3,LEFT,29.881,0.86,91.6,0.377,2.0,inf
12359,ISR_A,ISR,LEFT,12357,head,,2.57,chest,2.796,112.908,4.88,5.2,530.7,135.3,25.7,7.3,LEFT,27.581,0.932,25.76,0.177,0.0,inf
12359,ISR_B,ISR,LEFT,12357,head,,2.064,hand,2.092,93.567,2.93,2.21,530.7,135.3,25.7,7.3,LEFT,22.856,1.124,20.7,0.293,0.0,inf
12364,BRA_A,BRA,RIGHT,12366,hand,right,9.641,head,9.641,103.24,14.76,2.85,589.5,86.4,29.1,9.3,LEFT,25.219,1.154,96.47,0.358,2.0,inf
12364,BRA_B,BRA,RIGHT,12366,head,,8.498,shoulder,8.665,122.015,13.91,5.56,589.5,86.4,29.1,9.3,LEFT,29.805,0.976,85.04,0.06,2.0,inf
12364,ISR_A,ISR,LEFT,12362,head,,2.878,shoulder,3.073,112.469,5.41,5.11,589.5,86.4,29.1,9.3,LEFT,27.473,1.059,28.84,0.144,0.0,inf
12364,ISR_B,ISR,LEFT,12362,head,,2.805,shoulder,3.011,93.351,3.12,2.1,589.5,86.4,29.1,9.3,LEFT,22.803,1.276,28.11,0.61,0.0,inf
12374,BRA_A,BRA,RIGHT,12376,head,,7.001,thigh,7.016,103.956,13.71,3.1,733.5,161.0,27.2,8.2,LEFT,25.394,1.071,70.07,0.172,2.0,inf
12374,BRA_B,BRA,RIGHT,12376,head,,6.763,hand,6.977,123.418,13.63,5.8,733.5,161.0,27.2,8.2,LEFT,30.148,0.902,67.69,0.257,2.0,inf
12374,ISR_A,ISR,LEFT,12376,head,,2.065,chest,2.234,105.966,7.57,3.94,733.5,161.0,27.2,8.2,LEFT,25.885,1.051,20.71,0.124,0.0,inf
12374,ISR_B,ISR,LEFT,12376,head,,2.86,shoulder,2.995,94.245,3.64,2.21,733.5,161.0,27.2,8.2,LEFT,23.022,1.181,28.66,0.417,0.0,inf
12385,BRA_A,BRA,RIGHT,12386,foot,right,4.656,thigh,4.704,103.69,13.14,3.09,900.0,477.8,27.0,53.9,LEFT,25.329,1.066,46.59,0.16,2.0,inf
12385,BRA_B,BRA,RIGHT,12385,head,,5.112,chest,5.298,123.418,13.62,5.8,900.0,477.8,27.0,53.9,LEFT,30.148,0.896,51.12,0.276,2.0,inf
12385,ISR_A,ISR,LEFT,12385,shoulder,left,0.034,head,0.048,105.854,7.83,3.91,900.0,477.8,27.0,53.9,LEFT,25.857,1.044,0.34,0.108,0.0,0.448
12385,ISR_B,ISR,LEFT,12387,foot,left,2.334,thigh,2.461,95.332,4.89,2.35,900.0,477.8,27.0,53.9,LEFT,23.287,1.159,23.4,0.37,0.0,inf
12486,BRA_A,BRA,RIGHT,12486,foot,right,7.221,hand,7.302,100.998,13.28,2.65,665.2,379.6,24.75,42.8,LEFT,24.671,1.003,72.21,0.008,2.0,inf
12486,BRA_B,BRA,RIGHT,12486,head,,7.336,chest,7.492,121.255,13.69,5.54,665.2,379.6,24.75,42.8,LEFT,29.62,0.836,73.36,0.449,2.0,inf
12486,ISR_A,ISR,LEFT,12486,chest,,0.073,shoulder,0.163,98.921,5.62,2.97,665.2,379.6,24.75,42.8,LEFT,24.164,1.024,0.73,0.06,0.0,0.79
12486,ISR_B,ISR,LEFT,12487,hand,left,1.006,arm,1.041,84.701,3.64,0.12,665.2,379.6,24.75,42.8,LEFT,20.69,1.196,10.09,0.448,0.0,inf
12500,BRA_A,BRA,RIGHT,12502,head,,5.159,shoulder,5.281,101.07,12.85,2.7,727.5,28.4,27.7,99.9,LEFT,24.689,1.122,51.65,0.288,2.0,inf
12500,BRA_B,BRA,RIGHT,12502,head,,6.039,chest,6.243,121.971,13.63,5.64,727.5,28.4,27.7,99.9,LEFT,29.795,0.93,60.45,0.182,2.0,inf
12500,ISR_A,ISR,LEFT,12498,head,,3.09,chest,3.34,98.644,5.62,2.89,727.5,28.4,27.7,99.9,LEFT,24.096,1.15,30.96,0.348,0.0,inf
12500,ISR_B,ISR,LEFT,12502,head,,2.604,shoulder,2.756,91.616,5.76,1.52,727.5,28.4,27.7,99.9,LEFT,22.379,1.238,26.1,0.533,0.0,inf
12507,BRA_A,BRA,RIGHT,12508,head,,3.089,chest,3.243,103.265,12.53,3.1,1051.5,239.8,21.75,115.2,RIGHT,25.225,0.862,30.92,0.371,0.0,inf
12507,BRA_B,BRA,RIGHT,12508,head,,4.465,chest,4.729,122.062,13.67,5.64,1051.5,239.8,21.75,115.2,RIGHT,29.817,0.729,44.68,0.789,0.0,inf
12507,ISR_A,ISR,LEFT,12505,head,,3.477,shoulder,3.606,99.98,5.4,3.16,1051.5,239.8,21.75,115.2,RIGHT,24.423,0.891,34.83,0.29,2.0,inf
12507,ISR_B,ISR,LEFT,12506,hand,left,2.605,arm,2.648,96.22,6.14,2.41,1051.5,239.8,21.75,115.2,RIGHT,23.504,0.925,26.08,0.194,2.0,inf
12512,BRA_A,BRA,RIGHT,12510,head,,2.94,chest,3.131,103.354,12.49,3.12,810.0,24.6,26.25,175.9,LEFT,25.247,1.04,29.46,0.097,2.0,inf
12512,BRA_B,BRA,RIGHT,12510,head,,4.422,chest,4.663,122.062,13.7,5.6,810.0,24.6,26.25,175.9,LEFT,29.817,0.88,44.28,0.319,2.0,inf
12512,ISR_A,ISR,LEFT,12514,head,,3.613,shoulder,3.764,102.029,5.04,3.59,810.0,24.6,26.25,175.9,LEFT,24.923,1.053,36.19,0.13,0.0,inf
12512,ISR_B,ISR,LEFT,12511,head,,2.576,shoulder,2.727,97.907,6.89,2.66,810.0,24.6,26.25,175.9,LEFT,23.916,1.098,25.79,0.233,0.0,inf
12523,BRA_A,BRA,RIGHT,12525,head,,4.047,shoulder,4.186,100.579,13.28,2.57,890.2,277.8,24.75,47.5,LEFT,24.569,1.007,40.53,0.018,2.0,inf
12523,BRA_B,BRA,RIGHT,12525,head,,5.013,chest,5.248,126.625,13.78,6.16,890.2,277.8,24.75,47.5,LEFT,30.931,0.8,50.19,0.557,2.0,inf
12523,ISR_A,ISR,LEFT,12523,shoulder,left,3.074,head,3.077,101.695,4.9,3.51,890.2,277.8,24.75,47.5,LEFT,24.842,0.996,30.74,0.009,0.0,inf
12523,ISR_B,ISR,LEFT,12523,head,,0.035,shoulder,0.278,96.356,7.39,2.37,890.2,277.8,24.75,47.5,LEFT,23.537,1.052,0.35,0.126,0.0,0.476
12536,BRA_A,BRA,RIGHT,12536,head,,-0.033,chest,0.13,100.604,13.68,2.59,1476.0,330.8,24.575,56.2,RIGHT,24.575,1.0,0.0,0.0,0.0,0.0
12536,BRA_B,BRA,RIGHT,12536,head,,1.791,chest,2.006,127.08,13.81,6.2,1476.0,330.8,24.575,56.2,RIGHT,31.043,0.792,17.91,0.584,0.0,inf
12536,ISR_A,ISR,LEFT,12534,thigh,left,7.879,knee,7.899,102.362,4.6,3.65,1476.0,330.8,24.575,56.2,RIGHT,25.004,0.983,78.85,0.043,2.0,inf
12536,ISR_B,ISR,LEFT,12534,head,,4.017,hand,4.054,110.476,8.36,4.59,1476.0,330.8,24.575,56.2,RIGHT,26.986,0.911,40.23,0.234,2.0,inf
12579,BRA_A,BRA,RIGHT,12578,shoulder,left,-0.163,chest,-0.145,87.428,14.35,-1.54,1450.5,350.6,22.5,71.1,RIGHT,21.356,1.054,0.03,0.13,0.0,0.16
12579,BRA_B,BRA,RIGHT,12579,shoulder,right,-0.138,arm,-0.094,93.888,13.78,1.28,1450.5,350.6,22.5,71.1,RIGHT,22.934,0.981,0.0,0.048,0.0,0.048
12579,ISR_A,ISR,LEFT,12580,head,,8.717,shoulder,8.904,112.497,3.75,5.28,1450.5,350.6,22.5,71.1,RIGHT,27.48,0.819,87.2,0.5,2.0,inf
12579,ISR_B,ISR,LEFT,12579,arm,right,5.603,shoulder,5.623,112.244,6.97,4.96,1450.5,350.6,22.5,71.1,RIGHT,27.418,0.821,56.03,0.494,2.0,inf
12601,BRA_A,BRA,RIGHT,12603,hand,right,1.618,arm,1.697,93.992,11.14,1.55,1264.5,95.8,25.05,7.6,RIGHT,22.96,1.091,16.24,0.218,0.0,inf
12601,BRA_B,BRA,RIGHT,12601,head,,2.585,chest,2.771,91.265,13.81,0.8,1264.5,95.8,25.05,7.6,RIGHT,22.294,1.124,25.85,0.291,0.0,inf
12601,ISR_A,ISR,LEFT,12603,head,,7.523,chest,7.763,115.374,3.61,5.69,1264.5,95.8,25.05,7.6,RIGHT,28.183,0.889,75.29,0.295,2.0,inf
12601,ISR_B,ISR,LEFT,12603,hand,right,6.307,arm,6.395,100.413,5.1,3.27,1264.5,95.8,25.05,7.6,RIGHT,24.528,1.021,63.13,0.053,2.0,inf
12610,BRA_A,BRA,RIGHT,12610,head,,-0.089,chest,0.154,90.362,10.91,0.67,1170.0,243.2,25.85,37.9,RIGHT,22.073,1.171,0.0,0.395,0.0,0.395
12610,BRA_B,BRA,RIGHT,12609,hand,right,2.686,arm,2.759,91.537,14.08,0.77,1170.0,243.2,25.85,37.9,RIGHT,22.36,1.156,26.89,0.363,0.0,inf
12610,ISR_A,ISR,LEFT,12612,head,,6.157,chest,6.409,116.201,3.59,5.83,1170.0,243.2,25.85,37.9,RIGHT,28.385,0.911,61.63,0.234,2.0,inf
12610,ISR_B,ISR,LEFT,12612,hand,right,5.73,head,5.765,96.732,4.13,2.67,1170.0,243.2,25.85,37.9,RIGHT,23.629,1.094,57.36,0.225,2.0,inf
12621,BRA_A,BRA,RIGHT,12619,head,,2.559,shoulder,2.706,97.51,10.13,2.3,777.8,228.8,27.95,9.5,LEFT,23.819,1.173,25.65,0.4,2.0,inf
12621,BRA_B,BRA,RIGHT,12619,hand,right,6.328,arm,6.347,92.093,14.27,0.87,777.8,228.8,27.95,9.5,LEFT,22.496,1.242,63.34,0.543,2.0,inf
12621,ISR_A,ISR,LEFT,12623,hand,left,3.093,arm,3.161,116.878,3.73,5.88,777.8,228.8,27.95,9.5,LEFT,28.55,0.979,30.99,0.053,0.0,inf
12621,ISR_B,ISR,LEFT,12623,head,,1.487,shoulder,1.615,96.626,4.31,2.65,777.8,228.8,27.95,9.5,LEFT,23.603,1.184,14.93,0.423,0.0,inf
12632,BRA_A,BRA,RIGHT,12630,shoulder,right,6.694,hand,6.708,99.526,10.1,2.67,328.8,495.8,28.15,82.8,LEFT,24.312,1.158,67.0,0.366,2.0,inf
12632,BRA_B,BRA,RIGHT,12630,hand,right,10.927,arm,10.991,93.899,14.15,1.25,328.8,495.8,28.15,82.8,LEFT,22.937,1.227,109.33,0.512,2.0,inf
12632,ISR_A,ISR,LEFT,12632,head,,-0.051,shoulder,-0.036,119.331,3.45,6.21,328.8,495.8,28.15,82.8,LEFT,29.15,0.966,0.0,0.087,0.0,0.087
12632,ISR_B,ISR,LEFT,12630,arm,right,1.363,hand,1.378,99.94,4.87,3.27,328.8,495.8,28.15,82.8,LEFT,24.413,1.153,13.69,0.356,0.0,inf
12639,BRA_A,BRA,RIGHT,12639,foot,right,7.573,thigh,7.689,101.577,10.22,3.02,335.5,256.6,28.9,8.9,LEFT,24.813,1.165,75.73,0.381,2.0,inf
12639,BRA_B,BRA,RIGHT,12638,hand,right,11.469,arm,11.522,96.077,14.01,1.64,335.5,256.6,28.9,8.9,LEFT,23.469,1.231,114.72,0.52,2.0,inf
12639,ISR_A,ISR,LEFT,12637,head,,1.787,shoulder,1.861,125.413,3.77,6.9,335.5,256.6,28.9,8.9,LEFT,30.635,0.943,17.93,0.146,0.0,inf
12639,ISR_B,ISR,LEFT,12637,shoulder,right,2.63,head,2.632,100.349,5.2,3.25,335.5,256.6,28.9,8.9,LEFT,24.513,1.179,26.36,0.412,0.0,inf
12669,BRA_A,BRA,RIGHT,12669,foot,left,6.511,shin,6.674,106.695,12.31,3.69,590.2,495.0,27.0,67.7,LEFT,26.063,1.036,65.11,0.088,2.0,inf
12669,BRA_B,BRA,RIGHT,12669,foot,right,8.089,hand,8.108,112.84,13.82,4.42,590.2,495.0,27.0,67.7,LEFT,27.564,0.98,80.89,0.052,2.0,inf
12669,ISR_A,ISR,LEFT,12669,head,,1.188,chest,1.453,140.176,4.83,8.29,590.2,495.0,27.0,67.7,LEFT,34.241,0.789,11.88,0.594,0.0,inf
12669,ISR_B,ISR,LEFT,12669,head,,-0.131,chest,-0.115,119.994,5.37,6.12,590.2,495.0,27.0,67.7,LEFT,29.312,0.921,0.0,0.205,0.0,0.205
12675,BRA_A,BRA,RIGHT,12673,hand,right,6.802,head,6.82,106.788,12.44,3.68,616.5,285.0,27.95,10.2,LEFT,26.086,1.071,68.08,0.173,2.0,inf
12675,BRA_B,BRA,RIGHT,12676,shoulder,right,7.736,hand,7.743,119.879,13.49,5.39,616.5,285.0,27.95,10.2,LEFT,29.283,0.954,77.39,0.117,2.0,inf
12675,ISR_A,ISR,LEFT,12673,head,,1.992,chest,2.254,140.321,5.32,8.27,616.5,285.0,27.95,10.2,LEFT,34.277,0.815,19.98,0.51,0.0,inf
12675,ISR_B,ISR,LEFT,12673,hand,right,0.607,arm,0.704,118.287,5.34,5.91,616.5,285.0,27.95,10.2,LEFT,28.895,0.967,6.13,0.083,0.0,inf
12705,BRA_A,BRA,RIGHT,12707,thigh,right,5.089,knee,5.109,100.612,13.77,2.54,846.0,417.8,28.1,75.0,LEFT,24.577,1.143,50.95,0.335,2.0,inf
12705,BRA_B,BRA,RIGHT,12707,head,,4.956,chest,5.171,131.632,13.24,6.73,846.0,417.8,28.1,75.0,LEFT,32.154,0.874,49.62,0.337,2.0,inf
12705,ISR_A,ISR,LEFT,12705,head,,-0.079,chest,0.18,107.226,7.7,3.84,846.0,417.8,28.1,75.0,LEFT,26.193,1.073,0.0,0.176,0.0,0.176
12705,ISR_B,ISR,LEFT,12705,hand,left,1.761,arm,1.813,108.347,5.25,4.56,846.0,417.8,28.1,75.0,LEFT,26.467,1.062,17.61,0.15,0.0,inf
12712,BRA_A,BRA,RIGHT,12714,shoulder,right,3.832,arm,3.851,99.706,13.92,2.43,1101.8,205.5,28.1,9.4,RIGHT,24.356,1.154,38.38,0.358,0.0,inf
12712,BRA_B,BRA,RIGHT,12714,head,,4.278,chest,4.518,133.45,13.24,6.82,1101.8,205.5,28.1,9.4,RIGHT,32.598,0.862,42.84,0.371,0.0,inf
12712,ISR_A,ISR,LEFT,12710,head,,2.104,chest,2.231,107.808,7.86,4.35,1101.8,205.5,28.1,9.4,RIGHT,26.335,1.067,21.1,0.162,2.0,inf
12712,ISR_B,ISR,LEFT,12710,shoulder,left,4.035,arm,4.109,108.347,5.13,4.62,1101.8,205.5,28.1,9.4,RIGHT,26.467,1.062,40.41,0.15,2.0,inf
12719,BRA_A,BRA,RIGHT,12721,head,,3.198,shoulder,3.34,100.99,14.64,2.53,1367.2,91.4,27.75,10.6,RIGHT,24.669,1.125,32.04,0.294,0.0,inf
12719,BRA_B,BRA,RIGHT,12721,head,,3.763,shoulder,3.946,132.076,13.52,6.75,1367.2,91.4,27.75,10.6,RIGHT,32.263,0.86,37.69,0.377,0.0,inf
12719,ISR_A,ISR,LEFT,12717,head,,4.858,hand,4.868,107.712,7.84,4.22,1367.2,91.4,27.75,10.6,RIGHT,26.311,1.055,48.64,0.133,2.0,inf
12719,ISR_B,ISR,LEFT,12717,head,,7.195,shoulder,7.292,105.375,4.94,4.1,1367.2,91.4,27.75,10.6,RIGHT,25.741,1.078,72.01,0.188,2.0,inf
12804,BRA_A,BRA,RIGHT,12806,hand,right,8.929,arm,8.987,103.067,14.47,3.01,633.4,95.8,27.15,10.8,LEFT,25.177,1.078,89.35,0.189,2.0,inf
12804,BRA_B,BRA,RIGHT,12806,head,,7.799,hand,7.933,121.559,13.42,5.6,633.4,95.8,27.15,10.8,LEFT,29.694,0.914,78.05,0.224,2.0,inf
12804,ISR_A,ISR,LEFT,12806,head,,2.785,chest,2.966,103.307,6.3,2.92,633.4,95.8,27.15,10.8,LEFT,25.235,1.076,27.91,0.183,0.0,inf
12804,ISR_B,ISR,LEFT,12806,head,,2.493,shoulder,2.682,93.902,3.89,2.18,633.4,95.8,27.15,10.8,LEFT,22.938,1.184,24.99,0.421,0.0,inf
12818,BRA_A,BRA,RIGHT,12819,foot,right,5.702,thigh,5.829,103.832,13.31,3.13,810.0,430.9,25.5,63.9,LEFT,25.364,1.005,57.05,0.013,2.0,inf
12818,BRA_B,BRA,RIGHT,12818,head,,5.927,hand,6.044,121.33,13.47,5.56,810.0,430.9,25.5,63.9,LEFT,29.638,0.86,59.27,0.376,2.0,inf
12818,ISR_A,ISR,LEFT,12818,chest,,-0.058,torso,0.045,103.758,7.01,3.66,810.0,430.9,25.5,63.9,LEFT,25.346,1.006,0.0,0.015,0.0,0.015
12818,ISR_B,ISR,LEFT,12819,hand,left,0.926,arm,0.98,93.385,5.5,1.67,810.0,430.9,25.5,63.9,LEFT,22.812,1.118,9.29,0.279,0.0,inf
12823,BRA_A,BRA,RIGHT,12821,foot,right,5.589,shin,5.857,103.748,13.1,3.13,814.5,286.8,26.3,7.4,LEFT,25.343,1.038,55.95,0.093,2.0,inf
12823,BRA_B,BRA,RIGHT,12823,head,,6.056,chest,6.215,121.33,13.45,5.56,814.5,286.8,26.3,7.4,LEFT,29.638,0.887,60.56,0.299,2.0,inf
12823,ISR_A,ISR,LEFT,12821,head,,0.598,chest,0.65,103.832,7.1,3.66,814.5,286.8,26.3,7.4,LEFT,25.363,1.037,6.04,0.091,0.0,inf
12823,ISR_B,ISR,LEFT,12823,head,,0.783,shoulder,0.856,93.267,6.1,1.9,814.5,286.8,26.3,7.4,LEFT,22.783,1.154,7.83,0.359,0.0,inf
12847,BRA_A,BRA,RIGHT,12849,head,,3.911,shoulder,4.062,99.749,12.87,2.44,881.2,256.8,24.95,38.2,LEFT,24.366,1.024,39.17,0.059,2.0,inf
12847,BRA_B,BRA,RIGHT,12849,head,,5.051,chest,5.288,122.264,13.58,5.67,881.2,256.8,24.95,38.2,LEFT,29.866,0.835,50.57,0.45,2.0,inf
12847,ISR_A,ISR,LEFT,12847,head,,1.401,chest,1.647,112.281,7.5,4.93,881.2,256.8,24.95,38.2,LEFT,27.428,0.91,14.01,0.237,0.0,inf
12847,ISR_B,ISR,LEFT,12847,head,,0.022,shoulder,0.26,90.014,7.52,0.69,881.2,256.8,24.95,38.2,LEFT,21.988,1.135,0.22,0.316,0.0,0.536
12861,BRA_A,BRA,RIGHT,12861,head,,-0.031,chest,0.175,94.575,13.63,1.43,1474.5,265.2,25.95,31.3,RIGHT,23.102,1.123,0.0,0.291,0.0,0.291
12861,BRA_B,BRA,RIGHT,12861,head,,2.057,shoulder,2.249,117.797,14.4,5.05,1474.5,265.2,25.95,31.3,RIGHT,28.775,0.902,20.57,0.258,0.0,inf
12861,ISR_A,ISR,LEFT,12859,head,,5.237,shoulder,5.372,112.065,7.25,4.91,1474.5,265.2,25.95,31.3,RIGHT,27.375,0.948,52.43,0.134,2.0,inf
12861,ISR_B,ISR,LEFT,12859,head,,5.271,shoulder,5.348,98.639,7.5,2.74,1474.5,265.2,25.95,31.3,RIGHT,24.095,1.077,52.77,0.185,2.0,inf
12897,BRA_A,BRA,RIGHT,12899,foot,left,1.239,shin,1.299,92.689,13.51,1.06,1581.0,613.5,28.35,67.2,RIGHT,22.642,1.252,12.45,0.562,0.0,inf
12897,BRA_B,BRA,RIGHT,12898,hand,right,-0.061,arm,0.002,128.481,13.79,6.36,1581.0,613.5,28.35,67.2,RIGHT,31.385,0.903,0.03,0.254,0.0,0.284
12897,ISR_A,ISR,LEFT,12898,foot,left,8.375,shin,8.546,113.943,4.78,5.39,1581.0,613.5,28.35,67.2,RIGHT,27.833,1.019,83.78,0.046,2.0,inf
12897,ISR_B,ISR,LEFT,12899,foot,right,9.158,hand,9.187,89.287,5.74,1.02,1581.0,613.5,28.35,67.2,RIGHT,21.811,1.3,91.64,0.656,2.0,inf
12904,BRA_A,BRA,RIGHT,12903,shoulder,left,1.125,head,1.175,93.015,13.13,1.16,1516.5,278.6,28.35,11.5,RIGHT,22.721,1.248,11.28,0.553,0.0,inf
12904,BRA_B,BRA,RIGHT,12902,hand,right,1.293,arm,1.326,128.582,13.88,6.29,1516.5,278.6,28.35,11.5,RIGHT,31.41,0.903,12.99,0.256,0.0,inf
12904,ISR_A,ISR,LEFT,12904,head,,8.68,chest,8.89,114.121,4.45,5.45,1516.5,278.6,28.35,11.5,RIGHT,27.877,1.017,86.8,0.042,2.0,inf
12904,ISR_B,ISR,LEFT,12906,shoulder,left,8.5,arm,8.525,89.406,5.64,1.07,1516.5,278.6,28.35,11.5,RIGHT,21.84,1.298,85.06,0.652,2.0,inf
12931,BRA_A,BRA,RIGHT,12932,hand,left,1.502,arm,1.611,93.336,10.58,0.9,1165.5,88.0,26.875,11.1,RIGHT,22.8,1.179,15.05,0.411,0.0,inf
12931,BRA_B,BRA,RIGHT,12931,head,,5.462,chest,5.7,133.091,14.38,6.78,1165.5,88.0,26.875,11.1,RIGHT,32.511,0.827,54.62,0.476,0.0,inf
12931,ISR_A,ISR,LEFT,12933,head,,6.896,chest,7.16,116.565,3.43,5.86,1165.5,88.0,26.875,11.1,RIGHT,28.474,0.944,69.02,0.144,2.0,inf
12931,ISR_B,ISR,LEFT,12933,shoulder,left,6.303,arm,6.316,88.873,4.38,0.93,1165.5,88.0,26.875,11.1,RIGHT,21.71,1.238,63.09,0.534,2.0,inf
12937,BRA_A,BRA,RIGHT,12937,head,,0.073,chest,0.306,95.408,10.02,1.91,1104.0,243.6,26.65,36.7,RIGHT,23.306,1.143,0.73,0.335,0.0,1.065
12937,BRA_B,BRA,RIGHT,12937,head,,5.261,chest,5.474,132.683,14.6,6.71,1104.0,243.6,26.65,36.7,RIGHT,32.411,0.822,52.61,0.489,0.0,inf
12937,ISR_A,ISR,LEFT,12939,head,,5.701,chest,5.951,112.894,3.17,5.36,1104.0,243.6,26.65,36.7,RIGHT,27.577,0.966,57.07,0.086,2.0,inf
12937,ISR_B,ISR,LEFT,12939,shoulder,left,4.749,head,4.824,92.568,3.95,1.88,1104.0,243.6,26.65,36.7,RIGHT,22.612,1.179,47.55,0.411,2.0,inf
12950,BRA_A,BRA,RIGHT,12948,head,,3.642,shoulder,3.762,104.492,9.47,3.57,569.2,386.2,23.6,45.3,LEFT,25.525,0.925,36.48,0.196,2.0,inf
12950,BRA_B,BRA,RIGHT,12948,head,,8.351,foot,8.43,132.799,14.65,6.72,569.2,386.2,23.6,45.3,LEFT,32.44,0.728,83.57,0.795,2.0,inf
12950,ISR_A,ISR,LEFT,12950,head,,1.758,shoulder,1.96,113.111,3.17,5.42,569.2,386.2,23.6,45.3,LEFT,27.63,0.854,17.58,0.394,0.0,inf
12950,ISR_B,ISR,LEFT,12950,thigh,right,0.024,knee,0.054,92.392,3.88,1.85,569.2,386.2,23.6,45.3,LEFT,22.569,1.046,0.24,0.112,0.0,0.352
12989,BRA_A,BRA,RIGHT,12990,hand,right,6.656,arm,6.755,103.049,11.99,3.1,584.3,387.8,24.0,40.1,LEFT,25.172,0.953,66.59,0.119,2.0,inf
12989,BRA_B,BRA,RIGHT,12988,foot,left,7.879,thigh,8.046,124.605,13.6,5.94,584.3,387.8,24.0,40.1,LEFT,30.438,0.788,78.82,0.594,2.0,inf
12989,ISR_A,ISR,LEFT,12989,chest,,0.056,shoulder,0.091,100.013,4.77,3.29,584.3,387.8,24.0,40.1,LEFT,24.431,0.982,0.56,0.044,0.0,0.604
12989,ISR_B,ISR,LEFT,12990,arm,right,0.195,thigh,0.319,87.225,4.94,0.5,584.3,387.8,24.0,40.1,LEFT,21.307,1.126,1.98,0.298,0.0,2.278
13023,BRA_A,BRA,RIGHT,13025,head,,4.712,hand,4.809,102.337,13.23,2.88,885.8,271.6,26.15,36.1,LEFT,24.998,1.046,47.18,0.113,2.0,inf
13023,BRA_B,BRA,RIGHT,13025,head,,5.428,chest,5.657,127.267,13.68,6.23,885.8,271.6,26.15,36.1,LEFT,31.088,0.841,54.34,0.432,2.0,inf
13023,ISR_A,ISR,LEFT,13023,head,,3.001,shoulder,3.005,103.735,4.81,3.86,885.8,271.6,26.15,36.1,LEFT,25.34,1.032,30.01,0.079,0.0,inf
13023,ISR_B,ISR,LEFT,13023,head,,-0.216,chest,-0.07,84.787,7.8,-0.31,885.8,271.6,26.15,36.1,LEFT,20.711,1.263,0.0,0.583,0.0,0.583
13039,BRA_A,BRA,RIGHT,13041,head,,1.889,chest,2.043,96.513,13.57,1.64,1161.0,287.2,23.25,8.7,RIGHT,23.576,0.986,18.95,0.035,0.0,inf
13039,BRA_B,BRA,RIGHT,13041,head,,3.04,chest,3.272,128.201,13.28,6.35,1161.0,287.2,23.25,8.7,RIGHT,31.316,0.742,30.46,0.745,0.0,inf
13039,ISR_A,ISR,LEFT,13037,hand,left,5.288,arm,5.328,106.566,4.73,4.32,1161.0,287.2,23.25,8.7,RIGHT,26.031,0.893,52.94,0.282,2.0,inf
13039,ISR_B,ISR,LEFT,13037,head,,1.759,shoulder,1.936,101.332,8.59,3.12,1161.0,287.2,23.25,8.7,RIGHT,24.753,0.939,17.65,0.157,2.0,inf
13046,BRA_A,BRA,RIGHT,13048,thigh,left,0.848,knee,0.868,88.146,13.54,0.02,1252.5,411.8,22.45,27.4,RIGHT,21.532,1.043,8.54,0.104,0.0,inf
13046,BRA_B,BRA,RIGHT,13048,head,,2.058,shoulder,2.247,126.688,13.18,6.21,1252.5,411.8,22.45,27.4,RIGHT,30.947,0.725,20.64,0.802,0.0,inf
13046,ISR_A,ISR,LEFT,13044,foot,left,6.283,shin,6.316,107.409,4.51,4.47,1252.5,411.8,22.45,27.4,RIGHT,26.237,0.856,62.89,0.39,2.0,inf
13046,ISR_B,ISR,LEFT,13044,hand,right,2.636,thigh,2.669,101.192,8.26,3.01,1252.5,411.8,22.45,27.4,RIGHT,24.719,0.908,26.42,0.241,2.0,inf
13055,BRA_A,BRA,RIGHT,13056,foot,right,-0.14,shin,-0.068,88.409,12.89,0.08,1312.5,363.4,22.55,24.8,RIGHT,21.596,1.044,0.03,0.108,0.0,0.138
13055,BRA_B,BRA,RIGHT,13055,head,,1.698,shoulder,1.878,122.75,12.86,5.79,1312.5,363.4,22.55,24.8,RIGHT,29.985,0.752,16.98,0.712,0.0,inf
13055,ISR_A,ISR,LEFT,13057,hand,left,7.12,arm,7.158,110.449,3.73,4.96,1312.5,363.4,22.55,24.8,RIGHT,26.98,0.836,71.26,0.448,2.0,inf
13055,ISR_B,ISR,LEFT,13057,shoulder,right,3.502,arm,3.525,104.486,7.61,3.75,1312.5,363.4,22.55,24.8,RIGHT,25.523,0.884,35.08,0.31,2.0,inf
13060,BRA_A,BRA,RIGHT,13058,thigh,right,0.0,shin,0.0,88.42,12.9,0.25,1233.0,375.0,23.4,23.1,RIGHT,21.599,1.083,0.06,0.2,0.0,0.26
13060,BRA_B,BRA,RIGHT,13058,head,,1.718,shoulder,1.88,122.27,12.81,5.7,1233.0,375.0,23.4,23.1,RIGHT,29.867,0.783,17.24,0.61,0.0,inf
13060,ISR_A,ISR,LEFT,13062,arm,left,6.853,hand,6.871,111.347,3.53,5.14,1233.0,375.0,23.4,23.1,RIGHT,27.199,0.86,68.59,0.376,2.0,inf
13060,ISR_B,ISR,LEFT,13060,shoulder,right,3.227,arm,3.3,104.533,7.46,3.77,1233.0,375.0,23.4,23.1,RIGHT,25.535,0.916,32.27,0.218,2.0,inf
13078,BRA_A,BRA,RIGHT,13077,head,,2.16,chest,2.402,99.241,11.7,2.48,1260.0,120.4,27.4,8.0,RIGHT,24.242,1.13,21.63,0.306,0.0,inf
13078,BRA_B,BRA,RIGHT,13076,head,,2.933,shoulder,3.089,113.424,13.15,4.58,1260.0,120.4,27.4,8.0,RIGHT,27.707,0.989,29.39,0.028,0.0,inf
13078,ISR_A,ISR,LEFT,13078,head,,7.714,chest,7.951,116.103,3.65,5.78,1260.0,120.4,27.4,8.0,RIGHT,28.361,0.966,77.14,0.086,2.0,inf
13078,ISR_B,ISR,LEFT,13079,hand,left,10.258,arm,10.282,92.95,1.58,2.14,1260.0,120.4,27.4,8.0,RIGHT,22.705,1.207,102.61,0.47,2.0,inf
13092,BRA_A,BRA,RIGHT,13094,head,,2.264,shoulder,2.437,96.235,12.1,1.87,1215.0,66.0,29.45,8.0,RIGHT,23.508,1.253,22.7,0.563,0.0,inf
13092,BRA_B,BRA,RIGHT,13092,hand,right,3.117,arm,3.186,117.936,10.94,5.37,1215.0,66.0,29.45,8.0,RIGHT,28.809,1.022,31.17,0.055,0.0,inf
13092,ISR_A,ISR,LEFT,13094,head,,7.18,shoulder,7.426,119.408,3.89,6.18,1215.0,66.0,29.45,8.0,RIGHT,29.168,1.01,71.86,0.024,2.0,inf
13092,ISR_B,ISR,LEFT,13094,shoulder,left,8.818,arm,8.88,92.062,2.57,1.79,1215.0,66.0,29.45,8.0,RIGHT,22.488,1.31,88.24,0.674,2.0,inf
13100,BRA_A,BRA,RIGHT,13102,shoulder,right,1.099,arm,1.15,96.34,12.06,1.94,1171.5,249.4,30.75,7.9,RIGHT,23.533,1.307,11.05,0.669,0.0,inf
13100,BRA_B,BRA,RIGHT,13102,hand,right,1.006,arm,1.037,118.377,10.54,5.26,1171.5,249.4,30.75,7.9,RIGHT,28.916,1.063,10.12,0.154,0.0,inf
13100,ISR_A,ISR,LEFT,13102,head,,6.172,chest,6.408,121.15,3.75,6.41,1171.5,249.4,30.75,7.9,RIGHT,29.594,1.039,61.78,0.096,2.0,inf
13100,ISR_B,ISR,LEFT,13102,thigh,left,7.117,shoulder,7.129,93.189,3.25,2.07,1171.5,249.4,30.75,7.9,RIGHT,22.764,1.351,71.23,0.752,2.0,inf
13106,BRA_A,BRA,RIGHT,13104,hand,right,1.071,arm,1.113,96.34,12.09,1.91,1137.0,477.4,30.75,45.0,RIGHT,23.533,1.307,10.77,0.669,0.0,inf
13106,BRA_B,BRA,RIGHT,13106,head,,-0.053,shoulder,0.133,122.38,10.08,5.99,1137.0,477.4,30.75,45.0,RIGHT,29.894,1.029,0.0,0.071,0.0,0.071
13106,ISR_A,ISR,LEFT,13108,head,,5.558,chest,5.744,123.277,3.6,6.66,1137.0,477.4,30.75,45.0,RIGHT,30.114,1.021,55.64,0.052,2.0,inf
13106,ISR_B,ISR,LEFT,13108,foot,left,5.389,shin,5.435,96.541,3.91,2.67,1137.0,477.4,30.75,45.0,RIGHT,23.583,1.304,53.95,0.663,2.0,inf
13114,BRA_A,BRA,RIGHT,13112,foot,right,2.405,hand,2.428,96.258,12.11,1.89,987.0,493.8,33.4,8.8,NET,23.513,1.42,24.11,0.877,0.0,inf
13114,BRA_B,BRA,RIGHT,13112,head,,0.933,chest,1.177,134.842,9.46,7.38,987.0,493.8,33.4,8.8,NET,32.939,1.014,9.39,0.035,0.0,inf
13114,ISR_A,ISR,LEFT,13115,hand,left,3.952,arm,4.063,125.83,3.98,6.95,987.0,493.8,33.4,8.8,NET,30.737,1.087,39.55,0.208,0.0,inf
13114,ISR_B,ISR,LEFT,13116,thigh,left,3.46,knee,3.48,97.263,4.33,2.84,987.0,493.8,33.4,8.8,NET,23.759,1.406,34.66,0.851,0.0,inf
13129,BRA_A,BRA,RIGHT,13131,foot,right,5.999,shin,6.136,97.6,12.37,2.12,713.2,923.2,33.75,92.0,LEFT,23.841,1.416,60.05,0.869,2.0,inf
13129,BRA_B,BRA,RIGHT,13131,foot,right,2.227,shin,2.317,139.306,10.03,7.75,713.2,923.2,33.75,92.0,LEFT,34.029,0.992,22.33,0.021,2.0,inf
13129,ISR_A,ISR,LEFT,13129,foot,right,-0.117,shin,0.052,138.447,5.45,8.63,713.2,923.2,33.75,92.0,LEFT,33.819,0.998,0.0,0.005,0.0,0.005
13129,ISR_B,ISR,LEFT,13131,foot,right,0.709,shin,0.829,144.364,5.76,8.82,713.2,923.2,33.75,92.0,LEFT,35.265,0.957,7.15,0.11,0.0,inf
13142,BRA_A,BRA,RIGHT,13141,foot,right,4.242,shin,4.269,102.696,12.35,2.98,918.7,754.5,40.125,35.9,LEFT,25.086,1.599,42.45,1.174,2.0,inf
13142,BRA_B,BRA,RIGHT,13141,foot,left,1.725,thigh,1.859,139.919,10.51,7.76,918.7,754.5,40.125,35.9,LEFT,34.179,1.174,17.28,0.401,2.0,inf
13142,ISR_A,ISR,LEFT,13143,foot,right,1.135,shin,1.286,108.362,6.92,4.4,918.7,754.5,40.125,35.9,LEFT,26.47,1.516,11.38,1.04,0.0,inf
13142,ISR_B,ISR,LEFT,13144,foot,right,1.123,thigh,1.241,152.245,6.53,9.14,918.7,754.5,40.125,35.9,LEFT,37.19,1.079,11.29,0.19,0.0,inf
13147,BRA_A,BRA,RIGHT,13145,foot,right,5.199,shin,5.235,103.812,12.42,3.2,796.5,818.2,40.5,7.4,LEFT,25.359,1.597,52.05,1.17,2.0,inf
13147,BRA_B,BRA,RIGHT,13145,foot,left,2.558,shin,2.705,140.131,10.61,7.76,796.5,818.2,40.5,7.4,LEFT,34.231,1.183,25.64,0.42,2.0,inf
13147,ISR_A,ISR,LEFT,13145,foot,right,1.343,shin,1.418,108.724,7.0,4.43,796.5,818.2,40.5,7.4,LEFT,26.559,1.525,13.49,1.055,0.0,inf
13147,ISR_B,ISR,LEFT,13148,foot,left,0.365,shin,0.474,152.21,6.48,9.14,796.5,818.2,40.5,7.4,LEFT,37.181,1.089,3.68,0.214,0.0,3.894
13192,BRA_A,BRA,LEFT,13190,head,,8.08,hand,8.137,118.31,3.34,6.09,1395.0,290.4,27.0,10.4,RIGHT,28.9,0.934,80.86,0.17,2.0,inf
13192,BRA_B,BRA,LEFT,13190,thigh,left,10.922,knee,10.942,95.418,0.84,2.73,1395.0,290.4,27.0,10.4,RIGHT,23.308,1.158,109.28,0.368,2.0,inf
13192,ISR_A,ISR,RIGHT,13194,head,,0.72,shoulder,0.75,109.965,14.25,4.03,1395.0,290.4,27.0,10.4,RIGHT,26.862,1.005,7.26,0.013,0.0,inf
13192,ISR_B,ISR,RIGHT,13194,head,,2.477,hand,2.568,135.733,14.45,7.03,1395.0,290.4,27.0,10.4,RIGHT,33.156,0.814,24.83,0.513,0.0,inf
13200,BRA_A,BRA,LEFT,13198,thigh,left,10.837,knee,10.857,118.301,3.45,6.08,1782.0,590.2,27.0,94.0,RIGHT,28.898,0.934,108.43,0.17,2.0,inf
13200,BRA_B,BRA,LEFT,13198,hand,left,14.03,thigh,14.061,96.677,1.63,2.79,1782.0,590.2,27.0,94.0,RIGHT,23.616,1.143,140.36,0.335,2.0,inf
13200,ISR_A,ISR,RIGHT,13198,hand,left,0.693,arm,0.737,108.587,13.9,3.83,1782.0,590.2,27.0,94.0,RIGHT,26.525,1.018,6.99,0.044,0.0,inf
13200,ISR_B,ISR,RIGHT,13200,hand,right,-0.07,shoulder,-0.065,136.704,14.59,7.12,1782.0,590.2,27.0,94.0,RIGHT,33.393,0.809,0.0,0.531,0.0,0.531
13215,BRA_A,BRA,LEFT,13217,head,,9.403,shoulder,9.534,118.238,3.99,6.02,1551.0,190.6,30.2,10.1,RIGHT,28.883,1.046,94.09,0.112,2.0,inf
13215,BRA_B,BRA,LEFT,13217,head,,10.622,hand,10.622,101.47,3.35,3.61,1551.0,190.6,30.2,10.1,RIGHT,24.787,1.218,106.28,0.494,2.0,inf
13215,ISR_A,ISR,RIGHT,13215,head,,2.406,shoulder,2.618,110.988,11.98,4.34,1551.0,190.6,30.2,10.1,RIGHT,27.112,1.114,24.06,0.27,0.0,inf
13215,ISR_B,ISR,RIGHT,13213,head,,2.929,shoulder,3.11,130.571,14.61,6.47,1551.0,190.6,30.2,10.1,RIGHT,31.895,0.947,29.35,0.137,0.0,inf
13235,BRA_A,BRA,LEFT,13236,head,,5.558,chest,5.746,120.138,4.5,6.22,1191.0,441.8,26.3,55.2,RIGHT,29.347,0.896,55.61,0.274,2.0,inf
13235,BRA_B,BRA,LEFT,13236,foot,left,5.797,thigh,5.855,104.368,4.4,4.0,1191.0,441.8,26.3,55.2,RIGHT,25.495,1.032,58.0,0.078,2.0,inf
13235,ISR_A,ISR,RIGHT,13235,head,,-0.228,chest,-0.058,112.142,10.43,4.64,1191.0,441.8,26.3,55.2,RIGHT,27.394,0.96,0.0,0.102,0.0,0.102
13235,ISR_B,ISR,RIGHT,13236,head,,2.371,hand,2.571,128.48,12.81,6.45,1191.0,441.8,26.3,55.2,RIGHT,31.384,0.838,23.74,0.442,0.0,inf
13241,BRA_A,BRA,LEFT,13239,head,,5.577,chest,5.783,120.174,4.55,6.21,1180.5,263.1,27.2,7.6,RIGHT,29.356,0.927,55.83,0.191,2.0,inf
13241,BRA_B,BRA,LEFT,13241,head,,5.946,shoulder,6.023,104.423,4.5,4.0,1180.5,263.1,27.2,7.6,RIGHT,25.508,1.066,59.46,0.161,2.0,inf
13241,ISR_A,ISR,RIGHT,13239,head,,0.538,chest,0.696,112.763,10.27,4.84,1180.5,263.1,27.2,7.6,RIGHT,27.545,0.987,5.44,0.032,0.0,inf
13241,ISR_B,ISR,RIGHT,13239,head,,2.454,chest,2.686,128.406,12.48,6.45,1180.5,263.1,27.2,7.6,RIGHT,31.366,0.867,24.6,0.356,0.0,inf
13269,BRA_A,BRA,LEFT,13271,head,,4.144,chest,4.393,126.346,4.82,6.91,1114.5,307.9,27.4,47.7,RIGHT,30.863,0.888,41.5,0.298,2.0,inf
13269,BRA_B,BRA,LEFT,13271,head,,4.925,shoulder,5.027,103.815,3.82,3.91,1114.5,307.9,27.4,47.7,RIGHT,25.359,1.08,49.31,0.193,2.0,inf
13269,ISR_A,ISR,RIGHT,13269,head,,1.222,shoulder,1.279,102.751,11.3,3.41,1114.5,307.9,27.4,47.7,RIGHT,25.1,1.092,12.22,0.219,0.0,inf
13269,ISR_B,ISR,RIGHT,13269,head,,0.04,chest,0.317,102.169,10.4,2.58,1114.5,307.9,27.4,47.7,RIGHT,24.957,1.098,0.4,0.233,0.0,0.633
13286,BRA_A,BRA,LEFT,13286,head,,0.687,chest,0.896,132.215,4.5,7.56,380.2,484.5,25.9,44.7,LEFT,32.297,0.802,6.87,0.552,0.0,inf
13286,BRA_B,BRA,LEFT,13286,shoulder,left,0.054,head,0.071,108.56,2.92,4.75,380.2,484.5,25.9,44.7,LEFT,26.518,0.977,0.54,0.059,0.0,0.599
13286,ISR_A,ISR,RIGHT,13284,foot,right,7.621,thigh,7.664,101.998,11.7,2.96,380.2,484.5,25.9,44.7,LEFT,24.916,1.04,76.27,0.097,2.0,inf
13286,ISR_B,ISR,RIGHT,13284,thigh,left,5.511,knee,5.531,105.855,9.51,3.76,380.2,484.5,25.9,44.7,LEFT,25.858,1.002,55.17,0.004,2.0,inf
13295,BRA_A,BRA,LEFT,13293,head,,2.108,chest,2.318,134.973,4.78,7.81,335.3,267.7,27.0,8.1,LEFT,32.971,0.819,21.14,0.499,0.0,inf
13295,BRA_B,BRA,LEFT,13293,head,,1.317,shoulder,1.462,109.815,2.51,5.01,335.3,267.7,27.0,8.1,LEFT,26.825,1.007,13.23,0.016,0.0,inf
13295,ISR_A,ISR,RIGHT,13293,thigh,right,9.184,knee,9.204,103.343,12.06,3.16,335.3,267.7,27.0,8.1,LEFT,25.244,1.07,91.9,0.168,2.0,inf
13295,ISR_B,ISR,RIGHT,13293,hand,right,6.662,arm,6.75,106.825,9.63,3.93,335.3,267.7,27.0,8.1,LEFT,26.095,1.035,66.68,0.085,2.0,inf
13322,BRA_A,BRA,LEFT,13322,head,,0.095,chest,0.116,121.01,4.07,6.36,425.6,544.5,28.1,62.0,LEFT,29.56,0.951,0.95,0.127,0.0,1.077
13322,BRA_B,BRA,LEFT,13321,arm,right,-0.091,hand,-0.06,104.386,3.71,3.86,425.6,544.5,28.1,62.0,LEFT,25.499,1.102,0.03,0.243,0.0,0.273
13322,ISR_A,ISR,RIGHT,13324,head,,9.609,thigh,9.648,105.897,13.74,3.42,425.6,544.5,28.1,62.0,LEFT,25.868,1.086,96.15,0.207,2.0,inf
13322,ISR_B,ISR,RIGHT,13322,foot,right,7.165,shin,7.175,112.185,11.41,4.56,425.6,544.5,28.1,62.0,LEFT,27.404,1.025,71.65,0.063,2.0,inf
13333,BRA_A,BRA,LEFT,13331,hand,left,2.109,arm,2.187,121.014,4.41,6.33,564.4,165.0,30.2,12.1,LEFT,29.561,1.022,21.15,0.053,0.0,inf
13333,BRA_B,BRA,LEFT,13331,head,,2.033,chest,2.245,106.549,5.55,4.26,564.4,165.0,30.2,12.1,LEFT,26.027,1.16,20.39,0.372,0.0,inf
13333,ISR_A,ISR,RIGHT,13334,head,,8.6,hand,8.66,106.381,13.76,3.5,564.4,165.0,30.2,12.1,LEFT,25.986,1.162,86.03,0.376,2.0,inf
13333,ISR_B,ISR,RIGHT,13334,head,,7.09,shoulder,7.219,119.316,12.12,5.44,564.4,165.0,30.2,12.1,LEFT,29.146,1.036,70.93,0.089,2.0,inf
13340,BRA_A,BRA,LEFT,13338,arm,left,3.774,head,3.85,122.575,4.59,6.5,657.0,50.0,30.1,8.3,LEFT,29.942,1.005,37.8,0.013,0.0,inf
13340,BRA_B,BRA,LEFT,13338,head,,3.328,chest,3.57,108.057,6.74,4.37,657.0,50.0,30.1,8.3,LEFT,26.396,1.14,33.34,0.328,0.0,inf
13340,ISR_A,ISR,RIGHT,13342,head,,7.92,shoulder,8.048,105.715,13.87,3.38,657.0,50.0,30.1,8.3,LEFT,25.824,1.166,79.26,0.383,2.0,inf
13340,ISR_B,ISR,RIGHT,13342,head,,6.887,shoulder,7.017,125.093,12.52,6.02,657.0,50.0,30.1,8.3,LEFT,30.557,0.985,68.93,0.038,2.0,inf
13352,BRA_A,BRA,LEFT,13352,head,,4.185,chest,4.417,122.575,4.59,6.5,849.0,127.5,27.2,8.6,LEFT,29.942,0.908,41.85,0.24,0.0,inf
13352,BRA_B,BRA,LEFT,13354,hand,right,1.547,head,1.563,106.127,8.12,3.95,849.0,127.5,27.2,8.6,LEFT,25.924,1.049,15.53,0.12,0.0,inf
13352,ISR_A,ISR,RIGHT,13354,head,,5.93,shoulder,6.068,103.41,13.97,3.02,849.0,127.5,27.2,8.6,LEFT,25.261,1.077,59.36,0.185,2.0,inf
13352,ISR_B,ISR,RIGHT,13354,head,,5.838,shoulder,5.99,131.305,13.24,6.71,849.0,127.5,27.2,8.6,LEFT,32.075,0.848,58.44,0.412,2.0,inf
13360,BRA_A,BRA,LEFT,13359,head,,4.049,chest,4.251,122.544,4.55,6.5,964.5,336.7,26.55,31.4,NET,29.935,0.887,40.52,0.3,0.0,inf
13360,BRA_B,BRA,LEFT,13360,head,,-0.073,chest,0.127,100.318,8.32,2.69,964.5,336.7,26.55,31.4,NET,24.505,1.083,0.0,0.2,0.0,0.2
13360,ISR_A,ISR,RIGHT,13362,head,,4.241,shoulder,4.331,104.968,13.65,3.28,964.5,336.7,26.55,31.4,NET,25.641,1.035,42.47,0.087,0.0,inf
13360,ISR_B,ISR,RIGHT,13362,head,,4.95,chest,5.151,132.274,13.87,6.86,964.5,336.7,26.55,31.4,NET,32.311,0.822,49.56,0.491,0.0,inf
13381,BRA_A,BRA,LEFT,13379,foot,right,6.632,shin,6.8,122.522,4.51,6.5,1395.0,746.6,30.0,72.7,RIGHT,29.929,1.002,66.38,0.006,2.0,inf
13381,BRA_B,BRA,LEFT,13379,foot,right,3.198,shin,3.322,104.078,8.82,3.56,1395.0,746.6,30.0,72.7,RIGHT,25.424,1.18,32.04,0.414,2.0,inf
13381,ISR_A,ISR,RIGHT,13383,foot,left,0.821,shin,0.883,102.039,12.85,2.85,1395.0,746.6,30.0,72.7,RIGHT,24.926,1.204,8.27,0.463,0.0,inf
13381,ISR_B,ISR,RIGHT,13381,foot,left,0.035,shin,0.046,137.461,12.08,7.35,1395.0,746.6,30.0,72.7,RIGHT,33.578,0.893,0.35,0.282,0.0,0.632
13397,BRA_A,BRA,LEFT,13397,head,,7.52,shoulder,7.662,122.544,4.55,6.5,1374.0,236.4,28.65,9.3,RIGHT,29.935,0.957,75.2,0.11,2.0,inf
13397,BRA_B,BRA,LEFT,13395,shoulder,left,4.405,arm,4.495,103.274,7.95,3.51,1374.0,236.4,28.65,9.3,RIGHT,25.227,1.136,44.11,0.318,2.0,inf
13397,ISR_A,ISR,RIGHT,13395,head,,1.048,chest,1.259,104.724,11.9,3.4,1374.0,236.4,28.65,9.3,RIGHT,25.582,1.12,10.54,0.283,0.0,inf
13397,ISR_B,ISR,RIGHT,13395,head,,2.771,shoulder,2.785,144.697,11.88,8.06,1374.0,236.4,28.65,9.3,RIGHT,35.346,0.811,27.77,0.525,0.0,inf
13413,BRA_A,BRA,LEFT,13413,hand,right,6.794,head,6.822,122.776,4.64,6.52,1324.5,319.0,24.75,12.6,RIGHT,29.991,0.825,67.94,0.48,2.0,inf
13413,BRA_B,BRA,LEFT,13412,chest,,4.616,torso,4.66,106.14,7.18,4.05,1324.5,319.0,24.75,12.6,RIGHT,25.927,0.955,46.19,0.116,2.0,inf
13413,ISR_A,ISR,RIGHT,13413,hand,right,-0.03,arm,0.081,105.136,11.92,3.48,1324.5,319.0,24.75,12.6,RIGHT,25.682,0.964,0.0,0.092,0.0,0.092
13413,ISR_B,ISR,RIGHT,13413,chest,,3.024,head,3.037,154.257,12.09,8.8,1324.5,319.0,24.75,12.6,RIGHT,37.681,0.657,30.24,1.051,0.0,inf
13435,BRA_A,BRA,LEFT,13433,hand,right,7.898,arm,7.927,120.059,4.32,6.22,1457.4,388.7,21.35,14.9,RIGHT,29.327,0.728,79.04,0.794,2.0,inf
13435,BRA_B,BRA,LEFT,13433,foot,left,6.595,shin,6.655,107.203,5.95,4.31,1457.4,388.7,21.35,14.9,RIGHT,26.187,0.815,66.01,0.511,2.0,inf
13435,ISR_A,ISR,RIGHT,13437,head,,-0.151,arm,-0.031,106.362,12.82,3.58,1457.4,388.7,21.35,14.9,RIGHT,25.982,0.822,0.06,0.491,0.0,0.551
13435,ISR_B,ISR,RIGHT,13435,shoulder,left,2.721,head,2.744,156.731,13.36,8.88,1457.4,388.7,21.35,14.9,RIGHT,38.285,0.558,27.21,1.46,0.0,inf
13448,BRA_A,BRA,LEFT,13450,head,,1.427,chest,1.676,124.562,3.84,6.78,461.2,305.1,27.4,17.9,LEFT,30.427,0.901,14.33,0.262,0.0,inf
13448,BRA_B,BRA,LEFT,13450,hand,right,0.897,head,0.917,115.686,4.6,5.64,461.2,305.1,27.4,17.9,LEFT,28.259,0.97,9.03,0.077,0.0,inf
13448,ISR_A,ISR,RIGHT,13450,foot,right,10.104,shin,10.177,105.653,14.79,3.29,461.2,305.1,27.4,17.9,LEFT,25.808,1.062,101.1,0.15,2.0,inf
13448,ISR_B,ISR,RIGHT,13450,foot,left,8.534,head,8.541,138.436,13.58,7.36,461.2,305.1,27.4,17.9,LEFT,33.817,0.81,85.4,0.526,2.0,inf
13453,BRA_A,BRA,LEFT,13453,head,,0.709,chest,0.917,125.808,4.04,6.92,518.2,486.8,27.0,63.7,LEFT,30.732,0.879,7.09,0.324,0.0,inf
13453,BRA_B,BRA,LEFT,13453,head,,-0.216,chest,-0.044,115.872,4.65,5.67,518.2,486.8,27.0,63.7,LEFT,28.305,0.954,0.0,0.118,0.0,0.118
13453,ISR_A,ISR,RIGHT,13454,foot,right,9.452,thigh,9.552,106.393,14.54,3.45,518.2,486.8,27.0,63.7,LEFT,25.989,1.039,94.55,0.095,2.0,inf
13453,ISR_B,ISR,RIGHT,13453,foot,left,7.899,head,8.013,139.614,13.49,7.48,518.2,486.8,27.0,63.7,LEFT,34.104,0.792,78.99,0.584,2.0,inf
13460,BRA_A,BRA,LEFT,13458,head,,1.572,chest,1.8,129.882,4.81,7.3,559.5,293.8,27.0,9.9,LEFT,31.727,0.851,15.78,0.403,0.0,inf
13460,BRA_B,BRA,LEFT,13458,hand,right,0.798,arm,0.85,114.575,4.61,5.37,559.5,293.8,27.0,9.9,LEFT,27.988,0.965,8.04,0.09,0.0,inf
13460,ISR_A,ISR,RIGHT,13462,head,,9.214,shoulder,9.247,106.927,14.44,3.52,559.5,293.8,27.0,9.9,LEFT,26.12,1.034,92.2,0.083,2.0,inf
13460,ISR_B,ISR,RIGHT,13460,head,,7.779,shoulder,7.94,139.825,13.43,7.5,559.5,293.8,27.0,9.9,LEFT,34.156,0.79,77.79,0.588,2.0,inf
13476,BRA_A,BRA,LEFT,13478,hand,left,2.169,arm,2.27,121.799,7.15,6.18,727.5,149.2,30.3,7.2,LEFT,29.753,1.018,21.75,0.046,0.0,inf
13476,BRA_B,BRA,LEFT,13476,head,,2.898,shoulder,3.12,112.442,4.7,5.19,727.5,149.2,30.3,7.2,LEFT,27.467,1.103,28.98,0.245,0.0,inf
13476,ISR_A,ISR,RIGHT,13478,head,,7.511,shoulder,7.609,106.188,14.38,3.41,727.5,149.2,30.3,7.2,LEFT,25.939,1.168,75.17,0.388,2.0,inf
13476,ISR_B,ISR,RIGHT,13478,head,,6.699,shoulder,6.906,138.999,13.37,7.43,727.5,149.2,30.3,7.2,LEFT,33.954,0.892,67.05,0.285,2.0,inf
13483,BRA_A,BRA,LEFT,13485,hand,left,0.476,arm,0.562,115.961,7.59,5.41,823.5,278.6,29.3,8.9,LEFT,28.326,1.034,4.82,0.084,0.0,inf
13483,BRA_B,BRA,LEFT,13484,head,,2.657,shoulder,2.76,111.458,4.6,5.06,823.5,278.6,29.3,8.9,LEFT,27.226,1.076,26.6,0.184,0.0,inf
13483,ISR_A,ISR,RIGHT,13485,hand,right,6.035,arm,6.063,107.336,14.13,3.61,823.5,278.6,29.3,8.9,LEFT,26.22,1.117,60.41,0.278,2.0,inf
13483,ISR_B,ISR,RIGHT,13485,head,,5.777,shoulder,5.901,137.472,13.47,7.28,823.5,278.6,29.3,8.9,LEFT,33.581,0.873,57.83,0.341,2.0,inf
13488,BRA_A,BRA,LEFT,13487,hand,left,-0.045,arm,0.046,114.794,7.76,5.24,884.3,411.0,27.75,44.6,LEFT,28.041,0.99,0.03,0.026,0.0,0.056
13488,BRA_B,BRA,LEFT,13487,shoulder,left,2.725,head,2.742,111.312,4.48,5.05,884.3,411.0,27.75,44.6,LEFT,27.191,1.021,27.28,0.051,0.0,inf
13488,ISR_A,ISR,RIGHT,13490,foot,right,5.015,thigh,5.044,108.634,13.64,3.85,884.3,411.0,27.75,44.6,LEFT,26.537,1.046,50.21,0.112,2.0,inf
13488,ISR_B,ISR,RIGHT,13489,head,,5.278,shoulder,5.451,135.734,13.58,7.0,884.3,411.0,27.75,44.6,LEFT,33.156,0.837,52.81,0.445,2.0,inf
13510,BRA_A,BRA,LEFT,13509,shoulder,right,2.109,arm,2.144,115.178,8.34,5.24,1191.0,401.2,22.9,31.6,RIGHT,28.135,0.814,21.12,0.515,2.0,inf
13510,BRA_B,BRA,LEFT,13508,thigh,left,6.036,knee,6.056,106.077,4.21,4.29,1191.0,401.2,22.9,31.6,RIGHT,25.912,0.884,60.42,0.309,2.0,inf
13510,ISR_A,ISR,RIGHT,13510,foot,right,-0.172,shin,-0.116,97.173,11.69,2.1,1191.0,401.2,22.9,31.6,RIGHT,23.737,0.965,0.0,0.09,0.0,0.09
13510,ISR_B,ISR,RIGHT,13510,head,,1.731,shoulder,1.942,126.315,12.02,6.27,1191.0,401.2,22.9,31.6,RIGHT,30.856,0.742,17.31,0.745,0.0,inf
13529,BRA_A,BRA,LEFT,13527,head,,3.516,hand,3.52,120.285,7.57,5.96,1252.5,329.0,28.5,8.0,RIGHT,29.383,0.97,35.22,0.076,2.0,inf
13529,BRA_B,BRA,LEFT,13529,hand,left,6.713,arm,6.786,101.34,4.33,3.5,1252.5,329.0,28.5,8.0,RIGHT,24.755,1.151,67.13,0.352,2.0,inf
13529,ISR_A,ISR,RIGHT,13529,shoulder,left,-0.062,arm,-0.011,89.696,11.32,0.29,1252.5,329.0,28.5,8.0,RIGHT,21.911,1.301,0.0,0.657,0.0,0.657
13529,ISR_B,ISR,RIGHT,13531,hand,right,1.013,head,1.084,120.308,10.89,5.67,1252.5,329.0,28.5,8.0,RIGHT,29.388,0.97,10.19,0.077,0.0,inf
13535,BRA_A,BRA,LEFT,13535,thigh,right,3.922,knee,3.942,119.54,6.82,5.95,1275.7,462.4,27.4,49.6,RIGHT,29.201,0.938,39.22,0.159,2.0,inf
13535,BRA_B,BRA,LEFT,13535,hand,left,6.763,arm,6.858,100.899,4.38,3.46,1275.7,462.4,27.4,49.6,RIGHT,24.647,1.112,67.63,0.265,2.0,inf
13535,ISR_A,ISR,RIGHT,13534,foot,right,0.013,shin,0.066,89.932,11.4,0.66,1275.7,462.4,27.4,49.6,RIGHT,21.968,1.247,0.16,0.552,0.0,0.712
13535,ISR_B,ISR,RIGHT,13535,hand,right,0.167,arm,0.242,120.501,10.93,5.69,1275.7,462.4,27.4,49.6,RIGHT,29.435,0.931,1.67,0.179,0.0,1.849
13571,BRA_A,BRA,LEFT,13573,head,,1.65,shoulder,1.758,119.518,5.98,6.06,931.5,457.5,25.85,30.9,LEFT,29.195,0.885,16.56,0.304,0.0,inf
13571,BRA_B,BRA,LEFT,13571,shin,left,-0.028,foot,-0.02,99.431,7.33,2.89,931.5,457.5,25.85,30.9,LEFT,24.289,1.064,0.0,0.156,0.0,0.156
13571,ISR_A,ISR,RIGHT,13570,head,,0.631,thigh,0.74,98.394,9.37,2.53,931.5,457.5,25.85,30.9,LEFT,24.035,1.075,6.34,0.182,2.0,inf
13571,ISR_B,ISR,RIGHT,13569,hand,left,3.79,head,3.793,133.198,12.14,6.98,931.5,457.5,25.85,30.9,LEFT,32.537,0.794,37.96,0.575,2.0,inf
13597,BRA_A,BRA,LEFT,13596,torso,,-0.232,thigh,-0.042,130.803,6.63,7.3,690.0,699.8,33.4,77.4,LEFT,31.952,1.045,0.03,0.111,0.0,0.141
13597,BRA_B,BRA,LEFT,13595,foot,right,1.333,shin,1.399,100.337,7.6,3.03,690.0,699.8,33.4,77.4,LEFT,24.51,1.363,13.39,0.774,0.0,inf
13597,ISR_A,ISR,RIGHT,13595,foot,right,3.17,shin,3.388,103.052,10.02,2.96,690.0,699.8,33.4,77.4,LEFT,25.173,1.327,31.76,0.707,2.0,inf
13597,ISR_B,ISR,RIGHT,13595,foot,left,6.131,thigh,6.198,131.474,13.16,6.72,690.0,699.8,33.4,77.4,LEFT,32.116,1.04,61.37,0.098,2.0,inf
13607,BRA_A,BRA,LEFT,13605,hand,left,2.216,head,2.28,138.585,6.12,8.03,636.8,188.0,33.45,9.0,LEFT,33.853,0.988,22.22,0.03,0.0,inf
13607,BRA_B,BRA,LEFT,13605,shoulder,right,2.195,head,2.214,101.531,7.63,3.26,636.8,188.0,33.45,9.0,LEFT,24.802,1.349,22.01,0.748,0.0,inf
13607,ISR_A,ISR,RIGHT,13605,arm,right,5.466,thigh,5.51,100.952,11.07,2.87,636.8,188.0,33.45,9.0,LEFT,24.66,1.356,54.72,0.762,2.0,inf
13607,ISR_B,ISR,RIGHT,13605,head,,7.649,shoulder,7.833,125.935,13.78,6.09,636.8,188.0,33.45,9.0,LEFT,30.763,1.087,76.55,0.209,2.0,inf
13637,BRA_A,BRA,LEFT,13639,head,,3.475,chest,3.72,136.464,4.46,7.98,644.2,114.2,29.125,8.5,LEFT,33.335,0.874,34.81,0.338,0.0,inf
13637,BRA_B,BRA,LEFT,13639,head,,1.531,hand,1.669,105.165,5.83,4.02,644.2,114.2,29.125,8.5,LEFT,25.689,1.134,15.37,0.314,0.0,inf
13637,ISR_A,ISR,RIGHT,13639,head,,7.843,shoulder,7.973,103.536,13.77,3.1,644.2,114.2,29.125,8.5,LEFT,25.291,1.152,78.49,0.353,2.0,inf
13637,ISR_B,ISR,RIGHT,13639,head,,7.92,shoulder,8.066,128.929,13.9,6.39,644.2,114.2,29.125,8.5,LEFT,31.494,0.925,79.26,0.196,2.0,inf
13644,BRA_A,BRA,LEFT,13643,head,,2.798,hand,2.926,136.417,4.32,7.99,686.2,336.8,27.75,46.1,LEFT,33.323,0.833,28.01,0.458,0.0,inf
13644,BRA_B,BRA,LEFT,13644,head,,-0.019,chest,0.218,104.94,5.66,3.91,686.2,336.8,27.75,46.1,LEFT,25.634,1.083,0.0,0.198,0.0,0.198
13644,ISR_A,ISR,RIGHT,13646,head,,7.048,shoulder,7.16,103.616,14.15,3.0,686.2,336.8,27.75,46.1,LEFT,25.311,1.096,70.54,0.23,2.0,inf
13644,ISR_B,ISR,RIGHT,13646,head,,6.968,shoulder,7.109,128.765,13.85,6.4,686.2,336.8,27.75,46.1,LEFT,31.454,0.882,69.74,0.313,2.0,inf
13672,BRA_A,BRA,LEFT,13670,hand,right,9.257,arm,9.323,127.943,3.98,7.16,1678.5,497.2,29.25,63.2,RIGHT,31.253,0.936,92.63,0.166,2.0,inf
13672,BRA_B,BRA,LEFT,13670,hand,left,9.203,arm,9.254,101.512,5.22,3.45,1678.5,497.2,29.25,63.2,RIGHT,24.797,1.18,92.09,0.413,2.0,inf
13672,ISR_A,ISR,RIGHT,13670,hand,left,0.612,arm,0.647,104.19,13.63,2.98,1678.5,497.2,29.25,63.2,RIGHT,25.451,1.149,6.18,0.348,0.0,inf
13672,ISR_B,ISR,RIGHT,13672,arm,right,-0.044,chest,0.013,122.673,14.48,5.66,1678.5,497.2,29.25,63.2,RIGHT,29.966,0.976,0.0,0.06,0.0,0.06
13677,BRA_A,BRA,LEFT,13678,foot,right,9.551,hand,9.657,122.905,4.13,6.58,1618.5,310.9,26.65,19.2,RIGHT,30.023,0.888,95.54,0.298,2.0,inf
13677,BRA_B,BRA,LEFT,13678,foot,left,9.715,thigh,9.889,98.742,5.0,3.04,1618.5,310.9,26.65,19.2,RIGHT,24.12,1.105,97.18,0.249,2.0,inf
13677,ISR_A,ISR,RIGHT,13675,hand,left,1.636,arm,1.643,103.924,13.16,3.09,1618.5,310.9,26.65,19.2,RIGHT,25.386,1.05,16.42,0.121,0.0,inf
13677,ISR_B,ISR,RIGHT,13675,hand,right,0.47,arm,0.506,121.737,14.48,5.64,1618.5,310.9,26.65,19.2,RIGHT,29.737,0.896,4.76,0.274,0.0,inf
13691,BRA_A,BRA,LEFT,13693,head,,8.135,chest,8.304,118.488,4.18,6.04,1419.0,147.4,27.8,15.6,RIGHT,28.944,0.96,81.41,0.101,2.0,inf
13691,BRA_B,BRA,LEFT,13693,head,,8.381,shoulder,8.463,98.546,4.35,2.95,1419.0,147.4,27.8,15.6,RIGHT,24.072,1.155,83.87,0.36,2.0,inf
13691,ISR_A,ISR,RIGHT,13693,head,,2.019,chest,2.339,104.467,11.34,3.43,1419.0,147.4,27.8,15.6,RIGHT,25.519,1.089,20.25,0.214,0.0,inf
13691,ISR_B,ISR,RIGHT,13691,head,,3.044,hand,3.218,117.756,14.11,5.07,1419.0,147.4,27.8,15.6,RIGHT,28.765,0.966,30.44,0.085,0.0,inf
13706,BRA_A,BRA,LEFT,13707,head,,6.011,hand,6.151,117.669,4.35,5.92,1200.0,403.5,25.3,50.8,RIGHT,28.744,0.88,60.14,0.319,2.0,inf
13706,BRA_B,BRA,LEFT,13706,thigh,left,6.18,foot,6.194,100.973,4.28,3.44,1200.0,403.5,25.3,50.8,RIGHT,24.665,1.026,61.8,0.064,2.0,inf
13706,ISR_A,ISR,RIGHT,13706,head,,-0.223,chest,-0.113,104.396,10.71,3.44,1200.0,403.5,25.3,50.8,RIGHT,25.501,0.992,0.0,0.02,0.0,0.02
13706,ISR_B,ISR,RIGHT,13706,head,,1.675,hand,1.724,118.89,12.36,5.3,1200.0,403.5,25.3,50.8,RIGHT,29.042,0.871,16.75,0.345,0.0,inf
13735,BRA_A,BRA,LEFT,13737,head,,2.997,chest,3.242,124.169,5.88,6.57,1053.0,327.4,27.4,20.4,RIGHT,30.331,0.903,30.03,0.254,2.0,inf
13735,BRA_B,BRA,LEFT,13737,hand,left,3.624,arm,3.681,103.727,5.02,3.84,1053.0,327.4,27.4,20.4,RIGHT,25.338,1.081,36.3,0.196,2.0,inf
13735,ISR_A,ISR,RIGHT,13734,shoulder,right,1.707,head,1.731,100.858,11.33,2.84,1053.0,327.4,27.4,20.4,RIGHT,24.637,1.112,17.1,0.266,0.0,inf
13735,ISR_B,ISR,RIGHT,13736,head,,-0.063,chest,0.246,104.65,9.76,3.57,1053.0,327.4,27.4,20.4,RIGHT,25.563,1.072,0.03,0.173,0.0,0.203
13740,BRA_A,BRA,LEFT,13742,head,,2.577,hand,2.583,130.511,6.24,7.23,999.0,379.9,27.75,13.5,NET,31.881,0.87,25.83,0.347,0.0,inf
13740,BRA_B,BRA,LEFT,13742,thigh,left,3.459,knee,3.479,104.302,4.88,4.01,999.0,379.9,27.75,13.5,NET,25.478,1.089,34.65,0.214,0.0,inf
13740,ISR_A,ISR,RIGHT,13738,thigh,right,2.273,shoulder,2.276,99.807,11.58,2.59,999.0,379.9,27.75,13.5,NET,24.381,1.138,22.79,0.324,0.0,inf
13740,ISR_B,ISR,RIGHT,13740,head,,0.274,chest,0.427,104.523,9.45,3.47,999.0,379.9,27.75,13.5,NET,25.532,1.087,2.74,0.208,0.0,2.948
13753,BRA_A,BRA,LEFT,13755,thigh,right,0.683,knee,0.703,136.421,6.58,7.91,951.0,660.0,30.75,9.8,LEFT,33.324,0.923,6.89,0.201,0.0,inf
13753,BRA_B,BRA,LEFT,13753,foot,left,2.685,shin,2.824,104.382,5.14,3.95,951.0,660.0,30.75,9.8,LEFT,25.498,1.206,26.85,0.468,0.0,inf
13753,ISR_A,ISR,RIGHT,13751,foot,right,3.04,shin,3.177,100.778,12.09,2.71,951.0,660.0,30.75,9.8,LEFT,24.618,1.249,30.46,0.556,2.0,inf
13753,ISR_B,ISR,RIGHT,13751,foot,left,0.308,shin,0.308,106.922,9.06,4.51,951.0,660.0,30.75,9.8,LEFT,26.119,1.177,3.14,0.408,2.0,5.548
13758,BRA_A,BRA,LEFT,13760,foot,right,-0.161,shin,-0.08,139.6,7.05,8.04,940.5,877.5,30.35,46.5,LEFT,34.101,0.89,0.06,0.291,0.0,0.351
13758,BRA_B,BRA,LEFT,13756,foot,left,3.151,shin,3.254,104.484,5.19,3.93,940.5,877.5,30.35,46.5,LEFT,25.523,1.189,31.57,0.433,0.0,inf
13758,ISR_A,ISR,RIGHT,13756,foot,left,4.467,shin,4.672,100.889,12.6,2.51,940.5,877.5,30.35,46.5,LEFT,24.645,1.232,44.73,0.521,2.0,inf
13758,ISR_B,ISR,RIGHT,13756,foot,left,1.911,shin,2.156,104.186,9.36,3.53,940.5,877.5,30.35,46.5,LEFT,25.45,1.193,19.17,0.44,2.0,inf
13763,BRA_A,BRA,LEFT,13763,foot,right,-0.151,shin,-0.11,142.128,7.11,8.33,902.2,889.5,30.0,7.6,LEFT,34.718,0.864,0.0,0.365,0.0,0.365
13763,BRA_B,BRA,LEFT,13763,foot,left,3.533,shin,3.668,104.145,5.36,3.82,902.2,889.5,30.0,7.6,LEFT,25.44,1.179,35.33,0.412,0.0,inf
13763,ISR_A,ISR,RIGHT,13761,foot,left,5.171,shin,5.441,100.774,12.9,2.68,902.2,889.5,30.0,7.6,LEFT,24.617,1.219,51.77,0.494,2.0,inf
13763,ISR_B,ISR,RIGHT,13761,foot,left,2.922,shin,3.001,104.697,9.52,3.8,902.2,889.5,30.0,7.6,LEFT,25.575,1.173,29.28,0.399,2.0,inf
13769,BRA_A,BRA,LEFT,13767,thigh,left,0.258,knee,0.278,146.693,7.15,8.67,846.8,978.0,30.0,13.7,LEFT,35.833,0.837,2.64,0.444,0.0,3.084
13769,BRA_B,BRA,LEFT,13768,foot,right,3.591,shin,3.747,105.145,5.58,4.02,846.8,978.0,30.0,13.7,LEFT,25.684,1.168,35.94,0.388,0.0,inf
13769,ISR_A,ISR,RIGHT,13767,foot,right,6.616,shin,6.703,100.429,13.29,2.55,846.8,978.0,30.0,13.7,LEFT,24.532,1.223,66.22,0.503,2.0,inf
13769,ISR_B,ISR,RIGHT,13768,foot,right,4.232,shin,4.325,103.339,10.05,3.33,846.8,978.0,30.0,13.7,LEFT,25.243,1.188,42.35,0.432,2.0,inf
13807,BRA_A,BRA,LEFT,13809,head,,4.272,shoulder,4.515,112.346,3.21,5.31,625.5,48.9,27.825,11.6,LEFT,27.443,1.014,42.78,0.035,0.0,inf
13807,BRA_B,BRA,LEFT,13809,head,,3.142,chest,3.42,103.482,6.25,3.69,625.5,48.9,27.825,11.6,LEFT,25.278,1.101,31.48,0.24,0.0,inf
13807,ISR_A,ISR,RIGHT,13809,head,,9.753,hand,9.786,104.227,15.16,3.05,625.5,48.9,27.825,11.6,LEFT,25.46,1.093,97.59,0.222,2.0,inf
13807,ISR_B,ISR,RIGHT,13809,head,,8.303,shoulder,8.446,135.824,13.86,7.09,625.5,48.9,27.825,11.6,LEFT,33.179,0.839,83.09,0.44,2.0,inf
13824,BRA_A,BRA,LEFT,13825,head,,2.281,chest,2.423,122.347,4.96,6.44,857.2,492.0,27.0,64.7,LEFT,29.886,0.903,22.84,0.254,0.0,inf
13824,BRA_B,BRA,LEFT,13824,head,,-0.196,chest,-0.096,115.856,7.62,5.43,857.2,492.0,27.0,64.7,LEFT,28.301,0.954,0.0,0.118,0.0,0.118
13824,ISR_A,ISR,RIGHT,13826,hand,right,5.061,arm,5.11,109.424,13.16,3.95,857.2,492.0,27.0,64.7,LEFT,26.73,1.01,50.67,0.025,2.0,inf
13824,ISR_B,ISR,RIGHT,13824,thigh,left,5.748,knee,5.768,138.215,13.67,7.33,857.2,492.0,27.0,64.7,LEFT,33.762,0.8,57.48,0.559,2.0,inf
13840,BRA_A,BRA,LEFT,13838,head,,2.897,chest,3.093,125.865,6.8,6.68,895.5,145.9,30.35,10.0,LEFT,30.746,0.987,29.03,0.032,0.0,inf
13840,BRA_B,BRA,LEFT,13838,head,,2.268,shoulder,2.537,112.927,7.88,4.96,895.5,145.9,30.35,10.0,LEFT,27.585,1.1,22.74,0.239,0.0,inf
13840,ISR_A,ISR,RIGHT,13842,head,,3.752,shoulder,3.971,114.93,10.88,5.03,895.5,145.9,30.35,10.0,LEFT,28.075,1.081,37.58,0.195,2.0,inf
13840,ISR_B,ISR,RIGHT,13841,head,,6.054,shoulder,6.22,140.235,13.51,7.53,895.5,145.9,30.35,10.0,LEFT,34.256,0.886,60.57,0.303,2.0,inf
13855,BRA_A,BRA,LEFT,13856,foot,right,0.264,shin,0.264,112.211,7.82,4.88,961.5,322.5,27.4,32.1,NET,27.41,1.0,2.67,0.001,0.0,2.671
13855,BRA_B,BRA,LEFT,13854,foot,right,0.398,shin,0.589,107.749,7.9,4.12,961.5,322.5,27.4,32.1,NET,26.321,1.041,4.01,0.1,0.0,4.11
13855,ISR_A,ISR,RIGHT,13857,head,,1.736,shoulder,1.883,108.857,10.57,4.08,961.5,322.5,27.4,32.1,NET,26.591,1.03,17.42,0.075,0.0,inf
13855,ISR_B,ISR,RIGHT,13855,head,,5.5,shoulder,5.627,134.522,14.02,6.95,961.5,322.5,27.4,32.1,NET,32.86,0.834,55.0,0.454,0.0,inf
13869,BRA_A,BRA,LEFT,13867,foot,right,2.281,shin,2.291,113.861,8.48,5.05,1220.3,397.5,24.75,36.0,RIGHT,27.813,0.89,22.87,0.292,2.0,inf
13869,BRA_B,BRA,LEFT,13867,head,,3.281,shoulder,3.303,106.183,7.05,4.07,1220.3,397.5,24.75,36.0,RIGHT,25.938,0.954,32.87,0.117,2.0,inf
13869,ISR_A,ISR,RIGHT,13869,head,,-0.022,chest,0.141,102.975,11.16,3.13,1220.3,397.5,24.75,36.0,RIGHT,25.154,0.984,0.0,0.041,0.0,0.041
13869,ISR_B,ISR,RIGHT,13870,head,,3.661,hand,3.728,116.927,14.61,4.92,1220.3,397.5,24.75,36.0,RIGHT,28.562,0.867,36.64,0.358,0.0,inf
13900,BRA_A,BRA,LEFT,13901,foot,left,4.891,shin,4.92,117.346,7.59,5.59,1525.5,527.6,28.5,76.8,RIGHT,28.665,0.994,48.94,0.014,2.0,inf
13900,BRA_B,BRA,LEFT,13898,foot,left,8.32,thigh,8.509,104.153,4.79,3.92,1525.5,527.6,28.5,76.8,RIGHT,25.442,1.12,83.26,0.284,2.0,inf
13900,ISR_A,ISR,RIGHT,13898,hand,left,1.434,arm,1.503,99.65,11.89,2.56,1525.5,527.6,28.5,76.8,RIGHT,24.342,1.171,14.4,0.394,0.0,inf
13900,ISR_B,ISR,RIGHT,13900,head,,-0.033,hand,0.158,129.305,12.65,6.57,1525.5,527.6,28.5,76.8,RIGHT,31.586,0.902,0.0,0.257,0.0,0.257
13907,BRA_A,BRA,LEFT,13905,head,,5.524,foot,5.559,118.452,7.23,5.82,1478.2,281.4,31.7,7.6,RIGHT,28.935,1.096,55.3,0.228,2.0,inf
13907,BRA_B,BRA,LEFT,13908,head,,8.632,shoulder,8.671,103.777,4.31,3.92,1478.2,281.4,31.7,7.6,RIGHT,25.35,1.25,86.35,0.559,2.0,inf
13907,ISR_A,ISR,RIGHT,13905,shoulder,left,1.935,head,2.022,100.849,11.5,2.88,1478.2,281.4,31.7,7.6,RIGHT,24.635,1.287,19.41,0.63,0.0,inf
13907,ISR_B,ISR,RIGHT,13905,head,,1.259,hand,1.376,129.589,12.78,6.54,1478.2,281.4,31.7,7.6,RIGHT,31.655,1.001,12.65,0.004,0.0,inf
13935,BRA_A,BRA,LEFT,13937,head,,4.556,chest,4.776,127.99,4.93,7.08,1183.5,397.1,28.65,44.3,RIGHT,31.265,0.916,45.62,0.218,2.0,inf
13935,BRA_B,BRA,LEFT,13937,head,,5.559,foot,5.59,98.693,4.24,3.01,1183.5,397.1,28.65,44.3,RIGHT,24.108,1.188,55.65,0.432,2.0,inf
13935,ISR_A,ISR,RIGHT,13935,head,,-0.009,chest,0.196,106.735,10.67,3.82,1183.5,397.1,28.65,44.3,RIGHT,26.073,1.099,0.0,0.236,0.0,0.236
13935,ISR_B,ISR,RIGHT,13935,head,,3.144,hand,3.213,153.908,12.45,8.74,1183.5,397.1,28.65,44.3,RIGHT,37.596,0.762,31.44,0.679,0.0,inf
13959,BRA_A,BRA,LEFT,13960,head,,-0.139,chest,0.033,124.806,5.35,6.69,603.4,618.2,26.225,76.9,LEFT,30.487,0.86,0.03,0.376,0.0,0.406
13959,BRA_B,BRA,LEFT,13961,shin,right,-0.062,foot,-0.033,99.02,4.83,2.98,603.4,618.2,26.225,76.9,LEFT,24.188,1.084,0.06,0.202,0.0,0.262
13959,ISR_A,ISR,RIGHT,13957,thigh,left,4.831,hand,4.84,127.729,11.05,6.51,603.4,618.2,26.225,76.9,LEFT,31.201,0.841,48.37,0.434,2.0,inf
13959,ISR_B,ISR,RIGHT,13957,hand,right,6.177,thigh,6.257,152.546,12.68,8.62,603.4,618.2,26.225,76.9,LEFT,37.263,0.704,61.83,0.878,2.0,inf
13993,BRA_A,BRA,LEFT,13995,head,,1.754,chest,1.984,125.537,5.35,6.77,509.0,240.5,26.45,8.0,LEFT,30.666,0.863,17.6,0.37,0.0,inf
13993,BRA_B,BRA,LEFT,13995,head,,0.888,chest,1.163,103.634,4.4,3.88,509.0,240.5,26.45,8.0,LEFT,25.315,1.045,8.94,0.11,0.0,inf
13993,ISR_A,ISR,RIGHT,13994,hand,right,9.295,arm,9.36,107.481,14.04,3.63,509.0,240.5,26.45,8.0,LEFT,26.255,1.007,92.98,0.019,2.0,inf
13993,ISR_B,ISR,RIGHT,13992,head,,7.668,shoulder,7.812,147.93,12.89,8.24,509.0,240.5,26.45,8.0,LEFT,36.136,0.732,76.71,0.78,2.0,inf
13999,BRA_A,BRA,LEFT,13999,head,,0.947,chest,1.172,125.539,5.49,6.76,524.2,406.5,25.475,55.6,LEFT,30.666,0.831,9.47,0.464,0.0,inf
13999,BRA_B,BRA,LEFT,13999,head,,-0.127,chest,-0.117,104.035,4.24,3.96,524.2,406.5,25.475,55.6,LEFT,25.413,1.002,0.0,0.006,0.0,0.006
13999,ISR_A,ISR,RIGHT,13997,hand,right,9.158,arm,9.252,107.481,14.1,3.66,524.2,406.5,25.475,55.6,LEFT,26.255,0.97,91.64,0.075,2.0,inf
13999,ISR_B,ISR,RIGHT,13999,head,,7.553,shoulder,7.634,141.567,13.13,7.68,524.2,406.5,25.475,55.6,LEFT,34.581,0.737,75.53,0.764,2.0,inf
14029,BRA_A,BRA,LEFT,14031,hand,left,0.74,arm,0.846,111.995,7.59,4.87,827.2,205.9,27.35,7.5,LEFT,27.358,1.0,7.46,0.001,0.0,inf
14029,BRA_B,BRA,LEFT,14029,head,,3.427,shoulder,3.526,100.844,3.99,3.46,827.2,205.9,27.35,7.5,LEFT,24.634,1.11,34.27,0.262,0.0,inf
14029,ISR_A,ISR,RIGHT,14031,head,,6.992,thigh,6.999,105.835,14.86,3.31,827.2,205.9,27.35,7.5,LEFT,25.853,1.058,69.98,0.141,2.0,inf
14029,ISR_B,ISR,RIGHT,14031,head,,5.438,shoulder,5.621,140.018,12.94,7.56,827.2,205.9,27.35,7.5,LEFT,34.203,0.8,54.44,0.559,2.0,inf
14034,BRA_A,BRA,LEFT,14034,hand,right,0.115,head,0.134,110.163,7.78,4.51,889.5,355.5,26.8,38.6,LEFT,26.91,0.996,1.15,0.01,0.0,1.16
14034,BRA_B,BRA,LEFT,14032,head,,3.5,shoulder,3.542,100.684,3.84,3.43,889.5,355.5,26.8,38.6,LEFT,24.595,1.09,35.06,0.215,0.0,inf
14034,ISR_A,ISR,RIGHT,14035,hand,right,6.412,arm,6.472,104.95,15.08,3.13,889.5,355.5,26.8,38.6,LEFT,25.637,1.045,64.15,0.111,2.0,inf
14034,ISR_B,ISR,RIGHT,14036,head,,4.47,hand,4.52,137.713,12.6,7.35,889.5,355.5,26.8,38.6,LEFT,33.64,0.797,44.76,0.568,2.0,inf
14039,BRA_A,BRA,LEFT,14037,head,,0.707,shoulder,0.808,110.163,7.87,4.4,972.7,300.4,26.0,7.7,NET,26.91,0.966,7.13,0.086,0.0,inf
14039,BRA_B,BRA,LEFT,14037,head,,4.228,shoulder,4.259,100.204,3.6,3.35,972.7,300.4,26.0,7.7,NET,24.477,1.062,42.34,0.151,0.0,inf
14039,ISR_A,ISR,RIGHT,14041,head,,5.825,hand,5.902,105.865,15.06,3.3,972.7,300.4,26.0,7.7,NET,25.86,1.005,58.31,0.013,0.0,inf
14039,ISR_B,ISR,RIGHT,14041,hand,left,3.975,head,3.976,131.792,12.27,6.83,972.7,300.4,26.0,7.7,NET,32.193,0.808,39.81,0.534,0.0,inf
14058,BRA_A,BRA,LEFT,14056,arm,right,2.184,shoulder,2.236,112.773,7.94,4.84,1188.8,420.8,21.8,21.6,RIGHT,27.548,0.791,21.9,0.585,2.0,inf
14058,BRA_B,BRA,LEFT,14056,hand,left,6.514,foot,6.559,102.624,3.68,3.78,1188.8,420.8,21.8,21.6,RIGHT,25.068,0.87,65.2,0.349,2.0,inf
14058,ISR_A,ISR,RIGHT,14060,thigh,left,3.902,knee,3.922,100.748,15.42,2.42,1188.8,420.8,21.8,21.6,RIGHT,24.61,0.886,39.08,0.303,0.0,inf
14058,ISR_B,ISR,RIGHT,14059,hand,left,1.081,arm,1.112,119.475,11.64,5.48,1188.8,420.8,21.8,21.6,RIGHT,29.185,0.747,10.84,0.729,0.0,inf
14069,BRA_A,BRA,LEFT,14067,thigh,right,3.329,shoulder,3.341,113.681,7.65,5.08,1283.3,382.1,21.75,13.3,RIGHT,27.769,0.783,33.35,0.611,2.0,inf
14069,BRA_B,BRA,LEFT,14067,foot,left,7.623,thigh,7.645,102.814,3.54,3.82,1283.3,382.1,21.75,13.3,RIGHT,25.115,0.866,76.29,0.36,2.0,inf
14069,ISR_A,ISR,RIGHT,14071,hand,left,3.005,arm,3.038,100.668,15.26,2.42,1283.3,382.1,21.75,13.3,RIGHT,24.591,0.884,30.11,0.307,0.0,inf
14069,ISR_B,ISR,RIGHT,14069,shoulder,left,0.751,head,0.76,119.035,11.72,5.44,1283.3,382.1,21.75,13.3,RIGHT,29.077,0.748,7.51,0.726,0.0,inf
14084,BRA_A,BRA,LEFT,14082,arm,right,4.591,hand,4.627,114.761,7.06,5.28,1347.0,346.2,21.15,8.5,RIGHT,28.033,0.754,45.97,0.704,2.0,inf
14084,BRA_B,BRA,LEFT,14082,shoulder,left,8.076,arm,8.105,106.127,3.74,4.34,1347.0,346.2,21.15,8.5,RIGHT,25.924,0.816,80.82,0.509,2.0,inf
14084,ISR_A,ISR,RIGHT,14084,hand,left,2.348,arm,2.377,96.987,15.41,1.74,1347.0,346.2,21.15,8.5,RIGHT,23.692,0.893,23.48,0.284,0.0,inf
14084,ISR_B,ISR,RIGHT,14084,shoulder,left,1.146,head,1.158,119.309,12.06,5.43,1347.0,346.2,21.15,8.5,RIGHT,29.144,0.726,11.46,0.802,0.0,inf
14102,BRA_B,BRA,LEFT,14100,shoulder,left,6.194,head,6.197,103.164,4.08,3.83,1263.8,273.0,36.75,9.8,RIGHT,25.2,1.458,62.0,0.943,2.0,inf
14102,ISR_A,ISR,RIGHT,14104,head,,2.07,shoulder,2.121,109.757,14.63,3.93,1263.8,273.0,36.75,9.8,RIGHT,26.811,1.371,20.76,0.788,0.0,inf
14102,ISR_B,ISR,RIGHT,14104,head,,3.753,shoulder,3.765,137.061,15.01,7.11,1263.8,273.0,36.75,9.8,RIGHT,33.481,1.098,37.59,0.233,0.0,inf
14114,BRA_B,BRA,LEFT,14112,foot,left,11.777,hand,11.85,105.319,4.21,4.17,1896.0,601.5,30.8,70.6,RIGHT,25.727,1.197,117.83,0.45,2.0,inf
14114,ISR_A,ISR,RIGHT,14112,hand,left,1.564,arm,1.606,107.313,14.18,3.6,1896.0,601.5,30.8,70.6,RIGHT,26.214,1.175,15.7,0.403,0.0,inf
14114,ISR_B,ISR,RIGHT,14115,head,,-0.143,chest,-0.016,140.317,15.17,7.4,1896.0,601.5,30.8,70.6,RIGHT,34.276,0.899,0.03,0.267,0.0,0.297
14114,BRA_A,BRA,LEFT,14113,head,,13.899,chest,14.036,126.023,1.29,7.24,1896.0,601.5,30.8,70.6,RIGHT,30.784,1.001,139.02,0.001,2.0,inf
14119,BRA_A,BRA,LEFT,14119,hand,left,14.056,foot,14.057,126.121,1.31,7.19,1855.5,414.0,30.75,15.0,RIGHT,30.808,0.998,140.56,0.005,2.0,inf
14119,BRA_B,BRA,LEFT,14119,foot,left,12.342,thigh,12.353,105.985,4.18,4.28,1855.5,414.0,30.75,15.0,RIGHT,25.89,1.188,123.42,0.43,2.0,inf
14119,ISR_A,ISR,RIGHT,14117,foot,left,2.781,shin,2.809,107.313,13.7,3.59,1855.5,414.0,30.75,15.0,RIGHT,26.214,1.173,27.87,0.399,0.0,inf
14119,ISR_B,ISR,RIGHT,14117,head,,0.474,chest,0.635,139.762,15.21,7.34,1855.5,414.0,30.75,15.0,RIGHT,34.14,0.901,4.8,0.261,0.0,inf
14125,BRA_A,BRA,LEFT,14127,foot,left,12.742,hand,12.948,125.956,1.97,7.09,1777.5,220.5,30.75,10.2,RIGHT,30.768,0.999,127.48,0.001,2.0,inf
14125,BRA_B,BRA,LEFT,14127,head,,11.693,shoulder,11.722,105.824,4.1,4.26,1777.5,220.5,30.75,10.2,RIGHT,25.85,1.19,116.99,0.434,2.0,inf
14125,ISR_A,ISR,RIGHT,14123,shoulder,left,3.096,head,3.108,109.883,13.12,4.08,1777.5,220.5,30.75,10.2,RIGHT,26.842,1.146,31.02,0.34,0.0,inf
14125,ISR_B,ISR,RIGHT,14123,head,,2.185,arm,2.282,135.44,15.28,6.93,1777.5,220.5,30.75,10.2,RIGHT,33.085,0.929,21.91,0.183,0.0,inf
14137,BRA_A,BRA,LEFT,14139,hand,left,10.767,arm,10.84,123.364,2.72,6.78,1575.0,94.8,28.2,7.4,RIGHT,30.135,0.936,107.73,0.166,2.0,inf
14137,BRA_B,BRA,LEFT,14139,head,,9.979,shoulder,10.09,105.748,4.19,4.24,1575.0,94.8,28.2,7.4,RIGHT,25.832,1.092,99.85,0.219,2.0,inf
14137,ISR_A,ISR,RIGHT,14139,head,,2.744,shoulder,3.028,107.097,12.22,3.74,1575.0,94.8,28.2,7.4,RIGHT,26.161,1.078,27.5,0.188,0.0,inf
14137,ISR_B,ISR,RIGHT,14135,head,,3.997,hand,4.007,136.34,15.11,7.1,1575.0,94.8,28.2,7.4,RIGHT,33.304,0.847,40.03,0.416,0.0,inf
14143,BRA_A,BRA,LEFT,14145,hand,left,9.476,arm,9.559,122.637,3.07,6.64,1477.5,167.8,28.225,9.0,RIGHT,29.957,0.942,94.82,0.149,2.0,inf
14143,BRA_B,BRA,LEFT,14145,head,,8.828,shoulder,8.885,105.782,4.22,4.26,1477.5,167.8,28.225,9.0,RIGHT,25.84,1.092,88.34,0.221,2.0,inf
14143,ISR_A,ISR,RIGHT,14145,head,,1.851,chest,2.14,106.321,11.95,3.69,1477.5,167.8,28.225,9.0,RIGHT,25.972,1.087,18.57,0.208,0.0,inf
14143,ISR_B,ISR,RIGHT,14145,head,,3.529,chest,3.821,134.149,14.88,6.83,1477.5,167.8,28.225,9.0,RIGHT,32.769,0.861,35.35,0.373,0.0,inf
14153,BRA_A,BRA,LEFT,14153,hand,right,7.496,foot,7.612,122.795,3.67,6.61,1321.5,409.5,25.1,53.7,RIGHT,29.996,0.837,74.96,0.445,2.0,inf
14153,BRA_B,BRA,LEFT,14153,hand,left,7.306,foot,7.317,105.673,4.28,4.22,1321.5,409.5,25.1,53.7,RIGHT,25.813,0.972,73.06,0.07,2.0,inf
14153,ISR_A,ISR,RIGHT,14153,head,,-0.172,chest,-0.148,106.571,11.85,3.71,1321.5,409.5,25.1,53.7,RIGHT,26.033,0.964,0.0,0.091,0.0,0.091
14153,ISR_B,ISR,RIGHT,14154,hand,right,2.279,arm,2.355,133.218,13.53,6.96,1321.5,409.5,25.1,53.7,RIGHT,32.542,0.771,22.82,0.649,0.0,inf
14179,BRA_A,BRA,LEFT,14181,head,,5.934,shoulder,5.997,122.556,4.84,6.49,1248.0,262.5,29.45,10.4,RIGHT,29.937,0.984,59.4,0.041,2.0,inf
14179,BRA_B,BRA,LEFT,14181,head,,7.032,thigh,7.192,100.967,3.81,3.47,1248.0,262.5,29.45,10.4,RIGHT,24.664,1.194,70.38,0.443,2.0,inf
14179,ISR_A,ISR,RIGHT,14181,head,,0.633,shoulder,0.668,103.521,12.14,3.2,1248.0,262.5,29.45,10.4,RIGHT,25.288,1.165,6.39,0.381,0.0,inf
14179,ISR_B,ISR,RIGHT,14181,hand,right,0.472,arm,0.574,116.089,11.07,5.12,1248.0,262.5,29.45,10.4,RIGHT,28.358,1.039,4.78,0.094,0.0,inf
14184,BRA_A,BRA,LEFT,14186,head,,5.448,shoulder,5.457,123.846,4.68,6.64,1217.3,393.0,27.4,35.9,RIGHT,30.252,0.906,54.54,0.248,2.0,inf
14184,BRA_B,BRA,LEFT,14186,head,,6.308,shoulder,6.403,103.244,3.68,3.88,1217.3,393.0,27.4,35.9,RIGHT,25.22,1.086,63.14,0.207,2.0,inf
14184,ISR_A,ISR,RIGHT,14183,shoulder,right,0.599,arm,0.63,103.521,12.13,3.18,1217.3,393.0,27.4,35.9,RIGHT,25.288,1.084,6.02,0.201,0.0,inf
14184,ISR_B,ISR,RIGHT,14184,head,,0.056,hand,0.062,115.946,10.9,5.04,1217.3,393.0,27.4,35.9,RIGHT,28.323,0.967,0.56,0.083,0.0,0.643
14207,BRA_A,BRA,LEFT,14207,foot,right,0.093,shin,0.188,125.077,5.56,6.74,697.5,618.8,25.45,50.7,LEFT,30.553,0.833,0.93,0.457,0.0,1.387
14207,BRA_B,BRA,LEFT,14209,foot,left,1.323,thigh,1.38,103.028,3.94,3.83,697.5,618.8,25.45,50.7,LEFT,25.167,1.011,13.29,0.028,0.0,inf
14207,ISR_A,ISR,RIGHT,14205,foot,right,5.475,shin,5.67,101.515,12.39,2.81,697.5,618.8,25.45,50.7,LEFT,24.798,1.026,54.81,0.065,2.0,inf
14207,ISR_B,ISR,RIGHT,14205,foot,left,3.337,shin,3.651,121.266,10.39,5.83,697.5,618.8,25.45,50.7,LEFT,29.622,0.859,33.43,0.38,2.0,inf
14241,BRA_A,BRA,LEFT,14241,head,,1.264,shoulder,1.486,124.488,6.27,6.58,580.5,369.2,23.6,45.6,LEFT,30.409,0.776,12.64,0.634,0.0,inf
14241,BRA_B,BRA,LEFT,14241,chest,,-0.143,head,-0.096,98.426,4.6,2.99,580.5,369.2,23.6,45.6,LEFT,24.043,0.982,0.0,0.046,0.0,0.046
14241,ISR_A,ISR,RIGHT,14241,foot,right,8.272,thigh,8.325,105.682,13.68,3.4,580.5,369.2,23.6,45.6,LEFT,25.816,0.914,82.72,0.224,2.0,inf
14241,ISR_B,ISR,RIGHT,14241,head,,6.38,hand,6.444,129.876,11.95,6.66,580.5,369.2,23.6,45.6,LEFT,31.725,0.744,63.8,0.74,2.0,inf
14274,BRA_A,BRA,LEFT,14274,hand,right,0.011,arm,0.061,106.778,7.8,4.08,906.0,356.3,26.825,34.3,LEFT,26.083,1.028,0.11,0.07,0.0,0.18
14274,BRA_B,BRA,LEFT,14273,hand,left,2.62,arm,2.635,96.024,4.82,2.49,906.0,356.3,26.825,34.3,LEFT,23.456,1.144,26.23,0.335,0.0,inf
14274,ISR_A,ISR,RIGHT,14275,hand,right,5.498,arm,5.569,104.459,14.5,3.03,906.0,356.3,26.825,34.3,LEFT,25.517,1.051,55.01,0.125,2.0,inf
14274,ISR_B,ISR,RIGHT,14275,head,,4.45,shoulder,4.502,135.411,12.36,7.18,906.0,356.3,26.825,34.3,LEFT,33.078,0.811,44.53,0.524,2.0,inf
14284,BRA_A,BRA,LEFT,14286,shoulder,right,0.379,head,0.436,107.821,8.48,4.18,951.0,375.0,31.15,8.0,NET,26.338,1.183,3.85,0.419,0.0,4.269
14284,BRA_B,BRA,LEFT,14283,hand,left,3.062,arm,3.105,93.545,4.73,2.01,951.0,375.0,31.15,8.0,NET,22.851,1.363,30.65,0.775,0.0,inf
14284,ISR_A,ISR,RIGHT,14286,thigh,right,5.373,knee,5.393,105.374,14.51,3.27,951.0,375.0,31.15,8.0,NET,25.74,1.21,53.79,0.477,0.0,inf
14284,ISR_B,ISR,RIGHT,14286,hand,left,3.418,arm,3.509,128.402,11.97,6.37,951.0,375.0,31.15,8.0,NET,31.366,0.993,34.24,0.017,0.0,inf
14294,BRA_A,BRA,LEFT,14293,foot,left,-0.159,shin,-0.048,106.983,8.95,4.01,994.5,609.0,27.375,10.5,NET,26.133,1.048,0.03,0.116,0.0,0.146
14294,BRA_B,BRA,LEFT,14292,foot,left,3.534,shin,3.563,93.603,4.84,2.03,994.5,609.0,27.375,10.5,NET,22.865,1.197,35.4,0.45,0.0,inf
14294,ISR_A,ISR,RIGHT,14296,foot,left,4.654,shin,4.823,104.269,14.09,3.06,994.5,609.0,27.375,10.5,NET,25.47,1.075,46.6,0.18,0.0,inf
14294,ISR_B,ISR,RIGHT,14296,hand,right,1.64,foot,1.661,133.41,10.93,7.11,994.5,609.0,27.375,10.5,NET,32.589,0.84,16.46,0.436,0.0,inf
14312,BRA_A,BRA,RIGHT,14311,foot,left,3.178,shin,3.293,105.29,9.11,3.73,985.5,936.0,26.2,12.5,LEFT,25.72,1.019,31.81,0.046,2.0,inf
14312,BRA_B,BRA,LEFT,14311,foot,left,5.604,shin,5.748,96.388,4.74,2.58,985.5,936.0,26.2,12.5,LEFT,23.545,1.113,56.07,0.267,0.0,inf
14312,ISR_A,ISR,RIGHT,14312,foot,right,5.188,shin,5.291,104.78,13.22,3.29,985.5,936.0,26.2,12.5,LEFT,25.595,1.024,51.88,0.058,2.0,inf
14312,ISR_B,ISR,RIGHT,14312,foot,right,1.133,shin,1.238,138.348,10.04,7.68,985.5,936.0,26.2,12.5,LEFT,33.795,0.775,11.33,0.636,2.0,inf
14319,BRA_A,BRA,RIGHT,14317,foot,left,3.405,shin,3.494,105.376,9.02,3.75,936.0,961.5,26.2,11.9,LEFT,25.741,1.018,34.11,0.044,2.0,inf
14319,BRA_B,BRA,LEFT,14321,foot,left,5.306,shin,5.368,100.253,4.45,3.3,936.0,961.5,26.2,11.9,LEFT,24.489,1.07,53.12,0.169,0.0,inf
14319,ISR_A,ISR,RIGHT,14317,foot,right,5.459,shin,5.518,104.91,13.19,3.31,936.0,961.5,26.2,11.9,LEFT,25.627,1.022,54.65,0.055,2.0,inf
14319,ISR_B,ISR,RIGHT,14321,foot,left,1.037,shin,1.117,142.968,9.52,8.12,936.0,961.5,26.2,11.9,LEFT,34.924,0.75,10.43,0.719,2.0,inf
14335,BRA_A,BRA,LEFT,14337,foot,left,3.463,shin,3.673,106.874,8.46,4.14,907.5,988.5,30.0,16.5,LEFT,26.107,1.149,34.69,0.348,0.0,inf
14335,BRA_B,BRA,LEFT,14335,foot,left,5.154,shin,5.285,102.77,4.25,3.75,907.5,988.5,30.0,16.5,LEFT,25.104,1.195,51.54,0.445,0.0,inf
14335,ISR_A,ISR,RIGHT,14335,foot,right,5.812,shin,5.896,110.675,13.14,4.2,907.5,988.5,30.0,16.5,LEFT,27.035,1.11,58.12,0.26,2.0,inf
14335,ISR_B,ISR,LEFT,14335,foot,right,0.277,shin,0.351,146.759,8.72,8.51,907.5,988.5,30.0,16.5,LEFT,35.85,0.837,2.77,0.445,0.0,3.215
14350,BRA_A,BRA,LEFT,14352,head,,2.095,chest,2.284,131.994,6.04,7.4,580.5,258.8,34.85,14.3,LEFT,32.243,1.081,21.01,0.194,0.0,inf
14350,BRA_B,BRA,LEFT,14352,head,,1.01,shoulder,1.127,103.517,4.68,3.9,580.5,258.8,34.85,14.3,LEFT,25.287,1.378,10.16,0.802,0.0,inf
14350,ISR_A,ISR,RIGHT,14352,head,,9.016,shoulder,9.157,103.762,14.72,2.91,580.5,258.8,34.85,14.3,LEFT,25.346,1.375,90.22,0.796,2.0,inf
14362,BRA_A,BRA,LEFT,14363,chest,,0.09,shoulder,0.153,134.373,6.57,7.62,704.6,624.8,33.35,59.8,LEFT,32.824,1.016,0.93,0.04,0.0,0.97
14362,BRA_B,BRA,LEFT,14361,foot,left,-0.187,shin,-0.177,102.485,5.65,3.54,704.6,624.8,33.35,59.8,LEFT,25.035,1.332,0.03,0.717,0.0,0.747
14362,ISR_A,ISR,RIGHT,14364,hand,right,6.693,arm,6.764,103.647,13.59,3.06,704.6,624.8,33.35,59.8,LEFT,25.318,1.317,66.99,0.689,2.0,inf
14362,ISR_B,ISR,RIGHT,14364,thigh,right,8.189,knee,8.209,139.785,15.24,7.32,704.6,624.8,33.35,59.8,LEFT,34.146,0.977,81.95,0.059,2.0,inf
14396,BRA_A,BRA,LEFT,14396,head,,2.207,shoulder,2.419,147.413,7.29,8.69,962.2,360.6,30.0,24.8,NET,36.009,0.833,22.07,0.456,0.0,inf
14396,BRA_B,BRA,LEFT,14396,head,,-0.011,chest,0.16,107.562,8.21,4.13,962.2,360.6,30.0,24.8,NET,26.275,1.142,0.0,0.331,0.0,0.331
14396,ISR_A,ISR,RIGHT,14398,hand,left,1.739,head,1.774,105.618,10.79,3.55,962.2,360.6,30.0,24.8,NET,25.8,1.163,17.45,0.377,0.0,inf
14396,ISR_B,ISR,RIGHT,14395,hand,right,5.604,arm,5.708,121.129,14.55,5.45,962.2,360.6,30.0,24.8,NET,29.589,1.014,56.07,0.035,0.0,inf
14405,BRA_A,BRA,LEFT,14403,head,,2.597,shoulder,2.644,147.402,7.25,8.69,1164.0,460.8,28.5,7.1,RIGHT,36.007,0.792,26.03,0.585,2.0,inf
14405,BRA_B,BRA,LEFT,14403,head,,1.06,shoulder,1.186,111.296,8.39,4.7,1164.0,460.8,28.5,7.1,RIGHT,27.187,1.048,10.66,0.118,2.0,inf
14405,ISR_A,ISR,RIGHT,14407,hand,right,0.186,arm,0.257,107.911,11.36,3.94,1164.0,460.8,28.5,7.1,RIGHT,26.36,1.081,1.92,0.195,0.0,2.115
14405,ISR_B,ISR,RIGHT,14407,hand,right,3.387,arm,3.464,113.344,14.62,4.46,1164.0,460.8,28.5,7.1,RIGHT,27.687,1.029,33.93,0.072,0.0,inf
14415,BRA_A,BRA,LEFT,14413,hand,right,3.544,arm,3.564,147.252,7.03,8.7,1387.5,783.0,27.35,46.7,RIGHT,35.97,0.76,35.5,0.685,2.0,inf
14415,BRA_B,BRA,LEFT,14413,foot,left,2.922,shin,3.023,114.132,8.27,5.13,1387.5,783.0,27.35,46.7,RIGHT,27.88,0.981,29.28,0.048,2.0,inf
14415,ISR_A,ISR,RIGHT,14413,foot,left,0.896,shin,0.963,107.445,11.69,3.84,1387.5,783.0,27.35,46.7,RIGHT,26.246,1.042,9.02,0.103,0.0,inf
14415,ISR_B,ISR,RIGHT,14417,foot,left,2.21,shin,2.338,113.893,14.69,4.51,1387.5,783.0,27.35,46.7,RIGHT,27.821,0.983,22.16,0.043,0.0,inf
14431,BRA_A,BRA,LEFT,14429,foot,right,5.393,shin,5.403,140.376,6.66,8.14,1560.0,848.2,30.0,9.6,RIGHT,34.29,0.875,53.99,0.334,2.0,inf
14431,BRA_B,BRA,LEFT,14429,foot,right,6.004,shin,6.133,113.032,7.36,5.0,1560.0,848.2,30.0,9.6,RIGHT,27.611,1.087,60.1,0.207,2.0,inf
14431,ISR_A,ISR,RIGHT,14429,foot,right,2.678,shin,2.84,108.735,11.75,4.03,1560.0,848.2,30.0,9.6,RIGHT,26.561,1.129,26.84,0.304,0.0,inf
14431,ISR_B,ISR,RIGHT,14433,foot,right,1.674,shin,1.835,115.28,14.77,4.69,1560.0,848.2,30.0,9.6,RIGHT,28.16,1.065,16.8,0.158,0.0,inf
14436,BRA_A,BRA,LEFT,14434,foot,right,5.827,shin,5.858,139.421,6.53,8.07,1614.0,851.2,30.0,7.2,RIGHT,34.057,0.881,58.33,0.317,2.0,inf
14436,BRA_B,BRA,LEFT,14434,foot,left,6.644,shin,6.694,112.768,7.15,5.07,1614.0,851.2,30.0,7.2,RIGHT,27.547,1.089,66.5,0.213,2.0,inf
14436,ISR_A,ISR,RIGHT,14434,foot,left,3.301,shin,3.34,108.741,11.8,4.03,1614.0,851.2,30.0,7.2,RIGHT,26.563,1.129,33.07,0.304,0.0,inf
14436,ISR_B,ISR,RIGHT,14438,foot,right,1.239,shin,1.379,120.415,14.52,5.41,1614.0,851.2,30.0,7.2,RIGHT,29.414,1.02,12.45,0.049,0.0,inf
14456,BRA_A,BRA,LEFT,14454,head,,6.734,chest,6.903,119.134,3.4,6.19,1210.5,246.8,30.075,7.5,RIGHT,29.102,1.033,67.4,0.082,2.0,inf
14456,BRA_B,BRA,LEFT,14454,shoulder,left,9.29,hand,9.31,94.323,0.67,2.53,1210.5,246.8,30.075,7.5,RIGHT,23.041,1.305,92.96,0.666,2.0,inf
14456,ISR_A,ISR,RIGHT,14458,shoulder,right,2.602,head,2.605,110.903,14.46,4.04,1210.5,246.8,30.075,7.5,RIGHT,27.091,1.11,26.08,0.261,0.0,inf
14456,ISR_B,ISR,RIGHT,14458,head,,3.67,shoulder,3.774,133.941,14.35,6.87,1210.5,246.8,30.075,7.5,RIGHT,32.718,0.919,36.76,0.211,0.0,inf
14466,BRA_A,BRA,LEFT,14464,foot,right,10.104,shin,10.295,119.103,3.65,6.16,1752.0,583.2,29.2,75.6,RIGHT,29.094,1.004,101.1,0.009,2.0,inf
14466,BRA_B,BRA,LEFT,14464,foot,left,13.575,thigh,13.677,95.932,1.67,2.78,1752.0,583.2,29.2,75.6,RIGHT,23.434,1.246,135.81,0.55,2.0,inf
14466,ISR_A,ISR,RIGHT,14464,arm,left,0.194,hand,0.224,110.322,14.05,4.05,1752.0,583.2,29.2,75.6,RIGHT,26.949,1.084,2.0,0.201,0.0,2.201
14466,ISR_B,ISR,RIGHT,14467,arm,right,0.042,chest,0.042,135.303,14.5,7.02,1752.0,583.2,29.2,75.6,RIGHT,33.051,0.883,0.45,0.31,0.0,0.76
14478,BRA_A,BRA,LEFT,14480,head,,9.925,chest,10.049,119.192,4.27,6.11,1657.5,224.2,31.1,13.7,RIGHT,29.116,1.068,99.31,0.165,2.0,inf
14478,BRA_B,BRA,LEFT,14480,thigh,left,12.152,hand,12.155,99.819,2.94,3.36,1657.5,224.2,31.1,13.7,RIGHT,24.383,1.275,121.58,0.608,2.0,inf
14478,ISR_A,ISR,RIGHT,14476,head,,2.387,shoulder,2.424,111.845,12.74,4.38,1657.5,224.2,31.1,13.7,RIGHT,27.321,1.138,23.93,0.324,0.0,inf
14478,ISR_B,ISR,RIGHT,14476,head,,2.257,hand,2.288,132.994,14.68,6.73,1657.5,224.2,31.1,13.7,RIGHT,32.487,0.957,22.63,0.109,0.0,inf
14494,BRA_A,BRA,LEFT,14496,head,,7.266,hand,7.375,122.544,4.5,6.5,1387.5,215.6,30.35,9.2,RIGHT,29.935,1.014,72.72,0.034,2.0,inf
14494,BRA_B,BRA,LEFT,14496,shoulder,left,8.345,head,8.348,104.418,3.82,4.06,1387.5,215.6,30.35,9.2,RIGHT,25.507,1.19,83.51,0.435,2.0,inf
14494,ISR_A,ISR,RIGHT,14496,head,,1.828,chest,2.118,127.349,10.92,6.48,1387.5,215.6,30.35,9.2,RIGHT,31.108,0.976,18.34,0.062,0.0,inf
14494,ISR_B,ISR,RIGHT,14496,head,,3.387,shoulder,3.552,140.633,13.75,7.46,1387.5,215.6,30.35,9.2,RIGHT,34.353,0.883,33.93,0.31,0.0,inf
14505,BRA_A,BRA,LEFT,14506,thigh,left,5.429,knee,5.449,122.776,4.69,6.51,1215.0,538.9,27.7,54.6,RIGHT,29.991,0.924,54.32,0.199,2.0,inf
14505,BRA_B,BRA,LEFT,14506,foot,left,5.888,shin,6.05,104.897,4.38,4.13,1215.0,538.9,27.7,54.6,RIGHT,25.624,1.081,58.91,0.195,2.0,inf
14505,ISR_A,ISR,RIGHT,14506,head,,-0.138,chest,0.091,127.998,10.47,6.58,1215.0,538.9,27.7,54.6,RIGHT,31.267,0.886,0.03,0.303,0.0,0.333
14505,ISR_B,ISR,RIGHT,14505,hand,right,2.064,arm,2.125,139.571,12.63,7.47,1215.0,538.9,27.7,54.6,RIGHT,34.094,0.812,20.64,0.519,0.0,inf
14516,BRA_A,BRA,LEFT,14515,hand,left,5.171,arm,5.228,122.91,5.03,6.5,1180.5,316.1,34.85,9.1,RIGHT,30.024,1.161,51.74,0.373,2.0,inf
14516,BRA_B,BRA,LEFT,14517,hand,left,5.976,arm,5.997,102.472,4.35,3.69,1180.5,316.1,34.85,9.1,RIGHT,25.031,1.392,59.79,0.827,2.0,inf
14516,ISR_A,ISR,RIGHT,14514,head,,0.975,chest,1.274,124.59,10.38,6.22,1180.5,316.1,34.85,9.1,RIGHT,30.434,1.145,9.81,0.339,0.0,inf
14516,ISR_B,ISR,RIGHT,14514,head,,2.322,chest,2.576,138.582,11.5,7.1,1180.5,316.1,34.85,9.1,RIGHT,33.852,1.029,23.28,0.073,0.0,inf
14521,BRA_A,BRA,LEFT,14523,head,,4.8,shoulder,4.912,125.834,5.19,6.82,1164.8,290.2,37.5,9.0,RIGHT,30.738,1.22,48.06,0.497,2.0,inf
14521,BRA_B,BRA,LEFT,14523,shoulder,left,5.591,head,5.609,105.311,4.42,4.15,1164.8,290.2,37.5,9.0,RIGHT,25.725,1.458,55.97,0.942,2.0,inf
14521,ISR_A,ISR,RIGHT,14523,head,,1.1,chest,1.39,119.85,10.27,5.58,1164.8,290.2,37.5,9.0,RIGHT,29.276,1.281,11.06,0.619,0.0,inf
14521,ISR_B,ISR,RIGHT,14523,head,,2.332,chest,2.597,139.289,10.35,7.73,1164.8,290.2,37.5,9.0,RIGHT,34.025,1.102,23.38,0.243,0.0,inf
14533,BRA_A,BRA,LEFT,14535,shoulder,left,3.585,head,3.6,129.207,4.82,7.22,1107.0,540.8,38.2,61.4,RIGHT,31.562,1.21,35.91,0.477,2.0,inf
14533,BRA_B,BRA,LEFT,14535,hand,left,4.298,arm,4.335,105.026,3.91,4.1,1107.0,540.8,38.2,61.4,RIGHT,25.655,1.489,43.04,0.995,2.0,inf
14533,ISR_A,ISR,RIGHT,14533,hand,right,0.241,arm,0.251,114.957,10.5,5.02,1107.0,540.8,38.2,61.4,RIGHT,28.081,1.36,2.41,0.769,0.0,3.179
14533,ISR_B,ISR,RIGHT,14533,head,,0.066,chest,0.282,136.787,9.76,7.54,1107.0,540.8,38.2,61.4,RIGHT,33.414,1.143,0.66,0.335,0.0,0.995
14549,BRA_A,BRA,LEFT,14548,head,,0.025,chest,0.328,134.276,3.89,7.82,228.4,567.8,32.325,17.3,LEFT,32.8,0.986,0.28,0.036,0.0,0.316
14549,BRA_B,BRA,LEFT,14547,hand,right,0.078,arm,0.171,105.858,3.36,4.32,228.4,567.8,32.325,17.3,LEFT,25.859,1.25,0.84,0.558,0.0,1.398
14549,ISR_A,ISR,RIGHT,14547,foot,right,7.256,shin,7.354,115.965,10.8,5.14,228.4,567.8,32.325,17.3,LEFT,28.327,1.141,72.62,0.33,2.0,inf
14549,ISR_B,ISR,RIGHT,14547,head,,5.117,shoulder,5.224,143.074,9.15,8.18,228.4,567.8,32.325,17.3,LEFT,34.949,0.925,51.23,0.195,2.0,inf
14607,BRA_A,BRA,RIGHT,14609,head,,2.431,chest,2.667,108.04,14.07,3.77,1413.0,96.8,28.5,12.0,RIGHT,26.392,1.08,24.37,0.192,0.0,inf
14607,BRA_B,BRA,RIGHT,14609,head,,2.838,chest,2.956,114.452,11.55,4.86,1413.0,96.8,28.5,12.0,RIGHT,27.958,1.019,28.44,0.048,0.0,inf
14607,ISR_A,ISR,LEFT,14609,head,,9.671,chest,9.872,117.611,2.6,6.06,1413.0,96.8,28.5,12.0,RIGHT,28.729,0.992,96.77,0.02,2.0,inf
14607,ISR_B,ISR,LEFT,14609,hand,left,9.39,arm,9.404,95.081,3.67,2.41,1413.0,96.8,28.5,12.0,RIGHT,23.226,1.227,93.96,0.512,2.0,inf
14619,BRA_A,BRA,RIGHT,14620,hand,left,1.112,thigh,1.144,103.854,12.75,3.07,1245.0,468.0,27.0,50.7,RIGHT,25.369,1.064,11.15,0.156,0.0,inf
14619,BRA_B,BRA,RIGHT,14619,chest,,0.049,torso,0.139,112.115,11.07,4.65,1245.0,468.0,27.0,50.7,RIGHT,27.387,0.986,0.49,0.036,0.0,0.526
14619,ISR_A,ISR,LEFT,14621,hand,right,6.232,arm,6.353,116.987,3.93,5.87,1245.0,468.0,27.0,50.7,RIGHT,28.577,0.945,62.38,0.142,2.0,inf
14619,ISR_B,ISR,LEFT,14620,foot,left,6.769,shin,6.899,95.2,3.99,2.41,1245.0,468.0,27.0,50.7,RIGHT,23.255,1.161,67.72,0.373,2.0,inf
14625,BRA_A,BRA,RIGHT,14623,hand,left,1.193,head,1.22,103.2,12.29,3.22,1204.5,273.0,27.6,7.2,RIGHT,25.209,1.095,11.99,0.227,0.0,inf
14625,BRA_B,BRA,RIGHT,14623,shoulder,left,1.05,chest,1.106,111.353,10.91,4.43,1204.5,273.0,27.6,7.2,RIGHT,27.201,1.015,10.56,0.036,0.0,inf
14625,ISR_A,ISR,LEFT,14627,hand,left,5.641,head,5.687,114.796,4.84,5.5,1204.5,273.0,27.6,7.2,RIGHT,28.042,0.984,56.47,0.04,2.0,inf
14625,ISR_B,ISR,LEFT,14624,foot,left,6.835,shin,6.896,94.273,3.95,2.09,1204.5,273.0,27.6,7.2,RIGHT,23.028,1.199,68.38,0.453,2.0,inf
14651,BRA_A,BRA,RIGHT,14652,foot,right,-0.112,shin,0.101,98.447,9.82,2.5,988.5,301.2,25.8,44.5,NET,24.048,1.073,0.03,0.176,0.0,0.206
14651,BRA_B,BRA,RIGHT,14653,head,,2.443,shoulder,2.594,120.026,11.18,5.61,988.5,301.2,25.8,44.5,NET,29.319,0.88,24.49,0.32,0.0,inf
14651,ISR_A,ISR,LEFT,14651,foot,right,-0.048,shin,0.261,97.049,7.57,2.44,988.5,301.2,25.8,44.5,NET,23.707,1.088,0.0,0.212,0.0,0.212
14651,ISR_B,ISR,LEFT,14651,head,,3.505,shoulder,3.509,96.066,4.8,2.38,988.5,301.2,25.8,44.5,NET,23.467,1.099,35.05,0.237,0.0,inf
14668,BRA_A,BRA,RIGHT,14668,thigh,right,1.058,head,1.077,117.725,9.52,5.49,1227.0,518.2,25.15,31.5,RIGHT,28.757,0.875,10.58,0.335,0.0,inf
14668,BRA_B,BRA,RIGHT,14668,shoulder,left,0.469,hand,0.483,121.985,11.43,5.97,1227.0,518.2,25.15,31.5,RIGHT,29.798,0.844,4.69,0.424,0.0,inf
14668,ISR_A,ISR,LEFT,14668,foot,left,1.99,torso,2.005,115.172,8.38,5.31,1227.0,518.2,25.15,31.5,RIGHT,28.134,0.894,19.9,0.28,2.0,inf
14668,ISR_B,ISR,LEFT,14666,foot,left,4.644,shin,4.734,98.98,5.82,2.91,1227.0,518.2,25.15,31.5,RIGHT,24.178,1.04,46.5,0.099,2.0,inf
14730,BRA_A,BRA,RIGHT,14732,head,,-0.251,chest,-0.185,100.684,13.42,1.92,1454.2,483.0,29.6,76.4,RIGHT,24.595,1.204,0.06,0.463,0.0,0.523
14730,BRA_B,BRA,RIGHT,14730,chest,,-0.031,shoulder,0.061,115.465,12.91,4.93,1454.2,483.0,29.6,76.4,RIGHT,28.205,1.049,0.0,0.121,0.0,0.121
14730,ISR_A,ISR,LEFT,14732,hand,right,7.856,arm,7.971,118.329,3.99,6.07,1454.2,483.0,29.6,76.4,RIGHT,28.905,1.024,78.62,0.059,2.0,inf
14730,ISR_B,ISR,LEFT,14732,foot,left,8.762,shin,8.919,95.584,4.03,2.47,1454.2,483.0,29.6,76.4,RIGHT,23.349,1.268,87.68,0.593,2.0,inf
14736,BRA_A,BRA,RIGHT,14734,head,,0.363,shoulder,0.536,100.684,13.13,1.86,1399.5,279.8,27.55,7.4,RIGHT,24.595,1.12,3.69,0.284,0.0,3.974
14736,BRA_B,BRA,RIGHT,14735,hand,right,0.646,arm,0.783,114.784,12.33,4.78,1399.5,279.8,27.55,7.4,RIGHT,28.039,0.983,6.49,0.044,0.0,inf
14736,ISR_A,ISR,LEFT,14738,hand,left,7.21,arm,7.292,114.968,4.84,5.55,1399.5,279.8,27.55,7.4,RIGHT,28.084,0.981,72.16,0.048,2.0,inf
14736,ISR_B,ISR,LEFT,14736,foot,left,8.553,shin,8.588,95.554,4.07,2.02,1399.5,279.8,27.55,7.4,RIGHT,23.342,1.18,85.53,0.414,2.0,inf
14760,BRA_A,BRA,RIGHT,14762,foot,right,0.022,shin,0.11,99.82,10.44,2.38,1123.5,244.5,28.15,12.8,RIGHT,24.384,1.154,0.28,0.359,0.0,0.639
14760,BRA_B,BRA,RIGHT,14762,head,,2.575,chest,2.798,125.574,11.96,6.19,1123.5,244.5,28.15,12.8,RIGHT,30.675,0.918,25.81,0.215,0.0,inf
14760,ISR_A,ISR,LEFT,14762,head,,3.557,chest,3.725,117.25,6.1,5.71,1123.5,244.5,28.15,12.8,RIGHT,28.641,0.983,35.63,0.043,2.0,inf
14760,ISR_B,ISR,LEFT,14762,hand,left,5.116,arm,5.132,93.358,4.53,1.99,1123.5,244.5,28.15,12.8,RIGHT,22.805,1.234,51.22,0.526,2.0,inf
14765,BRA_A,BRA,RIGHT,14763,foot,right,-0.057,shin,0.024,102.967,10.37,3.24,991.5,384.4,28.45,28.0,NET,25.152,1.131,0.06,0.308,0.0,0.368
14765,BRA_B,BRA,RIGHT,14763,head,,2.572,chest,2.804,125.574,11.96,6.19,991.5,384.4,28.45,28.0,NET,30.675,0.927,25.78,0.188,0.0,inf
14765,ISR_A,ISR,LEFT,14767,head,,2.148,hand,2.17,118.503,5.91,5.89,991.5,384.4,28.45,28.0,NET,28.947,0.983,21.54,0.043,0.0,inf
14765,ISR_B,ISR,LEFT,14767,foot,left,2.782,shin,2.892,95.683,4.87,2.42,991.5,384.4,28.45,28.0,NET,23.373,1.217,27.88,0.491,0.0,inf
14777,BRA_A,BRA,RIGHT,14775,hand,left,2.709,arm,2.949,119.346,9.77,5.65,635.2,687.8,27.4,67.0,LEFT,29.153,0.94,27.15,0.155,2.0,inf
14777,BRA_B,BRA,RIGHT,14775,foot,left,5.267,thigh,5.387,126.256,12.06,6.26,635.2,687.8,27.4,67.0,LEFT,30.841,0.888,52.73,0.296,2.0,inf
14777,ISR_A,ISR,LEFT,14777,shin,left,-0.143,thigh,-0.12,122.218,5.44,6.42,635.2,687.8,27.4,67.0,LEFT,29.855,0.918,0.0,0.215,0.0,0.215
14777,ISR_B,ISR,LEFT,14779,foot,right,0.693,shin,0.715,95.511,5.28,2.35,635.2,687.8,27.4,67.0,LEFT,23.331,1.174,6.99,0.402,0.0,inf
14788,BRA_A,BRA,RIGHT,14786,head,,3.707,shoulder,3.715,122.986,9.71,6.07,669.7,288.5,33.175,9.0,LEFT,30.043,1.104,37.13,0.248,2.0,inf
14788,BRA_B,BRA,RIGHT,14787,head,,5.911,chest,6.11,130.106,12.28,6.66,669.7,288.5,33.175,9.0,LEFT,31.782,1.044,59.14,0.107,2.0,inf
14788,ISR_A,ISR,LEFT,14786,head,,2.666,foot,2.719,131.901,5.17,7.5,669.7,288.5,33.175,9.0,LEFT,32.22,1.03,26.72,0.073,0.0,inf
14788,ISR_B,ISR,LEFT,14786,head,,0.421,shoulder,0.61,97.811,5.79,2.74,669.7,288.5,33.175,9.0,LEFT,23.893,1.388,4.27,0.821,0.0,5.091
14815,BRA_A,BRA,RIGHT,14815,head,,3.314,hand,3.355,113.344,11.11,4.71,855.7,435.0,27.0,50.4,LEFT,27.687,0.975,33.14,0.063,2.0,inf
14815,BRA_B,BRA,RIGHT,14815,head,,5.264,chest,5.418,126.783,13.27,6.2,855.7,435.0,27.0,50.4,LEFT,30.97,0.872,52.64,0.343,2.0,inf
14815,ISR_A,ISR,LEFT,14815,head,,2.108,chest,2.39,130.624,5.25,7.33,855.7,435.0,27.0,50.4,LEFT,31.908,0.846,21.08,0.418,0.0,inf
14815,ISR_B,ISR,LEFT,14815,head,,-0.211,chest,-0.078,109.616,7.58,4.58,855.7,435.0,27.0,50.4,LEFT,26.777,1.008,0.0,0.021,0.0,0.021
14849,BRA_A,BRA,RIGHT,14851,foot,right,1.536,shin,1.551,107.098,12.45,3.72,1030.5,431.6,30.0,44.5,NET,26.161,1.147,15.42,0.342,0.0,inf
14849,BRA_B,BRA,RIGHT,14851,thigh,right,2.029,head,2.048,132.392,12.28,6.89,1030.5,431.6,30.0,44.5,NET,32.34,0.928,20.35,0.188,0.0,inf
14849,ISR_A,ISR,LEFT,14849,foot,right,0.001,shin,0.169,115.612,8.19,5.75,1030.5,431.6,30.0,44.5,NET,28.241,1.062,0.01,0.151,0.0,0.161
14849,ISR_B,ISR,LEFT,14848,arm,left,1.328,hand,1.379,104.506,6.91,3.94,1030.5,431.6,30.0,44.5,NET,25.528,1.175,13.31,0.404,0.0,inf
14855,BRA_A,BRA,RIGHT,14853,foot,right,1.075,shin,1.167,106.267,12.45,3.59,1411.5,831.8,30.0,82.8,RIGHT,25.958,1.156,10.81,0.362,0.0,inf
14855,BRA_B,BRA,RIGHT,14856,foot,left,0.305,shin,0.39,130.922,12.32,6.56,1411.5,831.8,30.0,82.8,RIGHT,31.981,0.938,3.08,0.16,0.0,3.24
14855,ISR_A,ISR,LEFT,14853,arm,right,2.404,hand,2.473,119.029,8.14,5.53,1411.5,831.8,30.0,82.8,RIGHT,29.076,1.032,24.1,0.078,2.0,inf
14855,ISR_B,ISR,LEFT,14853,foot,left,4.586,shin,4.658,103.489,6.67,3.66,1411.5,831.8,30.0,82.8,RIGHT,25.28,1.187,45.92,0.428,2.0,inf
14865,BRA_A,BRA,RIGHT,14863,foot,left,3.557,shin,3.575,106.763,12.43,3.67,1833.0,751.2,35.65,7.3,RIGHT,26.08,1.367,35.63,0.781,0.0,inf
14865,BRA_B,BRA,RIGHT,14863,hand,right,1.698,arm,1.77,133.47,12.35,7.0,1833.0,751.2,35.65,7.3,RIGHT,32.603,1.093,17.04,0.223,0.0,inf
14865,ISR_A,ISR,LEFT,14863,hand,right,5.689,arm,5.705,126.205,8.07,6.41,1833.0,751.2,35.65,7.3,RIGHT,30.829,1.156,56.95,0.363,2.0,inf
14865,ISR_B,ISR,LEFT,14863,foot,left,8.839,shin,9.047,104.344,6.65,3.8,1833.0,751.2,35.65,7.3,RIGHT,25.489,1.399,88.45,0.839,2.0,inf
14911,BRA_A,BRA,RIGHT,14913,head,,0.578,shoulder,0.778,95.822,13.67,1.67,1431.0,204.4,27.35,7.2,RIGHT,23.407,1.168,5.84,0.389,0.0,inf
14911,BRA_B,BRA,RIGHT,14913,hand,right,1.642,arm,1.723,108.797,12.1,3.98,1431.0,204.4,27.35,7.2,RIGHT,26.576,1.029,16.48,0.072,0.0,inf
14911,ISR_A,ISR,LEFT,14913,head,,9.519,thigh,9.633,118.746,2.86,6.19,1431.0,204.4,27.35,7.2,RIGHT,29.007,0.943,95.25,0.147,2.0,inf
14911,ISR_B,ISR,LEFT,14913,hand,left,8.813,arm,8.839,97.338,3.91,2.82,1431.0,204.4,27.35,7.2,RIGHT,23.777,1.15,88.19,0.35,2.0,inf
14918,BRA_A,BRA,RIGHT,14916,arm,right,-0.115,shoulder,-0.013,95.084,13.27,1.53,1357.5,436.1,27.0,58.4,RIGHT,23.227,1.162,0.06,0.376,0.0,0.436
14918,BRA_B,BRA,RIGHT,14918,chest,,0.016,shoulder,0.04,108.716,11.95,4.02,1357.5,436.1,27.0,58.4,RIGHT,26.557,1.017,0.16,0.041,0.0,0.201
14918,ISR_A,ISR,LEFT,14919,foot,right,7.953,shin,8.157,118.266,3.3,6.09,1357.5,436.1,27.0,58.4,RIGHT,28.89,0.935,79.56,0.169,2.0,inf
14918,ISR_B,ISR,LEFT,14920,hand,left,8.052,arm,8.096,94.589,3.93,2.29,1357.5,436.1,27.0,58.4,RIGHT,23.106,1.169,80.58,0.389,2.0,inf
14928,BRA_A,BRA,RIGHT,14926,head,,1.228,shoulder,1.464,94.123,11.92,1.49,1263.8,169.1,26.85,8.2,RIGHT,22.992,1.168,12.34,0.388,0.0,inf
14928,BRA_B,BRA,RIGHT,14926,head,,1.865,hand,1.884,108.739,11.93,4.02,1263.8,169.1,26.85,8.2,RIGHT,26.562,1.011,18.71,0.027,0.0,inf
14928,ISR_A,ISR,LEFT,14930,head,,7.672,chest,7.909,117.237,3.62,5.93,1263.8,169.1,26.85,8.2,RIGHT,28.638,0.938,76.78,0.161,2.0,inf
14928,ISR_B,ISR,LEFT,14930,shoulder,left,7.565,thigh,7.603,93.522,4.2,2.04,1263.8,169.1,26.85,8.2,RIGHT,22.845,1.175,75.71,0.404,2.0,inf
14934,BRA_A,BRA,RIGHT,14932,head,,2.459,chest,2.66,101.777,10.93,2.99,1195.5,79.6,27.0,7.3,RIGHT,24.862,1.086,24.65,0.206,0.0,inf
14934,BRA_B,BRA,RIGHT,14932,head,,2.938,shoulder,3.129,110.532,11.8,4.29,1195.5,79.6,27.0,7.3,RIGHT,27.0,1.0,29.44,0.0,0.0,inf
14934,ISR_A,ISR,LEFT,14936,head,,7.11,chest,7.372,119.342,3.76,6.21,1195.5,79.6,27.0,7.3,RIGHT,29.152,0.926,71.16,0.192,2.0,inf
14934,ISR_B,ISR,LEFT,14936,head,,6.72,shoulder,6.767,93.53,4.4,2.04,1195.5,79.6,27.0,7.3,RIGHT,22.847,1.182,67.26,0.418,2.0,inf
14954,BRA_A,BRA,RIGHT,14952,foot,right,-0.001,shin,0.211,96.174,9.88,2.07,953.2,334.7,25.1,7.8,NET,23.493,1.068,0.06,0.165,0.0,0.225
14954,BRA_B,BRA,RIGHT,14952,head,,3.64,shoulder,3.751,114.517,12.45,4.79,953.2,334.7,25.1,7.8,NET,27.974,0.897,36.46,0.271,0.0,inf
14954,ISR_A,ISR,LEFT,14956,head,,2.486,hand,2.492,117.452,5.78,5.8,953.2,334.7,25.1,7.8,NET,28.691,0.875,24.92,0.334,0.0,inf
14954,ISR_B,ISR,LEFT,14956,hand,left,1.013,arm,1.085,102.583,6.67,3.53,953.2,334.7,25.1,7.8,NET,25.059,1.002,10.19,0.004,0.0,inf
14959,BRA_A,BRA,RIGHT,14957,torso,,1.372,thigh,1.393,103.011,9.82,3.35,879.0,481.5,25.5,56.6,LEFT,25.163,1.013,13.78,0.033,2.0,inf
14959,BRA_B,BRA,RIGHT,14957,foot,right,4.171,head,4.223,115.166,12.53,4.87,879.0,481.5,25.5,56.6,LEFT,28.132,0.906,41.77,0.246,2.0,inf
14959,ISR_A,ISR,LEFT,14959,hand,right,1.464,arm,1.595,117.452,5.91,5.77,879.0,481.5,25.5,56.6,LEFT,28.691,0.889,14.64,0.295,0.0,inf
14959,ISR_B,ISR,LEFT,14959,foot,right,-0.132,shin,-0.046,102.745,6.94,3.56,879.0,481.5,25.5,56.6,LEFT,25.098,1.016,0.0,0.04,0.0,0.04
14981,BRA_A,BRA,RIGHT,14983,shoulder,right,0.911,chest,0.965,109.764,9.73,4.36,998.4,378.0,26.45,12.5,NET,26.813,0.986,9.17,0.034,0.0,inf
14981,BRA_B,BRA,RIGHT,14983,head,,3.087,chest,3.298,117.542,12.65,5.17,998.4,378.0,26.45,12.5,NET,28.713,0.921,30.93,0.205,0.0,inf
14981,ISR_A,ISR,LEFT,14983,head,,1.3,shoulder,1.429,112.304,7.29,4.94,998.4,378.0,26.45,12.5,NET,27.433,0.964,13.06,0.091,0.0,inf
14981,ISR_B,ISR,LEFT,14981,shoulder,left,1.334,thigh,1.356,98.109,7.29,2.26,998.4,378.0,26.45,12.5,NET,23.966,1.104,13.34,0.247,0.0,inf
14990,BRA_A,BRA,RIGHT,14989,foot,right,0.713,shin,0.744,108.899,9.93,4.2,972.7,523.5,26.3,32.3,NET,26.601,0.989,7.16,0.028,0.0,inf
14990,BRA_B,BRA,RIGHT,14988,head,,3.141,chest,3.328,117.376,12.52,5.16,972.7,523.5,26.3,32.3,NET,28.672,0.917,31.47,0.216,0.0,inf
14990,ISR_A,ISR,LEFT,14990,shin,right,0.023,foot,0.053,105.94,8.2,3.91,972.7,523.5,26.3,32.3,NET,25.879,1.016,0.23,0.04,0.0,0.27
14990,ISR_B,ISR,LEFT,14992,foot,left,0.63,shin,0.637,94.652,7.17,2.12,972.7,523.5,26.3,32.3,NET,23.121,1.137,6.36,0.322,0.0,inf
15004,BRA_A,BRA,RIGHT,15002,head,,4.344,thigh,4.358,106.998,11.09,3.74,731.6,337.7,24.75,37.2,LEFT,26.137,0.947,43.5,0.136,2.0,inf
15004,BRA_B,BRA,RIGHT,15002,head,,5.613,foot,5.782,117.444,12.55,5.18,731.6,337.7,24.75,37.2,LEFT,28.689,0.863,56.19,0.369,2.0,inf
15004,ISR_A,ISR,LEFT,15002,head,,1.193,shoulder,1.344,113.992,7.89,5.12,731.6,337.7,24.75,37.2,LEFT,27.845,0.889,11.99,0.295,0.0,inf
15004,ISR_B,ISR,LEFT,15004,head,,-0.011,chest,0.008,95.859,6.52,2.38,731.6,337.7,24.75,37.2,LEFT,23.416,1.057,0.0,0.139,0.0,0.139
15024,BRA_A,BRA,RIGHT,15026,head,,2.047,chest,2.26,105.962,13.78,3.3,1300.5,169.2,24.2,7.7,RIGHT,25.884,0.935,20.53,0.168,0.0,inf
15024,BRA_B,BRA,RIGHT,15026,head,,2.761,shoulder,2.949,119.801,13.38,5.39,1300.5,169.2,24.2,7.7,RIGHT,29.264,0.827,27.67,0.475,0.0,inf
15024,ISR_A,ISR,LEFT,15022,head,,4.539,shoulder,4.741,116.653,6.98,5.56,1300.5,169.2,24.2,7.7,RIGHT,28.495,0.849,45.45,0.408,2.0,inf
15024,ISR_B,ISR,LEFT,15022,hand,left,6.577,arm,6.63,100.18,4.53,3.28,1300.5,169.2,24.2,7.7,RIGHT,24.472,0.989,65.83,0.028,2.0,inf
15030,BRA_A,BRA,RIGHT,15032,head,,0.487,hand,0.583,101.398,14.78,2.16,1463.3,263.6,23.625,9.4,RIGHT,24.769,0.954,4.93,0.118,0.0,inf
15030,BRA_B,BRA,RIGHT,15032,head,,1.317,chest,1.538,119.671,13.31,5.38,1463.3,263.6,23.625,9.4,RIGHT,29.233,0.808,13.23,0.532,0.0,inf
15030,ISR_A,ISR,LEFT,15028,head,,5.898,hand,6.008,116.058,6.47,5.52,1463.3,263.6,23.625,9.4,RIGHT,28.35,0.833,59.04,0.456,2.0,inf
15030,ISR_B,ISR,LEFT,15028,head,,8.511,shoulder,8.537,101.016,4.15,3.46,1463.3,263.6,23.625,9.4,RIGHT,24.676,0.957,85.17,0.109,2.0,inf
15035,BRA_A,BRA,RIGHT,15035,foot,right,-0.162,shin,-0.143,100.529,14.84,2.59,1570.6,377.5,22.575,58.8,RIGHT,24.557,0.919,0.0,0.21,0.0,0.21
15035,BRA_B,BRA,RIGHT,15035,head,,0.722,chest,0.913,119.372,13.19,5.32,1570.6,377.5,22.575,58.8,RIGHT,29.16,0.774,7.22,0.64,0.0,inf
15035,ISR_A,ISR,LEFT,15033,head,,7.038,thigh,7.101,116.048,6.17,5.56,1570.6,377.5,22.575,58.8,RIGHT,28.348,0.796,70.44,0.569,2.0,inf
15035,ISR_B,ISR,LEFT,15033,shoulder,left,9.829,head,9.866,101.264,3.95,3.54,1570.6,377.5,22.575,58.8,RIGHT,24.736,0.913,98.35,0.229,2.0,inf
15055,BRA_A,BRA,RIGHT,15057,head,,2.355,chest,2.566,97.864,15.06,1.84,1389.0,158.8,27.4,8.2,RIGHT,23.906,1.146,23.61,0.341,0.0,inf
15055,BRA_B,BRA,RIGHT,15057,head,,2.233,chest,2.397,114.59,11.42,4.89,1389.0,158.8,27.4,8.2,RIGHT,27.992,0.979,22.39,0.053,0.0,inf
15055,ISR_A,ISR,LEFT,15057,head,,7.284,chest,7.507,116.043,4.66,5.52,1389.0,158.8,27.4,8.2,RIGHT,28.346,0.967,72.9,0.085,2.0,inf
15055,ISR_B,ISR,LEFT,15057,hand,left,8.6,arm,8.609,100.902,3.93,3.46,1389.0,158.8,27.4,8.2,RIGHT,24.648,1.112,86.06,0.265,2.0,inf
15069,BRA_A,BRA,RIGHT,15071,hand,left,1.309,thigh,1.363,94.401,12.98,1.34,1213.5,441.0,24.575,46.3,RIGHT,23.06,1.066,13.15,0.159,0.0,inf
15069,BRA_B,BRA,RIGHT,15069,chest,,0.08,shoulder,0.147,108.817,10.75,4.13,1213.5,441.0,24.575,46.3,RIGHT,26.581,0.925,0.8,0.196,0.0,0.996
15069,ISR_A,ISR,LEFT,15070,head,,5.095,thigh,5.284,115.731,4.89,5.62,1213.5,441.0,24.575,46.3,RIGHT,28.27,0.869,50.98,0.35,2.0,inf
15069,ISR_B,ISR,LEFT,15069,thigh,right,6.48,knee,6.5,98.704,4.16,3.18,1213.5,441.0,24.575,46.3,RIGHT,24.111,1.019,64.8,0.048,2.0,inf
15100,BRA_A,BRA,RIGHT,15100,head,,-0.027,chest,0.07,95.625,9.85,1.96,1093.5,286.5,25.5,51.6,RIGHT,23.359,1.092,0.0,0.219,0.0,0.219
15100,BRA_B,BRA,RIGHT,15100,head,,1.25,chest,1.465,115.634,10.16,5.14,1093.5,286.5,25.5,51.6,RIGHT,28.247,0.903,12.5,0.256,0.0,inf
15100,ISR_A,ISR,LEFT,15102,head,,1.671,chest,1.93,103.613,6.86,3.51,1093.5,286.5,25.5,51.6,RIGHT,25.31,1.008,16.77,0.019,2.0,inf
15100,ISR_B,ISR,LEFT,15102,head,,5.31,hand,5.372,104.043,3.32,4.2,1093.5,286.5,25.5,51.6,RIGHT,25.415,1.003,53.16,0.008,2.0,inf
15114,BRA_A,BRA,RIGHT,15112,thigh,right,5.113,knee,5.133,106.321,9.37,3.89,354.6,580.2,25.5,79.0,LEFT,25.972,0.982,51.19,0.046,2.0,inf
15114,BRA_B,BRA,RIGHT,15112,foot,left,5.717,head,5.738,115.857,10.4,5.15,354.6,580.2,25.5,79.0,LEFT,28.301,0.901,57.23,0.261,2.0,inf
15114,ISR_A,ISR,LEFT,15112,foot,left,3.032,hand,3.069,97.108,6.68,2.53,354.6,580.2,25.5,79.0,LEFT,23.721,1.075,30.38,0.181,0.0,inf
15114,ISR_B,ISR,LEFT,15114,shin,left,-0.126,thigh,-0.115,110.147,2.59,4.82,354.6,580.2,25.5,79.0,LEFT,26.906,0.948,0.0,0.134,0.0,0.134
15145,BRA_A,BRA,RIGHT,15145,foot,left,7.498,shin,7.6,103.968,10.66,3.38,346.9,432.0,21.0,33.3,LEFT,25.397,0.827,74.98,0.475,2.0,inf
15145,BRA_B,BRA,RIGHT,15145,foot,left,8.18,shin,8.245,120.187,11.8,5.64,346.9,432.0,21.0,33.3,LEFT,29.359,0.715,81.8,0.838,2.0,inf
15145,ISR_A,ISR,LEFT,15145,foot,left,3.054,shin,3.231,92.943,5.6,1.81,346.9,432.0,21.0,33.3,LEFT,22.704,0.925,30.54,0.195,0.0,inf
15145,ISR_B,ISR,LEFT,15145,head,,2.085,chest,2.261,125.636,2.37,7.07,346.9,432.0,21.0,33.3,LEFT,30.69,0.684,20.85,0.949,0.0,inf
15159,BRA_A,BRA,RIGHT,15159,foot,right,8.247,shin,8.322,103.126,11.3,3.21,343.6,391.2,19.5,8.0,LEFT,25.191,0.774,82.47,0.64,2.0,inf
15159,BRA_B,BRA,RIGHT,15159,foot,right,8.935,shin,9.007,119.715,12.52,5.47,343.6,391.2,19.5,8.0,LEFT,29.243,0.667,89.35,1.013,2.0,inf
15159,ISR_A,ISR,LEFT,15159,arm,left,3.029,shoulder,3.094,92.166,5.37,1.67,343.6,391.2,19.5,8.0,LEFT,22.514,0.866,30.29,0.359,0.0,inf
15159,ISR_B,ISR,LEFT,15159,hand,right,2.627,head,2.7,126.314,2.21,7.17,343.6,391.2,19.5,8.0,LEFT,30.855,0.632,26.27,1.147,0.0,inf
15233,BRA_A,BRA,RIGHT,15235,thigh,left,5.492,knee,5.512,102.632,13.62,2.88,846.0,477.7,27.75,36.9,LEFT,25.071,1.107,54.98,0.254,2.0,inf
15233,BRA_B,BRA,RIGHT,15235,head,,5.102,chest,5.31,124.501,13.34,5.95,846.0,477.7,27.75,36.9,LEFT,30.413,0.912,51.08,0.229,2.0,inf
15233,ISR_A,ISR,LEFT,15234,hand,right,-0.054,arm,-0.032,112.864,7.34,5.0,846.0,477.7,27.75,36.9,LEFT,27.57,1.007,0.03,0.016,0.0,0.046
15233,ISR_B,ISR,LEFT,15232,hand,left,0.789,arm,0.863,96.899,5.9,2.56,846.0,477.7,27.75,36.9,LEFT,23.67,1.172,7.92,0.398,0.0,inf
15258,BRA_A,BRA,RIGHT,15258,foot,left,0.711,shin,0.878,106.856,12.48,3.68,1273.5,638.2,35.05,18.1,RIGHT,26.102,1.343,7.11,0.737,0.0,inf
15258,BRA_B,BRA,RIGHT,15260,hand,right,0.484,arm,0.549,138.086,12.01,7.54,1273.5,638.2,35.05,18.1,RIGHT,33.731,1.039,4.9,0.096,0.0,inf
15258,ISR_A,ISR,LEFT,15256,hand,right,2.823,arm,2.924,113.87,7.59,5.13,1273.5,638.2,35.05,18.1,RIGHT,27.816,1.26,28.29,0.578,2.0,inf
15258,ISR_B,ISR,LEFT,15256,thigh,left,3.8,knee,3.82,95.517,6.98,2.2,1273.5,638.2,35.05,18.1,RIGHT,23.332,1.502,38.06,1.017,2.0,inf
15263,BRA_A,BRA,RIGHT,15261,foot,left,1.5,shin,1.622,107.278,12.42,3.78,1367.1,889.7,37.3,105.1,RIGHT,26.205,1.423,15.06,0.883,0.0,inf
15263,BRA_B,BRA,RIGHT,15264,foot,right,-0.109,thigh,-0.034,145.378,11.63,8.14,1367.1,889.7,37.3,105.1,RIGHT,35.512,1.05,0.03,0.123,0.0,0.153
15263,ISR_A,ISR,LEFT,15261,foot,right,3.921,shin,4.041,113.613,7.42,5.11,1367.1,889.7,37.3,105.1,RIGHT,27.753,1.344,39.27,0.739,2.0,inf
15263,ISR_B,ISR,LEFT,15265,thigh,left,5.531,knee,5.551,96.856,7.21,1.77,1367.1,889.7,37.3,105.1,RIGHT,23.66,1.577,55.37,1.138,2.0,inf
15269,BRA_A,BRA,RIGHT,15271,foot,right,0.078,shin,0.186,107.685,11.95,3.95,1324.5,670.2,33.0,21.7,RIGHT,26.305,1.255,0.84,0.567,0.0,1.407
15269,BRA_B,BRA,RIGHT,15267,head,,0.077,shoulder,0.244,152.033,11.0,8.87,1324.5,670.2,33.0,21.7,RIGHT,37.138,0.889,0.83,0.295,0.0,1.125
15269,ISR_A,ISR,LEFT,15271,foot,left,3.732,shin,3.875,112.24,7.17,4.96,1324.5,670.2,33.0,21.7,RIGHT,27.418,1.204,37.38,0.463,2.0,inf
15269,ISR_B,ISR,LEFT,15271,foot,left,4.242,shin,4.268,100.212,7.33,3.04,1324.5,670.2,33.0,21.7,RIGHT,24.479,1.348,42.48,0.747,2.0,inf
15289,BRA_A,BRA,RIGHT,15289,shin,right,-0.148,foot,-0.13,112.114,10.71,4.64,1171.5,566.3,27.05,54.4,RIGHT,27.387,0.988,0.0,0.031,0.0,0.031
15289,BRA_B,BRA,RIGHT,15289,head,,1.278,chest,1.511,149.423,11.05,8.67,1171.5,566.3,27.05,54.4,RIGHT,36.5,0.741,12.78,0.749,0.0,inf
15289,ISR_A,ISR,LEFT,15288,hand,left,3.785,arm,3.866,114.871,5.85,5.42,1171.5,566.3,27.05,54.4,RIGHT,28.06,0.964,37.88,0.092,2.0,inf
15289,ISR_B,ISR,LEFT,15291,hand,left,3.309,arm,3.342,99.941,6.75,3.04,1171.5,566.3,27.05,54.4,RIGHT,24.413,1.108,33.15,0.256,2.0,inf
15306,BRA_A,BRA,RIGHT,15304,head,,2.571,shoulder,2.705,111.564,10.39,4.57,1116.0,97.5,31.05,10.1,RIGHT,27.252,1.139,25.77,0.326,0.0,inf
15306,BRA_B,BRA,RIGHT,15304,head,,3.64,shoulder,3.871,137.822,10.41,7.58,1116.0,97.5,31.05,10.1,RIGHT,33.667,0.922,36.46,0.202,0.0,inf
15306,ISR_A,ISR,LEFT,15305,head,,4.436,hand,4.506,123.849,6.44,6.51,1116.0,97.5,31.05,10.1,RIGHT,30.253,1.026,44.39,0.065,2.0,inf
15306,ISR_B,ISR,LEFT,15304,head,,3.992,shoulder,4.013,97.509,6.51,2.62,1116.0,97.5,31.05,10.1,RIGHT,23.819,1.304,39.98,0.663,2.0,inf
15317,BRA_A,BRA,RIGHT,15319,head,,2.455,shoulder,2.561,111.332,10.51,4.49,1069.5,122.4,33.4,11.0,RIGHT,27.196,1.228,24.61,0.514,0.0,inf
15317,BRA_B,BRA,RIGHT,15319,head,,3.33,chest,3.577,130.831,10.46,6.89,1069.5,122.4,33.4,11.0,RIGHT,31.959,1.045,33.36,0.11,0.0,inf
15317,ISR_A,ISR,LEFT,15319,hand,left,2.945,arm,3.038,121.878,7.72,5.74,1069.5,122.4,33.4,11.0,RIGHT,29.772,1.122,29.51,0.287,2.0,inf
15317,ISR_B,ISR,LEFT,15319,shoulder,left,3.256,head,3.289,95.55,6.48,2.29,1069.5,122.4,33.4,11.0,RIGHT,23.341,1.431,32.62,0.896,2.0,inf
15327,BRA_A,BRA,RIGHT,15329,hand,right,1.103,arm,1.113,112.599,10.64,4.69,1024.5,410.3,29.6,18.5,NET,27.505,1.076,11.09,0.183,0.0,inf
15327,BRA_B,BRA,RIGHT,15329,head,,1.806,chest,1.964,130.487,10.64,6.83,1024.5,410.3,29.6,18.5,NET,31.875,0.929,18.12,0.185,0.0,inf
15327,ISR_A,ISR,LEFT,15327,foot,right,-0.12,shin,0.177,110.891,7.96,4.68,1024.5,410.3,29.6,18.5,NET,27.088,1.093,0.0,0.222,0.0,0.222
15327,ISR_B,ISR,LEFT,15327,hand,left,1.869,arm,1.914,96.945,6.56,2.47,1024.5,410.3,29.6,18.5,NET,23.681,1.25,18.69,0.558,0.0,inf
15336,BRA_A,BRA,RIGHT,15338,foot,right,0.737,shin,0.813,112.364,10.67,4.65,1080.7,679.5,27.75,40.0,RIGHT,27.448,1.011,7.43,0.027,0.0,inf
15336,BRA_B,BRA,RIGHT,15338,foot,left,0.882,shin,0.988,129.793,11.23,6.67,1080.7,679.5,27.75,40.0,RIGHT,31.705,0.875,8.88,0.333,0.0,inf
15336,ISR_A,ISR,LEFT,15336,hand,right,0.532,arm,0.623,123.835,8.15,6.33,1080.7,679.5,27.75,40.0,RIGHT,30.25,0.917,5.32,0.216,2.0,inf
15336,ISR_B,ISR,LEFT,15334,foot,left,2.711,shin,2.791,96.594,6.49,2.45,1080.7,679.5,27.75,40.0,RIGHT,23.596,1.176,27.17,0.405,2.0,inf
15348,BRA_A,BRA,RIGHT,15347,foot,right,0.129,shin,0.236,109.365,10.89,4.2,1216.5,636.8,28.5,11.0,RIGHT,26.715,1.067,1.32,0.162,0.0,1.482
15348,BRA_B,BRA,RIGHT,15348,hand,left,0.537,arm,0.545,130.41,11.34,6.76,1216.5,636.8,28.5,11.0,RIGHT,31.856,0.895,5.37,0.278,0.0,inf
15348,ISR_A,ISR,LEFT,15347,hand,right,1.652,arm,1.686,129.416,7.99,6.96,1216.5,636.8,28.5,11.0,RIGHT,31.613,0.902,16.55,0.259,2.0,inf
15348,ISR_B,ISR,LEFT,15346,foot,left,3.986,shin,4.075,98.111,6.37,2.75,1216.5,636.8,28.5,11.0,RIGHT,23.966,1.189,39.92,0.433,2.0,inf
15422,BRA_A,BRA,RIGHT,15424,thigh,right,0.912,knee,0.932,112.228,12.36,4.46,1228.5,594.0,28.1,74.4,RIGHT,27.415,1.025,9.18,0.062,0.0,inf
15422,BRA_B,BRA,RIGHT,15422,head,,-0.174,chest,0.03,130.29,10.41,6.9,1228.5,594.0,28.1,74.4,RIGHT,31.827,0.883,0.0,0.311,0.0,0.311
15422,ISR_A,ISR,LEFT,15424,hand,right,5.844,arm,5.957,121.279,4.03,6.43,1228.5,594.0,28.1,74.4,RIGHT,29.625,0.949,58.5,0.132,2.0,inf
15422,ISR_B,ISR,LEFT,15424,foot,right,8.21,shin,8.397,90.647,2.67,1.7,1228.5,594.0,28.1,74.4,RIGHT,22.143,1.269,82.16,0.596,2.0,inf
15435,BRA_A,BRA,RIGHT,15433,head,,1.699,shoulder,1.897,111.83,11.23,4.66,1213.5,223.2,32.2,7.8,RIGHT,27.317,1.179,17.05,0.411,0.0,inf
15435,BRA_B,BRA,RIGHT,15433,hand,right,2.305,arm,2.31,129.047,10.04,6.74,1213.5,223.2,32.2,7.8,RIGHT,31.523,1.021,23.11,0.053,0.0,inf
15435,ISR_A,ISR,LEFT,15434,hand,left,4.942,arm,5.018,119.483,5.56,6.04,1213.5,223.2,32.2,7.8,RIGHT,29.187,1.103,49.45,0.246,2.0,inf
15435,ISR_B,ISR,LEFT,15437,foot,left,7.144,hand,7.249,91.286,3.91,1.59,1213.5,223.2,32.2,7.8,RIGHT,22.299,1.444,71.5,0.919,2.0,inf
15443,BRA_A,BRA,RIGHT,15445,hand,right,1.655,arm,1.756,110.502,10.35,4.57,1198.5,185.4,32.3,7.1,RIGHT,26.993,1.197,16.61,0.449,0.0,inf
15443,BRA_B,BRA,RIGHT,15445,head,,2.73,shoulder,2.827,135.187,9.8,7.36,1198.5,185.4,32.3,7.1,RIGHT,33.023,0.978,27.36,0.055,0.0,inf
15443,ISR_A,ISR,LEFT,15445,hand,right,4.261,head,4.303,119.455,6.89,5.92,1198.5,185.4,32.3,7.1,RIGHT,29.18,1.107,42.67,0.254,2.0,inf
15443,ISR_B,ISR,LEFT,15445,foot,left,6.944,shin,6.973,93.122,3.88,2.0,1198.5,185.4,32.3,7.1,RIGHT,22.747,1.42,69.5,0.877,2.0,inf
15454,BRA_A,BRA,RIGHT,15454,head,,-0.031,chest,0.17,109.485,10.33,4.23,1173.0,375.8,29.05,39.9,RIGHT,26.745,1.086,0.0,0.207,0.0,0.207
15454,BRA_B,BRA,RIGHT,15454,head,,1.496,shoulder,1.657,136.226,9.6,7.5,1173.0,375.8,29.05,39.9,RIGHT,33.277,0.873,14.96,0.34,0.0,inf
15454,ISR_A,ISR,LEFT,15456,hand,left,3.131,arm,3.202,115.387,6.51,5.43,1173.0,375.8,29.05,39.9,RIGHT,28.186,1.031,31.37,0.075,2.0,inf
15454,ISR_B,ISR,LEFT,15456,foot,left,6.525,thigh,6.64,99.554,3.4,3.27,1173.0,375.8,29.05,39.9,RIGHT,24.319,1.195,65.31,0.444,2.0,inf
15467,BRA_A,BRA,RIGHT,15466,shoulder,right,0.868,arm,0.958,117.492,10.11,5.58,1016.3,467.2,33.7,15.4,NET,28.7,1.174,8.71,0.401,0.0,inf
15467,BRA_B,BRA,RIGHT,15468,head,,0.871,chest,1.115,136.436,9.61,7.52,1016.3,467.2,33.7,15.4,NET,33.328,1.011,8.74,0.028,0.0,inf
15467,ISR_A,ISR,LEFT,15469,thigh,right,1.985,knee,2.005,102.83,6.38,3.57,1016.3,467.2,33.7,15.4,NET,25.119,1.342,19.91,0.735,0.0,inf
15467,ISR_B,ISR,LEFT,15469,hand,left,5.396,arm,5.457,101.262,2.95,3.61,1016.3,467.2,33.7,15.4,NET,24.736,1.362,54.02,0.773,0.0,inf
15484,BRA_A,BRA,RIGHT,15482,thigh,right,1.738,knee,1.758,113.381,10.52,4.79,958.4,716.0,29.6,49.6,LEFT,27.696,1.069,17.44,0.166,2.0,inf
15484,BRA_B,BRA,RIGHT,15482,hand,left,0.718,head,0.801,136.51,9.69,7.52,958.4,716.0,29.6,49.6,LEFT,33.346,0.888,7.24,0.298,2.0,inf
15484,ISR_A,ISR,LEFT,15483,foot,right,1.997,shin,2.204,100.173,6.65,3.09,958.4,716.0,29.6,49.6,LEFT,24.47,1.21,20.0,0.476,0.0,inf
15484,ISR_B,ISR,LEFT,15482,foot,left,5.061,shin,5.298,103.652,2.89,4.02,958.4,716.0,29.6,49.6,LEFT,25.32,1.169,50.67,0.39,0.0,inf
15489,BRA_A,BRA,RIGHT,15487,foot,left,2.698,shin,2.84,113.679,10.58,4.84,942.8,913.5,28.5,26.0,LEFT,27.769,1.026,27.04,0.065,2.0,inf
15489,BRA_B,BRA,RIGHT,15487,foot,left,0.893,shin,0.905,136.51,9.69,7.52,942.8,913.5,28.5,26.0,LEFT,33.346,0.855,8.99,0.393,2.0,inf
15489,ISR_A,ISR,LEFT,15487,foot,right,3.375,shin,3.523,99.941,6.81,3.04,942.8,913.5,28.5,26.0,LEFT,24.413,1.167,33.81,0.387,0.0,inf
15489,ISR_B,ISR,LEFT,15487,foot,left,5.628,shin,5.763,103.752,2.87,4.04,942.8,913.5,28.5,26.0,LEFT,25.344,1.125,56.34,0.293,0.0,inf
15495,BRA_A,BRA,RIGHT,15493,foot,left,3.207,shin,3.342,113.623,10.71,4.8,927.0,939.0,30.0,11.2,LEFT,27.755,1.081,32.13,0.194,2.0,inf
15495,BRA_B,BRA,RIGHT,15493,foot,left,1.177,shin,1.189,136.405,9.69,7.51,927.0,939.0,30.0,11.2,LEFT,33.32,0.9,11.83,0.262,2.0,inf
15495,ISR_A,ISR,LEFT,15493,foot,left,3.589,shin,3.721,100.313,7.04,3.08,927.0,939.0,30.0,11.2,LEFT,24.504,1.224,35.95,0.506,0.0,inf
15495,ISR_B,ISR,LEFT,15494,foot,left,5.709,shin,5.909,103.608,2.79,4.02,927.0,939.0,30.0,11.2,LEFT,25.309,1.185,57.12,0.425,0.0,inf
15505,BRA_A,BRA,RIGHT,15505,foot,right,4.144,shin,4.269,109.331,11.05,4.18,882.8,956.2,31.5,12.7,LEFT,26.707,1.179,41.44,0.413,2.0,inf
15505,BRA_B,BRA,RIGHT,15503,foot,left,1.578,shin,1.588,136.418,9.52,7.54,882.8,956.2,31.5,12.7,LEFT,33.324,0.945,15.84,0.141,2.0,inf
15505,ISR_A,ISR,LEFT,15505,foot,left,3.838,shin,3.906,101.019,7.3,3.18,882.8,956.2,31.5,12.7,LEFT,24.676,1.277,38.38,0.61,0.0,inf
15505,ISR_B,ISR,LEFT,15505,foot,left,5.531,shin,5.722,103.487,2.79,4.0,882.8,956.2,31.5,12.7,LEFT,25.279,1.246,55.31,0.55,0.0,inf
15519,BRA_A,BRA,RIGHT,15518,foot,right,4.468,shin,4.669,109.671,11.26,4.19,837.0,965.2,30.8,8.7,LEFT,26.79,1.15,44.71,0.349,2.0,inf
15519,BRA_B,BRA,RIGHT,15519,foot,left,1.992,shin,2.031,136.365,9.76,7.5,837.0,965.2,30.8,8.7,LEFT,33.311,0.925,19.92,0.196,2.0,inf
15519,ISR_A,ISR,LEFT,15518,foot,right,3.412,shin,3.503,104.743,7.44,3.79,837.0,965.2,30.8,8.7,LEFT,25.586,1.204,34.15,0.464,0.0,inf
15519,ISR_B,ISR,LEFT,15518,foot,left,5.16,shin,5.348,103.746,2.82,4.04,837.0,965.2,30.8,8.7,LEFT,25.343,1.215,51.63,0.488,0.0,inf
