frame,time_sec,track_id,confidence,x1,y1,x2,y2,center_x,center_y,feet_x,feet_y,sand_overlap,torso_white,head_white,source,original_frame,original_time_sec
0,0.0,2,0.78271484375,920,922,1030,1068,975,995,975,1065,1.0,0.6272727272727273,0.2528860028860029,yolo,0,0.0
1,0.04,2,0.7919921875,918,920,1028,1067,973,993,973,1064,1.0,0.6455627705627706,0.2395382395382395,yolo,1,0.04
2,0.08,2,0.7880859375,916,917,1026,1068,971,992,971,1064,1.0,0.6562998405103668,0.2309582309582309,yolo,2,0.08
3,0.12,2,0.78125,915,916,1023,1068,969,992,969,1064,1.0,0.6687002652519894,0.2028070175438596,yolo,3,0.12
4,0.16,2,0.7548828125,913,913,1021,1068,967,990,967,1064,1.0,0.653315649867374,0.1617543859649123,yolo,4,0.16
5,0.2,2,0.61865234375,912,911,1018,1068,965,989,965,1064,1.0,0.6970899470899471,0.1429059829059829,yolo,5,0.2
6,0.24,2,0.55078125,910,909,1014,1068,962,988,962,1064,1.0,0.7080405932864949,0.1482262030207235,yolo,6,0.24
7,0.28,2,0.478515625,907,906,1010,1068,958,987,958,1064,1.0,0.6877313590692755,0.1378472222222222,yolo,7,0.28
8,0.32,2,0.64794921875,906,904,1010,1068,958,986,958,1064,1.0,0.7097505668934241,0.1276311393250918,yolo,8,0.32
9,0.36,2,0.80078125,904,903,1010,1068,957,985,957,1064,1.0,0.7242703533026114,0.1147967479674796,yolo,9,0.36
10,0.4,2,0.77587890625,902,902,1011,1068,956,985,956,1064,1.0,0.7200577200577201,0.110397946084724,yolo,10,0.4
11,0.44,2,0.7138671875,899,900,1010,1068,954,984,954,1064,1.0,0.7142518939393939,0.1269841269841269,yolo,11,0.44
12,0.48,2,0.7607421875,896,900,1009,1068,952,984,952,1064,1.0,0.7056525735294118,0.1303571428571428,yolo,12,0.48
16,0.64,2,0.7373046875,881,905,1002,1068,941,986,941,1064,1.0,0.6998207885304659,0.1160714285714285,yolo,16,0.64
17,0.68,2,0.6689453125,877,906,999,1068,938,987,938,1064,1.0,0.703570626543903,0.1120588235294117,yolo,17,0.68
18,0.72,2,0.4853515625,873,908,996,1068,934,988,934,1064,1.0,0.7105855855855856,0.1093023255813953,yolo,18,0.72
19,0.76,2,0.548828125,870,907,995,1068,932,987,932,1064,1.0,0.6944262295081968,0.1051136363636363,yolo,19,0.76
20,0.8,2,0.4951171875,868,907,994,1068,931,987,931,1064,1.0,0.6863387978142077,0.099438202247191,yolo,20,0.8
21,0.84,2,0.65478515625,866,907,994,1068,930,987,930,1064,1.0,0.6780923994038748,0.1087078651685393,yolo,21,0.84
22,0.88,2,0.53125,865,907,993,1068,929,987,929,1064,1.0,0.6640408771556312,0.099438202247191,yolo,22,0.88
23,0.92,2,0.71240234375,863,908,991,1068,927,988,927,1064,1.0,0.6564935064935065,0.1064606741573033,yolo,23,0.92
24,0.96,2,0.74609375,862,908,990,1068,926,988,926,1064,1.0,0.6344155844155844,0.0870786516853932,yolo,24,0.96
25,1.0,2,0.73583984375,862,908,990,1068,926,988,926,1064,1.0,0.6218614718614719,0.0898876404494382,yolo,25,1.0
26,1.04,2,0.5830078125,862,908,992,1068,927,988,927,1064,1.0,0.6141025641025641,0.0681318681318681,yolo,26,1.04
28,1.12,2,0.57177734375,864,910,992,1068,928,989,928,1064,1.0,0.6331168831168831,0.0564678766925957,yolo,28,1.12
29,1.16,2,0.449462890625,866,912,993,1068,929,990,929,1064,1.0,0.6712756467439785,0.0606060606060606,yolo,29,1.16
30,1.2,2,0.56396484375,868,912,994,1068,931,990,931,1064,1.0,0.6827118644067797,0.0639585133967156,yolo,30,1.2
31,1.24,2,0.67041015625,868,911,994,1068,931,989,931,1064,1.0,0.6717777777777778,0.0619418035148372,yolo,31,1.24
32,1.28,2,0.76904296875,869,910,994,1068,931,989,931,1064,1.0,0.6582222222222223,0.0611888111888111,yolo,32,1.28
33,1.32,2,0.82421875,868,910,994,1068,931,989,931,1064,1.0,0.6517777777777778,0.0605012964563526,yolo,33,1.32
34,1.36,2,0.83984375,868,910,994,1068,931,989,931,1064,1.0,0.6511111111111111,0.0602131950446557,yolo,34,1.36
35,1.4,2,0.7958984375,867,910,994,1068,930,989,930,1064,1.0,0.6453947368421052,0.0588578088578088,yolo,35,1.4
36,1.44,2,0.79443359375,866,908,993,1068,929,988,929,1064,1.0,0.6190789473684211,0.05625,yolo,36,1.44
37,1.48,2,0.72314453125,865,910,993,1068,929,989,929,1064,1.0,0.616017316017316,0.0544511668107173,yolo,37,1.48
38,1.52,2,0.69775390625,864,910,992,1068,928,989,928,1064,1.0,0.6086580086580087,0.0544511668107173,yolo,38,1.52
39,1.56,2,0.73095703125,863,911,991,1068,927,989,927,1064,1.0,0.6253246753246753,0.0550273696341112,yolo,39,1.56
40,1.6,2,0.708984375,863,911,990,1068,926,989,926,1064,1.0,0.6247807017543859,0.0565268065268065,yolo,40,1.6
41,1.64,2,0.66552734375,863,911,990,1068,926,989,926,1064,1.0,0.6212719298245614,0.0565268065268065,yolo,41,1.64
42,1.68,2,0.615234375,862,911,989,1068,925,989,925,1064,1.0,0.6192982456140351,0.0547785547785547,yolo,42,1.68
43,1.72,2,0.66552734375,863,910,989,1067,926,988,926,1063,1.0,0.6008888888888889,0.0530106597522327,yolo,43,1.72
44,1.76,2,0.76611328125,864,914,989,1068,926,991,926,1064,1.0,0.6338983050847458,0.0639952153110047,yolo,44,1.76
45,1.8,2,0.67919921875,865,915,991,1068,928,991,928,1064,1.0,0.6347126436781609,0.0748078060319337,yolo,45,1.8
46,1.84,2,0.546875,867,923,992,1068,929,995,929,1065,1.0,0.704,0.0924873737373737,yolo,46,1.84
47,1.88,2,0.7294921875,869,914,993,1068,931,991,931,1064,1.0,0.5988700564971752,0.0656382335148215,yolo,47,1.88
48,1.92,2,0.78125,872,909,993,1067,932,988,932,1063,1.0,0.5293981481481481,0.0521978021978022,yolo,48,1.92
49,1.96,2,0.79931640625,876,910,994,1068,935,989,935,1064,1.0,0.5225352112676056,0.0299660179178251,yolo,49,1.96
50,2.0,2,0.82666015625,881,912,994,1068,937,990,937,1064,1.0,0.5181954137587238,0.0496794871794871,yolo,50,2.0
51,2.04,2,0.75341796875,887,916,994,1068,940,992,940,1064,1.0,0.4803340517241379,0.0295163584637268,yolo,51,2.04
53,2.12,2,0.69091796875,901,926,995,1068,948,997,948,1065,1.0,0.3970110461338531,0.0589010989010989,yolo,53,2.12
54,2.16,2,0.505859375,908,931,1000,1068,954,999,954,1065,1.0,0.3520979020979021,0.0923076923076923,yolo,54,2.16
55,2.2,2,0.6259765625,916,937,1008,1068,962,1002,962,1065,1.0,0.312430426716141,0.1360576923076923,yolo,55,2.2
56,2.24,2,0.662109375,926,941,1017,1068,971,1004,971,1065,1.0,0.2932098765432099,0.235383064516129,yolo,56,2.24
57,2.28,2,0.57373046875,931,945,1032,1068,981,1006,981,1065,1.0,0.2563829787234042,0.23,yolo,57,2.28
58,2.32,2,0.5126953125,934,950,1042,1068,988,1009,988,1065,1.0,0.256068376068376,0.2717241379310345,yolo,58,2.32
67,2.68,2,0.7578125,971,947,1068,1069,1019,1008,1019,1066,1.0,0.2511244377811094,0.2862745098039215,yolo,67,2.68
68,2.72,2,0.69921875,974,944,1071,1069,1022,1006,1022,1066,1.0,0.2586206896551724,0.2851043643263757,yolo,68,2.72
69,2.76,2,0.513671875,977,942,1073,1068,1025,1005,1025,1065,1.0,0.2865497076023391,0.2753972075108329,yolo,69,2.76
71,2.84,2,0.5068359375,979,939,1076,1068,1027,1003,1027,1065,1.0,0.3106966924700914,0.2752757352941176,yolo,71,2.84
72,2.88,2,0.78271484375,978,936,1077,1067,1027,1001,1027,1064,1.0,0.336734693877551,0.2982142857142857,yolo,72,2.88
73,2.92,2,0.81396484375,980,933,1079,1067,1029,1000,1029,1064,1.0,0.357516339869281,0.2826839826839827,yolo,73,2.92
74,2.96,2,0.82763671875,981,930,1081,1067,1031,998,1031,1064,1.0,0.371474358974359,0.2789915966386554,yolo,74,2.96
75,3.0,2,0.7958984375,983,927,1085,1068,1034,997,1034,1065,1.0,0.3884936591401175,0.2917505030181087,yolo,75,3.0
76,3.04,2,0.76904296875,985,924,1089,1068,1037,996,1037,1065,1.0,0.3959595959595959,0.2983257229832572,yolo,76,3.04
77,3.08,2,0.806640625,987,922,1094,1067,1040,994,1040,1064,1.0,0.40625,0.3021771771771772,yolo,77,3.08
78,3.12,2,0.81640625,991,921,1099,1068,1045,994,1045,1065,1.0,0.4173076923076923,0.2988888888888888,yolo,78,3.12
79,3.16,2,0.77587890625,992,918,1105,1068,1048,993,1048,1065,1.0,0.4184726522187822,0.2864864864864865,yolo,79,3.16
80,3.2,2,0.7578125,994,916,1111,1068,1052,992,1052,1064,1.0,0.4098522167487685,0.3039152759948652,yolo,80,3.2
81,3.24,2,0.79931640625,1000,914,1118,1067,1059,990,1059,1063,1.0,0.398251578436134,0.3103994927076728,yolo,81,3.24
82,3.28,2,0.8056640625,1005,914,1124,1068,1064,991,1064,1064,1.0,0.4274952919020716,0.2951127819548872,yolo,82,3.28
83,3.32,2,0.8154296875,1007,913,1129,1068,1068,990,1068,1064,1.0,0.4418989135569202,0.3003095975232198,yolo,83,3.32
84,3.36,2,0.67919921875,979,913,1133,1068,1056,990,1056,1064,1.0,0.4484612532443455,0.3349729463846532,yolo,84,3.36
85,3.4,2,0.82080078125,960,912,1138,1068,1049,990,1049,1064,1.0,0.3879296689371139,0.3056410256410256,yolo,85,3.4
86,3.44,2,0.77587890625,950,911,1142,1068,1046,989,1046,1064,1.0,0.3888405797101449,0.3061728395061728,yolo,86,3.44
87,3.48,2,0.83642578125,943,910,1147,1068,1045,989,1045,1064,1.0,0.401219512195122,0.2956786802940649,yolo,87,3.48
88,3.52,2,0.85791015625,941,909,1152,1068,1046,988,1046,1064,1.0,0.4156908665105386,0.3005890505890506,yolo,88,3.52
89,3.56,2,0.89501953125,935,908,1155,1068,1045,988,1045,1064,1.0,0.4066919191919192,0.2949675324675325,yolo,89,3.56
90,3.6,2,0.908203125,930,906,1159,1068,1044,987,1044,1064,1.0,0.4019957234497505,0.28609375,yolo,90,3.6
91,3.64,2,0.89892578125,928,905,1162,1068,1045,986,1045,1064,1.0,0.3945321436742164,0.2886503067484662,yolo,91,3.64
92,3.68,2,0.896484375,927,903,1164,1068,1045,985,1045,1064,1.0,0.3832348932303498,0.2850426094622392,yolo,92,3.68
93,3.72,2,0.90478515625,926,903,1166,1068,1046,985,1046,1064,1.0,0.3727598566308244,0.2768583042973286,yolo,93,3.72
94,3.76,2,0.9150390625,925,903,1167,1068,1046,985,1046,1064,1.0,0.3664071190211346,0.2713234232934045,yolo,94,3.76
95,3.8,2,0.9052734375,924,902,1168,1068,1046,985,1046,1064,1.0,0.3555771514955188,0.2711453430323777,yolo,95,3.8
96,3.84,2,0.90185546875,923,902,1169,1068,1046,985,1046,1064,1.0,0.3478026131087355,0.2515155787396024,yolo,96,3.84
97,3.88,2,0.89697265625,923,902,1168,1067,1045,984,1045,1063,1.0,0.3517665130568356,0.2427680090754395,yolo,97,3.88
98,3.92,2,0.90185546875,922,902,1167,1068,1044,985,1044,1064,1.0,0.3465068567109383,0.244895065229722,yolo,98,3.92
99,3.96,2,0.9033203125,921,902,1166,1067,1043,984,1043,1063,1.0,0.3450735132762783,0.2433352240499149,yolo,99,3.96
100,4.0,2,0.90380859375,922,902,1165,1067,1043,984,1043,1063,1.0,0.3349536014140521,0.2407460545193687,yolo,100,4.0
101,4.04,2,0.90478515625,922,902,1163,1067,1042,984,1042,1063,1.0,0.3297491039426523,0.2439024390243902,yolo,101,4.04
102,4.08,2,0.9033203125,920,902,1161,1067,1040,984,1040,1063,1.0,0.3271729390681003,0.2462253193960511,yolo,102,4.08
103,4.12,2,0.90478515625,920,902,1160,1068,1040,985,1040,1064,1.0,0.326058201058201,0.244773519163763,yolo,103,4.12
104,4.16,2,0.91259765625,920,902,1159,1067,1039,984,1039,1063,1.0,0.324820788530466,0.2453542392566783,yolo,104,4.16
105,4.2,2,0.91650390625,920,902,1157,1067,1038,984,1038,1063,1.0,0.3258746024534302,0.248751101968851,yolo,105,4.2
106,4.24,2,0.9111328125,920,902,1156,1067,1038,984,1038,1063,1.0,0.3262411347517731,0.2493717664449371,yolo,106,4.24
107,4.28,2,0.8671875,954,875,1146,1067,1050,971,1050,1063,1.0,0.5419892793329363,0.3055555555555556,yolo,107,4.28
108,4.32,2,0.8681640625,967,865,1142,1067,1054,966,1054,1062,1.0,0.5539888682745826,0.3414754098360655,yolo,108,4.32
109,4.36,2,0.86083984375,971,862,1140,1067,1055,964,1055,1062,1.0,0.5455818691112809,0.3562645397141907,yolo,109,4.36
110,4.4,2,0.85986328125,970,864,1139,1067,1054,965,1054,1062,1.0,0.5361599185128597,0.3644067796610169,yolo,110,4.4
111,4.44,2,0.82080078125,970,868,1137,1067,1053,967,1053,1063,1.0,0.5397368421052632,0.3446516537649542,yolo,111,4.44
112,4.48,2,0.841796875,971,872,1136,1068,1053,970,1053,1064,1.0,0.5515970515970516,0.3124560168895144,yolo,112,4.48
113,4.52,2,0.85791015625,978,877,1133,1068,1055,972,1055,1064,1.0,0.5764635603345281,0.3018124507486209,yolo,113,4.52
114,4.56,2,0.77880859375,983,883,1131,1068,1057,975,1057,1064,1.0,0.5781701444622793,0.2855635289151541,yolo,114,4.56
115,4.6,2,0.84716796875,983,889,1128,1068,1055,978,1055,1064,1.0,0.5349898580121704,0.2591354723707665,yolo,115,4.6
116,4.64,2,0.7578125,995,895,1125,1068,1060,981,1060,1064,1.0,0.5128205128205128,0.2754919499105545,yolo,116,4.64
117,4.68,2,0.83544921875,1006,901,1121,1067,1063,984,1063,1063,1.0,0.4897630549804463,0.1975609756097561,yolo,117,4.68
118,4.72,2,0.841796875,1014,907,1118,1067,1066,987,1066,1063,1.0,0.5084656084656085,0.1407534246575342,yolo,118,4.72
119,4.76,2,0.85888671875,1019,911,1115,1067,1067,989,1067,1063,1.0,0.5230449003865596,0.1653272101033295,yolo,119,4.76
120,4.8,2,0.85888671875,1020,915,1113,1067,1066,991,1066,1063,1.0,0.5674261083743842,0.1925837320574162,yolo,120,4.8
121,4.84,2,0.84716796875,1017,918,1110,1068,1063,993,1063,1065,1.0,0.6090225563909775,0.1646191646191646,yolo,121,4.84
122,4.88,2,0.78271484375,1009,921,1107,1068,1058,994,1058,1065,1.0,0.5862590799031477,0.1312399355877616,yolo,122,4.88
123,4.92,2,0.71044921875,1005,923,1104,1068,1054,995,1054,1065,1.0,0.5887878787878787,0.1424603174603174,yolo,123,4.92
124,4.96,2,0.50390625,1001,926,1102,1068,1051,997,1051,1065,1.0,0.6537037037037037,0.2477551020408163,yolo,124,4.96
125,5.0,2,0.74169921875,996,928,1099,1067,1047,997,1047,1064,1.0,0.6688983566646378,0.2900326797385621,yolo,125,5.0
126,5.04,2,0.74462890625,991,927,1096,1068,1043,997,1043,1065,1.0,0.6747529200359389,0.3528957528957529,yolo,126,5.04
127,5.08,2,0.85009765625,987,927,1092,1068,1039,997,1039,1065,1.0,0.6678646301287811,0.3810810810810811,yolo,127,5.08
128,5.12,2,0.85302734375,982,927,1088,1068,1035,997,1035,1065,1.0,0.6561844863731656,0.3958095238095238,yolo,128,5.12
129,5.16,2,0.86083984375,978,926,1084,1068,1031,997,1031,1065,1.0,0.6455026455026455,0.4365714285714285,yolo,129,5.16
130,5.2,2,0.8642578125,973,925,1080,1068,1026,996,1026,1065,1.0,0.6634837962962963,0.4733590733590733,yolo,130,5.2
132,5.28,2,0.64794921875,965,921,1071,1067,1018,994,1018,1064,1.0,0.6834054834054835,0.472962962962963,yolo,132,5.28
133,5.32,2,0.78125,961,918,1065,1068,1013,993,1013,1065,1.0,0.6875522138680034,0.4372454646427249,yolo,133,5.32
134,5.36,2,0.84716796875,958,914,1060,1068,1009,991,1009,1064,1.0,0.6874131703250903,0.3684210526315789,yolo,134,5.36
135,5.4,2,0.83984375,956,911,1055,1068,1005,989,1005,1064,1.0,0.6952777777777778,0.3058608058608059,yolo,135,5.4
136,5.44,2,0.8388671875,952,907,1050,1068,1001,987,1001,1064,1.0,0.6813003612114477,0.2344202898550724,yolo,136,5.44
137,5.48,2,0.85791015625,948,904,1048,1068,998,986,998,1064,1.0,0.6653439153439153,0.2020905923344947,yolo,137,5.48
138,5.52,2,0.86083984375,945,902,1044,1068,994,985,994,1064,1.0,0.6505291005291005,0.167595818815331,yolo,138,5.52
139,5.56,2,0.84912109375,942,900,1043,1068,992,984,992,1064,1.0,0.6427083333333333,0.1632653061224489,yolo,139,5.56
140,5.6,2,0.82763671875,939,898,1039,1068,989,983,989,1064,1.0,0.628125,0.1363945578231292,yolo,140,5.6
141,5.64,2,0.8154296875,936,897,1035,1068,985,982,985,1064,1.0,0.6023076923076923,0.1010204081632653,yolo,141,5.64
142,5.68,2,0.8154296875,932,897,1030,1067,981,982,981,1063,1.0,0.5871292372881356,0.0565907522429261,yolo,142,5.68
143,5.72,2,0.8408203125,928,896,1027,1067,977,981,977,1063,1.0,0.5864102564102565,0.0595238095238095,yolo,143,5.72
144,5.76,2,0.82080078125,923,896,1024,1068,973,982,973,1064,1.0,0.6005128205128205,0.0813953488372093,yolo,144,5.76
145,5.8,2,0.85205078125,920,896,1022,1068,971,982,971,1064,1.0,0.6080706179066835,0.0805764821487061,yolo,145,5.8
146,5.84,2,0.83349609375,914,895,1019,1068,966,981,966,1064,1.0,0.6204906204906205,0.0905091137649277,yolo,146,5.84
147,5.88,2,0.85791015625,907,896,1017,1068,962,982,962,1064,1.0,0.631002331002331,0.0797342192691029,yolo,147,5.88
148,5.92,2,0.86865234375,900,896,1015,1067,957,981,957,1063,1.0,0.6289855072463768,0.0720238095238095,yolo,148,5.92
149,5.96,2,0.86328125,894,897,1014,1068,954,982,954,1064,1.0,0.6130341880341881,0.0702947845804988,yolo,149,5.96
150,6.0,2,0.85205078125,888,898,1016,1067,952,982,952,1063,1.0,0.5866133866133866,0.0671482075976458,yolo,150,6.0
151,6.04,2,0.8408203125,881,901,1017,1067,949,984,949,1063,1.0,0.5937683715461494,0.0498074454428754,yolo,151,6.04
152,6.08,2,0.83349609375,874,902,1022,1067,948,984,948,1063,1.0,0.5878941645523741,0.1006393559081221,yolo,152,6.08
153,6.12,2,0.78125,870,905,1027,1068,948,986,948,1064,1.0,0.5837336993822924,0.1125,yolo,153,6.12
154,6.16,2,0.658203125,866,915,1030,1067,948,991,948,1063,1.0,0.6325322187391152,0.1070938215102974,yolo,154,6.16
155,6.2,2,0.72314453125,860,918,1035,1068,947,993,947,1065,1.0,0.6307435254803676,0.1081081081081081,yolo,155,6.2
156,6.24,2,0.6513671875,857,926,1038,1067,947,996,947,1064,1.0,0.6277078965758212,0.1124716553287981,yolo,156,6.24
157,6.28,2,0.5947265625,854,927,1042,1068,948,997,948,1065,1.0,0.5889130071798296,0.127153762268266,yolo,157,6.28
158,6.32,2,0.64794921875,851,923,1047,1068,949,995,949,1065,1.0,0.5384615384615384,0.1334144363341443,yolo,158,6.32
159,6.36,2,0.74169921875,849,917,1053,1068,951,992,951,1064,1.0,0.4745400085579803,0.1455301455301455,yolo,159,6.36
160,6.4,2,0.77978515625,847,911,1060,1068,953,989,953,1064,1.0,0.4333333333333333,0.163076923076923,yolo,160,6.4
161,6.44,2,0.72021484375,847,912,1065,1067,956,989,956,1063,1.0,0.4298499605159252,0.174406604747162,yolo,161,6.44
162,6.48,2,0.7919921875,846,911,1071,1068,958,989,958,1064,1.0,0.4239506172839506,0.191658552418046,yolo,162,6.48
163,6.52,2,0.72314453125,846,917,1073,1067,959,992,959,1064,1.0,0.436532507739938,0.2186110160793705,yolo,163,6.52
164,6.56,2,0.68603515625,846,917,1077,1067,961,992,961,1064,1.0,0.3907958301550979,0.2330663997330664,yolo,164,6.56
165,6.6,2,0.66015625,847,919,1079,1067,963,993,963,1064,1.0,0.4198355601233299,0.2445697230973304,yolo,165,6.6
166,6.64,2,0.611328125,848,919,1080,1068,964,993,964,1065,1.0,0.4165088981446422,0.2485491626595921,yolo,166,6.64
167,6.68,2,0.60009765625,848,916,1080,1068,964,992,964,1064,1.0,0.4056065492433639,0.2420083952211817,yolo,167,6.68
168,6.72,2,0.673828125,847,912,1081,1068,964,990,964,1064,1.0,0.3971631205673759,0.2342299826962403,yolo,168,6.72
169,6.76,2,0.63330078125,848,914,1082,1068,965,991,965,1064,1.0,0.4022118043034018,0.2420083952211817,yolo,169,6.76
171,6.84,2,0.54296875,849,913,1086,1068,967,990,967,1064,1.0,0.406386595434677,0.2343056436271401,yolo,171,6.84
172,6.88,2,0.5185546875,850,912,1086,1068,968,990,968,1064,1.0,0.4059382137276115,0.2362082362082362,yolo,172,6.88
173,6.92,2,0.4775390625,850,912,1086,1068,968,990,968,1064,1.0,0.4055775934607525,0.2358974358974359,yolo,173,6.92
175,7.0,2,0.440673828125,848,882,1087,1067,967,974,967,1063,1.0,0.2928571428571428,0.2405538302277432,yolo,175,7.0
176,7.04,2,0.46875,850,901,1086,1067,968,984,968,1063,1.0,0.3606889564336373,0.212860310421286,yolo,176,7.04
199,7.96,2,0.53125,850,892,1091,1067,970,979,970,1063,1.0,0.3403829966329966,0.2482004429678848,yolo,199,7.96
202,8.08,2,0.57568359375,851,889,1090,1067,970,978,970,1063,1.0,0.3357843137254901,0.2490530303030303,yolo,202,8.08
203,8.12,2,0.55810546875,855,917,1081,1067,968,992,968,1064,1.0,0.4137751786874594,0.2609212986571477,yolo,203,8.12
204,8.16,2,0.611328125,857,922,1067,1067,962,994,962,1064,1.0,0.4324675324675324,0.2114512471655328,yolo,204,8.16
205,8.2,2,0.642578125,857,923,1052,1068,954,995,954,1065,1.0,0.4475524475524475,0.1296977124183006,yolo,205,8.2
206,8.24,2,0.75634765625,858,925,1041,1068,949,996,949,1065,1.0,0.4811447811447811,0.0848214285714285,yolo,206,8.24
207,8.28,2,0.64794921875,859,924,1027,1068,943,996,943,1065,1.0,0.50999099909991,0.0676638176638176,yolo,207,8.28
208,8.32,2,0.611328125,860,922,1011,1067,935,994,935,1064,1.0,0.4733333333333333,0.0694444444444444,yolo,208,8.32
209,8.36,2,0.51953125,860,920,997,1067,928,993,928,1064,1.0,0.469294425087108,0.0787037037037037,yolo,209,8.36
212,8.48,2,0.5107421875,860,929,974,1068,917,998,917,1065,1.0,0.6029532403609515,0.0632911392405063,yolo,212,8.48
213,8.52,2,0.62451171875,860,930,975,1068,917,999,917,1065,1.0,0.6193601312551271,0.0580882352941176,yolo,213,8.52
214,8.56,2,0.53515625,860,929,974,1069,917,999,917,1066,1.0,0.6226415094339622,0.0578661844484629,yolo,214,8.56
215,8.6,2,0.59814453125,860,925,974,1068,917,996,917,1065,1.0,0.558239398819109,0.0773960216998191,yolo,215,8.6
216,8.64,2,0.642578125,860,919,975,1068,917,993,917,1065,1.0,0.4945334350368675,0.1050675675675675,yolo,216,8.64
217,8.68,2,0.6279296875,860,916,976,1068,918,992,918,1064,1.0,0.4732633683158421,0.1062378167641325,yolo,217,8.68
218,8.72,2,0.6806640625,860,914,977,1068,918,991,918,1064,1.0,0.4530266343825666,0.105584082156611,yolo,218,8.72
219,8.76,2,0.611328125,859,914,978,1067,918,990,918,1063,1.0,0.4487547892720306,0.1149749373433584,yolo,219,8.76
220,8.8,2,0.73876953125,859,913,980,1068,919,990,919,1064,1.0,0.4540229885057471,0.1033834586466165,yolo,220,8.8
221,8.84,2,0.763671875,860,913,983,1068,921,990,921,1064,1.0,0.4557315936626281,0.0914932680538555,yolo,221,8.84
222,8.88,2,0.67919921875,860,913,985,1068,922,990,922,1064,1.0,0.4616091954022988,0.0741626794258373,yolo,222,8.88
226,9.04,2,0.5322265625,865,904,992,1068,928,986,928,1064,1.0,0.3748955722639933,0.065410199556541,yolo,226,9.04
233,9.32,2,0.454345703125,868,895,994,1067,931,981,931,1063,1.0,0.3089230769230769,0.0864907238045466,yolo,233,9.32
234,9.36,2,0.5224609375,870,897,994,1066,932,981,932,1062,1.0,0.3302564102564103,0.1012588943623426,yolo,234,9.36
235,9.4,2,0.6513671875,868,900,991,1066,929,983,929,1062,1.0,0.3556413556413556,0.1046511627906976,yolo,235,9.4
239,9.56,2,0.4970703125,858,888,983,1067,920,977,920,1063,1.0,0.3498039215686274,0.1327479338842975,yolo,239,9.56
240,9.6,2,0.451416015625,855,878,982,1067,918,972,918,1063,1.0,0.3247441520467836,0.1467601547388781,yolo,240,9.6
241,9.64,2,0.5361328125,852,874,981,1067,916,970,916,1063,1.0,0.305760449596066,0.1333333333333333,yolo,241,9.64
242,9.68,2,0.4951171875,851,884,979,1068,915,976,915,1064,1.0,0.4031539888682746,0.1328773815339521,yolo,242,9.68
243,9.72,2,0.767578125,849,889,976,1068,912,978,912,1064,1.0,0.4475619195046439,0.1487603305785124,yolo,243,9.72
244,9.76,2,0.7265625,847,895,975,1067,911,981,911,1063,1.0,0.4845154845154845,0.1450222106088319,yolo,244,9.76
245,9.8,2,0.4833984375,846,905,973,1068,909,986,909,1064,1.0,0.5734295415959253,0.1423295454545454,yolo,245,9.8
260,10.4,105,0.4755859375,861,931,966,1068,913,999,913,1065,1.0,0.710927960927961,0.1212241653418124,yolo,260,10.4
261,10.44,105,0.67041015625,861,933,967,1068,914,1000,914,1065,1.0,0.713974478680361,0.086060606060606,yolo,261,10.44
262,10.48,105,0.6318359375,861,937,967,1068,914,1002,914,1065,1.0,0.7337220602526725,0.10125,yolo,262,10.48
263,10.52,105,0.708984375,862,929,967,1068,914,998,914,1065,1.0,0.6445043426175502,0.0715421303656597,yolo,263,10.52
264,10.56,105,0.6259765625,862,923,967,1068,914,995,914,1065,1.0,0.5757575757575758,0.0619369369369369,yolo,264,10.56
265,10.6,105,0.5947265625,862,922,967,1067,914,994,914,1064,1.0,0.5217893217893218,0.057057057057057,yolo,265,10.6
266,10.64,105,0.6279296875,863,918,967,1068,915,993,915,1065,1.0,0.4851016429963798,0.0348019252128841,yolo,266,10.64
305,12.2,105,0.7490234375,873,920,982,1068,927,994,927,1065,1.0,0.5454545454545454,0.0675675675675675,yolo,305,12.2
306,12.24,105,0.7548828125,867,917,978,1068,922,992,922,1064,1.0,0.5090377458798512,0.0696465696465696,yolo,306,12.24
307,12.28,105,0.763671875,864,915,976,1068,920,991,920,1064,1.0,0.4698919197117859,0.0732844770153231,yolo,307,12.28
308,12.32,105,0.763671875,862,915,975,1068,918,991,918,1064,1.0,0.4619675456389452,0.0858552631578947,yolo,308,12.32
309,12.36,105,0.74462890625,863,915,976,1068,919,991,919,1064,1.0,0.4683062880324544,0.0796052631578947,yolo,309,12.36
310,12.4,105,0.7578125,863,914,976,1067,919,990,919,1063,1.0,0.4530933062880324,0.0825657894736842,yolo,310,12.4
311,12.44,105,0.75048828125,863,914,977,1067,920,990,920,1063,1.0,0.4565217391304347,0.078614257161892,yolo,311,12.44
312,12.48,105,0.7373046875,863,914,978,1067,920,990,920,1063,1.0,0.4645177411294353,0.1023026315789473,yolo,312,12.48
313,12.52,105,0.70068359375,863,914,979,1067,921,990,921,1063,1.0,0.468015992003998,0.1130604288499025,yolo,313,12.52
314,12.56,105,0.6806640625,863,914,979,1067,921,990,921,1063,1.0,0.4772613693153423,0.1150097465886939,yolo,314,12.56
315,12.6,105,0.69921875,864,914,980,1067,922,990,922,1063,1.0,0.4922538730634682,0.1104613385315139,yolo,315,12.6
316,12.64,105,0.6513671875,864,913,980,1068,922,990,922,1064,1.0,0.4952523738130934,0.1091617933723196,yolo,316,12.64
317,12.68,105,0.615234375,864,913,980,1068,922,990,922,1064,1.0,0.4975012493753123,0.1091617933723196,yolo,317,12.68
318,12.72,105,0.5947265625,864,913,980,1068,922,990,922,1064,1.0,0.4952523738130934,0.1085120207927225,yolo,318,12.72
319,12.76,105,0.57958984375,864,913,979,1068,921,990,921,1064,1.0,0.4965017491254372,0.1101973684210526,yolo,319,12.76
320,12.8,105,0.5908203125,864,913,979,1068,921,990,921,1064,1.0,0.4965017491254372,0.1101973684210526,yolo,320,12.8
321,12.84,105,0.64599609375,864,914,979,1067,921,990,921,1063,1.0,0.4972513743128435,0.1075657894736842,yolo,321,12.84
322,12.88,105,0.66357421875,864,914,978,1067,921,990,921,1063,1.0,0.4980009995002499,0.1109260493004663,yolo,322,12.88
323,12.92,105,0.72802734375,864,914,977,1067,920,990,920,1063,1.0,0.4931541582150101,0.1213815789473684,yolo,323,12.92
324,12.96,105,0.7578125,864,914,977,1067,920,990,920,1063,1.0,0.4860547667342799,0.1289473684210526,yolo,324,12.96
325,13.0,105,0.7578125,864,915,976,1067,920,991,920,1063,1.0,0.4861039629439012,0.1135909393737508,yolo,325,13.0
326,13.04,105,0.77197265625,864,915,976,1067,920,991,920,1063,1.0,0.4855892949047864,0.1109260493004663,yolo,326,13.04
327,13.08,105,0.73583984375,863,915,976,1068,919,991,919,1064,1.0,0.4852941176470588,0.1141447368421052,yolo,327,13.08
328,13.12,105,0.607421875,863,915,976,1068,919,991,919,1064,1.0,0.4939148073022312,0.1138157894736842,yolo,328,13.12
329,13.16,105,0.72021484375,863,915,976,1068,919,991,919,1064,1.0,0.4949290060851927,0.1203947368421052,yolo,329,13.16
330,13.2,105,0.69091796875,863,915,976,1068,919,991,919,1064,1.0,0.4908722109533469,0.1240131578947368,yolo,330,13.2
331,13.24,105,0.69287109375,863,916,977,1068,920,992,920,1064,1.0,0.504247876061969,0.120253164556962,yolo,331,13.24
332,13.28,105,0.62451171875,863,917,977,1068,920,992,920,1064,1.0,0.5090261886600559,0.1187136503592199,yolo,332,13.28
333,13.32,105,0.63720703125,863,918,978,1068,920,993,920,1065,1.0,0.5230104246122553,0.1253378378378378,yolo,333,13.32
334,13.36,105,0.6669921875,863,918,979,1068,921,993,921,1065,1.0,0.520976353928299,0.1241241241241241,yolo,334,13.36
335,13.4,105,0.615234375,863,918,979,1068,921,993,921,1065,1.0,0.512840071192474,0.1271271271271271,yolo,335,13.4
336,13.44,105,0.5908203125,862,918,979,1068,920,993,920,1065,1.0,0.5047619047619047,0.1430454845088991,yolo,336,13.44
337,13.48,105,0.61328125,862,920,980,1068,921,994,921,1065,1.0,0.4959758551307847,0.135460761966786,yolo,337,13.48
338,13.52,105,0.5029296875,863,921,981,1068,922,994,922,1065,1.0,0.5165995975855131,0.1201472556894243,yolo,338,13.52
339,13.56,105,0.4921875,863,921,982,1068,922,994,922,1065,1.0,0.5173611111111112,0.119047619047619,yolo,339,13.56
340,13.6,105,0.452392578125,863,921,982,1068,922,994,922,1065,1.0,0.5166170634920635,0.1180555555555555,yolo,340,13.6
359,14.36,105,0.43310546875,871,918,983,1068,927,993,927,1065,1.0,0.4540455616653574,0.1067396510434485,yolo,359,14.36
361,14.44,105,0.47265625,872,916,983,1068,927,992,927,1064,1.0,0.4485370950888192,0.1143724696356275,yolo,361,14.44
362,14.48,105,0.556640625,872,915,983,1068,927,991,927,1064,1.0,0.4443573667711599,0.1160593792172739,yolo,362,14.48
363,14.52,105,0.57373046875,872,915,984,1067,928,991,928,1063,1.0,0.459341224909933,0.1165889407061958,yolo,363,14.52
364,14.56,105,0.60595703125,872,914,984,1067,928,990,928,1063,1.0,0.4585692228512609,0.120253164556962,yolo,364,14.56
365,14.6,105,0.48046875,872,914,985,1067,928,990,928,1063,1.0,0.4723630831643002,0.11875,yolo,365,14.6
367,14.68,105,0.4951171875,875,914,988,1068,931,991,931,1064,1.0,0.5189431704885344,0.1233552631578947,yolo,367,14.68
368,14.72,105,0.548828125,875,916,989,1068,932,992,932,1064,1.0,0.5504747626186907,0.1182544970019986,yolo,368,14.72
369,14.76,105,0.5927734375,876,916,990,1068,933,992,933,1064,1.0,0.5664667666166917,0.1182544970019986,yolo,369,14.76
370,14.8,105,0.56591796875,878,918,991,1068,934,993,934,1065,1.0,0.618421052631579,0.1155405405405405,yolo,370,14.8
371,14.84,105,0.732421875,880,929,991,1068,935,998,935,1065,1.0,0.7281303602058319,0.1052036199095022,yolo,371,14.84
372,14.88,105,0.67041015625,882,917,991,1068,936,992,936,1064,1.0,0.6640085061137693,0.1600284495021337,yolo,372,14.88
373,14.92,105,0.75927734375,885,911,992,1068,938,989,938,1064,1.0,0.6359375,0.1237006237006237,yolo,373,14.92
374,14.96,105,0.6875,888,907,993,1068,940,987,940,1064,1.0,0.6284153005464481,0.0864864864864864,yolo,374,14.96
375,15.0,105,0.61865234375,889,904,994,1068,941,986,941,1064,1.0,0.5842781557067271,0.052076466710613,yolo,375,15.0
376,15.04,105,0.83349609375,894,898,997,1068,945,983,945,1064,1.0,0.6542338709677419,0.0548941798941798,yolo,376,15.04
377,15.08,105,0.8310546875,896,896,998,1068,947,982,947,1064,1.0,0.6421185372005044,0.0605961349492302,yolo,377,15.08
378,15.12,105,0.83349609375,896,895,999,1068,947,981,947,1064,1.0,0.6339198435972629,0.0591085271317829,yolo,378,15.12
379,15.16,105,0.83447265625,896,895,999,1068,947,981,947,1064,1.0,0.6341642228739003,0.0555555555555555,yolo,379,15.16
380,15.2,105,0.83740234375,896,894,999,1068,947,981,947,1064,1.0,0.6226783968719453,0.0529715762273901,yolo,380,15.2
381,15.24,105,0.83349609375,896,894,999,1068,947,981,947,1064,1.0,0.6207233626588465,0.0410206718346253,yolo,381,15.24
382,15.28,105,0.84716796875,896,894,999,1068,947,981,947,1064,1.0,0.6192570869990225,0.0436046511627907,yolo,382,15.28
383,15.32,105,0.85595703125,896,894,999,1068,947,981,947,1064,1.0,0.6236559139784946,0.0455426356589147,yolo,383,15.32
384,15.36,105,0.841796875,895,895,1000,1068,947,981,947,1064,1.0,0.6301106301106301,0.0402262727844123,yolo,384,15.36
385,15.4,105,0.83984375,895,895,999,1068,947,981,947,1064,1.0,0.6253006253006252,0.0442816183497929,yolo,385,15.4
386,15.44,105,0.83349609375,896,895,1000,1068,948,981,948,1064,1.0,0.6317941317941318,0.0442816183497929,yolo,386,15.44
387,15.48,105,0.82080078125,895,895,1001,1068,948,981,948,1064,1.0,0.6308321308321309,0.0424806201550387,yolo,387,15.48
388,15.52,105,0.82763671875,896,895,1001,1068,948,981,948,1064,1.0,0.6351611351611351,0.0452545568824638,yolo,388,15.52
389,15.56,105,0.83447265625,895,895,1001,1068,948,981,948,1064,1.0,0.6313131313131313,0.0468217054263565,yolo,389,15.56
390,15.6,105,0.830078125,895,895,1002,1068,948,981,948,1064,1.0,0.634469696969697,0.0549968573224387,yolo,390,15.6
391,15.64,105,0.82666015625,895,895,1003,1068,949,981,949,1064,1.0,0.6386946386946387,0.055813953488372,yolo,391,15.64
392,15.68,105,0.81884765625,894,895,1003,1068,948,981,948,1064,1.0,0.629247015610652,0.0517135862913096,yolo,392,15.68
393,15.72,105,0.82080078125,894,895,1003,1068,948,981,948,1064,1.0,0.6361340679522498,0.0452876376988984,yolo,393,15.72
394,15.76,105,0.82080078125,894,895,1003,1068,948,981,948,1064,1.0,0.6352157943067034,0.0431456548347613,yolo,394,15.76
395,15.8,105,0.8291015625,895,895,1005,1068,950,981,950,1064,1.0,0.647842056932966,0.0428873452129266,yolo,395,15.8
396,15.84,105,0.830078125,895,895,1007,1067,951,981,951,1063,1.0,0.6463834672789897,0.0456284957315278,yolo,396,15.84
397,15.88,105,0.82568359375,895,894,1007,1067,951,980,951,1063,1.0,0.6329715061058344,0.0447453635560788,yolo,397,15.88
398,15.92,105,0.80908203125,895,895,1008,1067,951,981,951,1063,1.0,0.642081447963801,0.0424418604651162,yolo,398,15.92
399,15.96,105,0.80810546875,895,895,1008,1068,951,981,951,1064,1.0,0.6437165775401069,0.0406976744186046,yolo,399,15.96
400,16.0,105,0.81982421875,895,896,1009,1068,952,982,952,1064,1.0,0.6526198439241917,0.0432734765969973,yolo,400,16.0
401,16.04,105,0.7919921875,895,897,1010,1067,952,982,952,1063,1.0,0.660552536231884,0.0419642857142857,yolo,401,16.04
402,16.08,105,0.80908203125,895,896,1010,1067,952,981,952,1063,1.0,0.6503901895206243,0.0544642857142857,yolo,402,16.08
403,16.12,105,0.81640625,895,896,1010,1068,952,982,952,1064,1.0,0.6521739130434783,0.0450581395348837,yolo,403,16.12
404,16.16,105,0.83544921875,895,896,1010,1068,952,982,952,1064,1.0,0.6617614269788182,0.0595930232558139,yolo,404,16.16
405,16.2,105,0.82763671875,894,896,1011,1068,952,982,952,1064,1.0,0.6608791208791209,0.0635280771412365,yolo,405,16.2
406,16.24,105,0.82666015625,894,895,1011,1068,952,981,952,1064,1.0,0.6541125541125541,0.0606920022688598,yolo,406,16.24
407,16.28,105,0.8291015625,894,895,1011,1067,952,981,952,1063,1.0,0.6558241758241758,0.0632444696539988,yolo,407,16.28
408,16.32,105,0.8232421875,895,895,1011,1067,953,981,953,1063,1.0,0.6528428093645485,0.0525409130060292,yolo,408,16.32
409,16.36,105,0.8388671875,896,894,1011,1067,953,980,953,1063,1.0,0.6495388669301713,0.0555232558139534,yolo,409,16.36
410,16.4,105,0.84814453125,897,894,1010,1068,953,981,953,1064,1.0,0.6450534759358288,0.0488372093023255,yolo,410,16.4
411,16.44,105,0.85400390625,896,894,1011,1068,953,981,953,1064,1.0,0.644927536231884,0.0465116279069767,yolo,411,16.44
412,16.48,105,0.85888671875,896,894,1011,1068,953,981,953,1064,1.0,0.6493192797540623,0.055813953488372,yolo,412,16.48
413,16.52,105,0.85498046875,896,893,1011,1068,953,980,953,1064,1.0,0.6453667105841019,0.0409883720930232,yolo,413,16.52
414,16.56,105,0.84716796875,896,892,1011,1067,953,979,953,1063,1.0,0.632191480017567,0.0569767441860465,yolo,414,16.56
415,16.6,105,0.85205078125,896,892,1010,1067,953,979,953,1063,1.0,0.626701800614844,0.0497497792169561,yolo,415,16.6
416,16.64,105,0.8447265625,896,892,1011,1067,953,979,953,1063,1.0,0.6326306543697848,0.054360465116279,yolo,416,16.64
417,16.68,105,0.83447265625,896,891,1010,1067,953,979,953,1063,1.0,0.6177806619078521,0.0489067894131185,yolo,417,16.68
418,16.72,105,0.8447265625,896,891,1010,1068,953,979,953,1064,1.0,0.6199437594635518,0.0486191024165707,yolo,418,16.72
419,16.76,105,0.84716796875,896,892,1011,1067,953,979,953,1063,1.0,0.6341677646025472,0.0534883720930232,yolo,419,16.76
420,16.8,105,0.83544921875,895,891,1010,1067,952,979,952,1063,1.0,0.6195111399524118,0.055965909090909,yolo,420,16.8
421,16.84,105,0.841796875,895,891,1010,1068,952,979,952,1064,1.0,0.617996971663422,0.0553977272727272,yolo,421,16.84
422,16.88,105,0.8232421875,895,891,1010,1068,952,979,952,1064,1.0,0.618213281418992,0.0568181818181818,yolo,422,16.88
423,16.92,105,0.83203125,895,891,1010,1068,952,979,952,1064,1.0,0.6188622106857019,0.0571022727272727,yolo,423,16.92
424,16.96,105,0.85205078125,895,891,1011,1068,953,979,953,1064,1.0,0.6205926887302617,0.0622895622895622,yolo,424,16.96
425,17.0,105,0.84912109375,895,891,1011,1068,953,979,953,1064,1.0,0.6262167423750811,0.0639730639730639,yolo,425,17.0
426,17.04,105,0.845703125,894,891,1010,1068,952,979,952,1064,1.0,0.6247025740860913,0.0594837261503928,yolo,426,17.04
427,17.08,105,0.8388671875,894,892,1010,1067,952,979,952,1063,1.0,0.6383399209486166,0.0545506747057134,yolo,427,17.08
428,17.12,105,0.8310546875,893,892,1011,1067,952,979,952,1063,1.0,0.6389244558258643,0.0577192490893807,yolo,428,17.12
429,17.16,105,0.84375,893,892,1011,1067,952,979,952,1063,1.0,0.6389244558258643,0.069487251330905,yolo,429,17.16
430,17.2,105,0.85693359375,893,892,1011,1067,952,979,952,1063,1.0,0.6427656850192062,0.0683664892126646,yolo,430,17.2
431,17.24,105,0.85400390625,894,892,1010,1067,952,979,952,1063,1.0,0.6515151515151515,0.0634510479471719,yolo,431,17.24
432,17.28,105,0.8447265625,893,892,1011,1067,952,979,952,1063,1.0,0.6483141271873666,0.0582796301485009,yolo,432,17.28
433,17.32,105,0.83349609375,893,892,1011,1067,952,979,952,1063,1.0,0.6446862996158771,0.0602409638554216,yolo,433,17.32
434,17.36,105,0.8388671875,892,892,1010,1067,951,979,951,1063,1.0,0.6348698250106701,0.0437097226113757,yolo,434,17.36
435,17.4,105,0.8427734375,892,892,1010,1067,951,979,951,1063,1.0,0.636790439607341,0.0532362006164191,yolo,435,17.4
436,17.44,105,0.8427734375,892,892,1010,1067,951,979,951,1063,1.0,0.6384976525821596,0.0523956290277388,yolo,436,17.44
437,17.48,105,0.845703125,892,892,1009,1067,950,979,950,1063,1.0,0.6331168831168831,0.0516165626772546,yolo,437,17.48
438,17.52,105,0.85400390625,892,891,1009,1068,950,979,950,1064,1.0,0.6245202558635394,0.0537694013303769,yolo,438,17.52
439,17.56,105,0.84375,892,892,1009,1067,950,979,950,1063,1.0,0.6320346320346321,0.0530346001134429,yolo,439,17.56
440,17.6,105,0.84814453125,892,892,1009,1067,950,979,950,1063,1.0,0.6335497835497835,0.05218377765173,yolo,440,17.6
441,17.64,105,0.84375,892,892,1009,1067,950,979,950,1063,1.0,0.6322510822510823,0.0555870674985819,yolo,441,17.64
442,17.68,105,0.8388671875,891,892,1009,1067,950,979,950,1063,1.0,0.6254801536491678,0.0535163911459792,yolo,442,17.68
443,17.72,105,0.8427734375,891,892,1009,1067,950,979,950,1063,1.0,0.6250533504054631,0.0431493415522555,yolo,443,17.72
444,17.76,105,0.84912109375,891,892,1009,1067,950,979,950,1063,1.0,0.6239863422962014,0.0409078173157747,yolo,444,17.76
445,17.8,105,0.83544921875,891,892,1009,1067,950,979,950,1063,1.0,0.6188647033717456,0.0453908657887363,yolo,445,17.8
446,17.84,105,0.83544921875,890,893,1009,1068,949,980,949,1064,1.0,0.6287878787878788,0.0395902547065337,yolo,446,17.84
447,17.88,105,0.841796875,890,893,1009,1068,949,980,949,1064,1.0,0.6302609427609428,0.0406976744186046,yolo,447,17.88
448,17.92,105,0.84716796875,889,893,1009,1068,949,980,949,1064,1.0,0.6216329966329966,0.0564784053156146,yolo,448,17.92
449,17.96,105,0.845703125,889,893,1009,1068,949,980,949,1064,1.0,0.6294191919191919,0.0664451827242525,yolo,449,17.96
450,18.0,105,0.8408203125,889,894,1009,1068,949,981,949,1064,1.0,0.6279461279461279,0.0573089700996677,yolo,450,18.0
451,18.04,105,0.85986328125,889,894,1009,1067,949,980,949,1063,1.0,0.6186868686868687,0.0620155038759689,yolo,451,18.04
452,18.08,105,0.84912109375,889,895,1009,1068,949,981,949,1064,1.0,0.6357323232323232,0.0537098560354374,yolo,452,18.08
453,18.12,105,0.83447265625,889,896,1009,1068,949,982,949,1064,1.0,0.6534188034188034,0.0625692137320044,yolo,453,18.12
454,18.16,105,0.84716796875,888,899,1009,1068,948,983,948,1064,1.0,0.6645299145299145,0.062641723356009,yolo,454,18.16
455,18.2,105,0.7431640625,886,902,1009,1068,947,985,947,1064,1.0,0.6977691977691978,0.0726035167328417,yolo,455,18.2
456,18.24,105,0.673828125,885,907,1009,1068,947,987,947,1064,1.0,0.7219672131147541,0.1140804597701149,yolo,456,18.24
458,18.32,105,0.76611328125,881,929,1009,1068,945,998,945,1065,1.0,0.8301886792452831,0.2157964309319233,yolo,458,18.32
459,18.36,105,0.82666015625,879,933,1009,1068,944,1000,944,1065,1.0,0.824534942182001,0.2301032301032301,yolo,459,18.36
460,18.4,105,0.7490234375,878,933,1008,1067,943,1000,943,1064,1.0,0.8192559074912016,0.2344322344322344,yolo,460,18.4
461,18.44,105,0.7373046875,878,933,1008,1068,943,1000,943,1065,1.0,0.7958773252890899,0.2147852147852147,yolo,461,18.44
462,18.48,105,0.673828125,878,926,1008,1068,943,997,943,1065,1.0,0.7321937321937322,0.1701726844583987,yolo,462,18.48
463,18.52,105,0.73388671875,878,921,1008,1068,943,994,943,1065,1.0,0.6668956043956044,0.1376678876678876,yolo,463,18.52
464,18.56,105,0.64404296875,879,926,1009,1068,944,997,944,1065,1.0,0.6927825261158594,0.1711145996860282,yolo,464,18.56
465,18.6,105,0.689453125,881,928,1009,1068,945,998,945,1065,1.0,0.6848811565792697,0.1836276083467094,yolo,465,18.6
466,18.64,105,0.77197265625,882,918,1009,1068,945,993,945,1065,1.0,0.5872576177285319,0.1179361179361179,yolo,466,18.64
467,18.68,105,0.8154296875,885,916,1008,1068,946,992,946,1064,1.0,0.5358807082945014,0.1303549571603427,yolo,467,18.68
468,18.72,105,0.73583984375,889,917,1010,1068,949,992,949,1064,1.0,0.4924463937621832,0.1138996138996139,yolo,468,18.72
469,18.76,105,0.77587890625,892,919,1010,1067,951,993,951,1064,1.0,0.4383802816901408,0.099316183653533,yolo,469,18.76
470,18.8,105,0.73583984375,895,922,1012,1068,953,995,953,1065,1.0,0.358961038961039,0.089430894308943,yolo,470,18.8
471,18.84,105,0.78662109375,899,925,1013,1068,956,996,956,1065,1.0,0.3132045088566828,0.0983725135623869,yolo,471,18.84
472,18.88,105,0.7890625,903,927,1014,1068,958,997,958,1065,1.0,0.2701543739279588,0.089010989010989,yolo,472,18.88
489,19.56,105,0.4765625,981,943,1072,1068,1026,1005,1026,1065,1.0,0.2537431048069345,0.2454637096774193,yolo,489,19.56
490,19.6,105,0.529296875,984,943,1076,1068,1030,1005,1030,1065,1.0,0.2808510638297872,0.2570719602977667,yolo,490,19.6
491,19.64,105,0.5107421875,988,941,1080,1067,1034,1004,1034,1064,1.0,0.2856060606060606,0.3017369727047146,yolo,491,19.64
492,19.68,105,0.515625,989,938,1084,1067,1036,1002,1036,1064,1.0,0.2867883995703544,0.3484848484848485,yolo,492,19.68
493,19.72,105,0.56591796875,993,935,1088,1068,1040,1001,1040,1065,1.0,0.3281733746130031,0.3787878787878788,yolo,493,19.72
494,19.76,105,0.537109375,998,932,1094,1068,1046,1000,1046,1065,1.0,0.3539731682146543,0.3621597892888498,yolo,494,19.76
495,19.8,105,0.763671875,1004,929,1099,1068,1051,998,1051,1065,1.0,0.3747103608076795,0.3226381461675579,yolo,495,19.8
496,19.84,105,0.63525390625,1006,926,1104,1068,1055,997,1055,1065,1.0,0.3929692404268675,0.313871635610766,yolo,496,19.84
497,19.88,105,0.609375,1009,924,1109,1068,1059,996,1059,1065,1.0,0.3981818181818182,0.2757936507936508,yolo,497,19.88
498,19.92,105,0.7548828125,1010,922,1114,1067,1062,994,1062,1064,1.0,0.4025974025974026,0.2831050228310502,yolo,498,19.92
499,19.96,105,0.7431640625,1009,921,1119,1068,1064,994,1064,1065,1.0,0.4193722943722944,0.2752525252525252,yolo,499,19.96
500,20.0,105,0.73095703125,1011,919,1123,1068,1067,993,1067,1065,1.0,0.427336999214454,0.2754019842627437,yolo,500,20.0
501,20.04,105,0.68408203125,1005,918,1127,1068,1066,993,1066,1065,1.0,0.4494111992309541,0.3027027027027027,yolo,501,20.04
502,20.08,105,0.59814453125,1006,916,1132,1068,1069,992,1069,1064,1.0,0.4468965517241379,0.3086930810171496,yolo,502,20.08
503,20.12,105,0.6875,1004,914,1137,1067,1070,990,1070,1063,1.0,0.4230603448275862,0.3157894736842105,yolo,503,20.12
504,20.16,105,0.57177734375,1022,913,1142,1068,1082,990,1082,1064,1.0,0.443007662835249,0.2174185463659148,yolo,504,20.16
505,20.2,105,0.88720703125,1038,890,1158,1068,1098,979,1098,1064,1.0,0.6623774509803921,0.1347402597402597,yolo,505,20.2
506,20.24,105,0.8916015625,1044,881,1163,1068,1103,974,1103,1064,1.0,0.6416275430359938,0.1281055900621118,yolo,506,20.24
507,20.28,105,0.88720703125,1047,878,1165,1068,1106,973,1106,1064,1.0,0.6293035993740219,0.103306844398872,yolo,507,20.28
508,20.32,105,0.888671875,1047,877,1166,1068,1106,972,1106,1064,1.0,0.642554012345679,0.1193009118541033,yolo,508,20.32
509,20.36,105,0.888671875,1046,876,1166,1068,1106,972,1106,1064,1.0,0.6339421613394216,0.1267361111111111,yolo,509,20.36
510,20.4,105,0.888671875,1046,876,1166,1068,1106,972,1106,1064,1.0,0.632800608828006,0.1312003968253968,yolo,510,20.4
511,20.44,105,0.88623046875,1046,876,1165,1068,1105,972,1105,1064,1.0,0.6373668188736682,0.1341765873015873,yolo,511,20.44
512,20.48,105,0.88720703125,1046,877,1165,1068,1105,972,1105,1064,1.0,0.6467978395061729,0.1484295845997973,yolo,512,20.48
513,20.52,105,0.8955078125,1045,878,1165,1068,1105,973,1105,1064,1.0,0.6483410493827161,0.1907294832826747,yolo,513,20.52
514,20.56,105,0.896484375,1044,878,1165,1068,1104,973,1104,1064,1.0,0.6516203703703703,0.1963019250253292,yolo,514,20.56
515,20.6,105,0.8974609375,1045,878,1165,1068,1105,973,1105,1064,1.0,0.6616512345679012,0.2145390070921985,yolo,515,20.6
516,20.64,105,0.8974609375,1045,879,1164,1068,1104,973,1104,1064,1.0,0.6736111111111112,0.2451874366767983,yolo,516,20.64
517,20.68,105,0.8984375,1045,879,1164,1068,1104,973,1104,1064,1.0,0.6774691358024691,0.2497467071935157,yolo,517,20.68
518,20.72,105,0.8984375,1045,879,1164,1068,1104,973,1104,1064,1.0,0.6660879629629629,0.2348024316109422,yolo,518,20.72
519,20.76,105,0.9013671875,1045,879,1164,1068,1104,973,1104,1064,1.0,0.6668595679012346,0.2317629179331307,yolo,519,20.76
520,20.8,105,0.8984375,1045,879,1164,1068,1104,973,1104,1064,1.0,0.6691743827160493,0.2317629179331307,yolo,520,20.8
521,20.84,105,0.89892578125,1045,879,1164,1068,1104,973,1104,1064,1.0,0.6589506172839507,0.2094731509625126,yolo,521,20.84
522,20.88,105,0.89990234375,1045,879,1164,1068,1104,973,1104,1064,1.0,0.6666666666666666,0.232016210739615,yolo,522,20.88
523,20.92,105,0.8974609375,1046,879,1164,1068,1105,973,1105,1064,1.0,0.6692097026604069,0.2296846962317354,yolo,523,20.92
524,20.96,105,0.89697265625,1046,879,1164,1068,1105,973,1105,1064,1.0,0.6643192488262911,0.2299410407587798,yolo,524,20.96
525,21.0,105,0.8984375,1046,879,1164,1068,1105,973,1105,1064,1.0,0.661189358372457,0.2301973852858241,yolo,525,21.0
526,21.04,105,0.8984375,1046,879,1164,1068,1105,973,1105,1064,1.0,0.6615805946791862,0.2314791079210459,yolo,526,21.04
527,21.08,105,0.8984375,1045,879,1164,1068,1104,973,1104,1064,1.0,0.6628086419753086,0.2348024316109422,yolo,527,21.08
528,21.12,105,0.896484375,1045,879,1164,1068,1104,973,1104,1064,1.0,0.6693672839506173,0.2512664640324215,yolo,528,21.12
529,21.16,105,0.89697265625,1046,879,1164,1068,1105,973,1105,1064,1.0,0.6647104851330203,0.240451166367598,yolo,529,21.16
530,21.2,105,0.89697265625,1046,879,1164,1068,1105,973,1105,1064,1.0,0.6672535211267606,0.2427582671109971,yolo,530,21.2
531,21.24,105,0.892578125,1046,879,1163,1068,1104,973,1104,1064,1.0,0.643452380952381,0.2218474312402698,yolo,531,21.24
532,21.28,105,0.89111328125,1046,879,1163,1068,1104,973,1104,1064,1.0,0.6468253968253969,0.2265179034769071,yolo,532,21.28
533,21.32,105,0.89013671875,1045,879,1164,1068,1104,973,1104,1064,1.0,0.6454475308641975,0.2077001013171226,yolo,533,21.32
534,21.36,105,0.89306640625,1045,879,1164,1068,1104,973,1104,1064,1.0,0.644483024691358,0.2082066869300911,yolo,534,21.36
535,21.4,105,0.8955078125,1045,879,1165,1068,1105,973,1105,1064,1.0,0.6452546296296297,0.1980749746707193,yolo,535,21.4
536,21.44,105,0.892578125,1045,879,1165,1068,1105,973,1105,1064,1.0,0.6450617283950617,0.2107396149949341,yolo,536,21.44
537,21.48,105,0.88818359375,1045,879,1165,1068,1105,973,1105,1064,1.0,0.6429398148148148,0.2011144883485309,yolo,537,21.48
538,21.52,105,0.88818359375,1045,879,1165,1068,1105,973,1105,1064,1.0,0.6456404320987654,0.2031408308004052,yolo,538,21.52
539,21.56,105,0.892578125,1045,879,1165,1068,1105,973,1105,1064,1.0,0.6537422839506173,0.2170719351570415,yolo,539,21.56
540,21.6,105,0.89404296875,1045,879,1165,1068,1105,973,1105,1064,1.0,0.6635802469135802,0.2416413373860182,yolo,540,21.6
541,21.64,105,0.8955078125,1045,879,1165,1068,1105,973,1105,1064,1.0,0.6585648148148148,0.2525329280648429,yolo,541,21.64
542,21.68,105,0.89404296875,1044,879,1164,1068,1104,973,1104,1064,1.0,0.6572145061728395,0.2482269503546099,yolo,542,21.68
543,21.72,105,0.8955078125,1044,880,1164,1068,1104,974,1104,1064,1.0,0.6491126543209876,0.2469604863221884,yolo,543,21.72
544,21.76,105,0.8974609375,1043,881,1163,1068,1103,974,1103,1064,1.0,0.6709702660406885,0.2675983436853002,yolo,544,21.76
545,21.8,105,0.89501953125,1043,881,1163,1068,1103,974,1103,1064,1.0,0.6674491392801252,0.2652691511387163,yolo,545,21.8
546,21.84,105,0.896484375,1043,881,1163,1068,1103,974,1103,1064,1.0,0.6619718309859155,0.2541407867494824,yolo,546,21.84
547,21.88,105,0.89501953125,1042,881,1162,1068,1102,974,1102,1064,1.0,0.6639280125195618,0.2331780538302277,yolo,547,21.88
548,21.92,105,0.8857421875,1042,881,1163,1068,1102,974,1102,1064,1.0,0.6576682316118936,0.2404244306418219,yolo,548,21.92
549,21.96,105,0.88818359375,1041,880,1163,1068,1102,974,1102,1064,1.0,0.643455098934551,0.2127659574468085,yolo,549,21.96
550,22.0,105,0.8857421875,1041,880,1163,1068,1102,974,1102,1064,1.0,0.6451674277016742,0.2047559449311639,yolo,550,22.0
551,22.04,105,0.8857421875,1042,880,1162,1068,1102,974,1102,1064,1.0,0.6504629629629629,0.2074468085106383,yolo,551,22.04
552,22.08,105,0.89013671875,1042,880,1162,1068,1102,974,1102,1064,1.0,0.6518132716049383,0.2244174265450861,yolo,552,22.08
553,22.12,105,0.8916015625,1042,880,1162,1068,1102,974,1102,1064,1.0,0.6494984567901234,0.2540526849037487,yolo,553,22.12
554,22.16,105,0.89404296875,1042,880,1162,1068,1102,974,1102,1064,1.0,0.6506558641975309,0.25,yolo,554,22.16
555,22.2,105,0.8955078125,1042,880,1162,1068,1102,974,1102,1064,1.0,0.6487268518518519,0.2492401215805471,yolo,555,22.2
556,22.24,105,0.89404296875,1042,880,1162,1068,1102,974,1102,1064,1.0,0.6491126543209876,0.25177304964539,yolo,556,22.24
557,22.28,105,0.89404296875,1042,880,1162,1068,1102,974,1102,1064,1.0,0.6466049382716049,0.2340425531914893,yolo,557,22.28
558,22.32,105,0.89404296875,1042,880,1162,1068,1102,974,1102,1064,1.0,0.6460262345679012,0.2487335359675785,yolo,558,22.32
559,22.36,105,0.89306640625,1042,880,1162,1068,1102,974,1102,1064,1.0,0.6558641975308642,0.2591185410334346,yolo,559,22.36
560,22.4,105,0.892578125,1042,880,1162,1068,1102,974,1102,1064,1.0,0.65625,0.2626646403242147,yolo,560,22.4
561,22.44,105,0.8916015625,1042,880,1162,1068,1102,974,1102,1064,1.0,0.6570216049382716,0.2619047619047619,yolo,561,22.44
562,22.48,105,0.89111328125,1042,880,1162,1068,1102,974,1102,1064,1.0,0.6604938271604939,0.2636778115501519,yolo,562,22.48
563,22.52,105,0.892578125,1042,880,1162,1067,1102,973,1102,1063,1.0,0.6664710485133021,0.2639751552795031,yolo,563,22.52
564,22.56,105,0.8896484375,1043,880,1162,1067,1102,973,1102,1063,1.0,0.6660798122065728,0.2776915113871636,yolo,564,22.56
565,22.6,105,0.89013671875,1043,879,1162,1067,1102,973,1102,1063,1.0,0.6404320987654321,0.2563323201621074,yolo,565,22.6
566,22.64,105,0.88623046875,1043,879,1162,1067,1102,973,1102,1063,1.0,0.644483024691358,0.267983789260385,yolo,566,22.64
567,22.68,105,0.88818359375,1043,879,1162,1067,1102,973,1102,1063,1.0,0.642554012345679,0.2330293819655521,yolo,567,22.68
568,22.72,105,0.88720703125,1043,879,1162,1067,1102,973,1102,1063,1.0,0.6452546296296297,0.2317629179331307,yolo,568,22.72
569,22.76,105,0.87890625,1043,879,1162,1067,1102,973,1102,1063,1.0,0.6356095679012346,0.2264437689969604,yolo,569,22.76
570,22.8,105,0.8798828125,1043,879,1162,1067,1102,973,1102,1063,1.0,0.6390817901234568,0.2292299898682877,yolo,570,22.8
571,22.84,105,0.8759765625,1043,880,1162,1067,1102,973,1102,1063,1.0,0.6445618153364632,0.2287784679089027,yolo,571,22.84
572,22.88,105,0.8798828125,1043,880,1162,1068,1102,974,1102,1064,1.0,0.6477623456790124,0.2345491388044579,yolo,572,22.88
573,22.92,105,0.88232421875,1043,880,1162,1068,1102,974,1102,1064,1.0,0.6477623456790124,0.2342958459979736,yolo,573,22.92
574,22.96,105,0.88330078125,1042,880,1162,1068,1102,974,1102,1064,1.0,0.652391975308642,0.2512664640324215,yolo,574,22.96
575,23.0,105,0.87841796875,1042,880,1162,1068,1102,974,1102,1064,1.0,0.6460262345679012,0.1965552178318135,yolo,575,23.0
576,23.04,105,0.87255859375,1042,880,1162,1068,1102,974,1102,1064,1.0,0.6325231481481481,0.1732522796352583,yolo,576,23.04
577,23.08,105,0.8740234375,1042,880,1162,1068,1102,974,1102,1064,1.0,0.6282793209876543,0.1699594731509625,yolo,577,23.08
578,23.12,105,0.875,1042,881,1162,1068,1102,974,1102,1064,1.0,0.6435837245696401,0.1772774327122153,yolo,578,23.12
579,23.16,105,0.87060546875,1042,881,1162,1068,1102,974,1102,1064,1.0,0.638302034428795,0.1728778467908902,yolo,579,23.16
580,23.2,105,0.87255859375,1041,881,1162,1068,1101,974,1101,1064,1.0,0.6390845070422535,0.1705486542443064,yolo,580,23.2
581,23.24,105,0.8759765625,1041,881,1162,1068,1101,974,1101,1064,1.0,0.6394757433489828,0.1622670807453416,yolo,581,23.24
582,23.28,105,0.875,1040,881,1162,1068,1101,974,1101,1064,1.0,0.6415203550067529,0.1634271099744245,yolo,582,23.28
583,23.32,105,0.8740234375,1040,881,1162,1068,1101,974,1101,1064,1.0,0.6426779857225545,0.1647058823529411,yolo,583,23.32
584,23.36,105,0.87744140625,1039,881,1162,1068,1100,974,1100,1064,1.0,0.6427483821850019,0.1607684529828109,yolo,584,23.36
585,23.4,105,0.880859375,1040,881,1161,1068,1100,974,1100,1064,1.0,0.6422143974960877,0.1702898550724637,yolo,585,23.4
586,23.44,105,0.8818359375,1040,881,1161,1068,1100,974,1100,1064,1.0,0.6377151799687011,0.1467391304347826,yolo,586,23.44
587,23.48,105,0.8818359375,1040,881,1161,1068,1100,974,1100,1064,1.0,0.6349765258215962,0.144927536231884,yolo,587,23.48
588,23.52,105,0.88232421875,1040,881,1161,1068,1100,974,1100,1064,1.0,0.6386932707355243,0.1498447204968944,yolo,588,23.52
589,23.56,105,0.87841796875,1040,881,1161,1068,1100,974,1100,1064,1.0,0.6267605633802817,0.1319875776397515,yolo,589,23.56
590,23.6,105,0.87060546875,1040,881,1161,1068,1100,974,1100,1064,1.0,0.6353677621283255,0.1446687370600414,yolo,590,23.6
591,23.64,105,0.87255859375,1040,881,1161,1068,1100,974,1100,1064,1.0,0.6296948356807511,0.1348343685300207,yolo,591,23.64
592,23.68,105,0.875,1040,882,1161,1067,1100,974,1100,1063,1.0,0.6442460317460318,0.156055900621118,yolo,592,23.68
593,23.72,105,0.8740234375,1039,882,1160,1067,1099,974,1099,1063,1.0,0.6444444444444445,0.1187888198757764,yolo,593,23.72
594,23.76,105,0.87158203125,1038,882,1160,1067,1099,974,1099,1063,1.0,0.6561643835616439,0.1255754475703324,yolo,594,23.76
595,23.8,105,0.86328125,1037,882,1159,1067,1098,974,1098,1063,1.0,0.6487279843444227,0.1242966751918158,yolo,595,23.8
596,23.84,105,0.87158203125,1037,882,1159,1067,1098,974,1098,1063,1.0,0.6538160469667319,0.1253196930946291,yolo,596,23.84
597,23.88,105,0.87841796875,1036,882,1158,1067,1097,974,1097,1063,1.0,0.6434442270058709,0.1158567774936061,yolo,597,23.88
598,23.92,105,0.87646484375,1035,882,1158,1067,1096,974,1096,1063,1.0,0.649034749034749,0.134479271991911,yolo,598,23.92
599,23.96,105,0.87890625,1034,882,1157,1067,1095,974,1095,1063,1.0,0.638030888030888,0.13422649140546,yolo,599,23.96
600,24.0,105,0.8759765625,1034,882,1157,1067,1095,974,1095,1063,1.0,0.6557915057915058,0.1913549039433771,yolo,600,24.0
601,24.04,105,0.880859375,1033,882,1156,1067,1094,974,1094,1063,1.0,0.6527027027027027,0.1926188068756319,yolo,601,24.04
602,24.08,105,0.880859375,1032,882,1156,1067,1094,974,1094,1063,1.0,0.6552380952380953,0.1994002998500749,yolo,602,24.08
603,24.12,105,0.88330078125,1031,882,1156,1067,1093,974,1093,1063,1.0,0.638095238095238,0.2082509881422924,yolo,603,24.12
604,24.16,105,0.87744140625,1030,883,1155,1067,1092,975,1092,1063,1.0,0.6316190476190476,0.217391304347826,yolo,604,24.16
605,24.2,105,0.8671875,1029,884,1155,1067,1092,975,1092,1063,1.0,0.6226666666666667,0.2077403245942571,yolo,605,24.2
606,24.24,105,0.87255859375,1029,884,1155,1067,1092,975,1092,1063,1.0,0.6135238095238095,0.214481897627965,yolo,606,24.24
607,24.28,105,0.86962890625,1027,885,1154,1067,1090,976,1090,1063,1.0,0.6220442410373761,0.226010101010101,yolo,607,24.28
608,24.32,105,0.8671875,1026,885,1154,1067,1090,976,1090,1063,1.0,0.6137775268210051,0.2387016229712859,yolo,608,24.32
609,24.36,105,0.83984375,1021,887,1153,1067,1087,977,1087,1063,1.0,0.6027550260610574,0.2731182795698925,yolo,609,24.36
610,24.4,105,0.85009765625,1017,887,1153,1067,1085,977,1085,1063,1.0,0.5871459694989106,0.2856140350877193,yolo,610,24.4
611,24.44,105,0.8310546875,1018,887,1152,1067,1085,977,1085,1063,1.0,0.5882352941176471,0.3278375149342891,yolo,611,24.44
612,24.48,105,0.87158203125,1022,889,1152,1067,1087,978,1087,1063,1.0,0.5989819004524887,0.2772227772227772,yolo,612,24.48
613,24.52,105,0.8681640625,1024,890,1151,1068,1087,979,1087,1064,1.0,0.5872678018575851,0.2735020661157025,yolo,613,24.52
614,24.56,105,0.873046875,1023,892,1150,1067,1086,979,1086,1063,1.0,0.5873205741626795,0.2891120507399577,yolo,614,24.56
615,24.6,105,0.87890625,1022,893,1149,1067,1085,980,1085,1063,1.0,0.5657894736842105,0.2650634249471458,yolo,615,24.6
616,24.64,105,0.8642578125,1021,894,1148,1067,1084,980,1084,1063,1.0,0.5482456140350878,0.2661205073995771,yolo,616,24.64
617,24.68,105,0.85205078125,1021,895,1148,1067,1084,981,1084,1063,1.0,0.5257085020242915,0.2539640591966173,yolo,617,24.68
618,24.72,105,0.8662109375,1020,896,1147,1067,1083,981,1083,1063,1.0,0.534008097165992,0.2397186147186147,yolo,618,24.72
619,24.76,105,0.8740234375,1018,899,1146,1067,1082,983,1082,1063,1.0,0.5302353896103896,0.2086677367576244,yolo,619,24.76
620,24.8,105,0.8759765625,1016,902,1146,1067,1081,984,1081,1063,1.0,0.5260545905707196,0.1951219512195122,yolo,620,24.8
621,24.84,105,0.865234375,1017,906,1146,1067,1081,986,1081,1063,1.0,0.5105086170659942,0.1622222222222222,yolo,621,24.84
622,24.88,105,0.8671875,1020,911,1148,1067,1084,989,1084,1063,1.0,0.5335681267884658,0.1791990780754825,yolo,622,24.88
623,24.92,105,0.8671875,1032,914,1150,1067,1091,990,1091,1063,1.0,0.5687226809130645,0.1448953709575142,yolo,623,24.92
624,24.96,105,0.85693359375,1037,917,1151,1067,1094,992,1094,1064,1.0,0.6048817696414951,0.183031132398221,yolo,624,24.96
625,25.0,105,0.810546875,1038,919,1153,1067,1095,993,1095,1064,1.0,0.6014492753623188,0.1608108108108108,yolo,625,25.0
626,25.04,105,0.85498046875,1040,920,1153,1067,1096,993,1096,1064,1.0,0.6068802521008403,0.1440972222222222,yolo,626,25.04
627,25.08,105,0.73583984375,1041,921,1153,1067,1097,994,1097,1064,1.0,0.5951153324287652,0.1722925457102672,yolo,627,25.08
628,25.12,105,0.7841796875,1041,922,1153,1067,1097,994,1097,1064,1.0,0.5913161465400272,0.1909282700421941,yolo,628,25.12
629,25.16,105,0.85498046875,1041,924,1153,1067,1097,995,1097,1064,1.0,0.5632946379215036,0.1902350813743218,yolo,629,25.16
630,25.2,105,0.83544921875,1040,925,1152,1067,1096,996,1096,1064,1.0,0.5395245992260918,0.1960216998191681,yolo,630,25.2
631,25.24,105,0.8408203125,1039,927,1153,1067,1096,997,1096,1064,1.0,0.5310363686081487,0.2083182640144665,yolo,631,25.24
632,25.28,105,0.80810546875,1039,929,1155,1067,1097,998,1097,1064,1.0,0.54361498496035,0.2440087145969499,yolo,632,25.28
633,25.32,105,0.78662109375,1037,932,1157,1067,1097,999,1097,1064,1.0,0.5517429193899782,0.2474747474747475,yolo,633,25.32
634,25.36,105,0.67236328125,1034,934,1159,1067,1096,1000,1096,1064,1.0,0.5202614379084968,0.2300275482093663,yolo,634,25.36
635,25.4,105,0.7646484375,1030,938,1161,1068,1095,1003,1095,1065,1.0,0.5052328623757195,0.1980298913043478,yolo,635,25.4
636,25.44,105,0.81884765625,1023,940,1161,1068,1092,1004,1092,1065,1.0,0.4634865994590607,0.2090850515463917,yolo,636,25.44
637,25.48,105,0.822265625,1019,944,1158,1067,1088,1005,1088,1064,1.0,0.4275582573454914,0.1591836734693877,yolo,637,25.48
638,25.52,105,0.7919921875,1005,947,1154,1068,1079,1007,1079,1065,1.0,0.3990338164251207,0.1557692307692307,yolo,638,25.52
639,25.56,105,0.7431640625,1004,951,1150,1068,1077,1009,1077,1065,1.0,0.3850574712643678,0.1432875795112152,yolo,639,25.56
640,25.6,105,0.7705078125,1002,953,1143,1068,1072,1010,1072,1065,1.0,0.3781838316722037,0.1840379008746355,yolo,640,25.6
641,25.64,105,0.6669921875,996,955,1135,1067,1065,1011,1065,1064,1.0,0.3803854875283446,0.1636297376093294,yolo,641,25.64
642,25.68,105,0.66357421875,992,957,1128,1068,1060,1012,1060,1065,1.0,0.4344503233392122,0.1602339181286549,yolo,642,25.68
643,25.72,105,0.6279296875,988,958,1120,1067,1054,1012,1054,1064,1.0,0.4511754068716094,0.1668657905217045,yolo,643,25.72
644,25.76,105,0.83203125,982,958,1113,1067,1047,1012,1047,1064,1.0,0.445970695970696,0.1867954911433172,yolo,644,25.76
645,25.8,105,0.67919921875,978,957,1106,1068,1042,1012,1042,1065,1.0,0.4669140383426097,0.2176446109030378,yolo,645,25.8
646,25.84,105,0.59619140625,973,956,1097,1067,1035,1011,1035,1064,1.0,0.4984126984126984,0.2490421455938697,yolo,646,25.84
651,26.04,105,0.501953125,949,952,1072,1068,1010,1010,1010,1065,1.0,0.5411547911547911,0.3360064153969527,yolo,651,26.04
654,26.16,105,0.78271484375,933,946,1091,1068,1012,1007,1012,1065,1.0,0.5038901601830663,0.3393393393393393,yolo,654,26.16
655,26.2,105,0.85498046875,927,943,1098,1068,1012,1005,1012,1065,1.0,0.4730913642052565,0.325268817204301,yolo,655,26.2
656,26.24,105,0.84912109375,922,941,1104,1067,1013,1004,1013,1064,1.0,0.4512614678899082,0.3327406654813309,yolo,656,26.24
657,26.28,105,0.861328125,916,938,1109,1068,1012,1003,1012,1065,1.0,0.4410626319493314,0.3026194852941176,yolo,657,26.28
658,26.32,105,0.8427734375,911,936,1114,1068,1012,1002,1012,1065,1.0,0.4175409836065574,0.2981220657276995,yolo,658,26.32
659,26.36,105,0.7294921875,907,935,1116,1067,1011,1001,1011,1064,1.0,0.402063492063492,0.3105022831050228,yolo,659,26.36
660,26.4,105,0.69091796875,902,933,1116,1067,1009,1000,1009,1064,1.0,0.3836449308405533,0.3048606874110229,yolo,660,26.4
663,26.52,105,0.498046875,888,940,1115,1067,1001,1003,1001,1064,1.0,0.3814338235294117,0.2984891792568395,yolo,663,26.52
664,26.56,105,0.662109375,882,942,1113,1067,997,1004,997,1064,1.0,0.3894542090656799,0.2815611310234966,yolo,664,26.56
665,26.6,105,0.56787109375,877,946,1111,1068,994,1007,994,1065,1.0,0.4119642306506321,0.2683026584867076,yolo,665,26.6
667,26.68,105,0.673828125,860,908,1003,1067,931,987,931,1063,1.0,0.7359893252001525,0.2405128205128205,yolo,667,26.68
668,26.72,105,0.67236328125,857,892,976,1068,916,980,916,1064,1.0,0.7027363184079602,0.1715367965367965,yolo,668,26.72
669,26.76,105,0.61328125,858,885,972,1068,915,976,915,1064,1.0,0.665424430641822,0.1434599156118143,yolo,669,26.76
670,26.8,105,0.78515625,861,879,973,1067,917,973,917,1063,1.0,0.6291459369817579,0.139509830325882,yolo,670,26.8
671,26.84,105,0.7744140625,864,877,976,1068,920,972,920,1064,1.0,0.6432421227197347,0.1677888499865338,yolo,671,26.84
672,26.88,105,0.80810546875,867,876,978,1068,922,972,922,1064,1.0,0.6359485263594853,0.1736111111111111,yolo,672,26.88
673,26.92,105,0.8291015625,870,876,982,1068,926,972,926,1064,1.0,0.6403598446125537,0.1911919831223628,yolo,673,26.92
674,26.96,105,0.8623046875,872,875,984,1068,928,971,928,1064,1.0,0.6334083009609487,0.1969936708860759,yolo,674,26.96
675,27.0,105,0.86083984375,874,875,985,1068,929,971,929,1064,1.0,0.634703196347032,0.2107371794871795,yolo,675,27.0
676,27.04,105,0.85693359375,875,876,986,1068,930,972,930,1064,1.0,0.6299294312992944,0.1957799145299145,yolo,676,27.04
677,27.08,105,0.8642578125,875,876,986,1068,930,972,930,1064,1.0,0.6264009962640099,0.1963141025641025,yolo,677,27.08
678,27.12,105,0.87255859375,875,877,986,1068,930,972,930,1064,1.0,0.6380471380471381,0.1925804691762138,yolo,678,27.12
679,27.16,105,0.87060546875,875,877,986,1068,930,972,930,1064,1.0,0.63510101010101,0.1958537915984724,yolo,679,27.16
680,27.2,105,0.87255859375,874,877,986,1068,930,972,930,1064,1.0,0.6403399668325042,0.2003770535954753,yolo,680,27.2
681,27.24,105,0.86962890625,874,877,985,1068,929,972,929,1064,1.0,0.6363636363636364,0.1969448990725586,yolo,681,27.24
682,27.28,105,0.87255859375,873,878,986,1068,929,973,929,1064,1.0,0.6423611111111112,0.1986702127659574,yolo,682,27.28
683,27.32,105,0.87060546875,871,878,986,1068,928,973,928,1064,1.0,0.6467391304347826,0.1925531914893617,yolo,683,27.32
684,27.36,105,0.8662109375,871,877,985,1067,928,972,928,1063,1.0,0.6413043478260869,0.2135739294371128,yolo,684,27.36
685,27.4,105,0.873046875,870,876,985,1067,927,971,927,1063,1.0,0.6390901771336553,0.2111702127659574,yolo,685,27.4
686,27.44,105,0.861328125,869,877,985,1067,927,972,927,1063,1.0,0.6302334943639292,0.1854478592067244,yolo,686,27.44
687,27.48,105,0.8662109375,868,877,985,1068,926,972,926,1064,1.0,0.6309523809523809,0.1829268292682926,yolo,687,27.48
688,27.52,105,0.85205078125,868,877,985,1067,926,972,926,1063,1.0,0.635515873015873,0.1873378308251167,yolo,688,27.52
689,27.56,105,0.84814453125,868,877,986,1067,927,972,927,1063,1.0,0.634585289514867,0.1804665470392207,yolo,689,27.56
690,27.6,105,0.83447265625,866,877,986,1067,926,972,926,1063,1.0,0.6332947530864198,0.17983789260385,yolo,690,27.6
691,27.64,105,0.830078125,865,877,985,1067,925,972,925,1063,1.0,0.6302083333333334,0.1691995947315096,yolo,691,27.64
692,27.68,105,0.8388671875,865,877,984,1067,924,972,924,1063,1.0,0.6290509259259259,0.1590678824721378,yolo,692,27.68
693,27.72,105,0.83740234375,864,877,984,1067,924,972,924,1063,1.0,0.6253858024691358,0.1651469098277609,yolo,693,27.72
694,27.76,105,0.85595703125,863,877,983,1067,923,972,923,1063,1.0,0.6275077160493827,0.1540020263424519,yolo,694,27.76
695,27.8,105,0.85986328125,864,877,983,1067,923,972,923,1063,1.0,0.6352237654320988,0.1674265450861195,yolo,695,27.8
696,27.84,105,0.83349609375,863,878,981,1068,922,973,922,1064,1.0,0.6410406885758998,0.1532940271725198,yolo,696,27.84
697,27.88,105,0.80810546875,863,878,981,1068,922,973,922,1064,1.0,0.6408450704225352,0.1576518841322737,yolo,697,27.88
698,27.92,105,0.81396484375,863,880,981,1068,922,974,922,1064,1.0,0.6443661971830986,0.1402204562932581,yolo,698,27.92
699,27.96,105,0.81396484375,862,881,981,1068,921,974,921,1064,1.0,0.6467136150234741,0.1425983436853002,yolo,699,27.96
700,28.0,105,0.77587890625,862,880,980,1067,921,973,921,1063,1.0,0.6504661773457647,0.1469355683603981,yolo,700,28.0
701,28.04,105,0.7373046875,861,880,979,1067,920,973,920,1063,1.0,0.6558222574885936,0.14510214772132,yolo,701,28.04
702,28.08,105,0.70068359375,860,878,979,1067,919,972,919,1063,1.0,0.6462191358024691,0.1585612968591692,yolo,702,28.08
703,28.12,105,0.767578125,859,878,979,1068,919,973,919,1064,1.0,0.6489197530864198,0.157548125633232,yolo,703,28.12
704,28.16,105,0.7265625,858,877,978,1068,918,972,918,1064,1.0,0.642554012345679,0.1583080040526849,yolo,704,28.16
705,28.2,105,0.751953125,857,878,977,1068,917,973,917,1064,1.0,0.6500771604938271,0.1479229989868287,yolo,705,28.2
706,28.24,105,0.6669921875,857,884,977,1068,917,976,917,1064,1.0,0.6688492063492063,0.1286231884057971,yolo,706,28.24
707,28.28,105,0.73876953125,855,880,977,1068,916,974,916,1064,1.0,0.6383181126331812,0.1376720901126408,yolo,707,28.28
708,28.32,105,0.77978515625,854,881,976,1068,915,974,915,1064,1.0,0.6428709241751881,0.1158567774936061,yolo,708,28.32
709,28.36,105,0.6279296875,852,878,975,1067,913,972,913,1063,1.0,0.6002252252252253,0.1165264720435428,yolo,709,28.36
710,28.4,105,0.60205078125,851,881,974,1067,912,974,912,1063,1.0,0.6073359073359074,0.1046511627906976,yolo,710,28.4
711,28.44,105,0.72802734375,850,884,972,1068,911,976,911,1064,1.0,0.6033268101761252,0.0907928388746803,yolo,711,28.44
712,28.48,105,0.79833984375,848,888,971,1067,909,977,909,1063,1.0,0.6104928457869634,0.0874735729386892,yolo,712,28.48
713,28.52,105,0.861328125,845,891,970,1067,907,979,907,1063,1.0,0.6101492537313433,0.0916838842975206,yolo,713,28.52
714,28.56,105,0.87646484375,843,895,968,1068,905,981,905,1064,1.0,0.6181818181818182,0.078752642706131,yolo,714,28.56
715,28.6,105,0.8662109375,840,896,966,1067,903,981,903,1063,1.0,0.6131282051282051,0.07035848047084,yolo,715,28.6
716,28.64,105,0.8798828125,838,896,964,1068,901,982,901,1064,1.0,0.5940512820512821,0.0708126469819702,yolo,716,28.64
717,28.68,105,0.88818359375,836,895,961,1067,898,981,898,1063,1.0,0.5661538461538461,0.0644820295983086,yolo,717,28.68
718,28.72,105,0.8818359375,834,896,961,1067,897,981,897,1063,1.0,0.5625506072874494,0.0554653679653679,yolo,718,28.72
719,28.76,105,0.88232421875,832,896,960,1068,896,982,896,1064,1.0,0.5482517482517483,0.0486020381499869,yolo,719,28.76
720,28.8,105,0.8857421875,830,896,961,1068,895,982,895,1064,1.0,0.532741617357002,0.0596562184024266,yolo,720,28.8
721,28.84,105,0.88623046875,828,896,961,1068,894,982,894,1064,1.0,0.5142307692307693,0.0586343394359228,yolo,721,28.84
722,28.88,105,0.8857421875,828,897,960,1067,894,982,894,1063,1.0,0.5178006329113924,0.0514592933947772,yolo,722,28.88
723,28.92,105,0.8857421875,826,897,960,1067,893,982,893,1063,1.0,0.5028935185185185,0.0463389656938044,yolo,723,28.92
724,28.96,105,0.888671875,825,897,960,1067,892,982,892,1063,1.0,0.4976851851851852,0.0473657548125633,yolo,724,28.96
725,29.0,105,0.88720703125,825,896,960,1068,892,982,892,1064,1.0,0.4881291547958215,0.0455220188025729,yolo,725,29.0
726,29.04,105,0.88427734375,825,896,960,1068,892,982,892,1064,1.0,0.4869895536562203,0.0457694210786739,yolo,726,29.04
727,29.08,105,0.88623046875,825,896,960,1068,892,982,892,1064,1.0,0.4856600189933523,0.0420583869371598,yolo,727,29.08
728,29.12,105,0.89013671875,825,897,960,1068,892,982,892,1064,1.0,0.500664767331434,0.0433130699088145,yolo,728,29.12
729,29.16,105,0.89013671875,825,897,961,1068,893,982,893,1064,1.0,0.5002849002849002,0.0458646616541353,yolo,729,29.16
730,29.2,105,0.8896484375,825,897,961,1068,893,982,893,1064,1.0,0.5014245014245015,0.0461152882205513,yolo,730,29.2
731,29.24,105,0.88720703125,825,897,961,1067,893,982,893,1063,1.0,0.5001929012345679,0.0446115288220551,yolo,731,29.24
732,29.28,105,0.8896484375,826,897,961,1067,893,982,893,1063,1.0,0.497878086419753,0.0455927051671732,yolo,732,29.28
733,29.32,105,0.884765625,827,897,961,1067,894,982,894,1063,1.0,0.4998070987654321,0.0453149001536098,yolo,733,29.32
734,29.36,105,0.888671875,828,897,961,1067,894,982,894,1063,1.0,0.5060546875,0.0516717325227963,yolo,734,29.36
735,29.4,105,0.88330078125,829,898,961,1068,895,983,895,1064,1.0,0.5249208860759493,0.0478750640040962,yolo,735,29.4
736,29.44,105,0.88427734375,832,899,961,1068,896,983,896,1064,1.0,0.5321499013806706,0.0441798941798941,yolo,736,29.44
737,29.48,105,0.87255859375,834,900,962,1068,898,984,898,1064,1.0,0.5351055194805194,0.0452113429641519,yolo,737,29.48
738,29.52,105,0.875,837,902,965,1068,901,985,901,1064,1.0,0.5485466914038343,0.0564538229651959,yolo,738,29.52
739,29.56,105,0.8662109375,840,905,967,1068,903,986,903,1064,1.0,0.5592105263157895,0.062215909090909,yolo,739,29.56
740,29.6,105,0.8671875,844,907,971,1068,907,987,907,1064,1.0,0.563632441760138,0.0582386363636363,yolo,740,29.6
741,29.64,105,0.8671875,848,909,974,1068,911,988,911,1064,1.0,0.5628415300546448,0.0642466148084125,yolo,741,29.64
742,29.68,105,0.85595703125,853,912,979,1068,916,990,916,1064,1.0,0.5740112994350283,0.073177758571017,yolo,742,29.68
743,29.72,105,0.81396484375,859,915,984,1068,921,991,921,1064,1.0,0.5832183908045977,0.0852272727272727,yolo,743,29.72
744,29.76,105,0.8115234375,865,920,990,1067,927,993,927,1064,1.0,0.6111904761904762,0.1114267676767676,yolo,744,29.76
745,29.8,105,0.83740234375,870,925,995,1068,932,996,932,1065,1.0,0.654074074074074,0.0961038961038961,yolo,745,29.8
746,29.84,105,0.7705078125,876,924,1001,1068,938,996,938,1065,1.0,0.6118787878787879,0.1452020202020202,yolo,746,29.84
747,29.88,105,0.77880859375,880,925,1007,1067,943,996,943,1064,1.0,0.604775828460039,0.1668831168831168,yolo,747,29.88
748,29.92,105,0.85693359375,882,921,1013,1068,947,994,947,1065,1.0,0.5453296703296703,0.1343599033816425,yolo,748,29.92
749,29.96,105,0.80322265625,882,920,1019,1068,950,994,950,1065,1.0,0.5087108013937283,0.1148648648648648,yolo,749,29.96
750,30.0,105,0.8408203125,896,919,1026,1068,961,993,961,1065,1.0,0.5510571300044984,0.1372141372141372,yolo,750,30.0
751,30.04,105,0.80078125,902,919,1032,1068,967,993,967,1065,1.0,0.4703103913630229,0.0828630828630828,yolo,751,30.04
752,30.08,105,0.6826171875,854,919,1037,1067,945,993,945,1064,1.0,0.3152597402597402,0.0536317567567567,yolo,752,30.08
753,30.12,105,0.7958984375,833,920,1041,1068,937,994,937,1065,1.0,0.259,0.0864864864864864,yolo,753,30.12
767,30.68,219,0.85400390625,1043,886,1165,1068,1104,977,1104,1064,1.0,0.6549533452451857,0.1071895424836601,yolo,767,30.68
768,30.72,219,0.8642578125,1042,886,1165,1068,1103,977,1103,1064,1.0,0.6384645515080297,0.0950904392764857,yolo,768,30.72
769,30.76,219,0.8623046875,1043,886,1165,1068,1104,977,1104,1064,1.0,0.6519753821719277,0.1542483660130719,yolo,769,30.76
770,30.8,219,0.85791015625,1042,886,1164,1068,1103,977,1103,1064,1.0,0.6499900734564225,0.1461437908496732,yolo,770,30.8
771,30.84,219,0.85595703125,1042,886,1164,1068,1103,977,1103,1064,1.0,0.6579313083184435,0.1916339869281045,yolo,771,30.84
772,30.88,219,0.85791015625,1042,886,1165,1068,1103,977,1103,1064,1.0,0.6570701135918527,0.1801033591731266,yolo,772,30.88
773,30.92,219,0.85986328125,1043,886,1165,1068,1104,977,1104,1064,1.0,0.6579313083184435,0.1905882352941176,yolo,773,30.92
774,30.96,219,0.85888671875,1043,886,1166,1068,1104,977,1104,1064,1.0,0.6609870740305523,0.1968992248062015,yolo,774,30.96
775,31.0,219,0.8671875,1043,886,1166,1068,1104,977,1104,1064,1.0,0.6619663141402272,0.203359173126615,yolo,775,31.0
776,31.04,219,0.8662109375,1043,886,1165,1068,1104,977,1104,1064,1.0,0.664879888822712,0.2047058823529411,yolo,776,31.04
777,31.08,219,0.8671875,1043,887,1165,1068,1104,977,1104,1064,1.0,0.669016921837228,0.2088888888888889,yolo,777,31.08
778,31.12,219,0.87158203125,1042,887,1165,1068,1103,977,1103,1064,1.0,0.6750794912559619,0.2258397932816537,yolo,778,31.12
779,31.16,219,0.87158203125,1043,887,1165,1068,1104,977,1104,1064,1.0,0.6712328767123288,0.2269281045751634,yolo,779,31.16
780,31.2,219,0.8740234375,1043,888,1165,1068,1104,978,1104,1064,1.0,0.6688154713940371,0.272156862745098,yolo,780,31.2
781,31.24,219,0.875,1043,888,1164,1068,1103,978,1103,1064,1.0,0.6623774509803921,0.251058201058201,yolo,781,31.24
782,31.28,219,0.86962890625,1043,888,1163,1068,1103,978,1103,1064,1.0,0.6629901960784313,0.2568783068783069,yolo,782,31.28
783,31.32,219,0.86328125,1043,888,1163,1068,1103,978,1103,1064,1.0,0.6584967320261438,0.2613756613756614,yolo,783,31.32
784,31.36,219,0.8681640625,1042,888,1162,1068,1102,978,1102,1064,1.0,0.6499183006535948,0.2597883597883598,yolo,784,31.36
785,31.4,219,0.87158203125,1042,889,1162,1067,1102,978,1102,1063,1.0,0.6464460784313726,0.2675865800865801,yolo,785,31.4
786,31.44,219,0.87646484375,1041,890,1162,1068,1101,979,1101,1064,1.0,0.6544117647058824,0.25,yolo,786,31.44
787,31.48,219,0.8623046875,1039,890,1161,1068,1100,979,1100,1064,1.0,0.6426269137792103,0.2548128342245989,yolo,787,31.48
788,31.52,219,0.873046875,1038,891,1160,1068,1099,979,1099,1064,1.0,0.6303414434675936,0.2497326203208556,yolo,788,31.52
789,31.56,219,0.8798828125,1036,892,1158,1068,1097,980,1097,1064,1.0,0.6366796156205276,0.2470588235294117,yolo,789,31.56
790,31.6,219,0.84912109375,1033,893,1157,1068,1095,980,1095,1064,1.0,0.6224242424242424,0.2504677893611334,yolo,790,31.6
791,31.64,219,0.83544921875,1025,895,1155,1068,1090,981,1090,1064,1.0,0.627039627039627,0.3120368004088934,yolo,791,31.64
792,31.68,219,0.87646484375,1015,896,1153,1068,1084,982,1084,1064,1.0,0.5888785912882298,0.2821865260129465,yolo,792,31.68
793,31.72,219,0.841796875,1011,897,1150,1068,1080,982,1080,1064,1.0,0.5926739926739927,0.3017492711370262,yolo,793,31.72
794,31.76,219,0.8642578125,1007,898,1149,1068,1078,983,1078,1064,1.0,0.5884191176470588,0.3318903318903319,yolo,794,31.76
795,31.8,219,0.83984375,1003,899,1146,1067,1074,983,1074,1063,1.0,0.5723110465116279,0.35,yolo,795,31.8
796,31.84,219,0.80322265625,1004,901,1145,1068,1074,984,1074,1064,1.0,0.5719954648526077,0.335490293678447,yolo,796,31.84
797,31.88,219,0.83642578125,1003,902,1143,1067,1073,984,1073,1063,1.0,0.5470430107526881,0.3250373320059731,yolo,797,31.88
798,31.92,219,0.8017578125,1000,903,1142,1068,1071,985,1071,1064,1.0,0.5231499051233397,0.355259916235526,yolo,798,31.92
799,31.96,219,0.7958984375,1003,905,1141,1068,1072,986,1072,1064,1.0,0.5266226195102993,0.3536082474226804,yolo,799,31.96
800,32.0,219,0.83740234375,1005,907,1139,1067,1072,987,1072,1063,1.0,0.508641975308642,0.3306451612903225,yolo,800,32.0
801,32.04,219,0.83203125,1003,908,1139,1067,1071,987,1071,1063,1.0,0.491398502327464,0.340080971659919,yolo,801,32.04
802,32.08,219,0.8427734375,1009,910,1138,1068,1073,989,1073,1064,1.0,0.492094017094017,0.3316239316239316,yolo,802,32.08
803,32.12,219,0.78515625,1010,913,1138,1068,1074,990,1074,1064,1.0,0.4802955665024631,0.323772915434654,yolo,803,32.12
804,32.16,219,0.78515625,1014,915,1137,1068,1075,991,1075,1064,1.0,0.4545666356011184,0.3124235006119951,yolo,804,32.16
805,32.2,219,0.796875,1014,918,1136,1068,1075,993,1075,1065,1.0,0.4611872146118721,0.3243243243243243,yolo,805,32.2
806,32.24,219,0.806640625,1012,921,1136,1068,1074,994,1074,1065,1.0,0.429047619047619,0.3106641123882503,yolo,806,32.24
807,32.28,219,0.77587890625,1009,924,1134,1068,1071,996,1071,1065,1.0,0.4067878787878788,0.3023989898989899,yolo,807,32.28
808,32.32,219,0.73095703125,1009,926,1131,1068,1070,997,1070,1065,1.0,0.3964992389649924,0.3277310924369748,yolo,808,32.32
809,32.36,219,0.75634765625,1009,928,1128,1068,1068,998,1068,1065,1.0,0.3736897274633123,0.251360544217687,yolo,809,32.36
810,32.4,219,0.78662109375,1008,930,1126,1068,1067,999,1067,1065,1.0,0.3744352909912304,0.2668320340184266,yolo,810,32.4
811,32.44,219,0.78515625,1006,932,1123,1068,1064,1000,1064,1065,1.0,0.3669467787114845,0.2604017216642754,yolo,811,32.44
812,32.48,219,0.80908203125,1006,933,1122,1068,1064,1000,1064,1065,1.0,0.3577720943449843,0.2686120463898241,yolo,812,32.48
813,32.52,219,0.79296875,1006,934,1121,1068,1063,1001,1063,1065,1.0,0.3293549303779483,0.2613636363636363,yolo,813,32.52
814,32.56,219,0.77734375,1004,935,1118,1067,1061,1001,1061,1064,1.0,0.3127536231884057,0.2665899501342539,yolo,814,32.56
815,32.6,219,0.822265625,1003,936,1117,1068,1060,1002,1060,1065,1.0,0.3057971014492753,0.2704257767548906,yolo,815,32.6
816,32.64,219,0.83544921875,1000,936,1115,1068,1057,1002,1057,1065,1.0,0.283768115942029,0.3087121212121212,yolo,816,32.64
817,32.68,219,0.81396484375,998,936,1113,1068,1055,1002,1055,1065,1.0,0.2773913043478261,0.35,yolo,817,32.68
818,32.72,219,0.8291015625,996,937,1111,1068,1053,1002,1053,1065,1.0,0.2803904170363798,0.3328125,yolo,818,32.72
819,32.76,219,0.8232421875,994,937,1109,1068,1051,1002,1051,1065,1.0,0.2753623188405797,0.290625,yolo,819,32.76
820,32.8,219,0.82763671875,994,937,1106,1068,1050,1002,1050,1065,1.0,0.2607371306731648,0.2353639240506329,yolo,820,32.8
823,32.92,219,0.77734375,985,940,1100,1068,1042,1004,1042,1065,1.0,0.2546583850931677,0.1453125,yolo,823,32.92
824,32.96,219,0.73583984375,980,941,1098,1068,1039,1004,1039,1065,1.0,0.2796361502347418,0.2122036533229693,yolo,824,32.96
825,33.0,219,0.79443359375,974,942,1095,1068,1034,1005,1034,1065,1.0,0.3587962962962963,0.2642089093701997,yolo,825,33.0
826,33.04,219,0.7216796875,967,942,1090,1067,1028,1004,1028,1064,1.0,0.4045428407130534,0.3015753938484621,yolo,826,33.04
827,33.08,219,0.67919921875,962,943,1086,1067,1024,1005,1024,1064,1.0,0.4496453900709219,0.310715609936967,yolo,827,33.08
829,33.16,219,0.4697265625,952,949,1075,1068,1013,1008,1013,1065,1.0,0.5872502937720329,0.2959101844426623,yolo,829,33.16
830,33.2,219,0.5283203125,947,946,1068,1067,1007,1006,1007,1064,1.0,0.5549516908212561,0.3257936507936508,yolo,830,33.2
831,33.24,219,0.7041015625,942,944,1060,1068,1001,1006,1001,1065,1.0,0.4830686245130356,0.3070345899727944,yolo,831,33.24
832,33.28,219,0.552734375,937,944,1053,1068,995,1006,995,1065,1.0,0.4397163120567376,0.2986857825567503,yolo,832,33.28
833,33.32,219,0.59814453125,933,943,1047,1068,990,1005,990,1065,1.0,0.4107308048103608,0.2552062066149448,yolo,833,33.32
834,33.36,219,0.7705078125,929,943,1043,1068,986,1005,986,1065,1.0,0.4172062904717853,0.2707227439771335,yolo,834,33.36
835,33.4,219,0.74462890625,926,944,1038,1068,982,1006,982,1065,1.0,0.4048904414099714,0.2617394855042874,yolo,835,33.4
836,33.44,219,0.6318359375,922,944,1035,1068,978,1006,978,1065,1.0,0.4139549436795995,0.2778225806451613,yolo,836,33.44
837,33.48,219,0.451416015625,920,948,1034,1067,977,1007,977,1064,1.0,0.4454946439823566,0.1807071147970318,yolo,837,33.48
842,33.68,219,0.5283203125,909,940,1033,1068,971,1004,971,1065,1.0,0.4740136054421768,0.1673850574712643,yolo,842,33.68
846,33.84,219,0.440673828125,903,972,1021,1068,962,1020,962,1066,1.0,0.9287949921752738,0.3785140562248996,yolo,846,33.84
847,33.88,219,0.67041015625,901,939,1018,1068,959,1003,959,1065,1.0,0.6434402332361516,0.1570121951219512,yolo,847,33.88
848,33.92,219,0.689453125,899,929,1015,1068,957,998,957,1065,1.0,0.5734208367514356,0.0958605664488017,yolo,848,33.92
849,33.96,219,0.63330078125,897,924,1012,1067,954,995,954,1064,1.0,0.5721953837895867,0.0746428571428571,yolo,849,33.96
850,34.0,219,0.77880859375,895,918,1010,1067,952,992,952,1064,1.0,0.5484363081617086,0.0672297297297297,yolo,850,34.0
851,34.04,219,0.763671875,891,914,1007,1067,949,990,949,1063,1.0,0.5342328835582209,0.0594541910331384,yolo,851,34.04
852,34.08,219,0.77587890625,889,912,1004,1068,946,990,946,1064,1.0,0.534021125030705,0.0580128205128205,yolo,852,34.08
853,34.12,219,0.7294921875,887,911,1002,1068,944,989,944,1064,1.0,0.5543478260869565,0.0532051282051282,yolo,853,34.12
854,34.16,219,0.7734375,885,909,998,1068,941,988,941,1064,1.0,0.5421890067502411,0.0516025641025641,yolo,854,34.16
855,34.2,219,0.7880859375,884,908,995,1068,939,988,939,1064,1.0,0.5373737373737374,0.053525641025641,yolo,855,34.2
856,34.24,219,0.81884765625,880,907,993,1068,936,987,936,1064,1.0,0.5489392478302797,0.040625,yolo,856,34.24
857,34.28,219,0.83740234375,879,905,990,1068,934,986,934,1064,1.0,0.5371456500488758,0.057051282051282,yolo,857,34.28
858,34.32,219,0.82080078125,877,903,990,1068,933,985,933,1064,1.0,0.5460151802656547,0.0679878048780487,yolo,858,34.32
859,34.36,219,0.8154296875,875,903,987,1067,931,985,931,1063,1.0,0.546789860222696,0.0833590614387156,yolo,859,34.36
860,34.4,219,0.8115234375,872,904,982,1067,927,985,927,1063,1.0,0.5491202346041055,0.1025974025974026,yolo,860,34.4
861,34.44,219,0.7919921875,869,905,979,1068,924,986,924,1064,1.0,0.5588954056695992,0.0782467532467532,yolo,861,34.44
862,34.48,219,0.80810546875,865,907,975,1068,920,987,920,1064,1.0,0.5673124689518132,0.0925324675324675,yolo,862,34.48
863,34.52,219,0.8173828125,861,909,972,1068,916,988,916,1064,1.0,0.589418777943368,0.1206443129520052,yolo,863,34.52
864,34.56,219,0.796875,856,916,968,1067,912,991,912,1063,1.0,0.6690233045299817,0.1279507355456722,yolo,864,34.56
865,34.6,219,0.82568359375,851,912,965,1068,908,990,908,1064,1.0,0.6320314419061656,0.1243102888672508,yolo,865,34.6
866,34.64,219,0.80078125,846,911,962,1068,904,989,904,1064,1.0,0.618840579710145,0.1304210193099082,yolo,866,34.64
867,34.68,219,0.88427734375,841,910,960,1067,900,988,900,1063,1.0,0.6087962962962963,0.1224053724053724,yolo,867,34.68
868,34.72,219,0.880859375,836,908,956,1067,896,987,896,1063,1.0,0.5824225865209471,0.1138583638583638,yolo,868,34.72
869,34.76,219,0.865234375,833,906,952,1067,892,986,892,1063,1.0,0.5664845173041895,0.1017857142857142,yolo,869,34.76
870,34.8,219,0.86962890625,829,904,947,1068,888,986,888,1064,1.0,0.549742901855578,0.1007934175727299,yolo,870,34.8
871,34.84,219,0.84716796875,826,901,942,1067,884,984,884,1063,1.0,0.5249597423510467,0.1219512195121951,yolo,871,34.84
872,34.88,219,0.85986328125,824,900,940,1068,882,984,882,1064,1.0,0.526947463768116,0.1213991769547325,yolo,872,34.88
873,34.92,219,0.86962890625,822,900,939,1068,880,984,880,1064,1.0,0.5265625,0.1303716608594657,yolo,873,34.92
874,34.96,219,0.84716796875,821,900,944,1068,882,984,882,1064,1.0,0.5006334459459459,0.1018826135105204,yolo,874,34.96
875,35.0,219,0.87158203125,819,899,954,1068,886,983,886,1064,1.0,0.4395061728395061,0.0891590678824721,yolo,875,35.0
876,35.04,219,0.86328125,818,899,964,1067,891,983,891,1063,1.0,0.3927801724137931,0.0989366620434581,yolo,876,35.04
877,35.08,219,0.85009765625,817,900,976,1067,896,983,896,1063,1.0,0.355324074074074,0.109102787456446,yolo,877,35.08
878,35.12,219,0.82763671875,815,901,992,1067,903,984,903,1063,1.0,0.330188679245283,0.0894964594807238,yolo,878,35.12
879,35.16,219,0.84814453125,814,901,1004,1067,909,984,909,1063,1.0,0.3137009189640768,0.0748211993398129,yolo,879,35.16
880,35.2,219,0.861328125,814,902,1028,1067,921,984,921,1063,1.0,0.3017004251062766,0.062694385333115,yolo,880,35.2
881,35.24,219,0.884765625,813,902,1032,1067,922,984,922,1063,1.0,0.3010752688172043,0.0723788406715236,yolo,881,35.24
882,35.28,219,0.89697265625,813,903,1037,1068,925,985,925,1064,1.0,0.3069295101553166,0.0706851017554761,yolo,882,35.28
883,35.32,219,0.87841796875,813,903,1042,1068,927,985,927,1064,1.0,0.3153342683496961,0.066920731707317,yolo,883,35.32
884,35.36,219,0.86083984375,814,904,1046,1067,930,985,930,1063,1.0,0.3050591784636807,0.0661042944785276,yolo,884,35.36
885,35.4,219,0.85498046875,814,904,1048,1067,931,985,931,1063,1.0,0.2958133150308853,0.0702453987730061,yolo,885,35.4
886,35.44,219,0.85205078125,813,904,1048,1067,930,985,930,1063,1.0,0.2937542896362388,0.0698170731707317,yolo,886,35.44
887,35.48,219,0.85693359375,813,905,1050,1067,931,986,931,1063,1.0,0.2930039251904872,0.0774096385542168,yolo,887,35.48
888,35.52,219,0.85400390625,814,905,1052,1067,933,986,933,1063,1.0,0.287974320761206,0.0842814371257485,yolo,888,35.52
889,35.56,219,0.86083984375,815,905,1052,1067,933,986,933,1063,1.0,0.278573077811129,0.078012048192771,yolo,889,35.56
890,35.6,219,0.85302734375,815,905,1052,1068,933,986,933,1064,1.0,0.2743071331213085,0.0798192771084337,yolo,890,35.6
891,35.64,219,0.84716796875,815,905,1052,1068,933,986,933,1064,1.0,0.2711267605633803,0.0781626506024096,yolo,891,35.64
892,35.68,219,0.82666015625,815,906,1052,1068,933,987,933,1064,1.0,0.2726852920803509,0.0769578313253012,yolo,892,35.68
894,35.76,253,0.873046875,1079,872,1184,1067,1131,969,1131,1063,1.0,0.577005577005577,0.1756756756756756,yolo,894,35.76
895,35.8,253,0.8740234375,1078,872,1184,1067,1131,969,1131,1063,1.0,0.5643500643500643,0.1502777777777778,yolo,895,35.8
896,35.84,253,0.8662109375,1076,872,1184,1067,1130,969,1130,1063,1.0,0.5825363825363825,0.1583333333333333,yolo,896,35.84
897,35.88,253,0.8740234375,1074,871,1183,1067,1128,969,1128,1063,1.0,0.5687960687960688,0.1710526315789473,yolo,897,35.88
898,35.92,253,0.87255859375,1072,870,1181,1067,1126,968,1126,1063,1.0,0.5644444444444444,0.170515574650913,yolo,898,35.92
899,35.96,253,0.8740234375,1070,869,1178,1067,1124,968,1124,1063,1.0,0.5682051282051283,0.1572789115646258,yolo,899,35.96
900,36.0,253,0.84814453125,1068,869,1176,1067,1122,968,1122,1063,1.0,0.5807179487179487,0.1257142857142857,yolo,900,36.0
901,36.04,253,0.83447265625,1067,869,1175,1067,1121,968,1121,1063,1.0,0.571076923076923,0.0919727891156462,yolo,901,36.04
902,36.08,253,0.845703125,1066,869,1172,1067,1119,968,1119,1063,1.0,0.5904761904761905,0.0895238095238095,yolo,902,36.08
903,36.12,253,0.85400390625,1064,870,1170,1067,1117,968,1117,1063,1.0,0.59005291005291,0.0816326530612244,yolo,903,36.12
904,36.16,253,0.8447265625,1064,870,1169,1066,1116,968,1116,1062,1.0,0.6018876018876019,0.1070049641478212,yolo,904,36.16
905,36.2,253,0.85693359375,1063,870,1168,1066,1115,968,1115,1062,1.0,0.5999570999571,0.11003861003861,yolo,905,36.2
906,36.24,253,0.85693359375,1063,871,1168,1066,1115,968,1115,1062,1.0,0.6042471042471043,0.0971283783783783,yolo,906,36.24
907,36.28,253,0.85986328125,1063,871,1168,1066,1115,968,1115,1062,1.0,0.5928785928785929,0.0827702702702702,yolo,907,36.28
908,36.32,253,0.85595703125,1062,871,1168,1066,1115,968,1115,1062,1.0,0.5926640926640927,0.0925,yolo,908,36.32
909,36.36,253,0.8623046875,1063,872,1168,1066,1115,969,1115,1062,1.0,0.590948090948091,0.1050112612612612,yolo,909,36.36
910,36.4,253,0.85693359375,1064,872,1169,1066,1116,969,1116,1062,1.0,0.6036036036036037,0.1067004504504504,yolo,910,36.4
911,36.44,253,0.85791015625,1064,872,1170,1067,1117,969,1117,1063,1.0,0.5990990990990991,0.0944444444444444,yolo,911,36.44
912,36.48,253,0.87158203125,1064,872,1171,1067,1117,969,1117,1063,1.0,0.6021959459459459,0.1047297297297297,yolo,912,36.48
913,36.52,253,0.87890625,1062,872,1171,1067,1116,969,1116,1063,1.0,0.6001228501228502,0.100328947368421,yolo,913,36.52
914,36.56,253,0.8759765625,1062,872,1172,1067,1117,969,1117,1063,1.0,0.6195741195741196,0.1090367965367965,yolo,914,36.56
915,36.6,253,0.87255859375,1061,872,1173,1067,1117,969,1117,1063,1.0,0.6167809600645422,0.108386075949367,yolo,915,36.6
916,36.64,253,0.873046875,1061,871,1173,1066,1117,968,1117,1062,1.0,0.6327148043565954,0.1189345991561181,yolo,916,36.64
917,36.68,253,0.8740234375,1060,871,1173,1066,1116,968,1116,1062,1.0,0.6178457869634341,0.1138020833333333,yolo,917,36.68
918,36.72,253,0.8681640625,1060,871,1173,1066,1116,968,1116,1062,1.0,0.6257949125596184,0.1263020833333333,yolo,918,36.72
919,36.76,253,0.86962890625,1059,870,1172,1066,1115,968,1115,1062,1.0,0.625,0.1283163265306122,yolo,919,36.76
920,36.8,253,0.8798828125,1059,870,1172,1067,1115,968,1115,1063,1.0,0.6282352941176471,0.1357142857142857,yolo,920,36.8
921,36.84,253,0.88330078125,1059,870,1172,1067,1115,968,1115,1063,1.0,0.6076470588235294,0.1165816326530612,yolo,921,36.84
922,36.88,253,0.87890625,1059,869,1172,1067,1115,968,1115,1063,1.0,0.6209803921568627,0.1387755102040816,yolo,922,36.88
923,36.92,253,0.8642578125,1058,868,1172,1066,1115,967,1115,1062,1.0,0.6164251207729469,0.1363988633428055,yolo,923,36.92
924,36.96,253,0.88427734375,1059,868,1172,1066,1115,967,1115,1062,1.0,0.6188235294117647,0.1334183673469387,yolo,924,36.96
925,37.0,253,0.88330078125,1059,868,1172,1067,1115,967,1115,1063,1.0,0.6101006191950464,0.1306122448979592,yolo,925,37.0
926,37.04,253,0.892578125,1058,868,1173,1067,1115,967,1115,1063,1.0,0.6138443935926774,0.1364795918367347,yolo,926,37.04
927,37.08,253,0.8896484375,1058,868,1173,1066,1115,967,1115,1062,1.0,0.6106280193236715,0.1267857142857142,yolo,927,37.08
928,37.12,253,0.888671875,1058,867,1174,1067,1116,967,1116,1063,1.0,0.6075514874141876,0.1219753086419753,yolo,928,37.12
929,37.16,253,0.89013671875,1057,868,1174,1067,1115,967,1115,1063,1.0,0.6026315789473684,0.1319064211050273,yolo,929,37.16
930,37.2,253,0.880859375,1057,867,1174,1067,1115,967,1115,1063,1.0,0.6075187969924812,0.1317073170731707,yolo,930,37.2
931,37.24,253,0.880859375,1057,867,1175,1067,1116,967,1116,1063,1.0,0.6045218680504078,0.1250602409638554,yolo,931,37.24
932,37.28,253,0.87890625,1057,867,1175,1067,1116,967,1116,1063,1.0,0.6054484803558191,0.1125301204819277,yolo,932,37.28
933,37.32,253,0.87646484375,1057,867,1175,1067,1116,967,1116,1063,1.0,0.6060044477390659,0.0990361445783132,yolo,933,37.32
934,37.36,253,0.87255859375,1055,867,1175,1066,1115,966,1115,1062,1.0,0.6092836257309941,0.1248785228377065,yolo,934,37.36
935,37.4,253,0.8759765625,1056,867,1175,1066,1115,966,1115,1062,1.0,0.6061769005847953,0.1066569484936831,yolo,935,37.4
936,37.44,253,0.8740234375,1057,867,1175,1066,1116,966,1116,1062,1.0,0.6050778354336546,0.1263830833538234,yolo,936,37.44
937,37.48,253,0.87744140625,1057,867,1175,1066,1116,966,1116,1062,1.0,0.6061897702001483,0.1072043275141381,yolo,937,37.48
938,37.52,253,0.8798828125,1057,867,1175,1066,1116,966,1116,1062,1.0,0.6182357301704967,0.1096631423653798,yolo,938,37.52
939,37.56,253,0.8818359375,1057,867,1175,1066,1116,966,1116,1062,1.0,0.6191623424759081,0.1072043275141381,yolo,939,37.56
940,37.6,253,0.8740234375,1055,867,1175,1066,1115,966,1115,1062,1.0,0.6200657894736842,0.1093294460641399,yolo,940,37.6
941,37.64,253,0.88427734375,1056,867,1175,1066,1115,966,1115,1062,1.0,0.6105628654970761,0.1054421768707483,yolo,941,37.64
942,37.68,253,0.8896484375,1057,868,1175,1066,1116,967,1116,1062,1.0,0.6232863849765258,0.0990902385050405,yolo,942,37.68
943,37.72,253,0.88818359375,1057,867,1175,1066,1116,966,1116,1062,1.0,0.6121200889547813,0.093926727317433,yolo,943,37.72
944,37.76,253,0.89013671875,1057,867,1175,1067,1116,967,1116,1063,1.0,0.6239807264640475,0.0987951807228915,yolo,944,37.76
945,37.8,253,0.8896484375,1057,867,1175,1067,1116,967,1116,1063,1.0,0.6234247590808006,0.0978313253012048,yolo,945,37.8
946,37.84,253,0.89013671875,1057,867,1175,1067,1116,967,1116,1063,1.0,0.6241660489251297,0.1,yolo,946,37.84
947,37.88,253,0.888671875,1056,867,1175,1067,1115,967,1115,1063,1.0,0.6154970760233918,0.0919047619047619,yolo,947,37.88
948,37.92,253,0.88720703125,1056,867,1175,1067,1115,967,1115,1063,1.0,0.622624269005848,0.1280952380952381,yolo,948,37.92
949,37.96,253,0.88720703125,1056,867,1175,1067,1115,967,1115,1063,1.0,0.6154970760233918,0.1245238095238095,yolo,949,37.96
950,38.0,253,0.89013671875,1056,868,1175,1066,1115,967,1115,1062,1.0,0.6277777777777778,0.1122448979591836,yolo,950,38.0
951,38.04,253,0.89013671875,1056,868,1176,1066,1116,967,1116,1062,1.0,0.6238888888888889,0.1112730806608357,yolo,951,38.04
952,38.08,253,0.8974609375,1056,868,1175,1066,1115,967,1115,1062,1.0,0.6348148148148148,0.1037414965986394,yolo,952,38.08
953,38.12,253,0.89892578125,1056,868,1176,1066,1116,967,1116,1062,1.0,0.6305555555555555,0.1071428571428571,yolo,953,38.12
954,38.16,253,0.900390625,1056,868,1176,1066,1116,967,1116,1062,1.0,0.6370370370370371,0.1013119533527696,yolo,954,38.16
955,38.2,253,0.892578125,1056,869,1176,1066,1116,967,1116,1062,1.0,0.6255555555555555,0.0903790087463556,yolo,955,38.2
956,38.24,253,0.89404296875,1056,869,1175,1067,1115,968,1115,1063,1.0,0.6325925925925926,0.0964528668610301,yolo,956,38.24
957,38.28,253,0.89111328125,1056,869,1175,1067,1115,968,1115,1063,1.0,0.6342592592592593,0.130466472303207,yolo,957,38.28
958,38.32,253,0.88623046875,1056,870,1176,1067,1116,968,1116,1063,1.0,0.6361111111111111,0.1273080660835762,yolo,958,38.32
959,38.36,253,0.88232421875,1056,871,1176,1066,1116,968,1116,1062,1.0,0.6417042042042042,0.1222718253968253,yolo,959,38.36
960,38.4,253,0.88232421875,1056,871,1176,1066,1116,968,1116,1062,1.0,0.6300675675675675,0.1294642857142857,yolo,960,38.4
961,38.44,253,0.88623046875,1056,872,1176,1066,1116,969,1116,1062,1.0,0.6265015015015015,0.1254960317460317,yolo,961,38.44
962,38.48,253,0.88232421875,1056,872,1176,1067,1116,969,1116,1063,1.0,0.6336336336336337,0.1376488095238095,yolo,962,38.48
963,38.52,253,0.88427734375,1055,872,1175,1067,1115,969,1115,1063,1.0,0.6216216216216216,0.1240079365079365,yolo,963,38.52
964,38.56,253,0.87744140625,1055,872,1175,1067,1115,969,1115,1063,1.0,0.6291291291291291,0.1207837301587301,yolo,964,38.56
965,38.6,253,0.87744140625,1055,872,1175,1067,1115,969,1115,1063,1.0,0.6231231231231231,0.1173115079365079,yolo,965,38.6
966,38.64,253,0.87841796875,1054,872,1174,1067,1114,969,1114,1063,1.0,0.6293168168168168,0.132688492063492,yolo,966,38.64
967,38.68,253,0.87841796875,1054,873,1174,1067,1114,970,1114,1063,1.0,0.6169294294294294,0.1205357142857142,yolo,967,38.68
968,38.72,253,0.87646484375,1053,872,1174,1067,1113,969,1113,1063,1.0,0.6233108108108109,0.1307043650793651,yolo,968,38.72
969,38.76,253,0.8671875,1052,872,1174,1067,1113,969,1113,1063,1.0,0.6190299888930025,0.1193627450980392,yolo,969,38.76
970,38.8,253,0.8662109375,1052,873,1174,1067,1113,970,1113,1063,1.0,0.6260644205849686,0.1438725490196078,yolo,970,38.8
971,38.84,253,0.875,1052,872,1174,1067,1113,969,1113,1063,1.0,0.6212513883746761,0.1247549019607843,yolo,971,38.84
972,38.88,253,0.8798828125,1052,874,1174,1067,1113,970,1113,1063,1.0,0.6402702195533871,0.1318627450980392,yolo,972,38.88
973,38.92,253,0.88427734375,1051,874,1174,1067,1112,970,1112,1063,1.0,0.6303221029248427,0.1235465116279069,yolo,973,38.92
974,38.96,253,0.87255859375,1051,874,1173,1066,1112,970,1112,1062,1.0,0.6342653405892288,0.1308823529411764,yolo,974,38.96
975,39.0,253,0.87744140625,1051,874,1173,1066,1112,970,1112,1062,1.0,0.6367048226684181,0.1370098039215686,yolo,975,39.0
976,39.04,253,0.88232421875,1051,874,1173,1066,1112,970,1112,1062,1.0,0.6427097016325765,0.1473039215686274,yolo,976,39.04
977,39.08,253,0.88232421875,1051,875,1173,1066,1112,970,1112,1062,1.0,0.6415525114155252,0.1421777221526908,yolo,977,39.08
978,39.12,253,0.88720703125,1051,876,1173,1066,1112,971,1112,1062,1.0,0.6541095890410958,0.1376720901126408,yolo,978,39.12
979,39.16,253,0.87841796875,1049,876,1173,1066,1111,971,1111,1062,1.0,0.6475925925925926,0.1330398630471998,yolo,979,39.16
980,39.2,253,0.88427734375,1048,876,1173,1066,1110,971,1110,1062,1.0,0.65,0.1252417794970986,yolo,980,39.2
981,39.24,253,0.873046875,1048,876,1173,1066,1110,971,1110,1062,1.0,0.6424074074074074,0.1237911025145067,yolo,981,39.24
982,39.28,253,0.8759765625,1048,876,1173,1066,1110,971,1110,1062,1.0,0.6488888888888888,0.1228239845261121,yolo,982,39.28
983,39.32,253,0.87890625,1047,876,1173,1066,1110,971,1110,1062,1.0,0.6424074074074074,0.1262251972268706,yolo,983,39.32
984,39.36,253,0.87158203125,1047,877,1173,1067,1110,972,1110,1063,1.0,0.642962962962963,0.0996892182644035,yolo,984,39.36
985,39.4,253,0.87060546875,1046,877,1173,1067,1109,972,1109,1063,1.0,0.6279239766081871,0.0870406189555125,yolo,985,39.4
986,39.44,253,0.87646484375,1046,877,1173,1067,1109,972,1109,1063,1.0,0.6326754385964912,0.0981624758220502,yolo,986,39.44
987,39.48,253,0.8798828125,1046,877,1173,1067,1109,972,1109,1063,1.0,0.63578216374269,0.1003384912959381,yolo,987,39.48
988,39.52,253,0.88330078125,1046,877,1173,1067,1109,972,1109,1063,1.0,0.6438230994152047,0.1008220502901354,yolo,988,39.52
989,39.56,253,0.88623046875,1046,876,1173,1066,1109,971,1109,1062,1.0,0.63578216374269,0.1046905222437137,yolo,989,39.56
990,39.6,253,0.8798828125,1046,876,1173,1066,1109,971,1109,1062,1.0,0.6284722222222222,0.1008220502901354,yolo,990,39.6
991,39.64,253,0.87158203125,1046,876,1173,1066,1109,971,1109,1062,1.0,0.6218932748538012,0.0725338491295938,yolo,991,39.64
992,39.68,253,0.88330078125,1045,876,1173,1066,1109,971,1109,1062,1.0,0.6204906204906205,0.1068611044704757,yolo,992,39.68
993,39.72,253,0.8740234375,1045,876,1174,1066,1109,971,1109,1062,1.0,0.6118233618233618,0.0728132387706855,yolo,993,39.72
994,39.76,253,0.8642578125,1045,876,1174,1066,1109,971,1109,1062,1.0,0.6176994301994302,0.0900709219858156,yolo,994,39.76
995,39.8,253,0.85986328125,1045,876,1173,1066,1109,971,1109,1062,1.0,0.604978354978355,0.0865407602199378,yolo,995,39.8
996,39.84,253,0.85791015625,1046,876,1173,1066,1109,971,1109,1062,1.0,0.6091008771929824,0.093568665377176,yolo,996,39.84
997,39.88,253,0.830078125,1046,876,1173,1066,1109,971,1109,1062,1.0,0.5842470760233918,0.0822050290135396,yolo,997,39.88
998,39.92,253,0.8447265625,1046,877,1173,1067,1109,972,1109,1063,1.0,0.6008771929824561,0.0918762088974854,yolo,998,39.92
999,39.96,253,0.85693359375,1045,877,1172,1067,1108,972,1108,1063,1.0,0.5873538011695907,0.0921179883945841,yolo,999,39.96
1000,40.0,253,0.8447265625,1040,878,1170,1068,1105,973,1105,1064,1.0,0.5694444444444444,0.0867430441898527,yolo,1000,40.0
1001,40.04,253,0.888671875,1034,878,1169,1068,1101,973,1101,1064,1.0,0.5370370370370371,0.1041195110909913,yolo,1001,40.04
1002,40.08,253,0.8896484375,1029,880,1166,1068,1097,974,1097,1064,1.0,0.5,0.1336436170212765,yolo,1002,40.08
1003,40.12,253,0.888671875,1024,881,1162,1067,1093,974,1093,1063,1.0,0.4903614457831325,0.1714477812640071,yolo,1003,40.12
1004,40.16,253,0.88818359375,1019,883,1158,1068,1088,975,1088,1064,1.0,0.5047619047619047,0.2433451641526175,yolo,1004,40.16
1005,40.2,253,0.87060546875,1012,885,1156,1068,1084,976,1084,1064,1.0,0.5146141215106732,0.2534653465346534,yolo,1005,40.2
1006,40.24,253,0.88623046875,1007,887,1154,1068,1080,977,1080,1064,1.0,0.5055147058823529,0.2745098039215686,yolo,1006,40.24
1007,40.28,253,0.8798828125,1005,892,1151,1068,1078,980,1078,1064,1.0,0.4957968776805627,0.3309796999117387,yolo,1007,40.28
1008,40.32,253,0.8427734375,1002,895,1150,1068,1076,981,1076,1064,1.0,0.4821246169560776,0.3357417024158952,yolo,1008,40.32
1009,40.36,253,0.85693359375,1002,899,1148,1068,1075,983,1075,1064,1.0,0.4445623342175066,0.3257050392972723,yolo,1009,40.36
1010,40.4,253,0.8310546875,999,905,1145,1068,1072,986,1072,1064,1.0,0.4308490915832406,0.3526699029126213,yolo,1010,40.4
1011,40.44,253,0.81640625,995,910,1143,1068,1069,989,1069,1064,1.0,0.3857677902621723,0.3689320388349514,yolo,1011,40.44
1012,40.48,253,0.841796875,990,915,1140,1068,1065,991,1065,1064,1.0,0.3484674329501915,0.3882205513784461,yolo,1012,40.48
1013,40.52,253,0.7744140625,987,919,1136,1067,1061,993,1061,1064,1.0,0.3162698412698412,0.3466735966735966,yolo,1013,40.52
1014,40.56,253,0.80078125,980,922,1122,1068,1051,995,1051,1065,1.0,0.3311229946524064,0.308080808080808,yolo,1014,40.56
1015,40.6,253,0.8115234375,974,923,1109,1067,1041,995,1041,1064,1.0,0.3104377104377104,0.2381796690307328,yolo,1015,40.6
1016,40.64,253,0.7880859375,967,924,1096,1068,1031,996,1031,1065,1.0,0.3361305361305361,0.2441358024691358,yolo,1016,40.64
1017,40.68,253,0.77587890625,961,926,1084,1068,1022,997,1022,1065,1.0,0.3661161161161161,0.2428571428571428,yolo,1017,40.68
1018,40.72,253,0.70068359375,954,928,1073,1067,1013,997,1013,1064,1.0,0.3736897274633123,0.213235294117647,yolo,1018,40.72
1020,40.8,253,0.70068359375,949,933,1052,1068,1000,1000,1000,1065,1.0,0.3364958886780518,0.2840909090909091,yolo,1020,40.8
1021,40.84,253,0.6689453125,943,935,1046,1068,994,1001,994,1065,1.0,0.3048703352308665,0.2765151515151515,yolo,1021,40.84
1023,40.92,253,0.5166015625,925,938,1041,1069,983,1003,983,1066,1.0,0.2658976634131914,0.1875,yolo,1023,40.92
1026,41.04,253,0.615234375,898,936,1006,1068,952,1002,952,1065,1.0,0.295076923076923,0.1107070707070707,yolo,1026,41.04
1027,41.08,253,0.77880859375,889,933,998,1068,943,1000,943,1065,1.0,0.3354129530600119,0.1220095693779904,yolo,1027,41.08
1028,41.12,253,0.79052734375,882,930,996,1068,939,999,939,1065,1.0,0.3705222860267979,0.1161578555472822,yolo,1028,41.12
1029,41.16,253,0.7607421875,876,928,994,1068,935,998,935,1065,1.0,0.40977943130481,0.1111876075731497,yolo,1029,41.16
1030,41.2,253,0.5888671875,871,943,997,1068,934,1005,934,1065,1.0,0.5781560283687943,0.1743385284523378,yolo,1030,41.2
1031,41.24,253,0.51953125,866,939,1013,1068,939,1003,939,1065,1.0,0.487012987012987,0.2150735294117647,yolo,1031,41.24
1032,41.28,253,0.73388671875,863,951,1029,1068,946,1009,946,1065,1.0,0.5436179981634527,0.1562039493073976,yolo,1032,41.28
1033,41.32,253,0.75634765625,859,954,1049,1067,954,1010,954,1064,1.0,0.5081599347205222,0.1568206229860365,yolo,1033,41.32
1034,41.36,253,0.70751953125,858,961,1068,1068,963,1014,963,1065,1.0,0.5516840882694541,0.1684981684981685,yolo,1034,41.36
1035,41.4,253,0.6533203125,858,962,1080,1068,969,1015,969,1065,1.0,0.4951127819548872,0.2258064516129032,yolo,1035,41.4
1037,41.48,253,0.75341796875,856,951,1092,1068,974,1009,974,1065,1.0,0.4679239200515796,0.1759665621734587,yolo,1037,41.48
1038,41.52,253,0.5205078125,856,943,1094,1068,975,1005,975,1065,1.0,0.4566284779050736,0.2344987444465907,yolo,1038,41.52
1041,41.64,253,0.5263671875,848,879,1088,1068,968,973,968,1064,1.0,0.2513503086419753,0.2137791286727457,yolo,1041,41.64
1042,41.68,253,0.63720703125,851,907,1086,1067,968,987,968,1063,1.0,0.33274231678487,0.2144817073170731,yolo,1042,41.68
1043,41.72,253,0.6826171875,851,917,1085,1067,968,992,968,1064,1.0,0.3617021276595745,0.2550157519482673,yolo,1043,41.72
1044,41.76,253,0.5546875,850,920,1084,1067,967,993,967,1064,1.0,0.3608156028368794,0.252897068847989,yolo,1044,41.76
1045,41.8,253,0.65673828125,849,922,1083,1067,966,994,966,1064,1.0,0.3667311411992263,0.2522154055896387,yolo,1045,41.8
1046,41.84,253,0.67041015625,848,923,1082,1067,965,995,965,1064,1.0,0.3593810444874274,0.253749147920927,yolo,1046,41.84
1047,41.88,253,0.552734375,847,923,1082,1067,964,995,964,1064,1.0,0.3575757575757576,0.2447493224932249,yolo,1047,41.88
1048,41.92,253,0.70751953125,846,923,1081,1067,963,995,963,1064,1.0,0.3606705351386202,0.2433943089430894,yolo,1048,41.92
1049,41.96,253,0.78515625,846,923,1081,1067,963,995,963,1064,1.0,0.3557704706640877,0.2415311653116531,yolo,1049,41.96
1050,42.0,253,0.70263671875,845,922,1080,1068,962,995,962,1065,1.0,0.3524177949709864,0.2420392953929539,yolo,1050,42.0
1051,42.04,253,0.60009765625,844,920,1079,1068,961,994,961,1065,1.0,0.3420719351570415,0.2371456822676335,yolo,1051,42.04
1052,42.08,253,0.7265625,844,922,1080,1068,962,995,962,1065,1.0,0.3455834945196647,0.2415824915824916,yolo,1052,42.08
1053,42.12,253,0.79931640625,844,923,1079,1067,961,995,961,1064,1.0,0.3466150870406189,0.2398373983739837,yolo,1053,42.12
1054,42.16,253,0.7607421875,844,923,1079,1068,961,995,961,1065,1.0,0.3495809155383623,0.2398373983739837,yolo,1054,42.16
1055,42.2,253,0.82568359375,843,923,1079,1068,961,995,961,1065,1.0,0.3466150870406189,0.2395622895622895,yolo,1055,42.2
1056,42.24,253,0.6259765625,853,886,1012,1068,932,977,932,1064,1.0,0.5703502415458938,0.1452380952380952,yolo,1056,42.24
1057,42.28,253,0.61865234375,857,872,984,1068,920,970,920,1064,1.0,0.5709459459459459,0.1992115027829313,yolo,1057,42.28
1058,42.32,253,0.64404296875,858,865,977,1068,917,966,917,1063,1.0,0.5313852813852814,0.1954761904761904,yolo,1058,42.32
1059,42.36,253,0.5908203125,859,865,976,1068,917,966,917,1063,1.0,0.5328385899814472,0.19,yolo,1059,42.36
1060,42.4,253,0.63525390625,859,865,975,1068,917,966,917,1063,1.0,0.5379258422736684,0.1844444444444444,yolo,1060,42.4
1061,42.44,253,0.62255859375,859,867,976,1068,917,967,917,1063,1.0,0.5473684210526316,0.1897560975609756,yolo,1061,42.44
1062,42.48,253,0.638671875,860,870,976,1067,918,968,918,1063,1.0,0.5640579710144927,0.1950113378684807,yolo,1062,42.48
1063,42.52,253,0.5908203125,861,876,976,1068,918,972,918,1064,1.0,0.5951955529084773,0.19375,yolo,1063,42.52
1064,42.56,253,0.56201171875,860,876,978,1067,919,971,919,1063,1.0,0.5940923317683882,0.2117405793386311,yolo,1064,42.56
1065,42.6,253,0.56005859375,861,875,978,1067,919,971,919,1063,1.0,0.586692759295499,0.2090955284552845,yolo,1065,42.6
1066,42.64,253,0.56982421875,861,876,979,1068,920,972,920,1064,1.0,0.5921281111325487,0.2095883534136546,yolo,1066,42.64
1067,42.68,253,0.4853515625,862,876,982,1068,922,972,922,1064,1.0,0.5981735159817352,0.214781746031746,yolo,1067,42.68
1068,42.72,253,0.63330078125,863,875,985,1068,924,971,924,1064,1.0,0.6023644210921374,0.2134803921568627,yolo,1068,42.72
1069,42.76,253,0.4970703125,864,875,986,1068,925,971,925,1064,1.0,0.6042409457684369,0.2137254901960784,yolo,1069,42.76
1070,42.8,253,0.544921875,865,877,988,1068,926,972,926,1064,1.0,0.6206831831831832,0.2130133597229094,yolo,1070,42.8
1071,42.84,253,0.763671875,866,886,990,1068,928,977,928,1064,1.0,0.6595169082125604,0.1879948914431673,yolo,1071,42.84
1072,42.88,253,0.8232421875,868,886,990,1068,929,977,929,1064,1.0,0.6726225928131825,0.1942483660130718,yolo,1072,42.88
1073,42.92,253,0.83349609375,869,885,991,1068,930,976,930,1064,1.0,0.6647749510763209,0.1942483660130718,yolo,1073,42.92
1074,42.96,253,0.83544921875,871,882,993,1068,932,975,932,1064,1.0,0.662426614481409,0.1969309462915601,yolo,1074,42.96
1075,43.0,253,0.83203125,873,881,995,1068,934,974,934,1064,1.0,0.6463438163225931,0.1849104859335038,yolo,1075,43.0
1076,43.04,253,0.82568359375,874,880,997,1068,935,974,935,1064,1.0,0.6465840840840841,0.1850569025235032,yolo,1076,43.04
1077,43.08,253,0.8232421875,875,879,1002,1068,938,973,938,1064,1.0,0.6366959064327485,0.1370889748549323,yolo,1077,43.08
1078,43.12,253,0.85107421875,876,879,1006,1068,941,973,941,1064,1.0,0.6415598290598291,0.13280336684592,yolo,1078,43.12
1079,43.16,253,0.85693359375,877,879,1007,1067,942,973,942,1063,1.0,0.6467236467236467,0.1290624269347673,yolo,1079,43.16
1080,43.2,253,0.8642578125,878,879,1007,1067,942,973,942,1063,1.0,0.6273148148148148,0.1052009456264775,yolo,1080,43.2
1081,43.24,253,0.85400390625,879,879,1006,1067,942,973,942,1063,1.0,0.6377923976608187,0.1264506769825918,yolo,1081,43.24
1082,43.28,253,0.85498046875,878,880,1007,1067,942,973,942,1063,1.0,0.6496930299747201,0.1144927536231884,yolo,1082,43.28
1083,43.32,253,0.85595703125,878,880,1007,1068,942,974,942,1064,1.0,0.6242877492877493,0.0900709219858156,yolo,1083,43.32
1084,43.36,253,0.865234375,879,880,1007,1068,943,974,943,1064,1.0,0.6323953823953824,0.0901267033229739,yolo,1084,43.36
1085,43.4,253,0.8642578125,880,881,1007,1068,943,974,943,1064,1.0,0.6417716827279466,0.0886857707509881,yolo,1085,43.4
1086,43.44,253,0.8642578125,880,881,1007,1068,943,974,943,1064,1.0,0.6514084507042254,0.1074604743083004,yolo,1086,43.44
1087,43.48,253,0.86865234375,881,880,1007,1067,944,973,944,1063,1.0,0.6467605633802817,0.0591108939912066,yolo,1087,43.48
1088,43.52,253,0.865234375,882,880,1007,1068,944,974,944,1064,1.0,0.6435185185185185,0.0568181818181818,yolo,1088,43.52
1089,43.56,253,0.86962890625,883,879,1008,1068,945,973,945,1064,1.0,0.6346296296296297,0.0633462282398452,yolo,1089,43.56
1090,43.6,253,0.88232421875,885,878,1010,1068,947,973,947,1064,1.0,0.6322222222222222,0.0906673114119922,yolo,1090,43.6
1091,43.64,253,0.880859375,888,879,1012,1068,950,973,950,1064,1.0,0.63,0.069943751528491,yolo,1091,43.64
1092,43.68,253,0.865234375,890,878,1012,1068,951,973,951,1064,1.0,0.6147260273972602,0.060325406758448,yolo,1092,43.68
1093,43.72,253,0.87841796875,893,877,1012,1067,952,972,952,1063,1.0,0.6267361111111112,0.0737082066869301,yolo,1093,43.72
1094,43.76,253,0.8671875,896,877,1013,1067,954,972,954,1063,1.0,0.629563492063492,0.0827711468604047,yolo,1094,43.76
1095,43.8,253,0.873046875,898,877,1014,1067,956,972,956,1063,1.0,0.6274154589371981,0.1011294982926188,yolo,1095,43.8
1096,43.84,253,0.87255859375,900,877,1015,1067,957,972,957,1063,1.0,0.6282206119162641,0.1053191489361702,yolo,1096,43.84
1097,43.88,253,0.8388671875,903,878,1018,1067,960,972,960,1063,1.0,0.6300322061191627,0.0864361702127659,yolo,1097,43.88
1098,43.92,253,0.84716796875,905,879,1019,1067,962,973,962,1063,1.0,0.6356682769726248,0.0791812550498249,yolo,1098,43.92
1099,43.96,253,0.84375,906,880,1021,1068,963,974,963,1064,1.0,0.6348631239935588,0.0619680851063829,yolo,1099,43.96
1100,44.0,253,0.861328125,907,881,1022,1067,964,974,964,1063,1.0,0.6443064182194617,0.0682065217391304,yolo,1100,44.0
1101,44.04,253,0.84912109375,907,884,1023,1067,965,975,965,1063,1.0,0.6536231884057971,0.0924554183813443,yolo,1101,44.04
1102,44.08,253,0.85595703125,907,886,1025,1067,966,976,966,1063,1.0,0.6294531897265948,0.0998661311914324,yolo,1102,44.08
1103,44.12,253,0.85595703125,907,889,1025,1068,966,978,966,1064,1.0,0.6259320629660314,0.078039430449069,yolo,1103,44.12
1104,44.16,253,0.82421875,908,894,1026,1068,967,981,967,1064,1.0,0.6005121638924455,0.0397870551975343,yolo,1104,44.16
1105,44.2,253,0.8232421875,907,897,1028,1068,967,982,967,1064,1.0,0.5944444444444444,0.042517006802721,yolo,1105,44.2
1106,44.24,253,0.83740234375,907,901,1029,1068,968,984,968,1064,1.0,0.6101326375298978,0.0525107604017216,yolo,1106,44.24
1107,44.28,253,0.84716796875,907,903,1031,1068,969,985,969,1064,1.0,0.6010752688172043,0.0835435940566302,yolo,1107,44.28
1108,44.32,253,0.845703125,907,906,1034,1067,970,986,970,1063,1.0,0.5273943054357204,0.1005681818181818,yolo,1108,44.32
1109,44.36,253,0.84375,908,908,1036,1068,972,988,972,1064,1.0,0.5199134199134199,0.1002808988764045,yolo,1109,44.36
1110,44.4,253,0.806640625,908,911,1038,1068,973,989,973,1064,1.0,0.5173076923076924,0.0994646379261764,yolo,1110,44.4
1111,44.44,253,0.82568359375,910,914,1038,1068,974,991,974,1064,1.0,0.4928461369139335,0.1096984033116499,yolo,1111,44.44
1112,44.48,253,0.79931640625,910,918,1038,1068,974,993,974,1065,1.0,0.5087719298245614,0.1296689948375341,yolo,1112,44.48
1113,44.52,253,0.751953125,911,921,1039,1067,975,994,975,1064,1.0,0.4635182998819362,0.1195380774032459,yolo,1113,44.52
1114,44.56,253,0.8017578125,909,925,1039,1068,974,996,974,1065,1.0,0.4271130104463437,0.1262166405023548,yolo,1114,44.56
1115,44.6,253,0.76611328125,910,928,1039,1068,974,998,974,1065,1.0,0.4218674407353652,0.1311111111111111,yolo,1115,44.6
1116,44.64,253,0.73876953125,911,932,1038,1068,974,1000,974,1065,1.0,0.413828689370485,0.133355614973262,yolo,1116,44.64
1117,44.68,253,0.81640625,913,935,1039,1068,976,1001,976,1065,1.0,0.409673202614379,0.1382362955396663,yolo,1117,44.68
1118,44.72,253,0.71240234375,917,938,1038,1068,977,1003,977,1065,1.0,0.4226190476190476,0.1696428571428571,yolo,1118,44.72
1119,44.76,253,0.70263671875,921,941,1041,1068,981,1004,981,1065,1.0,0.425636574074074,0.2419354838709677,yolo,1119,44.76
1120,44.8,253,0.57763671875,925,943,1044,1068,984,1005,984,1065,1.0,0.4258274231678487,0.2553763440860215,yolo,1120,44.8
1121,44.84,253,0.607421875,931,945,1046,1067,988,1006,988,1064,1.0,0.4010712035286704,0.2691666666666666,yolo,1121,44.84
1122,44.88,253,0.42626953125,937,947,1047,1067,992,1007,992,1064,1.0,0.3784511784511784,0.3125541125541125,yolo,1122,44.88
1124,44.96,253,0.525390625,955,951,1053,1068,1004,1009,1004,1065,1.0,0.3243451463790446,0.1964017991004497,yolo,1124,44.96
1125,45.0,253,0.60205078125,964,952,1058,1068,1011,1010,1011,1065,1.0,0.2830940988835725,0.1427055702917772,yolo,1125,45.0
1126,45.04,253,0.611328125,971,954,1062,1068,1016,1011,1016,1065,1.0,0.2689393939393939,0.1261160714285714,yolo,1126,45.04
1135,45.4,253,0.6689453125,999,954,1094,1068,1046,1011,1046,1065,1.0,0.2523923444976076,0.2949134199134199,yolo,1135,45.4
1136,45.44,253,0.5947265625,1002,953,1095,1068,1048,1010,1048,1065,1.0,0.2711794019933555,0.323051948051948,yolo,1136,45.44
1137,45.48,253,0.57763671875,1001,952,1097,1068,1049,1010,1049,1065,1.0,0.2950558213716108,0.3484302624806999,yolo,1137,45.48
1138,45.52,253,0.548828125,1005,951,1099,1068,1052,1009,1052,1065,1.0,0.291866028708134,0.3442970822281167,yolo,1138,45.52
1139,45.56,253,0.5283203125,1008,948,1102,1067,1055,1007,1055,1064,1.0,0.2986270022883295,0.3724137931034483,yolo,1139,45.56
1140,45.6,253,0.611328125,1010,946,1109,1067,1059,1006,1059,1064,1.0,0.2971014492753623,0.3014285714285714,yolo,1140,45.6
1141,45.64,253,0.67041015625,1012,943,1114,1067,1063,1005,1063,1064,1.0,0.286013254272759,0.2935029532030895,yolo,1141,45.64
1142,45.68,253,0.6669921875,1014,940,1118,1067,1066,1003,1066,1064,1.0,0.2820767195767196,0.2509942554131684,yolo,1142,45.68
1143,45.72,253,0.640625,1016,938,1121,1067,1068,1002,1068,1064,1.0,0.2789115646258503,0.2305743243243243,yolo,1143,45.72
1144,45.76,253,0.56396484375,1018,937,1123,1068,1070,1002,1070,1065,1.0,0.2886297376093295,0.2212837837837837,yolo,1144,45.76
1145,45.8,253,0.56005859375,1018,935,1125,1068,1071,1001,1071,1065,1.0,0.3036151960784313,0.217035217035217,yolo,1145,45.8
1146,45.84,253,0.5830078125,1019,934,1127,1068,1073,1001,1073,1065,1.0,0.3167420814479638,0.221010101010101,yolo,1146,45.84
1147,45.88,253,0.642578125,1023,932,1129,1068,1076,1000,1076,1065,1.0,0.3236850295673825,0.1662745098039215,yolo,1147,45.88
1148,45.92,253,0.60400390625,1024,931,1131,1068,1077,999,1077,1065,1.0,0.3401442307692308,0.1554054054054054,yolo,1148,45.92
1149,45.96,253,0.4912109375,1026,929,1132,1067,1079,998,1079,1064,1.0,0.3372267145852051,0.1996078431372549,yolo,1149,45.96
1150,46.0,253,0.7138671875,1027,929,1134,1067,1080,998,1080,1064,1.0,0.3425707547169811,0.170906200317965,yolo,1150,46.0
1151,46.04,253,0.708984375,1029,928,1137,1068,1083,998,1083,1065,1.0,0.3407837445573294,0.1638095238095238,yolo,1151,46.04
1152,46.08,253,0.6669921875,1031,928,1140,1068,1085,998,1085,1065,1.0,0.3339050886220697,0.1342105263157894,yolo,1152,46.08
1153,46.12,253,0.6826171875,1036,928,1144,1068,1090,998,1090,1065,1.0,0.3268505079825834,0.1108571428571428,yolo,1153,46.12
1154,46.16,253,0.615234375,1037,927,1148,1068,1092,997,1092,1065,1.0,0.3153230417381361,0.0959706959706959,yolo,1154,46.16
1155,46.2,253,0.65478515625,1039,927,1151,1068,1095,997,1095,1065,1.0,0.3230076034919741,0.0842676311030741,yolo,1155,46.2
1156,46.24,253,0.7138671875,1044,927,1153,1067,1098,997,1098,1064,1.0,0.3396226415094339,0.081203007518797,yolo,1156,46.24
1157,46.28,253,0.70751953125,1045,927,1157,1067,1101,997,1101,1064,1.0,0.3404674739509997,0.12875226039783,yolo,1157,46.28
1158,46.32,253,0.7890625,1046,927,1160,1067,1103,997,1103,1064,1.0,0.3377085042384468,0.1580470162748643,yolo,1158,46.32
1159,46.36,253,0.76904296875,1046,926,1162,1067,1104,996,1104,1064,1.0,0.3226688542521192,0.1534391534391534,yolo,1159,46.36
1160,46.4,253,0.78662109375,1046,926,1165,1068,1105,997,1105,1065,1.0,0.3284465020576131,0.1503401360544217,yolo,1160,46.4
1161,46.44,253,0.79296875,1045,925,1167,1068,1106,996,1106,1065,1.0,0.2983257229832572,0.1119327731092437,yolo,1161,46.44
1162,46.48,253,0.7734375,1046,925,1169,1068,1107,996,1107,1065,1.0,0.304054054054054,0.1325581395348837,yolo,1162,46.48
1163,46.52,253,0.892578125,1065,896,1187,1068,1126,982,1126,1064,1.0,0.6113804004214963,0.188235294117647,yolo,1163,46.52
1164,46.56,253,0.8916015625,1072,885,1194,1068,1133,976,1133,1064,1.0,0.6205479452054794,0.1448366013071895,yolo,1164,46.56
1165,46.6,253,0.892578125,1074,881,1197,1068,1135,974,1135,1064,1.0,0.6197183098591549,0.1382709807886754,yolo,1165,46.6
1166,46.64,253,0.89306640625,1074,879,1197,1068,1135,973,1135,1064,1.0,0.6195570570570571,0.1759030183077684,yolo,1166,46.64
1167,46.68,253,0.8955078125,1074,878,1197,1068,1135,973,1135,1064,1.0,0.6184309309309309,0.1516575952498763,yolo,1167,46.68
1168,46.72,253,0.8896484375,1073,877,1196,1068,1134,972,1134,1064,1.0,0.6251876876876877,0.1672439386442355,yolo,1168,46.72
1169,46.76,253,0.896484375,1072,876,1194,1068,1133,972,1133,1064,1.0,0.6246950647401013,0.1681372549019608,yolo,1169,46.76
1170,46.8,253,0.89306640625,1072,876,1192,1068,1132,972,1132,1064,1.0,0.6181506849315068,0.1555059523809523,yolo,1170,46.8
1171,46.84,253,0.89404296875,1071,876,1191,1068,1131,972,1131,1064,1.0,0.6192922374429224,0.1614583333333333,yolo,1171,46.84
1172,46.88,253,0.888671875,1070,876,1190,1067,1130,971,1130,1063,1.0,0.6242283950617284,0.1540020263424519,yolo,1172,46.88
1173,46.92,253,0.892578125,1070,875,1188,1067,1129,971,1129,1063,1.0,0.6187536175959869,0.1676706827309237,yolo,1173,46.92
1174,46.96,253,0.89697265625,1070,875,1188,1068,1129,971,1129,1064,1.0,0.6228053251012927,0.1754518072289156,yolo,1174,46.96
1175,47.0,253,0.89501953125,1069,875,1187,1068,1128,971,1128,1064,1.0,0.635539262975111,0.2035642570281124,yolo,1175,47.0
1176,47.04,253,0.89501953125,1069,875,1186,1068,1127,971,1127,1064,1.0,0.6342465753424658,0.1938516260162601,yolo,1176,47.04
1177,47.08,253,0.8984375,1069,875,1186,1068,1127,971,1127,1064,1.0,0.6428571428571429,0.2047764227642276,yolo,1177,47.08
1178,47.12,253,0.8974609375,1069,876,1186,1067,1127,971,1127,1063,1.0,0.6369047619047619,0.1842241826673586,yolo,1178,47.12
1179,47.16,253,0.89697265625,1069,876,1186,1067,1127,971,1127,1063,1.0,0.6388888888888888,0.1888946549039958,yolo,1179,47.16
1180,47.2,253,0.8984375,1068,876,1186,1068,1127,972,1127,1064,1.0,0.622612386648659,0.1774598393574297,yolo,1180,47.2
1181,47.24,253,0.8984375,1068,876,1186,1068,1127,972,1127,1064,1.0,0.6284005402276673,0.1912650602409638,yolo,1181,47.24
1182,47.28,253,0.900390625,1068,876,1186,1068,1127,972,1127,1064,1.0,0.6268570326065985,0.1952811244979919,yolo,1182,47.28
1183,47.32,253,0.89990234375,1068,876,1186,1068,1127,972,1127,1064,1.0,0.6266640941539648,0.1932730923694779,yolo,1183,47.32
1184,47.36,253,0.89990234375,1068,876,1186,1068,1127,972,1127,1064,1.0,0.6372757090488135,0.1985441767068273,yolo,1184,47.36
1185,47.4,253,0.89990234375,1068,876,1186,1068,1127,972,1127,1064,1.0,0.6397839089330504,0.198293172690763,yolo,1185,47.4
1186,47.44,253,0.9013671875,1068,876,1186,1068,1127,972,1127,1064,1.0,0.645379124059425,0.2018072289156626,yolo,1186,47.44
1187,47.48,253,0.90380859375,1068,876,1186,1068,1127,972,1127,1064,1.0,0.6417132934593864,0.2005522088353413,yolo,1187,47.48
1188,47.52,253,0.90185546875,1068,876,1186,1068,1127,972,1127,1064,1.0,0.6623577078911828,0.233433734939759,yolo,1188,47.52
1189,47.56,253,0.89990234375,1068,877,1186,1067,1127,972,1127,1063,1.0,0.6310641627543035,0.1896949500128172,yolo,1189,47.56
1190,47.6,253,0.89990234375,1068,877,1186,1067,1127,972,1127,1063,1.0,0.6449530516431925,0.1966162522430146,yolo,1190,47.6
1191,47.64,253,0.89990234375,1068,877,1186,1067,1127,972,1127,1063,1.0,0.6359546165884195,0.2007177646757241,yolo,1191,47.64
1192,47.68,253,0.9013671875,1068,877,1186,1067,1127,972,1127,1063,1.0,0.6549295774647887,0.1776467572417329,yolo,1192,47.68
1193,47.72,253,0.900390625,1068,877,1186,1067,1127,972,1127,1063,1.0,0.6431924882629108,0.2153294027172519,yolo,1193,47.72
1194,47.76,253,0.90185546875,1068,878,1186,1068,1127,973,1127,1064,1.0,0.6727308294209703,0.2381440656241989,yolo,1194,47.76
1195,47.8,253,0.900390625,1068,879,1187,1068,1127,973,1127,1064,1.0,0.6624228395061729,0.200354609929078,yolo,1195,47.8
1196,47.84,253,0.8955078125,1069,879,1187,1067,1128,973,1128,1063,1.0,0.6832942097026604,0.2353242758267111,yolo,1196,47.84
1197,47.88,253,0.89892578125,1069,880,1188,1067,1128,973,1128,1063,1.0,0.6690140845070423,0.2264492753623188,yolo,1197,47.88
1198,47.92,253,0.89697265625,1069,881,1189,1067,1129,974,1129,1063,1.0,0.6658730158730158,0.2424948240165631,yolo,1198,47.92
1199,47.96,253,0.8896484375,1069,882,1189,1067,1129,974,1129,1063,1.0,0.6668650793650793,0.217391304347826,yolo,1199,47.96
1200,48.0,253,0.8916015625,1070,884,1190,1067,1130,975,1130,1063,1.0,0.660515873015873,0.156084656084656,yolo,1200,48.0
1201,48.04,253,0.8916015625,1072,885,1192,1068,1132,976,1132,1064,1.0,0.6551587301587302,0.155026455026455,yolo,1201,48.04
1202,48.08,253,0.89111328125,1071,886,1193,1068,1132,977,1132,1064,1.0,0.6662696049235656,0.1929411764705882,yolo,1202,48.08
1203,48.12,253,0.89013671875,1071,887,1193,1068,1132,977,1132,1064,1.0,0.6688154713940371,0.1694117647058823,yolo,1203,48.12
1204,48.16,253,0.888671875,1071,889,1193,1068,1132,978,1132,1064,1.0,0.6633763094278807,0.1732620320855614,yolo,1204,48.16
1205,48.2,253,0.89111328125,1071,890,1194,1068,1132,979,1132,1064,1.0,0.6524244833068362,0.15776955602537,yolo,1205,48.2
1206,48.24,253,0.8896484375,1070,891,1193,1068,1131,979,1131,1064,1.0,0.6430012101653892,0.2032241014799154,yolo,1206,48.24
1207,48.28,253,0.89013671875,1069,892,1193,1068,1131,980,1131,1064,1.0,0.6256716417910447,0.1826018808777429,yolo,1207,48.28
1208,48.32,253,0.87158203125,1068,894,1191,1068,1129,981,1129,1064,1.0,0.6242833742833743,0.1857760951865873,yolo,1208,48.32
1209,48.36,253,0.873046875,1067,895,1189,1068,1128,981,1128,1064,1.0,0.6322125363221254,0.2032831737346101,yolo,1209,48.36
1210,48.4,253,0.8759765625,1065,897,1188,1067,1126,982,1126,1063,1.0,0.6328125,0.2001661129568106,yolo,1210,48.4
1211,48.44,253,0.87890625,1063,899,1186,1067,1124,983,1124,1063,1.0,0.6313344594594594,0.2162236987818383,yolo,1211,48.44
1212,48.48,253,0.87841796875,1060,900,1183,1068,1121,984,1121,1064,1.0,0.6032516891891891,0.2353266888150609,yolo,1212,48.48
1213,48.52,253,0.873046875,1058,902,1180,1068,1119,985,1119,1064,1.0,0.5655577299412916,0.1552367288378766,yolo,1213,48.52
1214,48.56,253,0.8671875,1055,904,1178,1068,1116,986,1116,1064,1.0,0.5501930501930502,0.1585365853658536,yolo,1214,48.56
1215,48.6,253,0.865234375,1052,906,1176,1068,1114,987,1114,1064,1.0,0.5394535519125683,0.1364942528735632,yolo,1215,48.6
1216,48.64,253,0.86083984375,1049,907,1174,1067,1111,987,1111,1063,1.0,0.5388888888888889,0.1383522727272727,yolo,1216,48.64
1217,48.68,253,0.84912109375,1046,908,1171,1068,1108,988,1108,1064,1.0,0.5117777777777778,0.1298295454545454,yolo,1217,48.68
1218,48.72,253,0.8642578125,1042,909,1169,1068,1105,988,1105,1064,1.0,0.4872735116479724,0.1372377622377622,yolo,1218,48.72
1219,48.76,253,0.85888671875,1040,910,1167,1067,1103,988,1103,1063,1.0,0.4682017543859649,0.1197552447552447,yolo,1219,48.76
1220,48.8,253,0.85400390625,1038,910,1166,1067,1102,988,1102,1063,1.0,0.4562770562770563,0.1244598098530682,yolo,1220,48.8
1221,48.84,253,0.8388671875,1037,910,1164,1067,1100,988,1100,1063,1.0,0.437719298245614,0.1165501165501165,yolo,1221,48.84
1222,48.88,253,0.83349609375,1036,910,1164,1067,1100,988,1100,1063,1.0,0.4235930735930736,0.1221549985594929,yolo,1222,48.88
1223,48.92,253,0.83203125,1036,911,1164,1068,1100,989,1100,1064,1.0,0.4233766233766233,0.1060213195044655,yolo,1223,48.92
1224,48.96,253,0.841796875,1037,912,1165,1068,1101,990,1101,1064,1.0,0.4254897644728153,0.1238836070296744,yolo,1224,48.96
1225,49.0,253,0.83349609375,1038,912,1166,1068,1102,990,1102,1064,1.0,0.4281311908430552,0.1210025929127052,yolo,1225,49.0
1226,49.04,253,0.8173828125,1041,912,1167,1068,1104,990,1104,1064,1.0,0.4431638418079096,0.1333909536156727,yolo,1226,49.04
1227,49.08,253,0.8173828125,1044,911,1169,1068,1106,989,1106,1064,1.0,0.4364444444444444,0.1273310023310023,yolo,1227,49.08
1228,49.12,253,0.80419921875,1047,911,1170,1068,1108,989,1108,1064,1.0,0.4445945945945946,0.1359570661896243,yolo,1228,49.12
1229,49.16,253,0.81396484375,1049,911,1172,1068,1110,989,1110,1064,1.0,0.4364864864864864,0.1276088252832438,yolo,1229,49.16
1230,49.2,253,0.81396484375,1051,911,1174,1068,1112,989,1112,1064,1.0,0.4461711711711711,0.146690518783542,yolo,1230,49.2
1231,49.24,253,0.80419921875,1053,911,1175,1068,1114,989,1114,1064,1.0,0.432648401826484,0.139366515837104,yolo,1231,49.24
1232,49.28,253,0.8017578125,1056,911,1177,1068,1116,989,1116,1064,1.0,0.4537037037037037,0.144993894993895,yolo,1232,49.28
1233,49.32,253,0.8310546875,1058,910,1177,1068,1117,989,1117,1064,1.0,0.4451388888888888,0.1431623931623931,yolo,1233,49.32
1234,49.36,253,0.84912109375,1059,910,1177,1068,1118,989,1118,1064,1.0,0.4546948356807512,0.1482854494902687,yolo,1234,49.36
1235,49.4,253,0.861328125,1060,911,1176,1068,1118,989,1118,1064,1.0,0.4772946859903381,0.1532130421019309,yolo,1235,49.4
1236,49.44,253,0.84716796875,1060,911,1175,1068,1117,989,1117,1064,1.0,0.4676328502415459,0.1538461538461538,yolo,1236,49.44
1237,49.48,253,0.8388671875,1059,912,1174,1067,1116,989,1116,1063,1.0,0.4370314842578711,0.1667763157894737,yolo,1237,49.48
1238,49.52,253,0.83984375,1058,913,1173,1068,1115,990,1115,1064,1.0,0.4277861069465267,0.181578947368421,yolo,1238,49.52
1239,49.56,253,0.83544921875,1057,915,1170,1068,1113,991,1113,1064,1.0,0.4330628803245436,0.1822368421052631,yolo,1239,49.56
1240,49.6,253,0.8427734375,1055,917,1166,1068,1110,992,1110,1064,1.0,0.411217437533227,0.1964656964656964,yolo,1240,49.6
1241,49.64,253,0.82763671875,1052,920,1162,1068,1107,994,1107,1065,1.0,0.3603896103896103,0.1962091962091962,yolo,1241,49.64
1242,49.68,253,0.8447265625,1046,922,1157,1068,1101,995,1101,1065,1.0,0.3236914600550964,0.1858974358974359,yolo,1242,49.68
1243,49.72,253,0.86865234375,1042,925,1152,1068,1097,996,1097,1065,1.0,0.3543771043771044,0.1584415584415584,yolo,1243,49.72
1244,49.76,253,0.85302734375,1037,929,1146,1067,1091,998,1091,1064,1.0,0.3744997141223556,0.1667956656346749,yolo,1244,49.76
1245,49.8,253,0.85302734375,1032,931,1141,1067,1086,999,1086,1064,1.0,0.3648247177658942,0.163312693498452,yolo,1245,49.8
1246,49.84,253,0.87744140625,1028,933,1136,1068,1082,1000,1082,1065,1.0,0.3764705882352941,0.1773737373737373,yolo,1246,49.84
1247,49.88,253,0.85107421875,1023,935,1131,1068,1077,1001,1077,1065,1.0,0.3487179487179487,0.1462626262626262,yolo,1247,49.88
1248,49.92,253,0.84375,1018,937,1126,1067,1072,1002,1072,1064,1.0,0.3576138147566719,0.1558333333333333,yolo,1248,49.92
1249,49.96,253,0.85595703125,1014,938,1121,1068,1067,1003,1067,1065,1.0,0.3341836734693877,0.1423141891891892,yolo,1249,49.96
1250,50.0,253,0.84912109375,1007,940,1118,1067,1062,1003,1062,1064,1.0,0.3500631313131313,0.1670802315963606,yolo,1250,50.0
1251,50.04,253,0.8447265625,1002,941,1115,1068,1058,1004,1058,1065,1.0,0.3550857843137255,0.2108870967741935,yolo,1251,50.04
1252,50.08,253,0.80810546875,999,942,1113,1068,1056,1005,1056,1065,1.0,0.3568840579710144,0.2094732543895467,yolo,1252,50.08
1253,50.12,253,0.767578125,994,943,1112,1068,1053,1005,1053,1065,1.0,0.3623014683847767,0.2806062961523513,yolo,1253,50.12
1254,50.16,253,0.78515625,991,944,1111,1068,1051,1006,1051,1065,1.0,0.3891843971631206,0.3172043010752688,yolo,1254,50.16
1255,50.2,253,0.81884765625,988,944,1110,1068,1049,1006,1049,1065,1.0,0.4135820460507141,0.3381404174573055,yolo,1255,50.2
1256,50.24,253,0.640625,984,943,1108,1068,1046,1005,1046,1065,1.0,0.4425531914893617,0.3689284390063033,yolo,1256,50.24
1257,50.28,253,0.77880859375,979,943,1107,1068,1043,1005,1043,1065,1.0,0.4708483006355347,0.3773106197897789,yolo,1257,50.28
1258,50.32,253,0.7265625,977,943,1106,1068,1041,1005,1041,1065,1.0,0.4729950900163666,0.3935483870967742,yolo,1258,50.32
1259,50.36,253,0.81982421875,974,943,1104,1067,1039,1005,1039,1064,1.0,0.4634478996181124,0.4002126905352712,yolo,1259,50.36
1260,50.4,253,0.8115234375,970,943,1104,1067,1037,1005,1037,1064,1.0,0.4604675597583399,0.3381893860561915,yolo,1260,50.4
1261,50.44,253,0.73583984375,964,943,1103,1068,1033,1005,1033,1065,1.0,0.4840425531914893,0.3186306780776827,yolo,1261,50.44
1262,50.48,253,0.6943359375,960,942,1103,1068,1031,1005,1031,1065,1.0,0.5147771317829457,0.327741935483871,yolo,1262,50.48
1263,50.52,253,0.7265625,954,939,1103,1068,1028,1003,1028,1065,1.0,0.4970521541950113,0.3308293269230769,yolo,1263,50.52
1264,50.56,253,0.822265625,948,936,1104,1067,1026,1001,1026,1064,1.0,0.4961597542242703,0.3340022935779816,yolo,1264,50.56
1265,50.6,253,0.8671875,942,933,1104,1067,1023,1000,1023,1064,1.0,0.4897917930058621,0.3424510592652185,yolo,1265,50.6
1266,50.64,253,0.8408203125,937,930,1106,1068,1021,999,1021,1065,1.0,0.4765075841657418,0.3534396809571286,yolo,1266,50.64
1267,50.68,253,0.83544921875,933,928,1109,1067,1021,997,1021,1064,1.0,0.4672057502246181,0.359636537541846,yolo,1267,50.68
1268,50.72,253,0.80908203125,928,925,1111,1067,1019,996,1019,1064,1.0,0.4767676767676768,0.3549107142857143,yolo,1268,50.72
1269,50.76,253,0.84716796875,924,923,1114,1067,1019,995,1019,1064,1.0,0.4925039872408293,0.352548036758563,yolo,1269,50.76
1270,50.8,253,0.86865234375,920,922,1117,1067,1018,994,1018,1064,1.0,0.4852080123266564,0.3580917874396135,yolo,1270,50.8
1271,50.84,253,0.8681640625,917,921,1119,1068,1018,994,1018,1065,1.0,0.4880460448642267,0.3540189125295508,yolo,1271,50.84
1272,50.88,253,0.89013671875,914,920,1121,1067,1017,993,1017,1064,1.0,0.491647465437788,0.3317901234567901,yolo,1272,50.88
1273,50.92,253,0.89013671875,910,919,1123,1068,1016,993,1016,1065,1.0,0.4856085526315789,0.3371171171171171,yolo,1273,50.92
1274,50.96,253,0.8984375,907,918,1127,1068,1017,993,1017,1065,1.0,0.4791334396597554,0.3299403299403299,yolo,1274,50.96
1275,51.0,253,0.85888671875,903,916,1131,1068,1017,992,1017,1064,1.0,0.4723131135162345,0.301390268123138,yolo,1275,51.0
1276,51.04,253,0.81982421875,899,915,1128,1068,1013,991,1013,1064,1.0,0.4502748625687156,0.2616776315789473,yolo,1276,51.04
1277,51.08,253,0.7919921875,893,915,1125,1068,1009,991,1009,1064,1.0,0.4562143388737286,0.2560542460445592,yolo,1277,51.08
1278,51.12,253,0.8017578125,889,915,1123,1068,1006,991,1006,1064,1.0,0.4442406456346295,0.2654181465934775,yolo,1278,51.12
1279,51.16,253,0.77734375,886,915,1119,1068,1002,991,1002,1064,1.0,0.4487684729064039,0.2639602053915276,yolo,1279,51.16
1280,51.2,253,0.732421875,880,919,1116,1068,998,993,998,1065,1.0,0.4653477665795695,0.3017199017199017,yolo,1280,51.2
1281,51.24,253,0.7958984375,876,920,1112,1068,994,994,994,1065,1.0,0.4688449848024316,0.3094185094185094,yolo,1281,51.24
1282,51.28,253,0.7431640625,872,927,1108,1068,990,997,990,1065,1.0,0.4668807707747892,0.3276190476190476,yolo,1282,51.28
1283,51.32,253,0.70068359375,868,930,1105,1068,986,999,986,1065,1.0,0.4705022588360351,0.320871722182849,yolo,1283,51.32
1284,51.36,253,0.5322265625,864,937,1103,1068,983,1002,983,1065,1.0,0.473781179138322,0.2591145833333333,yolo,1284,51.36
1284,51.36,346,0.5546875,992,956,1049,1068,1020,1012,1020,1065,1.0,0.3466386554621848,0.1017857142857142,yolo,1284,51.36
1285,51.4,253,0.70068359375,861,928,1100,1068,980,998,980,1065,1.0,0.4397274633123689,0.2724489795918367,yolo,1285,51.4
1285,51.4,346,0.5126953125,992,956,1049,1068,1020,1012,1020,1065,1.0,0.376750700280112,0.1008928571428571,yolo,1285,51.4
1286,51.44,253,0.7607421875,858,923,1097,1068,977,995,977,1065,1.0,0.4258838383838383,0.2762896825396825,yolo,1286,51.44
1287,51.48,253,0.7890625,856,922,1094,1067,975,994,975,1064,1.0,0.4113159567705022,0.2732867598137059,yolo,1287,51.48
1287,51.48,346,0.447509765625,992,956,1049,1068,1020,1012,1020,1065,1.0,0.4138655462184873,0.1053571428571428,yolo,1287,51.48
1288,51.52,253,0.80419921875,855,922,1091,1067,973,994,973,1064,1.0,0.4103159252095422,0.2745791245791246,yolo,1288,51.52
1289,51.56,253,0.81396484375,852,921,1089,1068,970,994,970,1065,1.0,0.4006539235412474,0.2628848728246318,yolo,1289,51.56
1290,51.6,253,0.79931640625,849,921,1087,1068,968,994,968,1065,1.0,0.3943556443556443,0.2514970059880239,yolo,1290,51.6
1291,51.64,253,0.7880859375,848,921,1085,1068,966,994,966,1065,1.0,0.3856891348088531,0.2479919678714859,yolo,1291,51.64
1292,51.68,253,0.79052734375,847,921,1084,1068,965,994,965,1065,1.0,0.3738682092555332,0.2407965194109772,yolo,1292,51.68
1293,51.72,253,0.77978515625,846,921,1082,1068,964,994,964,1065,1.0,0.3672745694022289,0.235016835016835,yolo,1293,51.72
1294,51.76,253,0.79931640625,846,921,1082,1068,964,994,964,1065,1.0,0.3643617021276595,0.235016835016835,yolo,1294,51.76
1295,51.8,253,0.67041015625,863,913,1016,1068,939,990,939,1064,1.0,0.6401799100449775,0.0667641325536062,yolo,1295,51.8
1311,52.44,354,0.482421875,872,916,983,1068,927,992,927,1064,1.0,0.6896551724137931,0.0445344129554655,yolo,1311,52.44
1313,52.52,354,0.552734375,871,917,983,1067,927,992,927,1064,1.0,0.6944226237234878,0.0461854259322613,yolo,1313,52.52
1314,52.56,354,0.6494140625,871,914,983,1068,927,991,927,1064,1.0,0.6554515557804199,0.0483011325782811,yolo,1314,52.56
1315,52.6,354,0.5263671875,871,913,983,1068,927,990,927,1064,1.0,0.6479670612454966,0.0496335776149233,yolo,1315,52.6
1316,52.64,354,0.4912109375,871,915,983,1068,927,991,927,1064,1.0,0.6616057642820381,0.0479680213191205,yolo,1316,52.64
1317,52.68,354,0.515625,872,914,982,1068,927,991,927,1064,1.0,0.6515151515151515,0.0471633629528366,yolo,1317,52.68
1318,52.72,354,0.5888671875,871,913,982,1068,926,990,926,1064,1.0,0.6415882967607106,0.048582995951417,yolo,1318,52.72
1319,52.76,354,0.7548828125,871,913,983,1068,927,990,927,1064,1.0,0.6438497169325785,0.0469686875416389,yolo,1319,52.76
1320,52.8,354,0.767578125,872,912,982,1067,927,989,927,1063,1.0,0.6306165099268548,0.0628844839371155,yolo,1320,52.8
1321,52.84,354,0.7548828125,872,912,982,1068,927,990,927,1064,1.0,0.6337955829481253,0.0602730602730602,yolo,1321,52.84
1322,52.88,354,0.751953125,872,911,982,1068,927,989,927,1064,1.0,0.6227272727272727,0.0609390609390609,yolo,1322,52.88
1323,52.92,354,0.75341796875,872,912,982,1068,927,990,927,1064,1.0,0.6309707241910631,0.0602730602730602,yolo,1323,52.92
1324,52.96,354,0.7138671875,872,912,982,1068,927,990,927,1064,1.0,0.6317411402157165,0.0602730602730602,yolo,1324,52.96
1325,53.0,354,0.72021484375,872,913,982,1068,927,990,927,1064,1.0,0.6392371995820272,0.0567327409432672,yolo,1325,53.0
1326,53.04,354,0.767578125,872,913,982,1068,927,990,927,1064,1.0,0.6376698014629049,0.0632262474367737,yolo,1326,53.04
1327,53.08,354,0.7548828125,872,913,982,1068,927,990,927,1064,1.0,0.635841170323929,0.062200956937799,yolo,1327,53.08
1328,53.12,354,0.67724609375,872,913,982,1068,927,990,927,1064,1.0,0.6314002089864159,0.0967190704032809,yolo,1328,53.12
1329,53.16,354,0.64404296875,872,913,982,1068,927,990,927,1064,1.0,0.6316614420062696,0.0980861244019138,yolo,1329,53.16
1330,53.2,354,0.61328125,872,912,982,1067,927,989,927,1063,1.0,0.6125914315569488,0.0967190704032809,yolo,1330,53.2
1331,53.24,354,0.5458984375,871,912,981,1068,926,990,926,1064,1.0,0.6099126861838726,0.0949050949050949,yolo,1331,53.24
1332,53.28,354,0.5185546875,871,912,981,1068,926,990,926,1064,1.0,0.6022085259373395,0.1152181152181152,yolo,1332,53.28
1333,53.32,354,0.6298828125,871,912,981,1068,926,990,926,1064,1.0,0.6040061633281972,0.1178821178821178,yolo,1333,53.32
1334,53.36,354,0.7548828125,871,913,981,1068,926,990,926,1064,1.0,0.6063218390804598,0.1151742993848257,yolo,1334,53.36
1335,53.4,354,0.7890625,870,913,982,1068,926,990,926,1064,1.0,0.5965002573340196,0.1132578281145902,yolo,1335,53.4
1336,53.44,354,0.74169921875,869,913,981,1068,925,990,925,1064,1.0,0.5756562017498713,0.111925383077948,yolo,1336,53.44
1337,53.48,354,0.5830078125,868,916,981,1067,924,991,924,1063,1.0,0.574045407636739,0.104054054054054,yolo,1337,53.48
1338,53.52,354,0.4658203125,866,918,979,1068,922,993,922,1065,1.0,0.5647574819401445,0.104054054054054,yolo,1338,53.52
1339,53.56,354,0.73876953125,864,919,979,1068,921,993,921,1065,1.0,0.5250444952962116,0.102027027027027,yolo,1339,53.56
1340,53.6,354,0.85595703125,861,919,977,1068,919,993,919,1065,1.0,0.490973811339944,0.1027694361027694,yolo,1340,53.6
1341,53.64,354,0.865234375,858,920,977,1068,917,994,917,1065,1.0,0.4632936507936508,0.1142213642213642,yolo,1341,53.64
1342,53.68,354,0.861328125,855,922,976,1068,915,995,915,1065,1.0,0.4603535353535353,0.1081349206349206,yolo,1342,53.68
1343,53.72,354,0.873046875,854,923,976,1068,915,995,915,1065,1.0,0.446824408468244,0.1225490196078431,yolo,1343,53.72
1344,53.76,354,0.85986328125,853,923,976,1068,914,995,914,1065,1.0,0.4127764127764127,0.1369509043927648,yolo,1344,53.76
1345,53.8,354,0.85400390625,853,924,976,1068,914,996,914,1065,1.0,0.3803439803439803,0.1065891472868217,yolo,1345,53.8
1346,53.84,354,0.8310546875,854,925,976,1068,915,996,915,1065,1.0,0.3589548452562151,0.1021848739495798,yolo,1346,53.84
1347,53.88,354,0.806640625,856,925,977,1068,916,996,916,1065,1.0,0.3248456790123457,0.0952380952380952,yolo,1347,53.88
1348,53.92,354,0.79931640625,859,927,978,1068,918,997,918,1065,1.0,0.3178721174004192,0.0891156462585034,yolo,1348,53.92
1349,53.96,354,0.6943359375,861,932,979,1068,920,1000,920,1065,1.0,0.3369235017950842,0.072289156626506,yolo,1349,53.96
1350,54.0,354,0.7138671875,864,934,980,1068,922,1001,922,1065,1.0,0.3321966467746519,0.0621025065469509,yolo,1350,54.0
1351,54.04,354,0.68603515625,867,948,981,1068,924,1008,924,1065,1.0,0.4888888888888889,0.0358649789029535,yolo,1351,54.04
1356,54.24,354,0.640625,897,951,1012,1067,954,1009,954,1064,1.0,0.264163372859025,0.0866379310344827,yolo,1356,54.24
1366,54.64,354,0.658203125,956,958,1052,1068,1004,1013,1004,1065,1.0,0.2528883183568677,0.2454394693200663,yolo,1366,54.64
1367,54.68,354,0.59619140625,958,957,1055,1068,1006,1012,1006,1065,1.0,0.2635467980295566,0.2952069716775599,yolo,1367,54.68
1370,54.8,354,0.68603515625,973,952,1064,1068,1018,1010,1018,1065,1.0,0.2962962962962963,0.1848060344827586,yolo,1370,54.8
1371,54.84,354,0.60595703125,978,948,1068,1068,1023,1008,1023,1065,1.0,0.2761316872427983,0.1894179894179894,yolo,1371,54.84
1372,54.88,354,0.5908203125,980,944,1071,1068,1025,1006,1025,1065,1.0,0.2856579984239559,0.1950604838709677,yolo,1372,54.88
1373,54.92,354,0.75634765625,983,940,1073,1068,1028,1004,1028,1065,1.0,0.3129251700680272,0.2048611111111111,yolo,1373,54.92
1374,54.96,354,0.71044921875,986,936,1076,1067,1031,1001,1031,1064,1.0,0.317838246409675,0.2371031746031746,yolo,1374,54.96
1375,55.0,354,0.74462890625,989,933,1078,1067,1033,1000,1033,1064,1.0,0.3326071169208424,0.2536656891495601,yolo,1375,55.0
1376,55.04,354,0.81640625,991,930,1081,1068,1036,999,1036,1065,1.0,0.3612858141160028,0.2726423902894491,yolo,1376,55.04
1377,55.08,354,0.70263671875,995,928,1084,1068,1039,998,1039,1065,1.0,0.3749126484975542,0.295852534562212,yolo,1377,55.08
1378,55.12,354,0.73876953125,997,926,1088,1068,1042,997,1042,1065,1.0,0.3892318244170096,0.3267857142857143,yolo,1378,55.12
1379,55.16,354,0.7431640625,1000,924,1093,1067,1046,995,1046,1064,1.0,0.3786375661375661,0.3380952380952381,yolo,1379,55.16
1380,55.2,354,0.72314453125,1003,923,1097,1068,1050,995,1050,1065,1.0,0.4006379585326953,0.3,yolo,1380,55.2
1381,55.24,354,0.76611328125,1007,922,1101,1068,1054,995,1054,1065,1.0,0.4047846889952153,0.2636752136752137,yolo,1381,55.24
1382,55.28,354,0.7958984375,1010,921,1106,1068,1058,994,1058,1065,1.0,0.4169799498746867,0.2458540630182421,yolo,1382,55.28
1383,55.32,354,0.7958984375,1013,920,1111,1068,1062,994,1062,1065,1.0,0.4234261501210654,0.2119075597336467,yolo,1383,55.32
1384,55.36,354,0.75634765625,1015,919,1116,1068,1065,993,1065,1065,1.0,0.4508771929824561,0.2003861003861003,yolo,1384,55.36
1386,55.44,354,0.69921875,1003,915,1127,1067,1065,991,1065,1063,1.0,0.4648275862068965,0.3212341197822141,yolo,1386,55.44
1387,55.48,354,0.8173828125,1002,914,1132,1068,1067,991,1067,1064,1.0,0.4719687092568448,0.3207056101792944,yolo,1387,55.48
1388,55.52,354,0.87060546875,1000,912,1137,1068,1068,990,1068,1064,1.0,0.4867713931376602,0.3151709401709401,yolo,1388,55.52
1390,55.6,354,0.79443359375,1012,908,1146,1067,1079,987,1079,1063,1.0,0.502327464076098,0.2133995037220843,yolo,1390,55.6
1391,55.64,354,0.8447265625,1026,906,1151,1068,1088,987,1088,1064,1.0,0.5084153005464481,0.1383522727272727,yolo,1391,55.64
1392,55.68,354,0.83447265625,1033,904,1154,1068,1093,986,1093,1064,1.0,0.5473985890652557,0.1083042973286875,yolo,1392,55.68
1393,55.72,354,0.83984375,1036,902,1158,1068,1097,985,1097,1064,1.0,0.5605566427484235,0.1001434720229555,yolo,1393,55.72
1394,55.76,354,0.85986328125,1038,901,1162,1068,1100,984,1100,1064,1.0,0.5798941798941799,0.112699747687132,yolo,1394,55.76
1395,55.8,354,0.8642578125,1040,899,1166,1068,1103,983,1103,1064,1.0,0.5792820512820512,0.0880149812734082,yolo,1395,55.8
1396,55.84,354,0.861328125,1042,897,1168,1067,1105,982,1105,1063,1.0,0.5854166666666667,0.0853397538790797,yolo,1396,55.84
1397,55.88,354,0.86328125,1043,896,1170,1068,1106,982,1106,1064,1.0,0.5945344129554656,0.0901162790697674,yolo,1397,55.88
1398,55.92,354,0.85693359375,1045,895,1171,1068,1108,981,1108,1064,1.0,0.6060606060606061,0.0979879801411026,yolo,1398,55.92
1399,55.96,354,0.85302734375,1046,894,1173,1068,1109,981,1109,1064,1.0,0.6122408293460925,0.0935517970401691,yolo,1399,55.96
1400,56.0,354,0.85009765625,1048,893,1173,1068,1110,980,1110,1064,1.0,0.6278787878787879,0.1043868921775898,yolo,1400,56.0
1401,56.04,354,0.85693359375,1051,892,1173,1068,1112,980,1112,1064,1.0,0.6280924146391331,0.109090909090909,yolo,1401,56.04
1402,56.08,354,0.85107421875,1053,892,1173,1068,1113,980,1113,1064,1.0,0.642620232172471,0.1176948051948052,yolo,1402,56.08
1403,56.12,354,0.85595703125,1055,891,1173,1068,1114,979,1114,1064,1.0,0.6455749421904562,0.1278751369112815,yolo,1403,56.12
1404,56.16,354,0.86083984375,1057,891,1173,1068,1115,979,1115,1064,1.0,0.6523902227990482,0.1414141414141414,yolo,1404,56.16
1405,56.2,354,0.86865234375,1058,890,1173,1068,1115,979,1115,1064,1.0,0.6606990622335891,0.1619318181818181,yolo,1405,56.2
1406,56.24,354,0.865234375,1059,890,1174,1068,1116,979,1116,1064,1.0,0.6717817561807332,0.1625,yolo,1406,56.24
1407,56.28,354,0.8642578125,1059,890,1173,1068,1116,979,1116,1064,1.0,0.6681585677749361,0.1547756041426927,yolo,1407,56.28
1408,56.32,354,0.87060546875,1057,890,1173,1068,1115,979,1115,1064,1.0,0.6562233589087809,0.1503928170594837,yolo,1408,56.32
1409,56.36,354,0.8681640625,1056,890,1173,1068,1114,979,1114,1064,1.0,0.6445378151260505,0.1424611973392461,yolo,1409,56.36
1410,56.4,354,0.86865234375,1056,890,1173,1068,1114,979,1114,1064,1.0,0.6453781512605042,0.1280487804878048,yolo,1410,56.4
1411,56.44,354,0.8671875,1055,890,1173,1068,1114,979,1114,1064,1.0,0.6404308202154101,0.145947426067908,yolo,1411,56.44
1412,56.48,354,0.8642578125,1056,890,1172,1068,1114,979,1114,1064,1.0,0.6265984654731458,0.1127946127946128,yolo,1412,56.48
1413,56.52,354,0.8642578125,1055,890,1172,1068,1113,979,1113,1064,1.0,0.6201680672268908,0.1213968957871396,yolo,1413,56.52
1414,56.56,354,0.8671875,1055,890,1172,1068,1113,979,1113,1064,1.0,0.6222689075630252,0.1377494456762749,yolo,1414,56.56
1415,56.6,354,0.87060546875,1056,890,1171,1068,1113,979,1113,1064,1.0,0.6240409207161125,0.1230113636363636,yolo,1415,56.6
1416,56.64,354,0.87255859375,1056,891,1171,1068,1113,979,1113,1064,1.0,0.6372485399091499,0.124715909090909,yolo,1416,56.64
1417,56.68,354,0.8681640625,1056,891,1171,1068,1113,979,1113,1064,1.0,0.6244862643305213,0.1130681818181818,yolo,1417,56.68
1418,56.72,354,0.86962890625,1055,891,1170,1068,1112,979,1112,1064,1.0,0.6110750594851828,0.1147727272727272,yolo,1418,56.72
1419,56.76,354,0.86083984375,1055,892,1170,1067,1112,979,1112,1063,1.0,0.6135265700483091,0.1119186046511628,yolo,1419,56.76
1420,56.8,354,0.85791015625,1055,892,1170,1067,1112,979,1112,1063,1.0,0.6069389547650417,0.113953488372093,yolo,1420,56.8
1421,56.84,354,0.85498046875,1055,893,1170,1068,1112,980,1112,1064,1.0,0.6080368906455863,0.0895348837209302,yolo,1421,56.84
1422,56.88,354,0.861328125,1053,894,1168,1068,1110,981,1110,1064,1.0,0.5884936319718929,0.1075581395348837,yolo,1422,56.88
1423,56.92,354,0.85595703125,1051,895,1167,1068,1109,981,1109,1064,1.0,0.559508124725516,0.0795291415446454,yolo,1423,56.92
1424,56.96,354,0.85302734375,1050,895,1165,1068,1107,981,1107,1064,1.0,0.5511638120333773,0.080813953488372,yolo,1424,56.96
1425,57.0,354,0.85693359375,1049,896,1164,1068,1106,982,1106,1064,1.0,0.5569676700111482,0.0965116279069767,yolo,1425,57.0
1426,57.04,354,0.85107421875,1046,898,1161,1068,1103,983,1103,1064,1.0,0.556838768115942,0.1354166666666666,yolo,1426,57.04
1427,57.08,354,0.85986328125,1041,899,1158,1067,1099,983,1099,1063,1.0,0.4973214285714286,0.1173054587688734,yolo,1427,57.08
1428,57.12,354,0.84912109375,1038,901,1154,1068,1096,984,1096,1064,1.0,0.4711295146077754,0.0903342366757,yolo,1428,57.12
1429,57.16,354,0.85107421875,1037,904,1151,1068,1094,986,1094,1064,1.0,0.4773406947319991,0.1185551096017289,yolo,1429,57.16
1430,57.2,354,0.84912109375,1033,907,1147,1068,1090,987,1090,1064,1.0,0.4659063910667617,0.1518987341772152,yolo,1430,57.2
1431,57.24,354,0.83544921875,1032,911,1143,1067,1087,989,1087,1063,1.0,0.4535182331792501,0.2064431295200526,yolo,1431,57.24
1432,57.28,354,0.84375,1030,915,1139,1068,1084,991,1084,1064,1.0,0.4511494252873563,0.1842105263157894,yolo,1432,57.28
1433,57.32,354,0.84912109375,1024,920,1135,1067,1079,993,1079,1064,1.0,0.4366883116883117,0.2133190883190883,yolo,1433,57.32
1434,57.36,354,0.8388671875,1021,926,1129,1067,1075,996,1075,1064,1.0,0.4313497822931785,0.1775238095238095,yolo,1434,57.36
1435,57.4,354,0.85791015625,1013,931,1124,1067,1068,999,1068,1064,1.0,0.4301841948900772,0.1361236802413273,yolo,1435,57.4
1436,57.44,354,0.861328125,1009,936,1118,1067,1063,1001,1063,1064,1.0,0.4393939393939394,0.1319901315789473,yolo,1436,57.44
1437,57.48,354,0.82080078125,999,940,1112,1067,1055,1003,1055,1064,1.0,0.4375,0.1939516129032258,yolo,1437,57.48
1438,57.52,354,0.806640625,994,942,1105,1067,1049,1004,1049,1064,1.0,0.451966473243069,0.2630272952853598,yolo,1438,57.52
1439,57.56,354,0.66357421875,990,944,1099,1067,1044,1005,1044,1064,1.0,0.4725983236621534,0.3197368421052631,yolo,1439,57.56
1440,57.6,354,0.67578125,985,944,1093,1068,1039,1006,1039,1065,1.0,0.4726677577741408,0.3320430107526881,yolo,1440,57.6
1441,57.64,354,0.73095703125,980,946,1087,1068,1033,1007,1033,1065,1.0,0.4874320652173913,0.3184684684684685,yolo,1441,57.64
1442,57.68,354,0.76220703125,975,948,1083,1068,1029,1008,1029,1065,1.0,0.508034188034188,0.3244444444444444,yolo,1442,57.68
1443,57.72,354,0.7548828125,971,950,1078,1067,1024,1008,1024,1064,1.0,0.5092329545454546,0.3233923578751165,yolo,1443,57.72
1444,57.76,354,0.61328125,968,951,1073,1068,1020,1009,1020,1065,1.0,0.5447330447330447,0.3359739049394222,yolo,1444,57.76
1465,58.6,354,0.63330078125,867,932,977,1067,922,999,922,1064,1.0,0.4795008912655971,0.0602125147579693,yolo,1465,58.6
1466,58.64,354,0.78125,864,930,975,1067,919,998,919,1064,1.0,0.4647435897435897,0.0493966817496229,yolo,1466,58.64
1467,58.68,354,0.82421875,860,928,974,1068,917,998,917,1065,1.0,0.4665025977577249,0.040506329113924,yolo,1467,58.68
1468,58.72,354,0.83642578125,857,927,974,1067,915,997,915,1064,1.0,0.4636118598382749,0.0456445993031358,yolo,1468,58.72
1469,58.76,354,0.8427734375,855,925,974,1068,914,996,914,1065,1.0,0.4501028806584362,0.0530612244897959,yolo,1469,58.76
1470,58.8,354,0.8173828125,853,923,974,1068,913,995,913,1065,1.0,0.457070707070707,0.056547619047619,yolo,1470,58.8
1471,58.84,354,0.8310546875,852,921,974,1068,913,994,913,1065,1.0,0.4456947162426614,0.0699346405228758,yolo,1471,58.84
1472,58.88,354,0.83447265625,852,920,974,1068,913,994,913,1065,1.0,0.4442270058708414,0.0756756756756756,yolo,1472,58.88
1473,58.92,354,0.8154296875,852,918,975,1068,913,993,913,1065,1.0,0.4532954006638217,0.1062225015713387,yolo,1473,58.92
1474,58.96,354,0.83447265625,852,919,975,1068,913,993,913,1065,1.0,0.4786628733997155,0.133563796354494,yolo,1474,58.96
1475,59.0,354,0.77978515625,855,921,976,1068,915,994,915,1065,1.0,0.5287698412698413,0.1263227513227513,yolo,1475,59.0
1476,59.04,354,0.80908203125,857,921,978,1067,917,994,917,1064,1.0,0.5494949494949495,0.1299603174603174,yolo,1476,59.04
1477,59.08,354,0.72509765625,861,922,981,1068,921,995,921,1065,1.0,0.6042929292929293,0.0965608465608465,yolo,1477,59.08
1478,59.12,354,0.615234375,865,926,985,1068,925,997,925,1065,1.0,0.6777263374485597,0.077891156462585,yolo,1478,59.12
1479,59.16,354,0.7490234375,870,921,990,1068,930,994,930,1065,1.0,0.6755952380952381,0.0968915343915343,yolo,1479,59.16
1480,59.2,354,0.6806640625,874,919,993,1068,933,993,933,1065,1.0,0.682504873294347,0.109073359073359,yolo,1480,59.2
1481,59.24,354,0.7138671875,878,914,996,1068,937,991,937,1064,1.0,0.6605395082358558,0.0970196575776791,yolo,1481,59.24
1482,59.28,354,0.78662109375,882,908,1001,1067,941,987,941,1063,1.0,0.6154371584699454,0.0671550671550671,yolo,1482,59.28
1483,59.32,354,0.796875,886,904,1003,1067,944,985,944,1063,1.0,0.6089861751152074,0.0393292682926829,yolo,1483,59.32
1484,59.36,354,0.83984375,889,901,1007,1068,948,984,948,1064,1.0,0.5868544600938967,0.0073464590067587,yolo,1484,59.36
1485,59.4,354,0.82421875,893,899,1010,1068,951,983,951,1064,1.0,0.5995604395604396,0.0119047619047619,yolo,1485,59.4
1486,59.44,354,0.83203125,895,897,1011,1067,953,982,953,1063,1.0,0.6148097826086957,0.0261610817166372,yolo,1486,59.44
1487,59.48,354,0.85791015625,898,895,1012,1068,955,981,955,1064,1.0,0.613746157224418,0.0438622313806299,yolo,1487,59.48
1488,59.52,354,0.85009765625,900,894,1013,1068,956,981,956,1064,1.0,0.6096256684491979,0.0697674418604651,yolo,1488,59.52
1489,59.56,354,0.84375,901,893,1014,1068,957,980,957,1064,1.0,0.6310160427807486,0.1084302325581395,yolo,1489,59.56
1490,59.6,354,0.8408203125,903,892,1016,1068,959,980,959,1064,1.0,0.6343283582089553,0.1102272727272727,yolo,1490,59.6
1491,59.64,354,0.83642578125,905,891,1017,1068,961,979,961,1064,1.0,0.623746936957006,0.110759493670886,yolo,1491,59.64
1492,59.68,354,0.85498046875,905,891,1018,1068,961,979,961,1064,1.0,0.6279631255487269,0.1113636363636363,yolo,1492,59.68
1493,59.72,354,0.85693359375,906,890,1018,1068,962,979,962,1064,1.0,0.6259877085162423,0.1133486766398158,yolo,1493,59.72
1494,59.76,354,0.85400390625,907,890,1020,1068,963,979,963,1064,1.0,0.6282439446366782,0.115625,yolo,1494,59.76
1495,59.8,354,0.8623046875,908,890,1020,1068,964,979,964,1064,1.0,0.6251097453906936,0.1119102416570771,yolo,1495,59.8
1496,59.84,354,0.85595703125,909,890,1020,1068,964,979,964,1064,1.0,0.6341354723707665,0.1322843822843822,yolo,1496,59.84
1497,59.88,354,0.845703125,910,889,1020,1067,965,978,965,1063,1.0,0.6365864527629234,0.1245572609208972,yolo,1497,59.88
1498,59.92,354,0.85302734375,910,889,1020,1067,965,978,965,1063,1.0,0.6339126559714795,0.1283943329397875,yolo,1498,59.92
1499,59.96,354,0.8427734375,910,889,1021,1067,965,978,965,1063,1.0,0.6325757575757576,0.1247086247086247,yolo,1499,59.96
1500,60.0,354,0.84716796875,910,889,1020,1067,965,978,965,1063,1.0,0.6223262032085561,0.1449232585596222,yolo,1500,60.0
1501,60.04,354,0.84912109375,910,889,1020,1067,965,978,965,1063,1.0,0.6276737967914439,0.1484651711924439,yolo,1501,60.04
1502,60.08,354,0.84912109375,910,889,1020,1067,965,978,965,1063,1.0,0.6281194295900179,0.1552538370720189,yolo,1502,60.08
1503,60.12,354,0.85009765625,910,889,1020,1067,965,978,965,1063,1.0,0.6348039215686274,0.1531877213695395,yolo,1503,60.12
1504,60.16,354,0.85302734375,910,889,1020,1067,965,978,965,1063,1.0,0.6345811051693404,0.140495867768595,yolo,1504,60.16
1505,60.2,354,0.84716796875,910,889,1020,1067,965,978,965,1063,1.0,0.6403743315508021,0.1372491145218418,yolo,1505,60.2
1506,60.24,354,0.84814453125,910,889,1020,1067,965,978,965,1063,1.0,0.643270944741533,0.134297520661157,yolo,1506,60.24
1507,60.28,354,0.85400390625,909,889,1020,1067,964,978,964,1063,1.0,0.6443850267379679,0.1381118881118881,yolo,1507,60.28
1508,60.32,354,0.85693359375,909,889,1019,1068,964,978,964,1064,1.0,0.6446078431372549,0.1298701298701298,yolo,1508,60.32
1509,60.36,354,0.85888671875,908,889,1019,1068,963,978,963,1064,1.0,0.6546345811051694,0.1474358974358974,yolo,1509,60.36
1510,60.4,354,0.85693359375,907,888,1019,1068,963,978,963,1064,1.0,0.6514486391571555,0.1279887482419128,yolo,1510,60.4
1511,60.44,354,0.85009765625,908,888,1018,1068,963,978,963,1064,1.0,0.6519607843137255,0.1365079365079365,yolo,1511,60.44
1512,60.48,354,0.83642578125,907,888,1018,1068,962,978,962,1064,1.0,0.6490641711229946,0.1236467236467236,yolo,1512,60.48
1513,60.52,354,0.841796875,907,888,1017,1068,962,978,962,1064,1.0,0.6504010695187166,0.1249639249639249,yolo,1513,60.52
1514,60.56,354,0.84814453125,906,888,1017,1068,961,978,961,1064,1.0,0.6575311942959001,0.1415954415954416,yolo,1514,60.56
1515,60.6,354,0.85302734375,906,888,1017,1068,961,978,961,1064,1.0,0.6497326203208557,0.1279202279202279,yolo,1515,60.6
1516,60.64,354,0.85205078125,906,888,1017,1068,961,978,961,1064,1.0,0.6664438502673797,0.1356125356125356,yolo,1516,60.64
1517,60.68,354,0.85986328125,906,888,1016,1068,961,978,961,1064,1.0,0.6570855614973262,0.1336219336219336,yolo,1517,60.68
1518,60.72,354,0.8642578125,905,888,1017,1068,961,978,961,1064,1.0,0.6615452151009658,0.1333333333333333,yolo,1518,60.72
1519,60.76,354,0.8671875,905,889,1016,1068,960,978,960,1064,1.0,0.6559714795008913,0.1302447552447552,yolo,1519,60.76
1520,60.8,354,0.8671875,904,889,1016,1068,960,978,960,1064,1.0,0.6569359086918349,0.1262945914844649,yolo,1520,60.8
1521,60.84,354,0.8671875,903,889,1016,1068,959,978,959,1064,1.0,0.6509515570934256,0.1127840909090909,yolo,1521,60.84
1522,60.88,354,0.86083984375,903,889,1016,1067,959,978,959,1063,1.0,0.6643598615916955,0.1213068181818181,yolo,1522,60.88
1523,60.92,354,0.85595703125,903,889,1015,1067,959,978,959,1063,1.0,0.6659350307287094,0.1087456846950517,yolo,1523,60.92
1524,60.96,354,0.85693359375,903,889,1015,1067,959,978,959,1063,1.0,0.6742756804214223,0.1075949367088607,yolo,1524,60.96
1525,61.0,354,0.85595703125,902,889,1015,1067,958,978,958,1063,1.0,0.6663062283737025,0.1008522727272727,yolo,1525,61.0
1526,61.04,354,0.85400390625,902,889,1014,1068,958,978,958,1064,1.0,0.6736172080772608,0.1061565017261219,yolo,1526,61.04
1527,61.08,354,0.85400390625,902,888,1014,1068,958,978,958,1064,1.0,0.672739244951712,0.1063291139240506,yolo,1527,61.08
1528,61.12,354,0.85986328125,902,888,1014,1068,958,978,958,1064,1.0,0.6764705882352942,0.1054852320675105,yolo,1528,61.12
1529,61.16,354,0.85498046875,901,888,1014,1068,957,978,957,1064,1.0,0.6691176470588235,0.0936111111111111,yolo,1529,61.16
1530,61.2,354,0.8642578125,902,888,1014,1068,958,978,958,1064,1.0,0.6709833187006146,0.0914205344585091,yolo,1530,61.2
1531,61.24,354,0.865234375,901,888,1014,1068,957,978,957,1064,1.0,0.6643598615916955,0.08,yolo,1531,61.24
1532,61.28,354,0.86962890625,901,888,1014,1068,957,978,957,1064,1.0,0.6602508650519031,0.0822222222222222,yolo,1532,61.28
1533,61.32,354,0.865234375,901,888,1014,1068,957,978,957,1064,1.0,0.6366782006920415,0.0772222222222222,yolo,1533,61.32
1534,61.36,354,0.861328125,902,889,1015,1068,958,978,958,1064,1.0,0.6384083044982699,0.0792613636363636,yolo,1534,61.36
1535,61.4,354,0.8447265625,903,889,1016,1068,959,978,959,1064,1.0,0.6407871972318339,0.0795454545454545,yolo,1535,61.4
1536,61.44,354,0.84912109375,906,889,1017,1067,961,978,961,1063,1.0,0.6472816399286988,0.0658508158508158,yolo,1536,61.44
1537,61.48,354,0.85986328125,908,890,1019,1067,963,978,963,1063,1.0,0.6530981456354591,0.0603146853146853,yolo,1537,61.48
1538,61.52,354,0.84814453125,910,890,1021,1068,965,979,965,1064,1.0,0.64349376114082,0.0594405594405594,yolo,1538,61.52
1539,61.56,354,0.85791015625,912,891,1023,1068,967,979,967,1064,1.0,0.6426956128448665,0.0515734265734265,yolo,1539,61.56
1540,61.6,354,0.865234375,914,892,1025,1068,969,980,969,1064,1.0,0.6436001809136137,0.0544871794871794,yolo,1540,61.6
1541,61.64,354,0.86328125,917,893,1027,1068,972,980,972,1064,1.0,0.6329201101928374,0.0782241014799154,yolo,1541,61.64
1542,61.68,354,0.87060546875,919,895,1029,1068,974,981,974,1064,1.0,0.6221303948576676,0.1141649048625792,yolo,1542,61.68
1543,61.72,354,0.875,921,896,1031,1068,976,982,976,1064,1.0,0.6060606060606061,0.1238296587133796,yolo,1543,61.72
1544,61.76,354,0.8818359375,922,897,1032,1067,977,982,977,1063,1.0,0.5830965909090909,0.150278293135436,yolo,1544,61.76
1545,61.8,354,0.875,924,898,1034,1068,979,983,979,1064,1.0,0.5785984848484849,0.1410018552875695,yolo,1545,61.8
1546,61.84,354,0.85888671875,926,900,1036,1068,981,984,981,1064,1.0,0.564157196969697,0.1573902288188002,yolo,1546,61.84
1547,61.88,354,0.83203125,926,902,1038,1068,982,985,982,1064,1.0,0.5422885572139303,0.2003704847175054,yolo,1547,61.88
1548,61.92,354,0.85693359375,926,904,1041,1067,983,985,983,1063,1.0,0.5324918186068256,0.1946875,yolo,1548,61.92
1549,61.96,354,0.8427734375,925,907,1044,1067,984,987,984,1063,1.0,0.5037037037037037,0.2505952380952381,yolo,1549,61.96
1550,62.0,354,0.79931640625,927,909,1048,1068,987,988,987,1064,1.0,0.4956739526411657,0.2753357753357753,yolo,1550,62.0
1551,62.04,354,0.7705078125,931,915,1052,1068,991,991,991,1064,1.0,0.4885057471264368,0.31265664160401,yolo,1551,62.04
1552,62.08,354,0.77978515625,935,919,1057,1068,996,993,996,1065,1.0,0.4681566931026195,0.3538950715421303,yolo,1552,62.08
1553,62.12,354,0.638671875,936,924,1062,1067,999,995,999,1064,1.0,0.4306172839506172,0.4064205457463884,yolo,1553,62.12
1555,62.2,384,0.880859375,1052,877,1167,1067,1109,972,1109,1063,1.0,0.6147342995169082,0.1316489361702127,yolo,1555,62.2
1556,62.24,384,0.875,1052,877,1167,1067,1109,972,1109,1063,1.0,0.6314412238325282,0.1337765957446808,yolo,1556,62.24
1557,62.28,384,0.880859375,1053,877,1168,1067,1110,972,1110,1063,1.0,0.6276167471819646,0.1125,yolo,1557,62.28
1558,62.32,384,0.880859375,1052,877,1168,1067,1110,972,1110,1063,1.0,0.6346618357487923,0.1418439716312056,yolo,1558,62.32
1559,62.36,384,0.87890625,1053,877,1168,1067,1110,972,1110,1063,1.0,0.6292270531400966,0.1199468085106383,yolo,1559,62.36
1560,62.4,384,0.88427734375,1053,877,1168,1067,1110,972,1110,1063,1.0,0.6328502415458938,0.139627659574468,yolo,1560,62.4
1561,62.44,384,0.88623046875,1053,877,1168,1067,1110,972,1110,1063,1.0,0.6215780998389694,0.1215425531914893,yolo,1561,62.44
1562,62.48,384,0.884765625,1053,877,1168,1067,1110,972,1110,1063,1.0,0.624597423510467,0.126595744680851,yolo,1562,62.48
1563,62.52,384,0.88330078125,1053,877,1168,1067,1110,972,1110,1063,1.0,0.6225845410628019,0.1090425531914893,yolo,1563,62.52
1564,62.56,384,0.88232421875,1052,877,1167,1067,1109,972,1109,1063,1.0,0.6229871175523349,0.1156914893617021,yolo,1564,62.56
1565,62.6,384,0.8798828125,1052,877,1167,1067,1109,972,1109,1063,1.0,0.6177536231884058,0.114095744680851,yolo,1565,62.6
1566,62.64,384,0.88330078125,1052,877,1167,1067,1109,972,1109,1063,1.0,0.6179549114331723,0.114095744680851,yolo,1566,62.64
1567,62.68,384,0.88427734375,1052,877,1167,1067,1109,972,1109,1063,1.0,0.6127214170692431,0.1242021276595744,yolo,1567,62.68
1568,62.72,384,0.88720703125,1052,877,1166,1067,1109,972,1109,1063,1.0,0.6095008051529791,0.1246970105036358,yolo,1568,62.72
1569,62.76,384,0.88623046875,1052,877,1166,1067,1109,972,1109,1063,1.0,0.6088969404186796,0.1236197145165634,yolo,1569,62.76
1570,62.8,384,0.88720703125,1052,877,1166,1067,1109,972,1109,1063,1.0,0.6097020933977456,0.1193105305682736,yolo,1570,62.8
1571,62.84,384,0.888671875,1052,877,1166,1067,1109,972,1109,1063,1.0,0.6117149758454107,0.1150013466199838,yolo,1571,62.84
1572,62.88,384,0.8916015625,1052,877,1166,1067,1109,972,1109,1063,1.0,0.6171497584541062,0.1168866145973606,yolo,1572,62.88
1573,62.92,384,0.89111328125,1052,877,1166,1067,1109,972,1109,1063,1.0,0.6147342995169082,0.1144626986264476,yolo,1573,62.92
1574,62.96,384,0.89306640625,1052,877,1166,1067,1109,972,1109,1063,1.0,0.6193639291465378,0.1354699703743603,yolo,1574,62.96
1575,63.0,384,0.892578125,1052,877,1166,1067,1109,972,1109,1063,1.0,0.6173510466988728,0.1357392943711284,yolo,1575,63.0
1576,63.04,384,0.892578125,1052,877,1166,1067,1109,972,1109,1063,1.0,0.6181561996779388,0.1378938863452733,yolo,1576,63.04
1577,63.08,384,0.89501953125,1052,877,1166,1067,1109,972,1109,1063,1.0,0.6143317230273752,0.1088068946943172,yolo,1577,63.08
1578,63.12,384,0.89404296875,1052,877,1166,1067,1109,972,1109,1063,1.0,0.6163446054750402,0.1098841906813897,yolo,1578,63.12
1579,63.16,384,0.89306640625,1052,877,1166,1067,1109,972,1109,1063,1.0,0.6163446054750402,0.120387826555346,yolo,1579,63.16
1580,63.2,384,0.89306640625,1052,877,1166,1067,1109,972,1109,1063,1.0,0.6111111111111112,0.1316994344196068,yolo,1580,63.2
1581,63.24,384,0.89013671875,1052,877,1166,1067,1109,972,1109,1063,1.0,0.6082930756843801,0.1268516024777807,yolo,1581,63.24
1582,63.28,384,0.89404296875,1051,876,1166,1068,1108,972,1108,1064,1.0,0.6037323803851499,0.14609375,yolo,1582,63.28
1583,63.32,384,0.892578125,1051,876,1166,1068,1108,972,1108,1064,1.0,0.6039309112567004,0.1307291666666666,yolo,1583,63.32
1584,63.36,384,0.88818359375,1051,876,1166,1068,1108,972,1108,1064,1.0,0.6116736152471709,0.1453125,yolo,1584,63.36
1585,63.4,384,0.88818359375,1051,877,1166,1067,1108,972,1108,1063,1.0,0.6157407407407407,0.125531914893617,yolo,1585,63.4
1586,63.44,384,0.8896484375,1051,875,1166,1067,1108,971,1108,1063,1.0,0.6098868374032163,0.1348958333333333,yolo,1586,63.44
1587,63.48,384,0.89111328125,1050,875,1165,1067,1107,971,1107,1063,1.0,0.6086956521739131,0.13359375,yolo,1587,63.48
1588,63.52,384,0.8916015625,1051,875,1166,1067,1108,971,1108,1063,1.0,0.6104824300178677,0.1390625,yolo,1588,63.52
1589,63.56,384,0.89306640625,1050,875,1165,1067,1107,971,1107,1063,1.0,0.607901528687711,0.13046875,yolo,1589,63.56
1590,63.6,384,0.89306640625,1050,875,1165,1068,1107,971,1107,1064,1.0,0.6152471709350804,0.1440104166666666,yolo,1590,63.6
1591,63.64,384,0.89306640625,1050,875,1165,1068,1107,971,1107,1064,1.0,0.6150486400635299,0.1291666666666666,yolo,1591,63.64
1592,63.68,384,0.89501953125,1050,875,1165,1068,1107,971,1107,1064,1.0,0.616239825292833,0.1260416666666666,yolo,1592,63.68
1593,63.72,384,0.8955078125,1050,875,1165,1067,1107,971,1107,1063,1.0,0.612070676990272,0.1192708333333333,yolo,1593,63.72
1594,63.76,384,0.896484375,1050,875,1165,1067,1107,971,1107,1063,1.0,0.6114750843756204,0.12109375,yolo,1594,63.76
1595,63.8,384,0.892578125,1049,875,1164,1067,1106,971,1106,1063,1.0,0.6184236648798889,0.1255208333333333,yolo,1595,63.8
1596,63.84,384,0.8896484375,1049,875,1164,1067,1106,971,1106,1063,1.0,0.6172324796505857,0.1247395833333333,yolo,1596,63.84
1597,63.88,384,0.89013671875,1049,875,1165,1068,1107,971,1107,1064,1.0,0.6166368870359341,0.1301440329218107,yolo,1597,63.88
1598,63.92,384,0.888671875,1048,875,1165,1068,1106,971,1106,1064,1.0,0.6117416829745597,0.1260162601626016,yolo,1598,63.92
1599,63.96,384,0.88818359375,1048,875,1165,1067,1106,971,1106,1063,1.0,0.6142857142857143,0.1300813008130081,yolo,1599,63.96
1600,64.0,384,0.884765625,1048,875,1165,1067,1106,971,1106,1063,1.0,0.6207436399217221,0.1371951219512195,yolo,1600,64.0
1601,64.04,384,0.88818359375,1047,875,1165,1067,1106,971,1106,1063,1.0,0.6224194481960255,0.1390562248995984,yolo,1601,64.04
1602,64.08,384,0.888671875,1047,875,1165,1067,1106,971,1106,1063,1.0,0.6220335712907582,0.1390562248995984,yolo,1602,64.08
1603,64.12,384,0.89013671875,1047,875,1165,1068,1106,971,1106,1064,1.0,0.6201041867644221,0.1217369477911646,yolo,1603,64.12
1604,64.16,384,0.89013671875,1047,875,1164,1068,1105,971,1105,1064,1.0,0.6219178082191781,0.1237296747967479,yolo,1604,64.16
1605,64.2,384,0.89013671875,1047,875,1164,1068,1105,971,1105,1064,1.0,0.6195694716242661,0.1224593495934959,yolo,1605,64.2
1606,64.24,384,0.884765625,1047,875,1164,1067,1105,971,1105,1063,1.0,0.6246575342465753,0.1255081300813008,yolo,1606,64.24
1607,64.28,384,0.88720703125,1047,875,1164,1067,1105,971,1105,1063,1.0,0.6279843444227006,0.1450711382113821,yolo,1607,64.28
1608,64.32,384,0.88818359375,1047,875,1164,1068,1105,971,1105,1064,1.0,0.6320939334637965,0.1420223577235772,yolo,1608,64.32
1609,64.36,384,0.88330078125,1047,875,1164,1068,1105,971,1105,1064,1.0,0.6297455968688845,0.1445630081300813,yolo,1609,64.36
1610,64.4,384,0.880859375,1047,875,1164,1068,1105,971,1105,1064,1.0,0.6232876712328768,0.1359247967479674,yolo,1610,64.4
1611,64.44,384,0.880859375,1047,875,1164,1068,1105,971,1105,1064,1.0,0.62426614481409,0.1346544715447154,yolo,1611,64.44
1612,64.48,384,0.8818359375,1047,875,1164,1067,1105,971,1105,1063,1.0,0.6244618395303326,0.1354166666666666,yolo,1612,64.48
1613,64.52,384,0.875,1047,875,1164,1067,1105,971,1105,1063,1.0,0.6234833659491194,0.1346544715447154,yolo,1613,64.52
1614,64.56,384,0.87890625,1047,874,1164,1067,1105,970,1105,1063,1.0,0.6221135029354208,0.1389735772357723,yolo,1614,64.56
1615,64.6,384,0.87744140625,1047,875,1164,1067,1105,971,1105,1063,1.0,0.6228962818003914,0.1341463414634146,yolo,1615,64.6
1616,64.64,384,0.87890625,1047,876,1164,1067,1105,971,1105,1063,1.0,0.6392857142857142,0.1364815775817332,yolo,1616,64.64
1617,64.68,384,0.88427734375,1047,876,1164,1067,1105,971,1105,1063,1.0,0.6083333333333333,0.1126102750389206,yolo,1617,64.68
1618,64.72,384,0.88232421875,1047,876,1164,1067,1105,971,1105,1063,1.0,0.6055555555555555,0.1193565127140633,yolo,1618,64.72
1619,64.76,384,0.89111328125,1047,876,1164,1067,1105,971,1105,1063,1.0,0.6063492063492063,0.1152049818370524,yolo,1619,64.76
1620,64.8,384,0.8818359375,1047,877,1164,1067,1105,972,1105,1063,1.0,0.6337301587301587,0.1364815775817332,yolo,1620,64.8
1621,64.84,384,0.88232421875,1047,877,1164,1067,1105,972,1105,1063,1.0,0.6341269841269841,0.1331084587441619,yolo,1621,64.84
1622,64.88,384,0.87890625,1047,877,1164,1067,1105,972,1105,1063,1.0,0.6337301587301587,0.1333679294239751,yolo,1622,64.88
1623,64.92,384,0.861328125,1047,877,1164,1067,1105,972,1105,1063,1.0,0.6339285714285714,0.1274001037882719,yolo,1623,64.92
1624,64.96,384,0.8857421875,1047,877,1164,1067,1105,972,1105,1063,1.0,0.6351190476190476,0.1307732226258433,yolo,1624,64.96
1625,65.0,384,0.87158203125,1045,878,1164,1067,1104,972,1104,1063,1.0,0.6334876543209876,0.1448834853090172,yolo,1625,65.0
1626,65.04,384,0.8662109375,1045,878,1164,1067,1104,972,1104,1063,1.0,0.6404320987654321,0.1585612968591692,yolo,1626,65.04
1627,65.08,384,0.87646484375,1044,879,1164,1067,1104,973,1104,1063,1.0,0.6327160493827161,0.1555217831813576,yolo,1627,65.08
1628,65.12,384,0.8740234375,1044,879,1163,1067,1103,973,1103,1063,1.0,0.6550925925925926,0.1838905775075988,yolo,1628,65.12
1629,65.16,384,0.86962890625,1044,880,1163,1067,1103,973,1103,1063,1.0,0.6570813771517997,0.1777950310559006,yolo,1629,65.16
1630,65.2,384,0.87841796875,1043,880,1163,1067,1103,973,1103,1063,1.0,0.6776212832550861,0.1896997929606625,yolo,1630,65.2
1631,65.24,384,0.8662109375,1042,880,1163,1067,1102,973,1102,1063,1.0,0.672339593114241,0.1832298136645962,yolo,1631,65.24
1632,65.28,384,0.861328125,1040,880,1162,1068,1101,974,1101,1064,1.0,0.6777016742770168,0.2140175219023779,yolo,1632,65.28
1633,65.32,384,0.85986328125,1040,881,1162,1068,1101,974,1101,1064,1.0,0.6822303685124446,0.2102301790281329,yolo,1633,65.32
1634,65.36,384,0.85009765625,1037,881,1161,1068,1099,974,1099,1064,1.0,0.6952112676056338,0.2338830584707646,yolo,1634,65.36
1635,65.4,384,0.85498046875,1033,882,1161,1067,1097,974,1097,1063,1.0,0.6862708719851577,0.2371763556424035,yolo,1635,65.4
1636,65.44,384,0.87060546875,1029,882,1161,1068,1095,975,1095,1064,1.0,0.7007233273056058,0.2594670406732118,yolo,1636,65.44
1637,65.48,384,0.87744140625,1031,883,1160,1068,1095,975,1095,1064,1.0,0.7016483516483516,0.263768115942029,yolo,1637,65.48
1638,65.52,384,0.87646484375,1029,883,1159,1068,1094,975,1094,1064,1.0,0.6917582417582417,0.294314381270903,yolo,1638,65.52
1639,65.56,384,0.88232421875,1028,884,1158,1068,1093,976,1093,1064,1.0,0.691025641025641,0.2716196846631629,yolo,1639,65.56
1640,65.6,384,0.88427734375,1027,884,1158,1068,1092,976,1092,1064,1.0,0.6858974358974359,0.2726843100189036,yolo,1640,65.6
1641,65.64,384,0.8818359375,1027,885,1158,1067,1092,976,1092,1063,1.0,0.6884057971014492,0.2630434782608695,yolo,1641,65.64
1642,65.68,384,0.88330078125,1027,885,1157,1067,1092,976,1092,1063,1.0,0.6989966555183946,0.283028083028083,yolo,1642,65.68
1643,65.72,384,0.88232421875,1027,885,1157,1067,1092,976,1092,1063,1.0,0.6780007432181345,0.2644688644688645,yolo,1643,65.72
1644,65.76,384,0.87890625,1026,885,1156,1067,1091,976,1091,1063,1.0,0.6941657376439985,0.3194139194139194,yolo,1644,65.76
1645,65.8,384,0.8740234375,1027,885,1156,1067,1091,976,1091,1063,1.0,0.6917502787068004,0.2990123456790123,yolo,1645,65.8
1646,65.84,384,0.8671875,1028,885,1156,1067,1092,976,1092,1063,1.0,0.6909467344249953,0.2951310861423221,yolo,1646,65.84
1647,65.88,384,0.8642578125,1027,885,1155,1067,1091,976,1091,1063,1.0,0.6843591191417279,0.2931335830212235,yolo,1647,65.88
1648,65.92,384,0.86865234375,1028,885,1155,1067,1091,976,1091,1063,1.0,0.6905034324942791,0.2944444444444444,yolo,1648,65.92
1649,65.96,384,0.86865234375,1028,885,1156,1067,1092,976,1092,1063,1.0,0.6853002070393375,0.2926342072409488,yolo,1649,65.96
1650,66.0,384,0.8681640625,1028,884,1156,1067,1092,975,1092,1063,1.0,0.6769944341372913,0.2983770287141074,yolo,1650,66.0
1651,66.04,384,0.86328125,1029,884,1155,1067,1092,975,1092,1063,1.0,0.6657142857142857,0.2873907615480649,yolo,1651,66.04
1652,66.08,384,0.86083984375,1029,884,1155,1067,1092,975,1092,1063,1.0,0.6605714285714286,0.2901373283395755,yolo,1652,66.08
1653,66.12,384,0.85888671875,1029,883,1155,1067,1092,975,1092,1063,1.0,0.6415238095238095,0.2855398143624816,yolo,1653,66.12
1654,66.16,384,0.86328125,1028,883,1155,1067,1091,975,1091,1063,1.0,0.6451127819548872,0.3127470355731225,yolo,1654,66.16
1655,66.2,384,0.8642578125,1028,883,1156,1068,1092,975,1092,1064,1.0,0.6536178107606679,0.3045920859794822,yolo,1655,66.2
1656,66.24,384,0.8671875,1028,883,1156,1068,1092,975,1092,1064,1.0,0.6487940630797774,0.2923790913531998,yolo,1656,66.24
1657,66.28,384,0.87255859375,1028,882,1156,1067,1092,974,1092,1063,1.0,0.6330241187384045,0.2899364924279433,yolo,1657,66.28
1658,66.32,384,0.8681640625,1029,882,1155,1067,1092,974,1092,1063,1.0,0.6289523809523809,0.3253541768441622,yolo,1658,66.32
1659,66.36,384,0.861328125,1028,882,1155,1067,1091,974,1091,1063,1.0,0.6345864661654136,0.2734683794466403,yolo,1659,66.36
1660,66.4,384,0.861328125,1028,882,1155,1067,1091,974,1091,1063,1.0,0.6449248120300752,0.316699604743083,yolo,1660,66.4
1661,66.44,384,0.85888671875,1028,882,1155,1067,1091,974,1091,1063,1.0,0.6360902255639098,0.2922430830039526,yolo,1661,66.44
1662,66.48,384,0.865234375,1029,882,1155,1067,1092,974,1092,1063,1.0,0.6472380952380953,0.2689301416707376,yolo,1662,66.48
1663,66.52,384,0.85791015625,1029,882,1155,1067,1092,974,1092,1063,1.0,0.6344761904761905,0.2381533952125061,yolo,1663,66.52
1664,66.56,384,0.86083984375,1028,882,1155,1067,1091,974,1091,1063,1.0,0.6471804511278195,0.2374011857707509,yolo,1664,66.56
1665,66.6,384,0.8681640625,1028,882,1156,1067,1092,974,1092,1063,1.0,0.6460111317254175,0.2164142647777235,yolo,1665,66.6
1666,66.64,384,0.8623046875,1028,882,1155,1067,1091,974,1091,1063,1.0,0.6404135338345864,0.2235671936758893,yolo,1666,66.64
1667,66.68,384,0.865234375,1026,882,1156,1067,1091,974,1091,1063,1.0,0.6368131868131868,0.2470138557095078,yolo,1667,66.68
1668,66.72,384,0.86962890625,1026,883,1154,1068,1090,975,1090,1064,1.0,0.6554730983302411,0.2982413287738153,yolo,1668,66.72
1669,66.76,384,0.8662109375,1028,883,1154,1068,1091,975,1091,1064,1.0,0.6295238095238095,0.2708842208109428,yolo,1669,66.76
1670,66.8,384,0.8740234375,1026,884,1152,1067,1089,975,1089,1063,1.0,0.6268571428571429,0.2966292134831461,yolo,1670,66.8
1671,66.84,384,0.865234375,1025,885,1150,1068,1087,976,1087,1064,1.0,0.6272380952380953,0.2767676767676768,yolo,1671,66.84
1672,66.88,384,0.83642578125,1025,886,1149,1067,1087,976,1087,1063,1.0,0.62,0.2960408684546615,yolo,1672,66.88
1673,66.92,384,0.85107421875,1025,887,1146,1068,1085,977,1085,1064,1.0,0.6086601307189542,0.2933862433862433,yolo,1673,66.92
1674,66.96,384,0.85009765625,1022,889,1143,1067,1082,978,1082,1063,1.0,0.5968137254901961,0.2978896103896103,yolo,1674,66.96
1675,67.0,384,0.84912109375,1020,890,1140,1068,1080,979,1080,1064,1.0,0.5821078431372549,0.3249458874458874,yolo,1675,67.0
1676,67.04,384,0.85888671875,1022,892,1138,1067,1080,979,1080,1063,1.0,0.5805884936319718,0.2928509905254091,yolo,1676,67.04
1677,67.08,384,0.83740234375,1020,893,1135,1068,1077,980,1077,1064,1.0,0.5687307861220905,0.3136627906976744,yolo,1677,67.08
1678,67.12,384,0.8154296875,1014,895,1133,1068,1073,981,1073,1064,1.0,0.5827020202020202,0.327796234772979,yolo,1678,67.12
1679,67.16,384,0.79931640625,1010,896,1131,1068,1070,982,1070,1064,1.0,0.5782051282051283,0.3330564784053156,yolo,1679,67.16
1680,67.2,384,0.796875,1009,898,1129,1068,1069,983,1069,1064,1.0,0.5794270833333334,0.3324829931972789,yolo,1680,67.2
1681,67.24,384,0.77734375,1007,900,1128,1068,1067,984,1067,1064,1.0,0.5690104166666666,0.3429705215419501,yolo,1681,67.24
1682,67.28,384,0.79296875,1004,902,1126,1068,1065,985,1065,1064,1.0,0.5520765383779083,0.3460545193687231,yolo,1682,67.28
1683,67.32,384,0.78662109375,1009,904,1124,1067,1066,985,1066,1063,1.0,0.543010752688172,0.3309375,yolo,1683,67.32
1684,67.36,384,0.75341796875,1009,907,1122,1067,1065,987,1065,1063,1.0,0.5267156862745098,0.33375,yolo,1684,67.36
1685,67.4,384,0.76220703125,1011,910,1120,1068,1065,989,1065,1064,1.0,0.4934343434343434,0.3221997300944669,yolo,1685,67.4
1686,67.44,384,0.73388671875,1010,914,1117,1067,1063,990,1063,1063,1.0,0.4730603448275862,0.3410384068278805,yolo,1686,67.44
1687,67.48,384,0.7578125,1008,917,1115,1068,1061,992,1061,1064,1.0,0.4506578947368421,0.3692476260043827,yolo,1687,67.48
1688,67.52,384,0.79052734375,1008,921,1113,1067,1060,994,1060,1064,1.0,0.4178932178932178,0.3806306306306306,yolo,1688,67.52
1689,67.56,384,0.72314453125,1008,925,1111,1068,1059,996,1059,1065,1.0,0.4038231780167264,0.3642857142857142,yolo,1689,67.56
1690,67.6,384,0.71044921875,1008,927,1108,1068,1058,997,1058,1065,1.0,0.3867924528301887,0.3485714285714286,yolo,1690,67.6
1691,67.64,384,0.69091796875,1005,930,1107,1068,1056,999,1056,1065,1.0,0.3789050417568821,0.3541839270919635,yolo,1691,67.64
1692,67.68,384,0.6943359375,1000,932,1105,1068,1052,1000,1052,1065,1.0,0.3557422969187675,0.37241653418124,yolo,1692,67.68
1693,67.72,384,0.7734375,995,934,1103,1068,1049,1001,1049,1065,1.0,0.3360482654600302,0.3947474747474747,yolo,1693,67.72
1694,67.76,384,0.75048828125,993,935,1102,1068,1047,1001,1047,1065,1.0,0.3122400475341652,0.3875598086124402,yolo,1694,67.76
1695,67.8,384,0.763671875,991,937,1100,1068,1045,1002,1045,1065,1.0,0.2931354359925788,0.3778782894736842,yolo,1695,67.8
1696,67.84,384,0.7734375,989,938,1098,1068,1043,1003,1043,1065,1.0,0.282312925170068,0.3717105263157895,yolo,1696,67.84
1697,67.88,384,0.79833984375,989,940,1096,1067,1042,1003,1042,1064,1.0,0.25390625,0.3308631211857018,yolo,1697,67.88
1713,68.52,384,0.6875,807,953,1041,1068,924,1010,924,1065,1.0,0.2838528781131453,0.1551270815074496,yolo,1713,68.52
1714,68.56,384,0.74462890625,797,953,1040,1068,918,1010,918,1065,1.0,0.3201656578528193,0.1773109243697479,yolo,1714,68.56
1715,68.6,384,0.75341796875,790,954,1034,1068,912,1011,912,1065,1.0,0.3470933828076685,0.2182539682539682,yolo,1715,68.6
1716,68.64,384,0.7880859375,784,954,1029,1068,906,1011,906,1065,1.0,0.3990414347557204,0.2284053156146179,yolo,1716,68.64
1717,68.68,384,0.74462890625,778,955,1026,1068,902,1011,902,1065,1.0,0.3928515685968472,0.2324525185796862,yolo,1717,68.68
1718,68.72,384,0.69580078125,774,956,1027,1068,900,1012,900,1065,1.0,0.412907268170426,0.2542134831460674,yolo,1718,68.72
1719,68.76,384,0.7041015625,771,956,1026,1068,898,1012,898,1065,1.0,0.4117647058823529,0.257223113964687,yolo,1719,68.76
1720,68.8,384,0.71875,769,957,1024,1068,896,1012,896,1065,1.0,0.4153439153439153,0.2677902621722846,yolo,1720,68.8
1721,68.84,384,0.72314453125,768,957,1022,1067,895,1012,895,1064,1.0,0.4265901482544237,0.2655367231638418,yolo,1721,68.84
1722,68.88,384,0.716796875,767,957,1021,1067,894,1012,894,1064,1.0,0.4328072692491631,0.2653274743670223,yolo,1722,68.88
1723,68.92,384,0.66552734375,766,958,1022,1067,894,1012,894,1064,1.0,0.4284158107687519,0.265673494723774,yolo,1723,68.92
1724,68.96,384,0.62451171875,766,958,1020,1068,893,1013,893,1065,1.0,0.4426908974972102,0.265118225570203,yolo,1724,68.96
1725,69.0,384,0.62255859375,765,958,1019,1068,892,1013,892,1065,1.0,0.4476327116212338,0.2697216991002302,yolo,1725,69.0
1726,69.04,384,0.6669921875,765,958,1019,1068,892,1013,892,1065,1.0,0.4485891917742707,0.2697216991002302,yolo,1726,69.04
1727,69.08,384,0.6298828125,765,958,1021,1068,893,1013,893,1065,1.0,0.4637334608640204,0.2911235257603973,yolo,1727,69.08
1728,69.12,384,0.615234375,765,958,1023,1068,894,1013,894,1065,1.0,0.4453186467348544,0.2934315531000613,yolo,1728,69.12
1729,69.16,384,0.5927734375,765,958,1025,1068,895,1013,895,1065,1.0,0.4435584740462789,0.2991452991452991,yolo,1729,69.16
1730,69.2,384,0.5361328125,765,958,1028,1068,896,1013,896,1065,1.0,0.4212719975301018,0.2928743961352657,yolo,1730,69.2
1731,69.24,384,0.541015625,765,958,1030,1068,897,1013,897,1065,1.0,0.4111059978524313,0.2958980485862206,yolo,1731,69.24
1732,69.28,384,0.56396484375,765,958,1029,1068,897,1013,897,1065,1.0,0.4078846448841847,0.2926926926926927,yolo,1732,69.28
1733,69.32,384,0.56591796875,766,958,1031,1068,898,1013,898,1065,1.0,0.4071176560822212,0.2899243329350856,yolo,1733,69.32
1734,69.36,384,0.5849609375,766,958,1033,1068,899,1013,899,1065,1.0,0.401219512195122,0.2887295898048586,yolo,1734,69.36
1735,69.4,384,0.59814453125,766,958,1032,1068,899,1013,899,1065,1.0,0.4040497008743672,0.2891661715191126,yolo,1735,69.4
1736,69.44,384,0.609375,766,958,1030,1068,898,1013,898,1065,1.0,0.4057370762386869,0.2894894894894895,yolo,1736,69.44
1737,69.48,384,0.6318359375,767,958,1029,1068,898,1013,898,1065,1.0,0.3955258660866863,0.2857721109087229,yolo,1737,69.48
1738,69.52,384,0.642578125,766,958,1029,1068,897,1013,897,1065,1.0,0.3978079654214264,0.287842190016103,yolo,1738,69.52
1739,69.56,384,0.67919921875,767,958,1027,1068,897,1013,897,1065,1.0,0.4068167604752971,0.291005291005291,yolo,1739,69.56
1740,69.6,384,0.66552734375,767,958,1029,1068,898,1013,898,1065,1.0,0.3994096628864377,0.2922485326856912,yolo,1740,69.6
1741,69.64,384,0.642578125,768,958,1028,1068,898,1013,898,1065,1.0,0.3918073796122576,0.2893772893772894,yolo,1741,69.64
1742,69.68,384,0.67041015625,770,958,1032,1068,901,1013,901,1065,1.0,0.3801460307596706,0.2871888281724347,yolo,1742,69.68
1743,69.72,384,0.65478515625,774,959,1031,1068,902,1013,902,1065,1.0,0.3712121212121212,0.2707818930041152,yolo,1743,69.72
1744,69.76,384,0.61328125,783,959,1030,1068,906,1013,906,1065,1.0,0.3563384813384813,0.2579672695951766,yolo,1744,69.76
1745,69.8,384,0.69091796875,794,960,1031,1068,912,1014,912,1065,1.0,0.339058742700103,0.2456492637215528,yolo,1745,69.8
1746,69.84,384,0.662109375,806,958,1032,1067,919,1012,919,1064,1.0,0.3305114638447972,0.2315397158164453,yolo,1746,69.84
1810,72.4,384,0.7890625,995,962,1082,1068,1038,1015,1038,1065,1.0,0.2538461538461538,0.1487179487179487,yolo,1810,72.4
1811,72.44,384,0.77978515625,995,961,1084,1068,1039,1014,1039,1065,1.0,0.2547425474254742,0.1370967741935483,yolo,1811,72.44
1812,72.48,384,0.79052734375,996,959,1086,1068,1041,1013,1041,1065,1.0,0.2654320987654321,0.128747795414462,yolo,1812,72.48
1813,72.52,384,0.763671875,1002,957,1089,1068,1045,1012,1045,1065,1.0,0.2802197802197802,0.1290123456790123,yolo,1813,72.52
1814,72.56,384,0.77978515625,1004,955,1092,1068,1048,1011,1048,1065,1.0,0.2974989030276437,0.1370023419203747,yolo,1814,72.56
1815,72.6,384,0.78271484375,1009,952,1094,1068,1051,1010,1051,1065,1.0,0.3155080213903743,0.1528735632183908,yolo,1815,72.6
1816,72.64,384,0.796875,1012,949,1097,1068,1054,1008,1054,1065,1.0,0.3277919863597613,0.1862068965517241,yolo,1816,72.64
1817,72.68,384,0.841796875,1016,945,1100,1068,1058,1006,1058,1065,1.0,0.3299958281184814,0.2214689265536723,yolo,1817,72.68
1818,72.72,384,0.78515625,1020,943,1103,1067,1061,1005,1061,1064,1.0,0.3353191489361702,0.2169076751946607,yolo,1818,72.72
1819,72.76,384,0.7607421875,1024,940,1105,1067,1064,1003,1064,1064,1.0,0.3654513888888889,0.195852534562212,yolo,1819,72.76
1820,72.8,384,0.78515625,1026,937,1109,1068,1067,1002,1067,1065,1.0,0.370204081632653,0.1610991379310344,yolo,1820,72.8
1821,72.84,384,0.66357421875,1029,935,1111,1068,1070,1001,1070,1065,1.0,0.3821528611444578,0.1111111111111111,yolo,1821,72.84
1822,72.88,384,0.75927734375,1031,933,1113,1068,1072,1000,1072,1065,1.0,0.3809523809523809,0.1105794790005316,yolo,1822,72.88
1823,72.92,384,0.56201171875,1034,932,1114,1067,1074,999,1074,1064,1.0,0.386437908496732,0.106060606060606,yolo,1823,72.92
1824,72.96,384,0.63525390625,1036,931,1118,1068,1077,999,1077,1065,1.0,0.3877551020408163,0.1238390092879257,yolo,1824,72.96
1825,73.0,384,0.63330078125,1036,929,1120,1067,1078,998,1078,1064,1.0,0.3618201997780244,0.1221335992023928,yolo,1825,73.0
1826,73.04,384,0.4970703125,1038,928,1123,1068,1080,998,1080,1065,1.0,0.3703292637809841,0.0985714285714285,yolo,1826,73.04
1827,73.08,384,0.449462890625,1020,928,1125,1068,1072,998,1072,1065,1.0,0.2985923929320155,0.1521235521235521,yolo,1827,73.08
1828,73.12,384,0.7041015625,1016,927,1126,1068,1071,997,1071,1065,1.0,0.2801600914808462,0.1781076066790352,yolo,1828,73.12
1829,73.16,384,0.76611328125,1016,927,1128,1067,1072,997,1072,1064,1.0,0.2745705435088707,0.1772151898734177,yolo,1829,73.16
1830,73.2,384,0.4130859375,1017,926,1129,1067,1073,996,1073,1064,1.0,0.2742889326950155,0.1808318264014466,yolo,1830,73.2
1831,73.24,384,0.615234375,1021,926,1131,1067,1076,996,1076,1064,1.0,0.2810177244139508,0.1417439703153989,yolo,1831,73.24
1833,73.32,384,0.71240234375,1033,926,1137,1067,1085,996,1085,1064,1.0,0.2973944294699012,0.0536203522504892,yolo,1833,73.32
1834,73.36,384,0.83349609375,1032,926,1140,1068,1086,997,1086,1065,1.0,0.2928774928774929,0.0632380952380952,yolo,1834,73.36
1836,73.44,384,0.7890625,1053,924,1145,1067,1099,995,1099,1064,1.0,0.332996632996633,0.0896703296703296,yolo,1836,73.44
1837,73.48,384,0.7880859375,1059,924,1150,1068,1104,996,1104,1065,1.0,0.3666666666666666,0.0885416666666666,yolo,1837,73.48
1838,73.52,384,0.810546875,1061,922,1156,1067,1108,994,1108,1064,1.0,0.3681020733652312,0.1132154882154882,yolo,1838,73.52
1839,73.56,384,0.7607421875,1065,921,1163,1067,1114,994,1114,1064,1.0,0.3713405238828968,0.1268115942028985,yolo,1839,73.56
1840,73.6,384,0.78515625,1068,918,1169,1067,1118,992,1118,1064,1.0,0.3947368421052631,0.2081081081081081,yolo,1840,73.6
1841,73.64,384,0.8056640625,1069,916,1176,1068,1122,992,1122,1064,1.0,0.3987068965517241,0.2375533428165007,yolo,1841,73.64
1842,73.68,384,0.79443359375,1070,915,1182,1067,1126,991,1126,1063,1.0,0.4127637673700463,0.2718187874750166,yolo,1842,73.68
1843,73.72,384,0.83203125,1071,913,1189,1068,1130,990,1130,1064,1.0,0.4290917921321029,0.2834495878249841,yolo,1843,73.72
1844,73.76,384,0.81884765625,1072,913,1195,1068,1133,990,1133,1064,1.0,0.4608574091332712,0.2671358629130967,yolo,1844,73.76
1845,73.8,384,0.841796875,1073,912,1199,1067,1136,989,1136,1063,1.0,0.4554022988505747,0.2726197516262567,yolo,1845,73.8
1846,73.84,384,0.82763671875,1074,911,1202,1067,1138,989,1138,1063,1.0,0.4633502091129209,0.2731201382886776,yolo,1846,73.84
1847,73.88,384,0.8388671875,1075,910,1203,1067,1139,988,1139,1063,1.0,0.4584415584415584,0.2607317775857101,yolo,1847,73.88
1848,73.92,384,0.84716796875,1076,909,1204,1068,1140,988,1140,1064,1.0,0.48328720459868,0.2829155862863728,yolo,1848,73.92
1849,73.96,384,0.8623046875,1077,908,1204,1068,1140,988,1140,1064,1.0,0.481578947368421,0.2349431818181818,yolo,1849,73.96
1850,74.0,384,0.84814453125,1077,907,1203,1068,1140,987,1140,1064,1.0,0.4804371584699453,0.2426966292134831,yolo,1850,74.0
1851,74.04,384,0.83984375,1077,907,1203,1068,1140,987,1140,1064,1.0,0.4721311475409836,0.2174157303370786,yolo,1851,74.04
1852,74.08,384,0.841796875,1077,907,1201,1067,1139,987,1139,1063,1.0,0.4797777777777778,0.1994252873563218,yolo,1852,74.08
1853,74.12,384,0.85693359375,1077,906,1199,1067,1138,986,1138,1063,1.0,0.4731641589939366,0.1711764705882353,yolo,1853,74.12
1854,74.16,384,0.84912109375,1076,906,1197,1068,1136,987,1136,1064,1.0,0.4924863387978142,0.175297619047619,yolo,1854,74.16
1855,74.2,384,0.861328125,1074,905,1195,1067,1134,986,1134,1063,1.0,0.5018214936247724,0.2011904761904762,yolo,1855,74.2
1856,74.24,384,0.87158203125,1073,903,1193,1068,1133,985,1133,1064,1.0,0.5170250896057348,0.2198025551684088,yolo,1856,74.24
1857,74.28,384,0.873046875,1072,902,1191,1067,1131,984,1131,1063,1.0,0.5333781362007168,0.2357723577235772,yolo,1857,74.28
1858,74.32,384,0.86962890625,1070,902,1189,1067,1129,984,1129,1063,1.0,0.5571236559139785,0.1875725900116144,yolo,1858,74.32
1859,74.36,384,0.88720703125,1068,902,1187,1067,1127,984,1127,1063,1.0,0.5633960573476703,0.1524390243902439,yolo,1859,74.36
1860,74.4,384,0.88720703125,1066,900,1184,1067,1125,983,1125,1063,1.0,0.5732170802593338,0.150455480458419,yolo,1860,74.4
1861,74.44,384,0.89013671875,1064,899,1183,1067,1123,983,1123,1063,1.0,0.5900607638888888,0.1108276643990929,yolo,1861,74.44
1862,74.48,384,0.89013671875,1063,898,1182,1067,1122,982,1122,1063,1.0,0.6,0.1309523809523809,yolo,1862,74.48
1863,74.52,384,0.8916015625,1068,882,1184,1067,1126,974,1126,1063,1.0,0.6078674948240166,0.2037037037037037,yolo,1863,74.52
1864,74.56,384,0.892578125,1070,875,1185,1067,1127,971,1127,1063,1.0,0.5914234663490173,0.2026041666666666,yolo,1864,74.56
1865,74.6,384,0.89013671875,1070,873,1186,1067,1128,970,1128,1063,1.0,0.5869565217391305,0.2075617283950617,yolo,1865,74.6
1866,74.64,384,0.8916015625,1071,873,1186,1067,1128,970,1128,1063,1.0,0.600470035252644,0.21640625,yolo,1866,74.64
1867,74.68,384,0.892578125,1071,873,1186,1067,1128,970,1128,1063,1.0,0.5981198589894242,0.2161458333333333,yolo,1867,74.68
1868,74.72,384,0.89306640625,1071,873,1186,1067,1128,970,1128,1063,1.0,0.6024285154719937,0.2260416666666666,yolo,1868,74.72
1869,74.76,384,0.8916015625,1071,873,1186,1067,1128,970,1128,1063,1.0,0.5949862906384645,0.2213541666666666,yolo,1869,74.76
1870,74.8,384,0.8896484375,1071,873,1186,1067,1128,970,1128,1063,1.0,0.6200548374461418,0.2736979166666666,yolo,1870,74.8
1871,74.84,384,0.8896484375,1071,872,1186,1067,1128,969,1128,1063,1.0,0.608891500195848,0.2546875,yolo,1871,74.84
1872,74.88,384,0.892578125,1071,872,1186,1067,1128,969,1128,1063,1.0,0.6196631414022719,0.2697916666666666,yolo,1872,74.88
1873,74.92,384,0.89111328125,1071,872,1186,1067,1128,969,1128,1063,1.0,0.5990990990990991,0.2411458333333333,yolo,1873,74.92
1874,74.96,384,0.89404296875,1070,873,1186,1067,1128,970,1128,1063,1.0,0.6171171171171171,0.2638888888888889,yolo,1874,74.96
1875,75.0,384,0.89501953125,1070,873,1186,1067,1128,970,1128,1063,1.0,0.5940070505287897,0.2386831275720164,yolo,1875,75.0
1876,75.04,384,0.8955078125,1070,873,1186,1067,1128,970,1128,1063,1.0,0.5961613787700745,0.2451131687242798,yolo,1876,75.04
1877,75.08,384,0.8916015625,1070,872,1186,1067,1128,969,1128,1063,1.0,0.591461026243635,0.2379115226337448,yolo,1877,75.08
1878,75.12,384,0.89306640625,1070,872,1186,1067,1128,969,1128,1063,1.0,0.617508813160987,0.2685185185185185,yolo,1878,75.12
1879,75.16,384,0.892578125,1069,872,1186,1067,1127,969,1127,1063,1.0,0.5920849420849421,0.2347560975609756,yolo,1879,75.16
1880,75.2,384,0.89501953125,1070,872,1186,1067,1128,969,1128,1063,1.0,0.5951821386603995,0.23559670781893,yolo,1880,75.2
1881,75.24,384,0.896484375,1071,872,1186,1067,1128,969,1128,1063,1.0,0.5955738347042695,0.228125,yolo,1881,75.24
1882,75.28,384,0.8974609375,1070,872,1186,1067,1128,969,1128,1063,1.0,0.5959655307481394,0.2425411522633745,yolo,1882,75.28
1883,75.32,384,0.89697265625,1070,872,1186,1067,1128,969,1128,1063,1.0,0.5938112025068547,0.2412551440329218,yolo,1883,75.32
1884,75.36,384,0.8955078125,1070,872,1186,1067,1128,969,1128,1063,1.0,0.5981198589894242,0.2399691358024691,yolo,1884,75.36
1885,75.4,384,0.89306640625,1070,872,1186,1067,1128,969,1128,1063,1.0,0.5875440658049353,0.2309670781893004,yolo,1885,75.4
1886,75.44,384,0.8955078125,1071,872,1186,1067,1128,969,1128,1063,1.0,0.6145710928319624,0.2421875,yolo,1886,75.44
1887,75.48,384,0.89404296875,1071,872,1186,1067,1128,969,1128,1063,1.0,0.5961613787700745,0.2177083333333333,yolo,1887,75.48
1888,75.52,384,0.8955078125,1071,872,1186,1067,1128,969,1128,1063,1.0,0.5953779866823345,0.22265625,yolo,1888,75.52
1889,75.56,384,0.8955078125,1071,872,1186,1067,1128,969,1128,1063,1.0,0.5942028985507246,0.2166666666666666,yolo,1889,75.56
1890,75.6,384,0.8974609375,1071,872,1186,1067,1128,969,1128,1063,1.0,0.5896983940462202,0.22109375,yolo,1890,75.6
1891,75.64,384,0.89892578125,1071,872,1186,1067,1128,969,1128,1063,1.0,0.5918527222875049,0.22109375,yolo,1891,75.64
1892,75.68,384,0.896484375,1071,872,1186,1067,1128,969,1128,1063,1.0,0.5918527222875049,0.22109375,yolo,1892,75.68
1893,75.72,384,0.89892578125,1071,872,1186,1067,1128,969,1128,1063,1.0,0.5916568742655699,0.22109375,yolo,1893,75.72
1894,75.76,384,0.89697265625,1071,872,1186,1067,1128,969,1128,1063,1.0,0.5912651782217,0.22109375,yolo,1894,75.76
1895,75.8,384,0.8974609375,1071,872,1186,1067,1128,969,1128,1063,1.0,0.5918527222875049,0.2309895833333333,yolo,1895,75.8
1896,75.84,384,0.896484375,1070,872,1186,1067,1128,969,1128,1063,1.0,0.5785350567959263,0.231738683127572,yolo,1896,75.84
1897,75.88,384,0.89697265625,1070,872,1186,1067,1128,969,1128,1063,1.0,0.581864473168821,0.2368827160493827,yolo,1897,75.88
1898,75.92,384,0.89697265625,1070,872,1186,1067,1128,969,1128,1063,1.0,0.5775558166862514,0.2281378600823045,yolo,1898,75.92
1899,75.96,384,0.8984375,1070,872,1186,1067,1128,969,1128,1063,1.0,0.581864473168821,0.2312242798353909,yolo,1899,75.96
1900,76.0,384,0.89892578125,1070,872,1186,1067,1128,969,1128,1063,1.0,0.5812769291030161,0.2250514403292181,yolo,1900,76.0
1901,76.04,384,0.8974609375,1070,872,1186,1067,1128,969,1128,1063,1.0,0.572855464159812,0.2003600823045267,yolo,1901,76.04
1902,76.08,384,0.89697265625,1070,872,1186,1067,1128,969,1128,1063,1.0,0.5930278104191148,0.2289094650205761,yolo,1902,76.08
1903,76.12,384,0.89404296875,1070,872,1186,1067,1128,969,1128,1063,1.0,0.5930278104191148,0.2294238683127572,yolo,1903,76.12
1904,76.16,384,0.89404296875,1070,872,1186,1067,1128,969,1128,1063,1.0,0.5902859381120251,0.1638374485596707,yolo,1904,76.16
1905,76.2,384,0.896484375,1071,872,1186,1067,1128,969,1128,1063,1.0,0.5983157070113592,0.1760416666666666,yolo,1905,76.2
1906,76.24,384,0.896484375,1071,872,1186,1067,1128,969,1128,1063,1.0,0.5932236584410497,0.1708333333333333,yolo,1906,76.24
1907,76.28,384,0.89990234375,1071,872,1187,1067,1129,969,1129,1063,1.0,0.6006658832745789,0.2088477366255144,yolo,1907,76.28
1908,76.32,384,0.8955078125,1071,872,1187,1067,1129,969,1129,1063,1.0,0.5922444183313749,0.1795267489711934,yolo,1908,76.32
1909,76.36,384,0.89404296875,1071,872,1187,1067,1129,969,1129,1063,1.0,0.5928319623971798,0.1893004115226337,yolo,1909,76.36
1910,76.4,384,0.89306640625,1071,872,1187,1067,1129,969,1129,1063,1.0,0.5889150019584802,0.1784979423868312,yolo,1910,76.4
1911,76.44,384,0.892578125,1071,872,1187,1067,1129,969,1129,1063,1.0,0.5885233059146102,0.1787551440329218,yolo,1911,76.44
1912,76.48,384,0.89501953125,1071,872,1187,1067,1129,969,1129,1063,1.0,0.5877399138268703,0.176954732510288,yolo,1912,76.48
1913,76.52,384,0.8955078125,1071,872,1187,1067,1129,969,1129,1063,1.0,0.5977281629455542,0.2001028806584362,yolo,1913,76.52
1914,76.56,384,0.8955078125,1071,872,1188,1067,1129,969,1129,1063,1.0,0.5907335907335908,0.1938516260162601,yolo,1914,76.56
1915,76.6,384,0.8955078125,1071,872,1188,1067,1129,969,1129,1063,1.0,0.5847490347490347,0.1720020325203252,yolo,1915,76.6
1916,76.64,384,0.89306640625,1071,872,1188,1067,1129,969,1129,1063,1.0,0.5878378378378378,0.180640243902439,yolo,1916,76.64
1917,76.68,384,0.892578125,1070,872,1188,1067,1129,969,1129,1063,1.0,0.5883136657784546,0.1935240963855421,yolo,1917,76.68
1918,76.72,384,0.89111328125,1071,872,1188,1067,1129,969,1129,1063,1.0,0.5853281853281853,0.1935975609756097,yolo,1918,76.72
1919,76.76,384,0.892578125,1071,873,1188,1067,1129,970,1129,1063,1.0,0.5907335907335908,0.2009654471544715,yolo,1919,76.76
1920,76.8,384,0.89404296875,1071,873,1188,1067,1129,970,1129,1063,1.0,0.577992277992278,0.1222052845528455,yolo,1920,76.8
1921,76.84,384,0.892578125,1071,873,1188,1067,1129,970,1129,1063,1.0,0.5920849420849421,0.1453252032520325,yolo,1921,76.84
1922,76.88,384,0.8916015625,1071,873,1188,1067,1129,970,1129,1063,1.0,0.5953667953667954,0.1641260162601626,yolo,1922,76.88
1923,76.92,384,0.8896484375,1071,873,1188,1067,1129,970,1129,1063,1.0,0.584942084942085,0.1326219512195122,yolo,1923,76.92
1924,76.96,384,0.888671875,1071,873,1188,1067,1129,970,1129,1063,1.0,0.5855212355212355,0.1267784552845528,yolo,1924,76.96
1925,77.0,384,0.89306640625,1071,873,1188,1067,1129,970,1129,1063,1.0,0.5864864864864865,0.1298272357723577,yolo,1925,77.0
1926,77.04,384,0.89501953125,1071,873,1188,1067,1129,970,1129,1063,1.0,0.5801158301158301,0.1054369918699187,yolo,1926,77.04
1927,77.08,384,0.89111328125,1071,874,1188,1067,1129,970,1129,1063,1.0,0.5806262230919765,0.0757113821138211,yolo,1927,77.08
1928,77.12,384,0.88818359375,1071,874,1188,1067,1129,970,1129,1063,1.0,0.584931506849315,0.0876524390243902,yolo,1928,77.12
1929,77.16,384,0.88720703125,1072,875,1188,1067,1130,971,1130,1063,1.0,0.6128648004764741,0.1306584362139917,yolo,1929,77.16
1930,77.2,384,0.8896484375,1072,875,1188,1067,1130,971,1130,1063,1.0,0.6180266031367878,0.1239711934156378,yolo,1930,77.2
1931,77.24,384,0.88427734375,1072,875,1189,1067,1130,971,1130,1063,1.0,0.62426614481409,0.1511686991869918,yolo,1931,77.24
1932,77.28,384,0.8896484375,1072,875,1189,1067,1130,971,1130,1063,1.0,0.6227005870841488,0.1387195121951219,yolo,1932,77.28
1933,77.32,384,0.89306640625,1072,875,1190,1067,1131,971,1131,1063,1.0,0.6318734323750723,0.1430722891566265,yolo,1933,77.32
1934,77.36,384,0.892578125,1072,877,1190,1067,1131,972,1131,1063,1.0,0.6377151799687011,0.137913355549859,yolo,1934,77.36
1935,77.4,384,0.8955078125,1073,877,1191,1067,1132,972,1132,1063,1.0,0.6275430359937402,0.1104844911561138,yolo,1935,77.4
1936,77.44,384,0.89404296875,1073,878,1191,1067,1132,972,1132,1063,1.0,0.6097417840375586,0.1048449115611381,yolo,1936,77.44
1937,77.48,384,0.89404296875,1073,879,1193,1067,1133,973,1133,1063,1.0,0.6145833333333334,0.1066362715298885,yolo,1937,77.48
1938,77.52,384,0.8916015625,1073,880,1193,1067,1133,973,1133,1063,1.0,0.6128716744913928,0.1061076604554865,yolo,1938,77.52
1939,77.56,384,0.89501953125,1073,882,1193,1067,1133,974,1133,1063,1.0,0.6251984126984127,0.1234472049689441,yolo,1939,77.56
1940,77.6,384,0.896484375,1073,882,1194,1067,1133,974,1133,1063,1.0,0.6301587301587301,0.1265527950310559,yolo,1940,77.6
1941,77.64,384,0.892578125,1074,884,1195,1067,1134,975,1134,1063,1.0,0.6420634920634921,0.2060846560846561,yolo,1941,77.64
1942,77.68,384,0.888671875,1074,885,1195,1067,1134,976,1134,1063,1.0,0.6402979066022544,0.2126984126984127,yolo,1942,77.68
1943,77.72,384,0.8818359375,1073,886,1195,1067,1134,976,1134,1063,1.0,0.6468573730862208,0.2298039215686274,yolo,1943,77.72
1944,77.76,384,0.88330078125,1072,887,1195,1067,1133,977,1133,1063,1.0,0.6406995230524642,0.2253229974160206,yolo,1944,77.76
1945,77.8,384,0.88623046875,1071,888,1194,1067,1132,977,1132,1063,1.0,0.6301669316375199,0.2547568710359408,yolo,1945,77.8
1946,77.84,384,0.8818359375,1069,889,1192,1067,1130,978,1130,1063,1.0,0.6452702702702703,0.2507928118393234,yolo,1946,77.84
1947,77.88,384,0.87841796875,1068,890,1190,1067,1129,978,1129,1063,1.0,0.6520139030873032,0.2641711229946524,yolo,1947,77.88
1948,77.92,384,0.8740234375,1066,892,1187,1067,1126,979,1126,1063,1.0,0.6519360269360269,0.2721483942414175,yolo,1948,77.92
1949,77.96,384,0.87744140625,1064,893,1184,1068,1124,980,1124,1064,1.0,0.6430976430976431,0.2571982281284606,yolo,1949,77.96
1950,78.0,384,0.8798828125,1061,895,1182,1068,1121,981,1121,1064,1.0,0.6239478114478114,0.2425249169435216,yolo,1950,78.0
1951,78.04,384,0.88330078125,1058,897,1179,1068,1118,982,1118,1064,1.0,0.6032051282051282,0.2346938775510204,yolo,1951,78.04
1952,78.08,384,0.8798828125,1055,900,1176,1067,1115,983,1115,1063,1.0,0.5559964726631393,0.1965737514518002,yolo,1952,78.08
1953,78.12,384,0.85400390625,1051,903,1171,1068,1111,985,1111,1064,1.0,0.5324820788530465,0.1954123112659698,yolo,1953,78.12
1954,78.16,384,0.82666015625,1045,907,1167,1068,1106,987,1106,1064,1.0,0.5239164608129351,0.2058823529411764,yolo,1954,78.16
1955,78.2,384,0.8291015625,1041,911,1163,1067,1102,989,1102,1063,1.0,0.4857209194334804,0.228657616892911,yolo,1955,78.2
1956,78.24,384,0.845703125,1037,914,1159,1067,1098,990,1098,1063,1.0,0.4362305148795465,0.2235294117647059,yolo,1956,78.24
1957,78.28,384,0.84912109375,1033,916,1154,1068,1093,992,1093,1064,1.0,0.4614463601532567,0.2359022556390977,yolo,1957,78.28
1958,78.32,384,0.85107421875,1031,916,1150,1068,1090,992,1090,1064,1.0,0.4626436781609195,0.2424812030075188,yolo,1958,78.32
1959,78.36,384,0.84814453125,1029,916,1146,1068,1087,992,1087,1064,1.0,0.4480295566502463,0.2326700898587933,yolo,1959,78.36
1960,78.4,384,0.8642578125,1028,916,1143,1068,1085,992,1085,1064,1.0,0.4325337331334333,0.2460526315789473,yolo,1960,78.4
1961,78.44,384,0.8681640625,1023,917,1141,1068,1082,992,1082,1064,1.0,0.411662960217445,0.2481276457180071,yolo,1961,78.44
1962,78.48,384,0.8671875,1021,918,1140,1068,1080,993,1080,1065,1.0,0.4096003898635477,0.2458172458172458,yolo,1962,78.48
1963,78.52,384,0.87255859375,1021,919,1139,1068,1080,993,1080,1065,1.0,0.3857178156659254,0.2383588407684793,yolo,1963,78.52
1964,78.56,384,0.865234375,1022,920,1138,1067,1080,993,1080,1064,1.0,0.3760351966873706,0.2208504801097393,yolo,1964,78.56
1965,78.6,384,0.86083984375,1022,921,1138,1068,1080,994,1080,1065,1.0,0.380175983436853,0.2016460905349794,yolo,1965,78.6
1966,78.64,384,0.8642578125,1023,922,1139,1068,1081,995,1081,1065,1.0,0.3849802371541502,0.1872427983539094,yolo,1966,78.64
1967,78.68,384,0.85986328125,1023,922,1140,1067,1081,994,1081,1064,1.0,0.3763636363636363,0.1859756097560975,yolo,1967,78.68
1968,78.72,384,0.84716796875,1023,922,1141,1067,1082,994,1082,1064,1.0,0.3720870678617157,0.2185408299866131,yolo,1968,78.72
1969,78.76,384,0.84814453125,1023,923,1141,1067,1082,995,1082,1064,1.0,0.3574903969270166,0.2061579651941097,yolo,1969,78.76
1970,78.8,384,0.8447265625,1024,922,1142,1067,1083,994,1083,1064,1.0,0.3720870678617157,0.2138554216867469,yolo,1970,78.8
1971,78.84,384,0.84912109375,1021,922,1144,1067,1082,994,1082,1064,1.0,0.3633906633906634,0.2141472868217054,yolo,1971,78.84
1972,78.88,384,0.8623046875,1026,923,1146,1067,1086,995,1086,1064,1.0,0.3881313131313131,0.2027116402116402,yolo,1972,78.88
1973,78.92,384,0.8447265625,1028,922,1148,1067,1088,994,1088,1064,1.0,0.3681818181818181,0.230489417989418,yolo,1973,78.92
1974,78.96,384,0.82421875,1026,922,1151,1067,1088,994,1088,1064,1.0,0.3558787878787879,0.2411616161616161,yolo,1974,78.96
1975,79.0,384,0.80419921875,1030,922,1154,1067,1092,994,1092,1064,1.0,0.3641212121212121,0.241698595146871,yolo,1975,79.0
1976,79.04,384,0.82763671875,1036,921,1158,1068,1097,994,1097,1065,1.0,0.3798923679060665,0.2339869281045751,yolo,1976,79.04
1977,79.08,384,0.8173828125,1040,921,1162,1068,1101,994,1101,1065,1.0,0.3921232876712329,0.2274509803921568,yolo,1977,79.08
1978,79.12,384,0.81396484375,1035,919,1166,1068,1100,993,1100,1065,1.0,0.3591992802519118,0.2520564042303173,yolo,1978,79.12
1979,79.16,384,0.708984375,1037,918,1170,1067,1103,992,1103,1064,1.0,0.362280701754386,0.2047153536515238,yolo,1979,79.16
1980,79.2,384,0.85498046875,1010,916,1175,1067,1092,991,1092,1063,1.0,0.3271309587099061,0.293569431500466,yolo,1980,79.2
1981,79.24,384,0.87841796875,1000,915,1178,1067,1089,991,1089,1063,1.0,0.3630357718337093,0.3541052631578947,yolo,1981,79.24
1982,79.28,384,0.85595703125,992,913,1182,1067,1087,990,1087,1063,1.0,0.3890871245911388,0.3860308666402849,yolo,1982,79.28
1983,79.32,384,0.85791015625,989,912,1186,1067,1087,989,1087,1063,1.0,0.3984511981297486,0.3636536994660564,yolo,1983,79.32
1984,79.36,384,0.86962890625,987,911,1189,1068,1088,989,1088,1064,1.0,0.418595041322314,0.3706128386979451,yolo,1984,79.36
1986,79.44,494,0.548828125,879,914,987,1068,933,991,933,1064,1.0,0.5082138200782269,0.0929824561403508,yolo,1986,79.44
1987,79.48,494,0.46875,878,914,987,1068,932,991,932,1064,1.0,0.50231124807396,0.0921052631578947,yolo,1987,79.48
1988,79.52,494,0.5322265625,878,914,988,1068,933,991,933,1064,1.0,0.5097586029789419,0.0909090909090909,yolo,1988,79.52
1989,79.56,494,0.505859375,879,913,989,1068,934,990,934,1064,1.0,0.5310867293625914,0.1035543403964456,yolo,1989,79.56
1990,79.6,494,0.5322265625,879,913,990,1068,934,990,934,1064,1.0,0.5300417972831766,0.1093117408906882,yolo,1990,79.6
1991,79.64,494,0.5322265625,880,914,991,1068,935,991,935,1064,1.0,0.5485362095531587,0.1012145748987854,yolo,1991,79.64
1992,79.68,494,0.60009765625,880,913,991,1068,935,990,935,1064,1.0,0.5208986415882968,0.0894062078272604,yolo,1992,79.68
1993,79.72,494,0.51953125,880,913,990,1068,935,990,935,1064,1.0,0.504440961337513,0.0669856459330143,yolo,1993,79.72
1994,79.76,494,0.541015625,880,913,991,1068,935,990,935,1064,1.0,0.5138453500522466,0.0732118758434547,yolo,1994,79.76
1995,79.8,494,0.533203125,880,913,990,1068,935,990,935,1064,1.0,0.518025078369906,0.0741626794258373,yolo,1995,79.8
1996,79.84,494,0.640625,880,913,990,1068,935,990,935,1064,1.0,0.5169801462904912,0.073820915926179,yolo,1996,79.84
1997,79.88,494,0.63525390625,881,912,991,1068,936,990,936,1064,1.0,0.5190035952747817,0.0772560772560772,yolo,1997,79.88
1998,79.92,494,0.65478515625,880,913,991,1068,935,990,935,1064,1.0,0.5248171368861024,0.0738866396761133,yolo,1998,79.92
1999,79.96,494,0.6943359375,880,913,991,1068,935,990,935,1064,1.0,0.5274294670846394,0.0738866396761133,yolo,1999,79.96
2000,80.0,494,0.67919921875,881,912,991,1067,936,989,936,1063,1.0,0.5065308254963428,0.0666438824333561,yolo,2000,80.0
2001,80.04,494,0.638671875,881,912,992,1068,936,990,936,1064,1.0,0.5192604006163328,0.0703484549638395,yolo,2001,80.04
2002,80.08,494,0.607421875,881,912,993,1068,937,990,937,1064,1.0,0.5241588666835315,0.0688088283024992,yolo,2002,80.08
2003,80.12,494,0.6298828125,881,912,993,1068,937,990,937,1064,1.0,0.530230204907665,0.0707562479714378,yolo,2003,80.12
2004,80.16,494,0.447509765625,881,913,993,1068,937,990,937,1064,1.0,0.5259907359752959,0.055962691538974,yolo,2004,80.16
2020,80.8,494,0.51171875,881,919,991,1068,936,993,936,1065,1.0,0.4816586921850079,0.0593190593190593,yolo,2020,80.8
2022,80.88,494,0.5234375,881,920,991,1068,936,994,936,1065,1.0,0.4761904761904761,0.0526500526500526,yolo,2022,80.88
2023,80.92,494,0.541015625,881,921,991,1068,936,994,936,1065,1.0,0.4832251082251082,0.0523088023088023,yolo,2023,80.92
2026,81.04,494,0.66552734375,880,920,994,1067,937,993,937,1064,1.0,0.4767080745341615,0.05028129395218,yolo,2026,81.04
2027,81.08,494,0.68408203125,880,920,995,1068,937,994,937,1065,1.0,0.4945652173913043,0.0496621621621621,yolo,2027,81.08
2028,81.12,494,0.732421875,881,921,997,1068,939,994,939,1065,1.0,0.5230331262939959,0.0586419753086419,yolo,2028,81.12
2029,81.16,494,0.75048828125,881,921,997,1068,939,994,939,1065,1.0,0.5165631469979296,0.0586419753086419,yolo,2029,81.16
2030,81.2,494,0.73095703125,886,922,1001,1067,943,994,943,1064,1.0,0.5559947299077734,0.0631944444444444,yolo,2030,81.2
2031,81.24,494,0.67578125,887,922,1003,1068,945,995,945,1065,1.0,0.5478260869565217,0.0576131687242798,yolo,2031,81.24
2032,81.28,494,0.5849609375,889,919,1006,1068,947,993,947,1065,1.0,0.5095238095238095,0.0504284772577455,yolo,2032,81.28
2033,81.32,494,0.6533203125,892,920,1009,1068,950,994,950,1065,1.0,0.5056122448979592,0.0425181278839815,yolo,2033,81.32
2034,81.36,494,0.77197265625,895,919,1012,1068,953,993,953,1065,1.0,0.5195488721804511,0.0438365194462755,yolo,2034,81.36
2035,81.4,494,0.8115234375,899,921,1015,1067,957,994,957,1064,1.0,0.5533596837944664,0.051440329218107,yolo,2035,81.4
2036,81.44,494,0.80419921875,902,921,1019,1068,960,994,960,1065,1.0,0.5464285714285714,0.0802845528455284,yolo,2036,81.44
2037,81.48,494,0.8310546875,905,922,1024,1068,964,995,964,1065,1.0,0.4946969696969697,0.0582010582010582,yolo,2037,81.48
2038,81.52,494,0.82763671875,909,923,1032,1068,970,995,970,1065,1.0,0.4343980343980343,0.1014211886304909,yolo,2038,81.52
2039,81.56,494,0.85693359375,915,925,1038,1068,976,996,976,1065,1.0,0.3673673673673673,0.1249169435215946,yolo,2039,81.56
2040,81.6,494,0.8447265625,924,927,1045,1068,984,997,984,1065,1.0,0.3784067085953878,0.2683673469387755,yolo,2040,81.6
2041,81.64,494,0.82763671875,933,931,1051,1068,992,999,992,1065,1.0,0.4173889490790899,0.3320340184266477,yolo,2041,81.64
2042,81.68,494,0.83447265625,941,935,1057,1068,999,1001,999,1065,1.0,0.4183006535947712,0.3520389075944631,yolo,2042,81.68
2043,81.72,494,0.63720703125,949,938,1064,1068,1006,1003,1006,1065,1.0,0.3581780538302277,0.2796875,yolo,2043,81.72
2044,81.76,494,0.60595703125,961,941,1071,1068,1016,1004,1016,1065,1.0,0.2733585858585858,0.2375366568914956,yolo,2044,81.76
2049,81.96,494,0.5205078125,998,951,1101,1068,1049,1009,1049,1065,1.0,0.312683284457478,0.2658045977011494,yolo,2049,81.96
2050,82.0,494,0.69580078125,1003,953,1105,1069,1054,1011,1054,1066,1.0,0.3435171385991058,0.2734337056823701,yolo,2050,82.0
2051,82.04,494,0.662109375,1006,954,1110,1069,1058,1011,1058,1066,1.0,0.3503137689184201,0.2558708414872798,yolo,2051,82.04
2052,82.08,494,0.556640625,1008,956,1113,1069,1060,1012,1060,1066,1.0,0.3480989294942783,0.2485521235521235,yolo,2052,82.08
2053,82.12,494,0.55810546875,1011,956,1117,1069,1064,1012,1064,1066,1.0,0.3314876338132152,0.23,yolo,2053,82.12
2054,82.16,494,0.556640625,1013,957,1119,1068,1066,1012,1066,1065,1.0,0.310657596371882,0.2128395061728395,yolo,2054,82.16
2055,82.2,494,0.58154296875,1014,958,1121,1068,1067,1013,1067,1065,1.0,0.3003048780487805,0.2067067067067067,yolo,2055,82.2
2056,82.24,494,0.6279296875,1017,959,1122,1068,1069,1013,1069,1065,1.0,0.2755102040816326,0.1991991991991992,yolo,2056,82.24
2057,82.28,494,0.64794921875,1017,961,1123,1068,1070,1014,1070,1065,1.0,0.2710027100271002,0.1943589743589743,yolo,2057,82.28
2058,82.32,494,0.62255859375,1019,961,1123,1068,1071,1014,1071,1065,1.0,0.2551296941540844,0.1801896733403582,yolo,2058,82.32
2105,84.2,494,0.69921875,1018,961,1121,1068,1069,1014,1069,1065,1.0,0.2631785995279307,0.1821581196581196,yolo,2105,84.2
2106,84.24,494,0.7138671875,1016,960,1121,1067,1068,1013,1068,1064,1.0,0.259388308168796,0.1907484407484407,yolo,2106,84.24
2107,84.28,494,0.71240234375,1016,959,1120,1068,1068,1013,1068,1065,1.0,0.2600151171579743,0.1938102486047691,yolo,2107,84.28
2108,84.32,494,0.71240234375,1013,958,1120,1068,1066,1013,1066,1065,1.0,0.2595274390243902,0.2092092092092092,yolo,2108,84.32
2109,84.36,494,0.740234375,1011,957,1120,1068,1065,1012,1065,1065,1.0,0.2546897546897547,0.2002923976608187,yolo,2109,84.36
2121,84.84,494,0.7705078125,967,943,1087,1068,1027,1005,1027,1065,1.0,0.3043735224586288,0.2845622119815668,yolo,2121,84.84
2122,84.88,494,0.74169921875,962,944,1083,1067,1022,1005,1022,1064,1.0,0.3693853427895981,0.3039682539682539,yolo,2122,84.88
2123,84.92,494,0.64599609375,959,945,1077,1068,1018,1006,1018,1065,1.0,0.4387174108480671,0.3180722891566265,yolo,2123,84.92
2124,84.96,494,0.66552734375,955,951,1071,1068,1013,1009,1013,1065,1.0,0.5250329380764164,0.3048105576841209,yolo,2124,84.96
2125,85.0,494,0.6494140625,951,948,1064,1068,1007,1008,1007,1065,1.0,0.4957516339869281,0.2479166666666666,yolo,2125,85.0
2126,85.04,494,0.68603515625,948,946,1057,1068,1002,1007,1002,1065,1.0,0.4341238471673254,0.2043859649122807,yolo,2126,85.04
2127,85.08,494,0.70556640625,945,945,1052,1068,998,1006,998,1065,1.0,0.4009308510638298,0.1977477477477477,yolo,2127,85.08
2130,85.2,494,0.5,936,943,1039,1068,987,1005,987,1065,1.0,0.3407687028140013,0.1747311827956989,yolo,2130,85.2
2131,85.24,494,0.548828125,933,942,1037,1067,985,1004,985,1064,1.0,0.3346842283012495,0.1970835174547061,yolo,2131,85.24
2133,85.32,494,0.5263671875,930,939,1031,1067,980,1003,980,1064,1.0,0.3653061224489796,0.2151785714285714,yolo,2133,85.32
2134,85.36,494,0.57373046875,928,939,1027,1067,977,1003,977,1064,1.0,0.3904761904761905,0.1790178571428571,yolo,2134,85.36
2135,85.4,494,0.69091796875,926,938,1025,1067,975,1002,975,1064,1.0,0.419047619047619,0.1897321428571428,yolo,2135,85.4
2136,85.44,494,0.615234375,924,936,1022,1068,973,1002,973,1065,1.0,0.4888135593220339,0.2481335090030742,yolo,2136,85.44
2138,85.52,494,0.57763671875,921,930,1017,1068,969,999,969,1065,1.0,0.4955312810327706,0.112379280070237,yolo,2138,85.52
2139,85.56,494,0.7216796875,920,927,1015,1067,967,997,967,1064,1.0,0.523667659715326,0.0844155844155844,yolo,2139,85.56
2140,85.6,494,0.7431640625,919,924,1014,1067,966,995,966,1064,1.0,0.5383365821962314,0.0904761904761904,yolo,2140,85.6
2141,85.64,494,0.74609375,917,920,1012,1068,964,994,964,1065,1.0,0.5347744360902256,0.0827190827190827,yolo,2141,85.64
2142,85.68,494,0.71044921875,915,915,1009,1068,962,991,962,1064,1.0,0.529643073200242,0.0923076923076923,yolo,2142,85.68
2143,85.72,494,0.7744140625,911,912,1009,1067,960,989,960,1063,1.0,0.5189947399181765,0.0694126620900076,yolo,2143,85.72
2144,85.76,494,0.8056640625,908,909,1008,1067,958,988,958,1063,1.0,0.5155555555555555,0.0633699633699633,yolo,2144,85.76
2145,85.8,494,0.82666015625,906,905,1007,1067,956,986,956,1063,1.0,0.5060109289617486,0.0357142857142857,yolo,2145,85.8
2146,85.84,494,0.8056640625,903,903,1006,1068,954,985,954,1064,1.0,0.549687825182102,0.0318428184281842,yolo,2146,85.84
2147,85.88,494,0.79443359375,901,901,1004,1068,952,984,952,1064,1.0,0.5468509984639017,0.0267615176151761,yolo,2147,85.88
2148,85.92,494,0.8310546875,898,898,1003,1068,950,983,950,1064,1.0,0.5401785714285714,0.0321750321750321,yolo,2148,85.92
2149,85.96,494,0.82568359375,897,897,1003,1068,950,982,950,1064,1.0,0.545054945054945,0.0279365079365079,yolo,2149,85.96
2150,86.0,494,0.82080078125,894,895,1000,1068,947,981,947,1064,1.0,0.5204425204425205,0.0347286821705426,yolo,2150,86.0
2151,86.04,494,0.81298828125,889,895,1000,1068,944,981,944,1064,1.0,0.5199724517906336,0.0330948121645796,yolo,2151,86.04
2152,86.08,494,0.810546875,888,895,1002,1068,945,981,945,1064,1.0,0.51822573561704,0.0288489843979982,yolo,2152,86.08
2153,86.12,494,0.8115234375,887,895,1002,1068,944,981,944,1064,1.0,0.523276240667545,0.0252906976744186,yolo,2153,86.12
2154,86.16,494,0.796875,885,895,999,1068,942,981,942,1064,1.0,0.5118577075098815,0.0261995878716514,yolo,2154,86.16
2155,86.2,494,0.8115234375,885,895,997,1068,941,981,941,1064,1.0,0.5146992311171416,0.0285546070061819,yolo,2155,86.2
2156,86.24,494,0.8310546875,884,895,995,1068,939,981,939,1064,1.0,0.5057392102846648,0.0172927847346452,yolo,2156,86.24
2157,86.28,494,0.81884765625,883,896,994,1068,938,982,938,1064,1.0,0.503030303030303,0.0247465712581991,yolo,2157,86.28
2158,86.32,494,0.8154296875,883,897,995,1068,939,982,939,1064,1.0,0.5148105625717566,0.0313441832429174,yolo,2158,86.32
2159,86.36,494,0.810546875,882,898,997,1068,939,983,939,1064,1.0,0.5201539855072463,0.0282738095238095,yolo,2159,86.36
2160,86.4,494,0.8173828125,882,900,996,1068,939,984,939,1064,1.0,0.5314764492753623,0.0292344786015672,yolo,2160,86.4
2161,86.44,494,0.830078125,882,902,995,1068,938,985,938,1064,1.0,0.5184407096171803,0.0213414634146341,yolo,2161,86.44
2162,86.48,494,0.81884765625,881,904,995,1068,938,986,938,1064,1.0,0.5284103979756154,0.0253164556962025,yolo,2162,86.48
2163,86.52,494,0.806640625,881,907,996,1068,938,987,938,1064,1.0,0.5378949869327632,0.025,yolo,2163,86.52
2164,86.56,494,0.6669921875,880,911,997,1068,938,989,938,1064,1.0,0.5611904761904762,0.0378361475922451,yolo,2164,86.56
2165,86.6,494,0.6826171875,880,916,996,1068,938,992,938,1064,1.0,0.57896051974013,0.0743989603638726,yolo,2165,86.6
2166,86.64,494,0.607421875,879,923,997,1068,938,995,938,1065,1.0,0.614596670934699,0.1342034805890227,yolo,2166,86.64
2167,86.68,494,0.62060546875,879,932,997,1068,938,1000,938,1065,1.0,0.656172328086164,0.1853295535081502,yolo,2167,86.68
2168,86.72,494,0.5263671875,879,940,996,1068,937,1004,937,1065,1.0,0.7032069970845481,0.205030487804878,yolo,2168,86.72
2169,86.76,494,0.50390625,878,941,996,1068,937,1004,937,1065,1.0,0.6690140845070423,0.1962689467547609,yolo,2169,86.76
2170,86.8,494,0.5458984375,878,935,996,1068,937,1001,937,1065,1.0,0.5683512841756421,0.1774370208105148,yolo,2170,86.8
2171,86.84,494,0.611328125,878,930,996,1068,937,999,937,1065,1.0,0.4985384002125963,0.1640680368532955,yolo,2171,86.84
2172,86.88,494,0.73583984375,878,929,996,1068,937,998,937,1065,1.0,0.4565506245017273,0.1598157335223246,yolo,2172,86.88
2173,86.92,494,0.73095703125,878,928,996,1068,937,998,937,1065,1.0,0.4352909912304012,0.1566265060240964,yolo,2173,86.92
2174,86.96,494,0.74609375,878,928,996,1068,937,998,937,1065,1.0,0.4081849588094605,0.1314974182444062,yolo,2174,86.96
2175,87.0,494,0.72314453125,878,928,996,1068,937,998,937,1065,1.0,0.3919744884400744,0.1314974182444062,yolo,2175,87.0
2176,87.04,494,0.69580078125,878,929,996,1067,937,998,937,1064,1.0,0.3773584905660377,0.1335931963146704,yolo,2176,87.04
2177,87.08,494,0.72509765625,878,932,996,1068,937,1000,937,1065,1.0,0.3863573598453466,0.143160878809355,yolo,2177,87.08
2178,87.12,494,0.70068359375,878,933,996,1068,937,1000,937,1065,1.0,0.3935376967688483,0.1518802482657904,yolo,2178,87.12
2179,87.16,494,0.71533203125,879,934,996,1068,937,1001,937,1065,1.0,0.3851540616246499,0.1570583887657058,yolo,2179,87.16
2180,87.2,494,0.68408203125,879,934,997,1068,938,1001,938,1065,1.0,0.3661971830985915,0.1285140562248996,yolo,2180,87.2
2181,87.24,494,0.68408203125,880,935,996,1067,938,1001,938,1064,1.0,0.3539130434782608,0.1245791245791245,yolo,2181,87.24
2182,87.28,494,0.615234375,881,941,997,1068,939,1004,939,1065,1.0,0.4127415458937198,0.1338112305854241,yolo,2182,87.28
2190,87.6,494,0.6669921875,898,938,1008,1068,953,1003,953,1065,1.0,0.2532467532467532,0.080762987012987,yolo,2190,87.6
2232,89.28,494,0.74462890625,1062,931,1149,1068,1105,999,1105,1065,1.0,0.2559171597633136,0.1578431372549019,yolo,2232,89.28
2233,89.32,494,0.83984375,1063,928,1152,1067,1107,997,1107,1064,1.0,0.2868623340321453,0.1518026565464895,yolo,2233,89.32
2234,89.36,494,0.85986328125,1063,924,1154,1067,1108,995,1108,1064,1.0,0.324074074074074,0.1375,yolo,2234,89.36
2235,89.4,494,0.85595703125,1064,919,1156,1067,1110,993,1110,1064,1.0,0.362012987012987,0.1243243243243243,yolo,2235,89.4
2236,89.44,494,0.85302734375,1065,913,1159,1067,1112,990,1112,1063,1.0,0.4020220041629497,0.1380566801619433,yolo,2236,89.44
2237,89.48,494,0.822265625,1065,908,1164,1068,1114,988,1114,1064,1.0,0.4227777777777777,0.115,yolo,2237,89.48
2238,89.52,494,0.8427734375,1065,901,1167,1068,1116,984,1116,1064,1.0,0.4348165495706479,0.1336310546204053,yolo,2238,89.52
2239,89.56,494,0.83544921875,1066,895,1166,1068,1116,981,1116,1064,1.0,0.4303030303030303,0.127906976744186,yolo,2239,89.56
2240,89.6,494,0.8408203125,1065,889,1165,1068,1115,978,1115,1064,1.0,0.3806372549019607,0.1366883116883117,yolo,2240,89.6
2241,89.64,494,0.8310546875,1065,883,1164,1067,1114,975,1114,1063,1.0,0.3571428571428571,0.1267080745341615,yolo,2241,89.64
2242,89.68,494,0.80810546875,1066,879,1164,1067,1115,973,1115,1063,1.0,0.3516949152542373,0.1113166820844896,yolo,2242,89.68
2243,89.72,494,0.8154296875,1067,875,1165,1067,1116,971,1116,1063,1.0,0.3763640585094033,0.1400966183574879,yolo,2243,89.72
2244,89.76,494,0.85888671875,1070,872,1166,1066,1118,969,1118,1062,1.0,0.3715030820293978,0.1147388059701492,yolo,2244,89.76
2245,89.8,494,0.85888671875,1071,872,1168,1066,1119,969,1119,1062,1.0,0.4093662628145387,0.1136642156862745,yolo,2245,89.8
2246,89.84,494,0.8681640625,1072,872,1169,1067,1120,969,1120,1063,1.0,0.4303355079217148,0.1142769607843137,yolo,2246,89.84
2247,89.88,494,0.865234375,1071,872,1169,1067,1120,969,1120,1063,1.0,0.4374713696747595,0.1035628019323671,yolo,2247,89.88
2248,89.92,494,0.87744140625,1073,871,1169,1067,1121,969,1121,1063,1.0,0.4540066382171645,0.1038684130368565,yolo,2248,89.92
2249,89.96,494,0.87646484375,1075,869,1169,1067,1122,968,1122,1063,1.0,0.4739181286549707,0.1017268445839874,yolo,2249,89.96
2250,90.0,494,0.87255859375,1077,867,1170,1067,1123,967,1123,1063,1.0,0.5155075187969925,0.1096969696969697,yolo,2250,90.0
2251,90.04,494,0.865234375,1077,864,1172,1067,1124,965,1124,1062,1.0,0.5279106858054227,0.0987878787878787,yolo,2251,90.04
2252,90.08,494,0.873046875,1078,860,1171,1067,1124,963,1124,1062,1.0,0.5124321880650995,0.046642899584076,yolo,2252,90.08
2253,90.12,494,0.87158203125,1078,857,1171,1067,1124,962,1124,1062,1.0,0.5185352622061483,0.0416666666666666,yolo,2253,90.12
2254,90.16,494,0.86962890625,1079,853,1170,1067,1124,960,1124,1062,1.0,0.5221318879855466,0.0527712264150943,yolo,2254,90.16
2255,90.2,494,0.875,1078,850,1167,1067,1122,958,1122,1062,1.0,0.5033875338753387,0.0543608124253285,yolo,2255,90.2
2256,90.24,494,0.87890625,1078,845,1165,1067,1121,956,1121,1062,1.0,0.4951923076923077,0.0506060606060606,yolo,2256,90.24
2257,90.28,494,0.83349609375,1076,842,1163,1067,1119,954,1119,1062,1.0,0.4635746606334842,0.0639880952380952,yolo,2257,90.28
2258,90.32,494,0.86865234375,1076,839,1161,1067,1118,953,1118,1062,1.0,0.4608970024791526,0.0701754385964912,yolo,2258,90.32
2259,90.36,494,0.85302734375,1076,836,1159,1067,1117,951,1117,1062,1.0,0.4452873563218391,0.0620084694494857,yolo,2259,90.36
2260,90.4,494,0.86328125,1075,834,1159,1067,1117,950,1117,1062,1.0,0.4207975324961445,0.0832846288720046,yolo,2260,90.4
2261,90.44,494,0.88330078125,1077,832,1159,1067,1118,949,1118,1062,1.0,0.439348773217152,0.0819721718088324,yolo,2261,90.44
2262,90.48,494,0.88720703125,1076,830,1160,1067,1118,948,1118,1062,1.0,0.4263616557734205,0.075840275782821,yolo,2262,90.48
2263,90.52,494,0.8955078125,1077,830,1162,1067,1119,948,1119,1062,1.0,0.452723311546841,0.0858757062146892,yolo,2263,90.52
2264,90.56,494,0.8857421875,1076,830,1164,1067,1120,948,1120,1062,1.0,0.4446540880503145,0.0894692970269519,yolo,2264,90.56
2265,90.6,494,0.89306640625,1076,830,1167,1067,1121,948,1121,1062,1.0,0.452880658436214,0.0844809322033898,yolo,2265,90.6
2266,90.64,494,0.89501953125,1074,832,1170,1067,1122,949,1122,1062,1.0,0.4510151783954267,0.0836335563561502,yolo,2266,90.64
2267,90.68,494,0.9033203125,1073,835,1171,1067,1122,951,1122,1062,1.0,0.4481895223420647,0.0869565217391304,yolo,2267,90.68
2268,90.72,494,0.90966796875,1071,838,1173,1067,1122,952,1122,1062,1.0,0.4567552289429056,0.0985915492957746,yolo,2268,90.72
2269,90.76,494,0.90576171875,1070,841,1173,1067,1121,954,1121,1062,1.0,0.4726181545386346,0.0982142857142857,yolo,2269,90.76
2270,90.8,494,0.89306640625,1068,845,1173,1067,1120,956,1120,1062,1.0,0.5069916855631141,0.0746928746928747,yolo,2270,90.8
2271,90.84,494,0.87890625,1064,849,1172,1067,1118,958,1118,1062,1.0,0.4967562557924003,0.0634567901234567,yolo,2271,90.84
2272,90.88,494,0.8974609375,1062,855,1172,1067,1117,961,1117,1062,1.0,0.5340909090909091,0.0815976476353834,yolo,2272,90.88
2273,90.92,494,0.8916015625,1060,860,1170,1067,1115,963,1115,1062,1.0,0.5590717299578059,0.0929462694168576,yolo,2273,90.92
2274,90.96,494,0.86865234375,1057,865,1166,1067,1111,966,1111,1062,1.0,0.5887445887445888,0.1213157894736842,yolo,2274,90.96
2275,91.0,494,0.865234375,1052,870,1163,1067,1107,968,1107,1063,1.0,0.5866666666666667,0.1216640502354788,yolo,2275,91.0
2276,91.04,494,0.85498046875,1047,874,1158,1067,1102,970,1102,1063,1.0,0.5855126608551267,0.1311431623931624,yolo,2276,91.04
2277,91.08,494,0.8681640625,1042,877,1153,1067,1097,972,1097,1063,1.0,0.5963804713804713,0.1483906164757228,yolo,2277,91.08
2278,91.12,494,0.85498046875,1039,879,1147,1067,1093,973,1093,1063,1.0,0.5683760683760684,0.1492198581560283,yolo,2278,91.12
2279,91.16,494,0.78271484375,1036,880,1143,1067,1089,973,1089,1063,1.0,0.5299295774647887,0.1374853113983548,yolo,2279,91.16
2280,91.2,494,0.85595703125,1028,881,1139,1068,1083,974,1083,1064,1.0,0.5258215962441315,0.1507803790412486,yolo,2280,91.2
2281,91.24,494,0.861328125,1019,882,1134,1068,1076,975,1076,1064,1.0,0.4902691511387163,0.1747282608695652,yolo,2281,91.24
2282,91.28,494,0.83740234375,1009,883,1128,1068,1068,975,1068,1064,1.0,0.4563492063492063,0.2520703933747412,yolo,2282,91.28
2283,91.32,494,0.845703125,1001,886,1121,1068,1061,977,1061,1064,1.0,0.4317632850241545,0.2253968253968254,yolo,2283,91.32
2284,91.36,494,0.85986328125,995,888,1115,1068,1055,978,1055,1064,1.0,0.346813725490196,0.2208994708994709,yolo,2284,91.36
2285,91.4,494,0.806640625,991,891,1109,1068,1050,979,1050,1064,1.0,0.3233130124027749,0.2253559693318729,yolo,2285,91.4
2286,91.44,494,0.60400390625,989,894,1101,1068,1045,981,1045,1064,1.0,0.2960199004975124,0.2148954960259052,yolo,2286,91.44
2288,91.52,494,0.74169921875,981,903,1093,1067,1037,985,1037,1063,1.0,0.3250414593698176,0.1015745600493979,yolo,2288,91.52
2289,91.56,494,0.85205078125,975,905,1093,1067,1034,986,1034,1063,1.0,0.3123989840683445,0.105722891566265,yolo,2289,91.56
2290,91.6,494,0.83984375,969,907,1092,1067,1030,987,1030,1063,1.0,0.3324324324324324,0.1674418604651162,yolo,2290,91.6
2291,91.64,494,0.85107421875,963,914,1091,1068,1027,991,1027,1064,1.0,0.3728813559322034,0.2117090479006505,yolo,2291,91.64
2292,91.68,494,0.80078125,957,917,1088,1068,1022,992,1022,1064,1.0,0.3684210526315789,0.253819036427732,yolo,2292,91.68
2293,91.72,494,0.7919921875,954,922,1084,1068,1019,995,1019,1065,1.0,0.3566433566433566,0.3373015873015873,yolo,2293,91.72
2294,91.76,494,0.76904296875,947,925,1077,1068,1012,996,1012,1065,1.0,0.4131054131054131,0.3827315541601256,yolo,2294,91.76
2295,91.8,494,0.76904296875,939,926,1069,1068,1004,997,1004,1065,1.0,0.4325735992402659,0.4047095761381475,yolo,2295,91.8
2296,91.84,494,0.83349609375,930,928,1058,1068,994,998,994,1065,1.0,0.437637833864249,0.3309791332263242,yolo,2296,91.84
2297,91.88,494,0.78271484375,924,929,1044,1068,984,998,984,1065,1.0,0.3831236897274633,0.2097338935574229,yolo,2297,91.88
2298,91.92,494,0.72802734375,916,928,1033,1067,974,997,974,1064,1.0,0.3277628032345013,0.1043758967001434,yolo,2298,91.92
2299,91.96,494,0.78271484375,909,927,1016,1068,962,997,962,1065,1.0,0.4038915094339622,0.0552123552123552,yolo,2299,91.96
2300,92.0,494,0.7705078125,902,926,1002,1068,952,997,952,1065,1.0,0.4311728395061728,0.1073469387755102,yolo,2300,92.0
2301,92.04,494,0.75048828125,896,925,992,1067,944,996,944,1064,1.0,0.4340480831708901,0.0507462686567164,yolo,2301,92.04
2307,92.28,494,0.505859375,856,925,956,1068,906,996,906,1065,1.0,0.4561728395061728,0.0146938775510204,yolo,2307,92.28
2308,92.32,494,0.4931640625,852,934,944,1068,898,1001,898,1065,1.0,0.5468805704099822,0.0335664335664335,yolo,2308,92.32
2309,92.36,494,0.66357421875,848,927,936,1068,892,997,892,1065,1.0,0.5190459238163048,0.0374707259953161,yolo,2309,92.36
2310,92.4,494,0.67041015625,844,923,930,1068,887,995,887,1065,1.0,0.5297682709447415,0.0783242258652094,yolo,2310,92.4
2311,92.44,494,0.66357421875,842,921,925,1068,883,994,883,1065,1.0,0.5057142857142857,0.1015325670498084,yolo,2311,92.44
2312,92.48,494,0.732421875,840,919,921,1068,880,993,880,1065,1.0,0.5051169590643275,0.1201737451737451,yolo,2312,92.48
2313,92.52,494,0.732421875,840,918,919,1068,879,993,879,1065,1.0,0.5127923976608187,0.1327220077220077,yolo,2313,92.52
2314,92.56,494,0.8056640625,839,917,918,1068,878,992,878,1064,1.0,0.4740497076023391,0.1303088803088803,yolo,2314,92.56
2315,92.6,494,0.76220703125,839,919,918,1067,878,993,878,1064,1.0,0.4613095238095238,0.1129343629343629,yolo,2315,92.6
2316,92.64,494,0.77734375,839,920,918,1068,878,994,878,1065,1.0,0.4468005952380952,0.0892857142857142,yolo,2316,92.64
2317,92.68,494,0.77587890625,839,921,918,1067,878,994,878,1064,1.0,0.425,0.1125992063492063,yolo,2317,92.68
2318,92.72,494,0.72802734375,840,922,916,1068,878,995,878,1065,1.0,0.406060606060606,0.0660377358490566,yolo,2318,92.72
2319,92.76,494,0.73876953125,841,924,915,1067,878,995,878,1064,1.0,0.3950617283950617,0.0605042016806722,yolo,2319,92.76
2320,92.8,494,0.73876953125,840,924,913,1067,876,995,876,1064,1.0,0.375,0.0631868131868131,yolo,2320,92.8
2322,92.88,544,0.89306640625,1078,863,1186,1068,1132,965,1132,1063,1.0,0.6261738261738262,0.1349019607843137,yolo,2322,92.88
2323,92.92,544,0.8955078125,1074,863,1184,1068,1129,965,1129,1063,1.0,0.6298701298701299,0.1405653170359052,yolo,2323,92.92
2324,92.96,544,0.89501953125,1071,863,1181,1068,1126,965,1126,1063,1.0,0.6304604486422668,0.1639928698752228,yolo,2324,92.96
2325,93.0,544,0.8974609375,1067,863,1178,1068,1122,965,1122,1063,1.0,0.6155057064147973,0.130718954248366,yolo,2325,93.0
2326,93.04,544,0.89697265625,1065,863,1175,1068,1120,965,1120,1063,1.0,0.6312475403384494,0.1237585943468296,yolo,2326,93.04
2327,93.08,544,0.89501953125,1062,863,1172,1068,1117,965,1117,1063,1.0,0.6353797717434081,0.1072065189712248,yolo,2327,93.08
2328,93.12,544,0.8857421875,1061,863,1170,1068,1115,965,1115,1063,1.0,0.6564344746162928,0.0866873065015479,yolo,2328,93.12
2329,93.16,544,0.89013671875,1060,862,1168,1067,1114,964,1114,1062,1.0,0.6361638361638362,0.0661437908496732,yolo,2329,93.16
2330,93.2,544,0.89306640625,1059,863,1167,1068,1113,965,1113,1063,1.0,0.6443556443556444,0.0583006535947712,yolo,2330,93.2
2331,93.24,544,0.89306640625,1058,863,1167,1068,1112,965,1112,1063,1.0,0.6401023219205038,0.0642414860681114,yolo,2331,93.24
2332,93.28,544,0.89697265625,1057,863,1168,1068,1112,965,1112,1063,1.0,0.640495867768595,0.0661136249371543,yolo,2332,93.28
2333,93.32,544,0.89501953125,1055,864,1171,1067,1113,965,1113,1062,1.0,0.6280820628646716,0.0659259259259259,yolo,2333,93.32
2334,93.36,544,0.89111328125,1055,865,1175,1068,1115,966,1115,1063,1.0,0.6264430014430015,0.075,yolo,2334,93.36
2335,93.4,544,0.8857421875,1053,867,1179,1068,1116,967,1116,1063,1.0,0.6335087719298246,0.0948314606741573,yolo,2335,93.4
2336,93.44,544,0.87890625,1052,869,1183,1067,1117,968,1117,1063,1.0,0.6295726495726496,0.1106921029281277,yolo,2336,93.44
2337,93.48,544,0.85888671875,1054,871,1185,1067,1119,969,1119,1063,1.0,0.6214483714483714,0.1171251109139307,yolo,2337,93.48
2338,93.52,544,0.8642578125,1057,873,1186,1067,1121,970,1121,1063,1.0,0.6337491337491338,0.1310185185185185,yolo,2338,93.52
2339,93.56,544,0.873046875,1058,875,1187,1068,1122,971,1122,1064,1.0,0.6455918510713031,0.1398148148148148,yolo,2339,93.56
2340,93.6,544,0.8740234375,1062,877,1187,1067,1124,972,1124,1063,1.0,0.655,0.1390232108317214,yolo,2340,93.6
2341,93.64,544,0.875,1065,877,1186,1067,1125,972,1125,1063,1.0,0.6635802469135802,0.1512158054711246,yolo,2341,93.64
2342,93.68,544,0.8759765625,1064,878,1185,1067,1124,972,1124,1063,1.0,0.6570216049382716,0.161854103343465,yolo,2342,93.68
2343,93.72,544,0.87646484375,1064,879,1183,1067,1123,973,1123,1063,1.0,0.6595293209876543,0.1590678824721378,yolo,2343,93.72
2344,93.76,544,0.86865234375,1064,881,1182,1068,1123,974,1123,1064,1.0,0.6611783376314223,0.1566265060240964,yolo,2344,93.76
2345,93.8,544,0.87890625,1063,882,1179,1068,1121,975,1121,1064,1.0,0.6530020703933748,0.1137949543746645,yolo,2345,93.8
2346,93.84,544,0.87646484375,1062,882,1178,1067,1120,974,1120,1063,1.0,0.6455486542443064,0.1223832528180354,yolo,2346,93.84
2347,93.88,544,0.873046875,1059,883,1177,1068,1118,975,1118,1064,1.0,0.6382293762575453,0.1113148245154531,yolo,2347,93.88
2348,93.92,544,0.87158203125,1057,884,1175,1067,1116,975,1116,1063,1.0,0.6468812877263581,0.1041499330655957,yolo,2348,93.92
2349,93.96,544,0.8798828125,1056,885,1172,1068,1114,976,1114,1064,1.0,0.6511387163561076,0.1259259259259259,yolo,2349,93.96
2350,94.0,544,0.875,1055,886,1170,1068,1112,977,1112,1064,1.0,0.6633060281453477,0.1438888888888889,yolo,2350,94.0
2351,94.04,544,0.873046875,1053,887,1168,1067,1110,977,1110,1063,1.0,0.6615515771526002,0.1458333333333333,yolo,2351,94.04
2352,94.08,544,0.87255859375,1051,888,1166,1068,1108,978,1108,1064,1.0,0.6687979539641944,0.1841666666666666,yolo,2352,94.08
2353,94.12,544,0.87744140625,1049,889,1164,1067,1106,978,1106,1063,1.0,0.657928388746803,0.159375,yolo,2353,94.12
2354,94.16,544,0.875,1043,889,1162,1068,1102,978,1102,1064,1.0,0.6527777777777778,0.1658549783549783,yolo,2354,94.16
2355,94.2,544,0.880859375,1039,890,1161,1068,1100,979,1100,1064,1.0,0.6490733279613216,0.1502673796791443,yolo,2355,94.2
2356,94.24,544,0.8798828125,1036,891,1159,1068,1097,979,1097,1064,1.0,0.6680112948769665,0.1971458773784355,yolo,2356,94.24
2357,94.28,544,0.87841796875,1034,891,1157,1068,1095,979,1095,1064,1.0,0.6571198063735377,0.1992600422832981,yolo,2357,94.28
2358,94.32,544,0.873046875,1033,892,1156,1067,1094,979,1094,1063,1.0,0.653972153972154,0.2233639805300162,yolo,2358,94.32
2359,94.36,544,0.87744140625,1032,894,1155,1067,1093,980,1093,1063,1.0,0.6392301392301393,0.2006489994591671,yolo,2359,94.36
2360,94.4,544,0.87255859375,1032,895,1155,1068,1093,981,1093,1064,1.0,0.6447583947583948,0.1952406706327744,yolo,2360,94.4
2361,94.44,544,0.86865234375,1031,896,1154,1068,1092,982,1092,1064,1.0,0.6226611226611226,0.2228231476473769,yolo,2361,94.44
2362,94.48,544,0.87255859375,1032,898,1154,1068,1093,983,1093,1064,1.0,0.610445205479452,0.2103641456582633,yolo,2362,94.48
2363,94.52,544,0.87060546875,1032,900,1153,1068,1092,984,1092,1064,1.0,0.5944010416666666,0.2423469387755102,yolo,2363,94.52
2364,94.56,544,0.87158203125,1033,903,1154,1068,1093,985,1093,1064,1.0,0.5965501792114696,0.2421602787456446,yolo,2364,94.56
2365,94.6,544,0.85693359375,1033,905,1153,1068,1093,986,1093,1064,1.0,0.5692204301075269,0.2419642857142857,yolo,2365,94.6
2366,94.64,544,0.830078125,1035,907,1152,1067,1093,987,1093,1063,1.0,0.5421428571428571,0.2265243902439024,yolo,2366,94.64
2367,94.68,544,0.80419921875,1035,908,1151,1068,1093,988,1093,1064,1.0,0.518840579710145,0.204320987654321,yolo,2367,94.68
2368,94.72,544,0.80322265625,1035,910,1150,1068,1092,989,1092,1064,1.0,0.518840579710145,0.2157051282051282,yolo,2368,94.72
2369,94.76,544,0.80810546875,1037,911,1148,1068,1092,989,1092,1064,1.0,0.4858585858585859,0.1992110453648915,yolo,2369,94.76
2370,94.8,544,0.8017578125,1039,912,1148,1067,1093,989,1093,1063,1.0,0.4723092998955068,0.2326869806094182,yolo,2370,94.8
2371,94.84,544,0.82421875,1039,913,1145,1068,1092,990,1092,1064,1.0,0.4611384783798576,0.1919298245614035,yolo,2371,94.84
2372,94.88,544,0.83544921875,1040,915,1144,1068,1092,991,1092,1064,1.0,0.4534756431308155,0.1802451333813987,yolo,2372,94.88
2373,94.92,544,0.85302734375,1039,918,1141,1068,1090,993,1090,1065,1.0,0.455565142364107,0.1560715645222687,yolo,2373,94.92
2374,94.96,544,0.8173828125,1036,920,1138,1068,1087,994,1087,1065,1.0,0.4628220140515222,0.1732013703844689,yolo,2374,94.96
2375,95.0,544,0.85302734375,1033,923,1136,1068,1084,995,1084,1065,1.0,0.4557184750733137,0.162037037037037,yolo,2375,95.0
2376,95.04,544,0.83447265625,1029,926,1133,1067,1081,996,1081,1064,1.0,0.4863731656184486,0.1675146771037182,yolo,2376,95.04
2377,95.08,544,0.8115234375,1022,931,1129,1067,1075,999,1075,1064,1.0,0.4705882352941176,0.1379173290937997,yolo,2377,95.08
2378,95.12,544,0.83544921875,1015,935,1125,1068,1070,1001,1070,1065,1.0,0.4768270944741533,0.0940574576938213,yolo,2378,95.12
2379,95.16,544,0.85400390625,1009,940,1121,1068,1065,1004,1065,1065,1.0,0.487054523301858,0.1060126582278481,yolo,2379,95.16
2380,95.2,544,0.8447265625,1004,944,1115,1067,1059,1005,1059,1064,1.0,0.4684074790457769,0.2209401709401709,yolo,2380,95.2
2382,95.28,544,0.490234375,993,952,1104,1068,1048,1010,1048,1065,1.0,0.6043388429752066,0.275419982316534,yolo,2382,95.28
2383,95.32,544,0.5947265625,983,954,1097,1068,1040,1011,1040,1065,1.0,0.6086956521739131,0.2875226039783002,yolo,2383,95.32
2384,95.36,544,0.537109375,981,956,1090,1069,1035,1012,1035,1066,1.0,0.6761804087385482,0.3026315789473684,yolo,2384,95.36
2385,95.4,544,0.501953125,979,957,1084,1068,1031,1012,1031,1065,1.0,0.7203325774754347,0.3183183183183183,yolo,2385,95.4
2386,95.44,544,0.533203125,965,958,1079,1069,1022,1013,1022,1066,1.0,0.6207729468599034,0.3061415846225973,yolo,2386,95.44
2429,97.16,569,0.51953125,847,868,966,1068,906,968,906,1064,1.0,0.554093567251462,0.0702380952380952,yolo,2429,97.16
2430,97.2,569,0.5888671875,846,869,966,1068,906,968,906,1064,1.0,0.5497076023391813,0.0702137998056365,yolo,2430,97.2
2431,97.24,569,0.69091796875,846,871,966,1068,906,969,906,1064,1.0,0.5527777777777778,0.0682701652089407,yolo,2431,97.24
2432,97.28,569,0.67041015625,846,870,966,1068,906,969,906,1064,1.0,0.5488888888888889,0.0733722060252672,yolo,2432,97.28
2433,97.32,569,0.6259765625,845,871,967,1068,906,969,906,1064,1.0,0.5557990867579908,0.06890756302521,yolo,2433,97.32
2434,97.36,569,0.6826171875,844,869,967,1068,905,968,905,1064,1.0,0.5440967283072546,0.0825818699572852,yolo,2434,97.36
2435,97.4,569,0.505859375,844,869,968,1068,906,968,906,1064,1.0,0.5422807017543859,0.0865587614356087,yolo,2435,97.4
2436,97.44,569,0.70556640625,845,867,968,1068,906,967,906,1063,1.0,0.5408961593172119,0.0976744186046511,yolo,2436,97.44
2437,97.48,569,0.56787109375,843,826,971,1068,907,947,907,1063,1.0,0.3195934500282326,0.1192883895131086,yolo,2437,97.48
2438,97.52,569,0.5078125,842,811,974,1068,908,939,908,1062,1.0,0.2556187031774735,0.1323924731182795,yolo,2438,97.52
2441,97.64,569,0.640625,841,804,977,1068,909,936,909,1062,1.0,0.2587703214765921,0.1295055821371611,yolo,2441,97.64
2442,97.68,569,0.79931640625,842,805,979,1067,910,936,910,1061,1.0,0.2714954422271495,0.1299679487179487,yolo,2442,97.68
2443,97.72,569,0.64794921875,841,805,983,1068,912,936,912,1062,1.0,0.2937647058823529,0.13006993006993,yolo,2443,97.72
2444,97.76,569,0.56982421875,841,804,985,1068,913,936,913,1062,1.0,0.3224081028792534,0.1285628562856285,yolo,2444,97.76
2445,97.8,569,0.444580078125,841,804,986,1068,913,936,913,1062,1.0,0.3082963468760669,0.1265597147950089,yolo,2445,97.8
2446,97.84,569,0.5009765625,856,851,989,1067,922,959,922,1062,1.0,0.5163109756097561,0.1579984239558707,yolo,2446,97.84
2447,97.88,569,0.517578125,864,871,992,1067,928,969,928,1063,1.0,0.5975780975780975,0.1368952075212107,yolo,2447,97.88
2448,97.92,569,0.552734375,868,878,991,1067,929,972,929,1063,1.0,0.6268768768768769,0.1368134586838199,yolo,2448,97.92
2449,97.96,569,0.6279296875,872,881,991,1067,931,974,931,1063,1.0,0.6515873015873016,0.1343167701863354,yolo,2449,97.96
2450,98.0,569,0.7216796875,874,879,992,1067,933,973,933,1063,1.0,0.6336071987480438,0.1345808766982825,yolo,2450,98.0
2451,98.04,569,0.66552734375,875,879,994,1067,934,973,934,1063,1.0,0.6282793209876543,0.1410840932117527,yolo,2451,98.04
2452,98.08,569,0.517578125,875,877,996,1067,935,972,935,1063,1.0,0.6222993827160493,0.1317122593718338,yolo,2452,98.08
2453,98.12,569,0.640625,877,878,997,1067,937,972,937,1063,1.0,0.6167052469135802,0.125886524822695,yolo,2453,98.12
2454,98.16,569,0.4697265625,878,878,998,1067,938,972,938,1063,1.0,0.6161265432098766,0.1220871327254305,yolo,2454,98.16
2455,98.2,569,0.673828125,879,878,998,1067,938,972,938,1063,1.0,0.6203703703703703,0.1210739614994934,yolo,2455,98.2
2456,98.24,569,0.75341796875,879,879,999,1067,939,973,939,1063,1.0,0.6163194444444444,0.1099290780141844,yolo,2456,98.24
2457,98.28,569,0.82421875,879,879,1000,1067,939,973,939,1063,1.0,0.6215277777777778,0.1028368794326241,yolo,2457,98.28
2458,98.32,569,0.85693359375,879,878,1004,1067,941,972,941,1063,1.0,0.6161111111111112,0.0739845261121856,yolo,2458,98.32
2459,98.36,569,0.85595703125,880,878,1007,1067,943,972,943,1063,1.0,0.6204312865497076,0.0708413926499032,yolo,2459,98.36
2460,98.4,569,0.84912109375,880,878,1007,1068,943,973,943,1064,1.0,0.6345029239766082,0.0846228239845261,yolo,2460,98.4
2461,98.44,569,0.845703125,880,878,1006,1068,943,973,943,1064,1.0,0.6203703703703703,0.0681329189576858,yolo,2461,98.44
2462,98.48,569,0.85205078125,879,878,1006,1067,942,972,942,1063,1.0,0.6169590643274854,0.0544003868471953,yolo,2462,98.48
2463,98.52,569,0.86328125,879,877,1006,1067,942,972,942,1063,1.0,0.627375730994152,0.0623791102514506,yolo,2463,98.52
2464,98.56,569,0.86328125,879,878,1006,1067,942,972,942,1063,1.0,0.6301169590643275,0.049806576402321,yolo,2464,98.56
2465,98.6,569,0.85791015625,879,878,1005,1068,942,973,942,1064,1.0,0.6227777777777778,0.0432703801099689,yolo,2465,98.6
2466,98.64,569,0.85888671875,879,877,1004,1067,941,972,941,1063,1.0,0.6209259259259259,0.0512572533849129,yolo,2466,98.64
2467,98.68,569,0.8681640625,879,877,1001,1067,940,972,940,1063,1.0,0.6219558599695586,0.0700876095118898,yolo,2467,98.68
2468,98.72,569,0.873046875,879,877,1000,1067,939,972,939,1063,1.0,0.6273148148148148,0.0790273556231003,yolo,2468,98.72
2469,98.76,569,0.87744140625,878,877,999,1067,938,972,938,1063,1.0,0.6219135802469136,0.0759878419452887,yolo,2469,98.76
2470,98.8,569,0.87841796875,878,877,998,1067,938,972,938,1063,1.0,0.6236496913580247,0.0744680851063829,yolo,2470,98.8
2471,98.84,569,0.8857421875,878,877,997,1067,937,972,937,1063,1.0,0.6238425925925926,0.0767477203647416,yolo,2471,98.84
2472,98.88,569,0.8857421875,878,877,997,1067,937,972,937,1063,1.0,0.6244212962962963,0.0749746707193515,yolo,2472,98.88
2473,98.92,569,0.88232421875,876,877,998,1067,937,972,937,1063,1.0,0.617199391171994,0.0628285356695869,yolo,2473,98.92
2474,98.96,569,0.88232421875,876,878,998,1068,937,973,937,1064,1.0,0.620814307458143,0.0598247809762202,yolo,2474,98.96
2475,99.0,569,0.87890625,875,879,997,1067,936,973,936,1063,1.0,0.6196727549467276,0.0485607008760951,yolo,2475,99.0
2476,99.04,569,0.8662109375,874,879,997,1067,935,973,935,1063,1.0,0.6244369369369369,0.0311726867887184,yolo,2476,99.04
2477,99.08,569,0.865234375,873,880,996,1067,934,973,934,1063,1.0,0.6360867910163684,0.04474216380182,yolo,2477,99.08
2478,99.12,569,0.83642578125,871,880,996,1068,933,974,933,1064,1.0,0.6314814814814815,0.0669729206963249,yolo,2478,99.12
2479,99.16,569,0.80078125,868,880,994,1068,931,974,931,1064,1.0,0.6383333333333333,0.088214200334688,yolo,2479,99.16
2480,99.2,569,0.83203125,865,879,993,1068,929,973,929,1064,1.0,0.6320346320346321,0.1137939278030121,yolo,2480,99.2
2481,99.24,569,0.7216796875,863,880,989,1067,926,973,926,1063,1.0,0.6371830985915493,0.1060087933561309,yolo,2481,99.24
2482,99.28,569,0.806640625,860,881,985,1067,922,974,922,1063,1.0,0.6133333333333333,0.1069664031620553,yolo,2482,99.28
2483,99.32,569,0.79296875,857,883,982,1068,919,975,919,1064,1.0,0.6081904761904762,0.075098814229249,yolo,2483,99.32
2484,99.36,569,0.7705078125,853,882,980,1067,916,974,916,1063,1.0,0.5975563909774436,0.0785573122529644,yolo,2484,99.36
2485,99.4,569,0.6875,850,886,978,1068,914,977,914,1064,1.0,0.6047430830039525,0.1063670411985018,yolo,2485,99.4
2486,99.44,569,0.81982421875,848,889,975,1068,911,978,911,1064,1.0,0.610874613003096,0.0857438016528925,yolo,2486,99.44
2487,99.48,569,0.80908203125,846,889,973,1068,909,978,909,1064,1.0,0.6089396284829721,0.0880681818181818,yolo,2487,99.48
2488,99.52,569,0.83349609375,844,889,972,1068,908,978,908,1064,1.0,0.6016042780748663,0.0914198161389172,yolo,2488,99.52
2489,99.56,569,0.82421875,844,889,971,1068,907,978,907,1064,1.0,0.6004256965944272,0.0922004132231405,yolo,2489,99.56
2490,99.6,569,0.82568359375,843,889,970,1068,906,978,906,1064,1.0,0.600812693498452,0.0906508264462809,yolo,2490,99.6
2491,99.64,569,0.85595703125,843,890,970,1068,906,979,906,1064,1.0,0.6035216718266254,0.0901342975206611,yolo,2491,99.64
2492,99.68,569,0.845703125,842,892,971,1067,906,979,906,1063,1.0,0.6109168609168609,0.0919896640826873,yolo,2492,99.68
2493,99.72,569,0.841796875,843,892,972,1068,907,980,907,1064,1.0,0.601415996938385,0.0954545454545454,yolo,2493,99.72
2494,99.76,569,0.82080078125,844,893,974,1068,909,980,909,1064,1.0,0.5977078477078477,0.1178124201380015,yolo,2494,99.76
2495,99.8,569,0.7890625,847,896,976,1068,911,982,911,1064,1.0,0.6124260355029586,0.1302325581395348,yolo,2495,99.8
2496,99.84,569,0.83349609375,850,897,979,1068,914,982,914,1064,1.0,0.6074950690335306,0.1404761904761904,yolo,2496,99.84
2497,99.88,569,0.82666015625,853,897,982,1067,917,982,917,1063,1.0,0.5877403846153846,0.142063492063492,yolo,2497,99.88
2498,99.92,569,0.7880859375,858,898,986,1068,922,983,922,1064,1.0,0.5888798701298701,0.1107544141252006,yolo,2498,99.92
2499,99.96,569,0.80078125,862,900,990,1068,926,984,926,1064,1.0,0.591314935064935,0.0850722311396468,yolo,2499,99.96
2500,100.0,569,0.638671875,866,907,992,1067,929,987,929,1063,1.0,0.6388888888888888,0.0685393258426966,yolo,2500,100.0
2501,100.04,569,0.56201171875,872,907,996,1068,934,987,934,1064,1.0,0.6131147540983607,0.0629310344827586,yolo,2501,100.04
2502,100.08,569,0.8291015625,879,906,1003,1067,941,986,941,1063,1.0,0.5709289617486338,0.0261494252873563,yolo,2502,100.08
2503,100.12,569,0.79443359375,886,907,1008,1068,947,987,947,1064,1.0,0.5499663148439254,0.0288235294117647,yolo,2503,100.12
2504,100.16,569,0.78515625,894,911,1015,1068,954,989,954,1064,1.0,0.5537037037037037,0.0207570207570207,yolo,2504,100.16
2505,100.2,569,0.810546875,903,914,1030,1067,966,990,966,1063,1.0,0.4641560798548094,0.03438995215311,yolo,2505,100.2
2506,100.24,569,0.80908203125,910,916,1036,1068,973,992,973,1064,1.0,0.4547126436781609,0.1014192785334121,yolo,2506,100.24
2507,100.28,569,0.7890625,917,918,1039,1068,978,993,978,1065,1.0,0.4397981254506128,0.1325914149443561,yolo,2507,100.28
2508,100.32,569,0.79296875,922,919,1039,1068,980,993,980,1065,1.0,0.4531328320802005,0.1618325642715886,yolo,2508,100.32
2509,100.36,569,0.8310546875,927,920,1041,1067,984,993,984,1064,1.0,0.4798136645962733,0.1793248945147679,yolo,2509,100.36
2510,100.4,569,0.75634765625,932,921,1043,1067,987,994,987,1064,1.0,0.4964187327823691,0.1342592592592592,yolo,2510,100.4
2511,100.44,569,0.658203125,937,921,1046,1068,991,994,991,1065,1.0,0.5273268398268398,0.1092836257309941,yolo,2511,100.44
2512,100.48,569,0.57177734375,942,922,1049,1068,995,995,995,1065,1.0,0.5434659090909091,0.0897147147147147,yolo,2512,100.48
2513,100.52,569,0.69775390625,945,923,1051,1068,998,995,998,1065,1.0,0.5463203463203463,0.0581481481481481,yolo,2513,100.52
2514,100.56,569,0.66552734375,948,924,1053,1068,1000,996,1000,1065,1.0,0.5336219336219337,0.0529279279279279,yolo,2514,100.56
2515,100.6,569,0.72021484375,951,924,1055,1068,1003,996,1003,1065,1.0,0.5341991341991342,0.0639269406392694,yolo,2515,100.6
2516,100.64,569,0.6279296875,953,922,1056,1068,1004,995,1004,1065,1.0,0.5175953079178885,0.0725308641975308,yolo,2516,100.64
2517,100.68,569,0.552734375,956,920,1056,1068,1006,994,1006,1065,1.0,0.4883928571428571,0.0861003861003861,yolo,2517,100.68
2519,100.76,569,0.443603515625,960,919,1058,1068,1009,993,1009,1065,1.0,0.4710080285459411,0.1061496278887583,yolo,2519,100.76
2521,100.84,569,0.5458984375,966,913,1061,1068,1013,990,1013,1064,1.0,0.426497277676951,0.1379585326953748,yolo,2521,100.84
2522,100.88,569,0.65478515625,967,910,1064,1068,1015,989,1015,1064,1.0,0.435632183908046,0.1776018099547511,yolo,2522,100.88
2523,100.92,569,0.69091796875,968,912,1068,1067,1018,989,1018,1063,1.0,0.4586206896551724,0.18796992481203,yolo,2523,100.92
2524,100.96,569,0.689453125,975,914,1072,1068,1023,991,1023,1064,1.0,0.4675628287551139,0.1927244582043343,yolo,2524,100.96
2525,101.0,569,0.72314453125,980,914,1077,1067,1028,990,1028,1063,1.0,0.4940546967895363,0.2155572755417956,yolo,2525,101.0
2526,101.04,569,0.74462890625,981,914,1083,1068,1032,991,1032,1064,1.0,0.504862461794943,0.2427724240177909,yolo,2526,101.04
2527,101.08,569,0.80419921875,982,913,1090,1068,1036,990,1036,1064,1.0,0.53342175066313,0.2912280701754386,yolo,2527,101.08
2528,101.12,569,0.80908203125,984,912,1097,1067,1040,989,1040,1063,1.0,0.5491886409736308,0.3046052631578947,yolo,2528,101.12
2529,101.16,569,0.865234375,986,911,1103,1068,1044,989,1044,1064,1.0,0.575,0.3236397748592871,yolo,2529,101.16
2530,101.2,569,0.85400390625,989,910,1110,1068,1049,989,1049,1064,1.0,0.5914351851851852,0.3421855921855922,yolo,2530,101.2
2531,101.24,569,0.85009765625,992,909,1117,1068,1054,988,1054,1064,1.0,0.6010928961748634,0.3409090909090909,yolo,2531,101.24
2532,101.28,569,0.81396484375,995,907,1123,1068,1059,987,1059,1064,1.0,0.594847775175644,0.2966292134831461,yolo,2532,101.28
2533,101.32,569,0.8408203125,995,906,1128,1068,1061,987,1061,1064,1.0,0.5870901639344263,0.2909574468085106,yolo,2533,101.32
2534,101.36,569,0.85791015625,998,905,1133,1068,1065,986,1065,1064,1.0,0.5834328952608523,0.2468085106382978,yolo,2534,101.36
2535,101.4,569,0.87744140625,999,903,1136,1068,1067,985,1067,1064,1.0,0.5776947285601888,0.2507621951219512,yolo,2535,101.4
2536,101.44,569,0.8623046875,1001,903,1139,1068,1070,985,1070,1064,1.0,0.5734551107656433,0.2280613527784762,yolo,2536,101.44
2537,101.48,569,0.86865234375,1000,903,1141,1068,1070,985,1070,1064,1.0,0.5725806451612904,0.2341961174713788,yolo,2537,101.48
2538,101.52,569,0.8681640625,999,903,1143,1068,1071,985,1071,1064,1.0,0.5736002966258806,0.2622554938420671,yolo,2538,101.52
2539,101.56,569,0.77978515625,999,902,1144,1068,1071,985,1071,1064,1.0,0.5694216383871556,0.292443806791009,yolo,2539,101.56
2540,101.6,569,0.80810546875,999,901,1145,1068,1072,984,1072,1064,1.0,0.5624885969713556,0.3023916646933459,yolo,2540,101.6
2541,101.64,569,0.8662109375,999,901,1145,1068,1072,984,1072,1064,1.0,0.5621237000547346,0.2855789722945773,yolo,2541,101.64
2542,101.68,569,0.87255859375,999,900,1145,1068,1072,984,1072,1064,1.0,0.5533405172413793,0.2753120665742025,yolo,2542,101.68
2543,101.72,569,0.87646484375,999,900,1145,1068,1072,984,1072,1064,1.0,0.5538793103448276,0.2875635691169672,yolo,2543,101.72
2544,101.76,569,0.87158203125,999,900,1145,1068,1072,984,1072,1064,1.0,0.5475933908045977,0.2686084142394822,yolo,2544,101.76
2545,101.8,569,0.873046875,999,900,1144,1068,1071,984,1071,1064,1.0,0.5463362068965517,0.2854808590102707,yolo,2545,101.8
2546,101.84,569,0.88330078125,998,901,1144,1068,1071,984,1071,1064,1.0,0.5409596788907134,0.2851053753255979,yolo,2546,101.84
2547,101.88,569,0.87255859375,999,900,1143,1067,1071,983,1071,1063,1.0,0.5309250136836344,0.2861627626177251,yolo,2547,101.88
2548,101.92,569,0.8798828125,998,899,1143,1068,1070,983,1070,1064,1.0,0.5278514588859416,0.2966853408029878,yolo,2548,101.92
2549,101.96,569,0.880859375,998,899,1142,1068,1070,983,1070,1064,1.0,0.5214854111405836,0.2944365865157944,yolo,2549,101.96
2550,102.0,569,0.87744140625,997,899,1141,1068,1069,983,1069,1064,1.0,0.5193633952254642,0.3055162659123055,yolo,2550,102.0
2551,102.04,569,0.875,998,899,1141,1068,1069,983,1069,1064,1.0,0.5218246869409661,0.3035714285714285,yolo,2551,102.04
2552,102.08,569,0.875,997,899,1140,1068,1068,983,1068,1064,1.0,0.5196779964221825,0.3080952380952381,yolo,2552,102.08
2553,102.12,569,0.87890625,996,900,1139,1068,1067,984,1067,1064,1.0,0.5296148255813954,0.2997619047619048,yolo,2553,102.12
2554,102.16,569,0.88720703125,995,900,1139,1068,1067,984,1067,1064,1.0,0.5344827586206896,0.3000942951438001,yolo,2554,102.16
2555,102.2,569,0.87890625,994,900,1137,1068,1065,984,1065,1064,1.0,0.5546875,0.3042857142857142,yolo,2555,102.2
2556,102.24,569,0.89892578125,993,901,1135,1068,1064,984,1064,1064,1.0,0.5637721755368814,0.3042621335304262,yolo,2556,102.24
2557,102.28,569,0.8896484375,991,901,1134,1068,1062,984,1062,1064,1.0,0.5647840531561462,0.3092682926829268,yolo,2557,102.28
2558,102.32,569,0.87646484375,990,902,1131,1068,1060,985,1060,1064,1.0,0.5582010582010583,0.3043802887008462,yolo,2558,102.32
2559,102.36,569,0.8818359375,989,903,1128,1068,1058,985,1058,1064,1.0,0.5182411674347158,0.2784967645594823,yolo,2559,102.36
2560,102.4,569,0.88720703125,989,905,1125,1068,1057,986,1057,1064,1.0,0.48805256869773,0.2231578947368421,yolo,2560,102.4
2561,102.44,569,0.8857421875,990,908,1121,1067,1055,987,1055,1063,1.0,0.4575451870533837,0.1541248606465997,yolo,2561,102.44
2562,102.48,569,0.89306640625,991,911,1117,1067,1054,989,1054,1063,1.0,0.4677966101694915,0.0944972630365888,yolo,2562,102.48
2563,102.52,569,0.88720703125,988,914,1113,1068,1050,991,1050,1064,1.0,0.4754802259887005,0.1118421052631579,yolo,2563,102.52
2564,102.56,569,0.873046875,986,918,1108,1067,1047,992,1047,1064,1.0,0.4883441480413362,0.0524642289348171,yolo,2564,102.56
2565,102.6,569,0.87890625,982,921,1102,1067,1042,994,1042,1064,1.0,0.5068181818181818,0.1164021164021164,yolo,2565,102.6
2566,102.64,569,0.8623046875,979,925,1097,1068,1038,996,1038,1065,1.0,0.559207094418362,0.2375215146299483,yolo,2566,102.64
2567,102.68,569,0.87744140625,973,927,1090,1067,1031,997,1031,1064,1.0,0.5706199460916442,0.3473867595818815,yolo,2567,102.68
2568,102.72,569,0.86328125,967,928,1084,1068,1025,998,1025,1065,1.0,0.5784366576819407,0.4069686411149826,yolo,2568,102.72
2569,102.76,569,0.6533203125,961,932,1077,1068,1019,1000,1019,1065,1.0,0.5859619210002842,0.4139433551198257,yolo,2569,102.76
2570,102.8,569,0.74169921875,955,933,1070,1068,1012,1000,1012,1065,1.0,0.5882352941176471,0.3958333333333333,yolo,2570,102.8
2573,102.92,569,0.533203125,941,936,1050,1068,995,1002,995,1065,1.0,0.5751515151515152,0.2360446570972886,yolo,2573,102.92
2574,102.96,569,0.5888671875,937,933,1045,1068,991,1000,991,1065,1.0,0.5381598793363499,0.2331313131313131,yolo,2574,102.96
2575,103.0,569,0.71533203125,933,933,1040,1068,986,1000,986,1065,1.0,0.5364583333333334,0.1928746928746929,yolo,2575,103.0
2576,103.04,569,0.6533203125,929,933,1036,1068,982,1000,982,1065,1.0,0.5327818627450981,0.1736281736281736,yolo,2576,103.04
2577,103.08,569,0.57958984375,925,934,1032,1068,978,1001,978,1065,1.0,0.5352328431372549,0.1502866502866502,yolo,2577,103.08
2578,103.12,569,0.67578125,921,935,1026,1067,973,1001,973,1064,1.0,0.5355555555555556,0.1228501228501228,yolo,2578,103.12
2584,103.36,569,0.56982421875,896,926,1002,1068,949,997,949,1065,1.0,0.5314520870076426,0.0544761904761904,yolo,2584,103.36
2587,103.48,569,0.615234375,880,916,983,1068,931,992,931,1064,1.0,0.4802558398220244,0.0402046783625731,yolo,2587,103.48
2589,103.56,569,0.67041015625,868,915,968,1068,918,991,918,1064,1.0,0.4704022988505747,0.0274436090225563,yolo,2589,103.56
2590,103.6,569,0.7890625,864,912,963,1068,913,990,913,1064,1.0,0.4576271186440678,0.0380952380952381,yolo,2590,103.6
2591,103.64,569,0.72021484375,861,912,957,1067,909,989,909,1063,1.0,0.4497882637628554,0.0589159465828751,yolo,2591,103.64
2592,103.68,569,0.673828125,856,916,954,1068,905,992,905,1064,1.0,0.5204558737580363,0.0655987795575896,yolo,2592,103.68
2594,103.76,569,0.76904296875,846,915,947,1067,896,991,896,1063,1.0,0.5537356321839081,0.1022556390977443,yolo,2594,103.76
2595,103.8,569,0.80419921875,845,913,944,1067,894,990,894,1063,1.0,0.5480225988700564,0.1195488721804511,yolo,2595,103.8
2596,103.84,569,0.82763671875,841,911,941,1068,891,989,891,1064,1.0,0.5666666666666667,0.1,yolo,2596,103.84
2597,103.88,569,0.83740234375,838,910,938,1068,888,989,888,1064,1.0,0.5625,0.0641025641025641,yolo,2597,103.88
2598,103.92,569,0.84716796875,834,907,936,1068,885,987,885,1064,1.0,0.5536146197258801,0.0651408450704225,yolo,2598,103.92
2599,103.96,569,0.87158203125,830,904,933,1068,881,986,881,1064,1.0,0.5327700972862264,0.046070460704607,yolo,2599,103.96
2600,104.0,569,0.87158203125,825,903,930,1068,877,985,877,1064,1.0,0.5284178187403994,0.0642715886618325,yolo,2600,104.0
2601,104.04,569,0.8740234375,820,903,928,1068,874,985,874,1064,1.0,0.5300248138957816,0.0559349593495935,yolo,2601,104.04
2602,104.08,569,0.87841796875,815,902,928,1068,871,985,871,1064,1.0,0.5147058823529411,0.1295731707317073,yolo,2602,104.08
2603,104.12,569,0.8798828125,811,903,931,1068,871,985,871,1064,1.0,0.5134408602150538,0.1225319396051103,yolo,2603,104.12
2604,104.16,569,0.87158203125,806,903,939,1068,872,985,872,1064,1.0,0.482258064516129,0.1603528801245459,yolo,2604,104.16
2605,104.2,569,0.86083984375,802,903,950,1068,876,985,876,1064,1.0,0.4430953243928959,0.1619701633909543,yolo,2605,104.2
2606,104.24,569,0.8857421875,799,903,962,1068,880,985,880,1064,1.0,0.391705069124424,0.1332905434317501,yolo,2606,104.24
2607,104.28,569,0.88330078125,796,903,974,1067,885,985,885,1063,1.0,0.3391188251001335,0.1153170731707317,yolo,2607,104.28
2608,104.32,569,0.90283203125,795,903,990,1068,892,985,892,1064,1.0,0.3016266887234629,0.1120875179340028,yolo,2608,104.32
2609,104.36,569,0.8818359375,794,902,999,1068,896,985,896,1064,1.0,0.2839076009807717,0.1090785907859078,yolo,2609,104.36
2610,104.4,569,0.892578125,792,903,1006,1068,899,985,899,1064,1.0,0.2884471117779444,0.1019806842363725,yolo,2610,104.4
2611,104.44,569,0.89013671875,790,903,1012,1068,901,985,901,1064,1.0,0.2829250545719136,0.1044846577498033,yolo,2611,104.44
2612,104.48,569,0.89501953125,790,903,1016,1068,903,985,903,1064,1.0,0.2790919952210274,0.1044638748274275,yolo,2612,104.48
2613,104.52,569,0.89697265625,791,903,1022,1068,906,985,906,1064,1.0,0.2729079008882655,0.0962059620596205,yolo,2613,104.52
2614,104.56,569,0.89306640625,791,903,1025,1068,908,985,908,1064,1.0,0.2736215968885838,0.0962142750261858,yolo,2614,104.56
2615,104.6,569,0.88623046875,791,903,1031,1068,911,985,911,1064,1.0,0.2755376344086021,0.0926248548199767,yolo,2615,104.6
2616,104.64,569,0.89404296875,793,904,1035,1068,914,986,914,1064,1.0,0.2584564860426929,0.059315918602973,yolo,2616,104.64
2625,105.0,569,0.88623046875,825,906,1056,1068,940,987,940,1064,1.0,0.2621762889047279,0.0712962962962963,yolo,2625,105.0
2642,105.68,569,0.5078125,867,895,996,1067,931,981,931,1063,1.0,0.5303747534516765,0.1289405684754521,yolo,2642,105.68
2643,105.72,569,0.64599609375,870,909,996,1068,933,988,933,1064,1.0,0.6284153005464481,0.0849899164505906,yolo,2643,105.72
2644,105.76,569,0.70263671875,870,912,997,1067,933,989,933,1063,1.0,0.631578947368421,0.0852272727272727,yolo,2644,105.76
2645,105.8,569,0.7705078125,870,914,996,1068,933,991,933,1064,1.0,0.6187570621468926,0.0892962743938498,yolo,2645,105.8
2646,105.84,569,0.73583984375,868,915,996,1068,932,991,932,1064,1.0,0.6030004478280341,0.0898876404494382,yolo,2646,105.84
2647,105.88,569,0.79052734375,868,915,996,1068,932,991,932,1064,1.0,0.5817286162113748,0.0890005913660555,yolo,2647,105.88
2648,105.92,569,0.76611328125,867,917,996,1068,931,992,931,1064,1.0,0.5899685110211426,0.0918918918918919,yolo,2648,105.92
2649,105.96,569,0.7744140625,866,917,996,1068,931,992,931,1064,1.0,0.5802968960863698,0.0908820908820908,yolo,2649,105.96
2650,106.0,569,0.76904296875,864,917,996,1068,930,992,930,1064,1.0,0.569620253164557,0.088927637314734,yolo,2650,106.0
2651,106.04,569,0.79296875,864,918,996,1068,930,993,930,1065,1.0,0.5713968465467466,0.0921243824469631,yolo,2651,106.04
2652,106.08,569,0.7607421875,864,917,995,1068,929,992,929,1064,1.0,0.5638776428250113,0.1075205640423031,yolo,2652,106.08
2653,106.12,569,0.767578125,863,918,995,1068,929,993,929,1065,1.0,0.5682878081279147,0.1110142400464981,yolo,2653,106.12
2654,106.16,569,0.763671875,863,917,994,1068,928,992,928,1064,1.0,0.5587044534412956,0.1066392479435957,yolo,2654,106.16
2655,106.2,569,0.78271484375,863,918,994,1067,928,992,928,1064,1.0,0.5512820512820513,0.108695652173913,yolo,2655,106.2
2656,106.24,569,0.76904296875,863,917,993,1067,928,992,928,1064,1.0,0.5530814215024741,0.1039501039501039,yolo,2656,106.24
2657,106.28,569,0.75341796875,863,916,994,1068,928,992,928,1064,1.0,0.5477453580901857,0.10383295194508,yolo,2657,106.28
2658,106.32,569,0.74609375,864,916,995,1068,929,992,929,1064,1.0,0.5490716180371353,0.1061212814645309,yolo,2658,106.32
2659,106.36,569,0.7431640625,864,917,995,1068,929,992,929,1064,1.0,0.5566801619433198,0.1075205640423031,yolo,2659,106.36
2660,106.4,569,0.72509765625,865,916,995,1068,930,992,930,1064,1.0,0.5537135278514589,0.1072874493927125,yolo,2660,106.4
2661,106.44,569,0.73876953125,866,918,996,1068,931,993,931,1065,1.0,0.5773729194781826,0.1146421146421146,yolo,2661,106.44
2662,106.48,569,0.708984375,867,918,996,1068,931,993,931,1065,1.0,0.5820962663067927,0.1159159159159159,yolo,2662,106.48
2663,106.52,569,0.73095703125,869,929,998,1068,933,998,933,1065,1.0,0.6528785679729076,0.1300653594771242,yolo,2663,106.52
2664,106.56,569,0.72021484375,870,923,1003,1068,936,995,936,1065,1.0,0.600909090909091,0.0939716312056737,yolo,2664,106.56
2665,106.6,569,0.73095703125,873,923,1006,1068,939,995,939,1065,1.0,0.6272727272727273,0.0951536643026004,yolo,2665,106.6
2666,106.64,569,0.673828125,876,918,1007,1068,941,993,941,1065,1.0,0.6043634727845254,0.0901880141010575,yolo,2666,106.64
2667,106.68,569,0.6943359375,879,917,1008,1068,943,992,943,1064,1.0,0.5897435897435898,0.0897897897897897,yolo,2667,106.68
2668,106.72,569,0.79052734375,883,927,1009,1067,946,997,946,1064,1.0,0.6820125786163522,0.1062600321027287,yolo,2668,106.72
2669,106.76,569,0.8427734375,886,935,1012,1068,949,1001,949,1065,1.0,0.7602614379084968,0.1450459652706843,yolo,2669,106.76
2670,106.8,569,0.80419921875,891,939,1014,1068,952,1003,952,1065,1.0,0.7796469939327082,0.1497093023255813,yolo,2670,106.8
2671,106.84,569,0.5205078125,895,946,1016,1068,955,1007,955,1065,1.0,0.845108695652174,0.2341269841269841,yolo,2671,106.84
2672,106.88,569,0.56787109375,900,959,1020,1068,960,1013,960,1065,1.0,0.855489417989418,0.4537037037037037,yolo,2672,106.88
2674,106.96,569,0.67236328125,910,934,1030,1068,970,1001,970,1065,1.0,0.656318082788671,0.1240981240981241,yolo,2674,106.96
2675,107.0,569,0.83984375,915,928,1035,1069,975,998,975,1066,1.0,0.5778301886792453,0.136734693877551,yolo,2675,107.0
2676,107.04,569,0.84375,920,926,1040,1069,980,997,980,1066,1.0,0.5498971193415638,0.1673469387755102,yolo,2676,107.04
2677,107.08,569,0.83740234375,926,924,1046,1069,986,996,986,1066,1.0,0.5424242424242425,0.2619047619047619,yolo,2677,107.08
2678,107.12,569,0.83447265625,929,923,1050,1068,989,995,989,1065,1.0,0.5,0.2893518518518518,yolo,2678,107.12
2679,107.16,569,0.8115234375,932,922,1055,1069,993,995,993,1066,1.0,0.4799710424710425,0.3155684754521964,yolo,2679,107.16
2680,107.2,569,0.74755859375,923,923,1059,1068,991,995,991,1065,1.0,0.411672278338945,0.335672514619883,yolo,2680,107.2
2682,107.28,569,0.57958984375,937,924,1067,1068,1002,996,1002,1065,1.0,0.4678321678321678,0.427045177045177,yolo,2682,107.28
2683,107.32,569,0.7705078125,888,925,1070,1068,979,996,979,1065,1.0,0.2572205232755691,0.3131608548931384,yolo,2683,107.32
2701,108.04,640,0.8818359375,1069,868,1188,1067,1128,967,1128,1063,1.0,0.5699926900584795,0.0638969873663751,yolo,2701,108.04
2702,108.08,640,0.87841796875,1069,867,1188,1067,1128,967,1128,1063,1.0,0.59375,0.0957142857142857,yolo,2702,108.08
2703,108.12,640,0.8916015625,1066,867,1186,1067,1126,967,1126,1063,1.0,0.6070906432748538,0.1078571428571428,yolo,2703,108.12
2704,108.16,640,0.8984375,1064,865,1184,1067,1124,966,1124,1062,1.0,0.6064213564213564,0.0795238095238095,yolo,2704,108.16
2705,108.2,640,0.8974609375,1061,864,1182,1066,1121,965,1121,1061,1.0,0.61002886002886,0.064047619047619,yolo,2705,108.2
2706,108.24,640,0.90185546875,1058,862,1179,1067,1118,964,1118,1062,1.0,0.5896464646464646,0.03828197945845,yolo,2706,108.24
2707,108.28,640,0.8916015625,1056,862,1176,1067,1116,964,1116,1062,1.0,0.6062409812409812,0.0557889822595705,yolo,2707,108.28
2708,108.32,640,0.89404296875,1053,860,1174,1067,1113,963,1113,1062,1.0,0.6116385372714487,0.045985060690943,yolo,2708,108.32
2709,108.36,640,0.89306640625,1052,858,1170,1066,1111,962,1111,1061,1.0,0.603494384025673,0.0419369786839666,yolo,2709,108.36
2710,108.4,640,0.888671875,1050,857,1166,1067,1108,962,1108,1062,1.0,0.6134654191891397,0.0631528964862298,yolo,2710,108.4
2711,108.44,640,0.87841796875,1047,857,1163,1067,1105,962,1105,1062,1.0,0.6242891212621537,0.0686134852801519,yolo,2711,108.44
2712,108.48,640,0.89501953125,1046,857,1161,1067,1103,962,1103,1062,1.0,0.6378646119977985,0.071875,yolo,2712,108.48
2713,108.52,640,0.892578125,1043,857,1158,1067,1100,962,1100,1062,1.0,0.6481379563382865,0.0625,yolo,2713,108.52
2714,108.56,640,0.89501953125,1043,856,1157,1067,1100,961,1100,1062,1.0,0.652536231884058,0.0713242453748782,yolo,2714,108.56
2715,108.6,640,0.88623046875,1042,855,1156,1067,1099,961,1099,1062,1.0,0.6503623188405797,0.0788153809410078,yolo,2715,108.6
2716,108.64,640,0.892578125,1041,855,1153,1067,1097,961,1097,1062,1.0,0.6697761194029851,0.0857415810843085,yolo,2716,108.64
2717,108.68,640,0.888671875,1040,854,1151,1067,1095,960,1095,1062,1.0,0.6782641227085672,0.089017900338655,yolo,2717,108.68
2718,108.72,640,0.884765625,1039,855,1149,1067,1094,961,1094,1062,1.0,0.6943181818181818,0.105121293800539,yolo,2718,108.72
2719,108.76,640,0.892578125,1038,854,1149,1067,1093,960,1093,1062,1.0,0.6878039655817434,0.0841799709724238,yolo,2719,108.76
2720,108.8,640,0.89501953125,1038,854,1148,1067,1093,960,1093,1062,1.0,0.7031425364758698,0.1134525851506983,yolo,2720,108.8
2721,108.84,640,0.89404296875,1038,854,1147,1067,1092,960,1092,1062,1.0,0.6984661429105874,0.1077457795431976,yolo,2721,108.84
2722,108.88,640,0.892578125,1038,854,1147,1067,1092,960,1092,1062,1.0,0.707631874298541,0.1214001986097318,yolo,2722,108.88
2723,108.92,640,0.892578125,1037,854,1146,1067,1091,960,1091,1062,1.0,0.7098765432098766,0.1171797418073485,yolo,2723,108.92
2724,108.96,640,0.88720703125,1038,854,1145,1067,1091,960,1091,1062,1.0,0.7094907407407407,0.1109127995920448,yolo,2724,108.96
2725,109.0,640,0.89013671875,1037,854,1145,1067,1091,960,1091,1062,1.0,0.7111111111111111,0.1132075471698113,yolo,2725,109.0
2726,109.04,640,0.8896484375,1038,854,1144,1067,1091,960,1091,1062,1.0,0.7121301195375269,0.10062893081761,yolo,2726,109.04
2727,109.08,640,0.8896484375,1038,855,1144,1067,1091,961,1091,1062,1.0,0.7194444444444444,0.1162264150943396,yolo,2727,109.08
2728,109.12,640,0.8896484375,1038,855,1144,1068,1091,961,1091,1063,1.0,0.7205565353713502,0.1177358490566037,yolo,2728,109.12
2729,109.16,640,0.88427734375,1038,855,1144,1068,1091,961,1091,1063,1.0,0.7199686458945718,0.1159748427672956,yolo,2729,109.16
2730,109.2,640,0.88720703125,1038,855,1144,1068,1091,961,1091,1063,1.0,0.7238879090730943,0.120754716981132,yolo,2730,109.2
2731,109.24,640,0.880859375,1037,856,1144,1068,1090,962,1090,1063,1.0,0.7228515625,0.1203467618561958,yolo,2731,109.24
2732,109.28,640,0.8818359375,1038,856,1144,1068,1091,962,1091,1063,1.0,0.7259920634920635,0.130817610062893,yolo,2732,109.28
2733,109.32,640,0.8916015625,1037,856,1144,1068,1090,962,1090,1063,1.0,0.7302734375,0.1341152473227945,yolo,2733,109.32
2734,109.36,640,0.88623046875,1038,856,1143,1068,1090,962,1090,1063,1.0,0.7299603174603174,0.1320754716981132,yolo,2734,109.36
2735,109.4,640,0.88330078125,1038,856,1144,1068,1091,962,1091,1063,1.0,0.7384920634920635,0.1481761006289308,yolo,2735,109.4
2736,109.44,640,0.873046875,1038,857,1144,1067,1091,962,1091,1062,1.0,0.7383966244725738,0.1351282051282051,yolo,2736,109.44
2737,109.48,640,0.8818359375,1038,857,1144,1067,1091,962,1091,1062,1.0,0.7315651999196303,0.1312820512820512,yolo,2737,109.48
2738,109.52,640,0.88232421875,1038,857,1144,1067,1091,962,1091,1062,1.0,0.7285513361462729,0.1143589743589743,yolo,2738,109.52
2739,109.56,640,0.88720703125,1038,857,1144,1067,1091,962,1091,1062,1.0,0.7273457906369298,0.113076923076923,yolo,2739,109.56
2740,109.6,640,0.884765625,1037,857,1144,1067,1090,962,1090,1062,1.0,0.7268591772151899,0.132016632016632,yolo,2740,109.6
2741,109.64,640,0.88623046875,1037,857,1144,1067,1090,962,1090,1062,1.0,0.7260680379746836,0.1314968814968815,yolo,2741,109.64
2742,109.68,640,0.880859375,1038,857,1144,1067,1091,962,1091,1062,1.0,0.7279485633916014,0.132051282051282,yolo,2742,109.68
2743,109.72,640,0.8857421875,1037,857,1144,1067,1090,962,1090,1062,1.0,0.7238924050632911,0.1296777546777546,yolo,2743,109.72
2744,109.76,640,0.88427734375,1037,857,1144,1067,1090,962,1090,1062,1.0,0.7236946202531646,0.1296777546777546,yolo,2744,109.76
2745,109.8,640,0.88818359375,1037,857,1144,1067,1090,962,1090,1062,1.0,0.7223101265822784,0.1296777546777546,yolo,2745,109.8
2746,109.84,640,0.88720703125,1037,857,1144,1067,1090,962,1090,1062,1.0,0.7236946202531646,0.147089397089397,yolo,2746,109.84
2747,109.88,640,0.88720703125,1037,857,1144,1067,1090,962,1090,1062,1.0,0.7223101265822784,0.1385135135135135,yolo,2747,109.88
2748,109.92,640,0.89111328125,1036,856,1144,1068,1090,962,1090,1063,1.0,0.7188461538461538,0.1114465408805031,yolo,2748,109.92
2749,109.96,640,0.88818359375,1036,856,1143,1068,1089,962,1089,1063,1.0,0.7154296875,0.0971443141254462,yolo,2749,109.96
2750,110.0,640,0.888671875,1036,857,1143,1067,1089,962,1089,1062,1.0,0.7238924050632911,0.1122661122661122,yolo,2750,110.0
2751,110.04,640,0.8896484375,1036,857,1143,1067,1089,962,1089,1062,1.0,0.7238924050632911,0.1138253638253638,yolo,2751,110.04
2752,110.08,640,0.89013671875,1036,856,1143,1068,1089,962,1089,1063,1.0,0.7220703125,0.1170321264660887,yolo,2752,110.08
2753,110.12,640,0.8916015625,1037,856,1143,1067,1090,961,1090,1062,1.0,0.7196428571428571,0.1048717948717948,yolo,2753,110.12
2754,110.16,640,0.89306640625,1037,856,1143,1067,1090,961,1090,1062,1.0,0.7216269841269841,0.1102564102564102,yolo,2754,110.16
2755,110.2,640,0.89501953125,1037,855,1143,1067,1090,961,1090,1062,1.0,0.7121031746031746,0.1059119496855345,yolo,2755,110.2
2756,110.24,640,0.89013671875,1037,855,1143,1067,1090,961,1090,1062,1.0,0.6996031746031746,0.0998742138364779,yolo,2756,110.24
2757,110.28,640,0.88720703125,1036,855,1143,1067,1089,961,1089,1062,1.0,0.6951171875,0.1014788373278939,yolo,2757,110.28
2758,110.32,640,0.888671875,1037,855,1143,1067,1090,961,1090,1062,1.0,0.6936507936507936,0.1033962264150943,yolo,2758,110.32
2759,110.36,640,0.89013671875,1036,854,1143,1067,1089,960,1089,1062,1.0,0.6788194444444444,0.0879653238143804,yolo,2759,110.36
2760,110.4,640,0.89111328125,1037,854,1143,1067,1090,960,1090,1062,1.0,0.6794042719968646,0.1167295597484276,yolo,2760,110.4
2761,110.44,640,0.888671875,1037,854,1143,1067,1090,960,1090,1062,1.0,0.6652949245541838,0.1051572327044025,yolo,2761,110.44
2762,110.48,640,0.8955078125,1037,854,1143,1067,1090,960,1090,1062,1.0,0.6598079561042524,0.1438993710691823,yolo,2762,110.48
2763,110.52,640,0.892578125,1036,855,1143,1067,1089,961,1089,1062,1.0,0.6642578125,0.1404895461499235,yolo,2763,110.52
2764,110.56,640,0.8916015625,1036,855,1143,1067,1089,961,1089,1062,1.0,0.65390625,0.117542070372259,yolo,2764,110.56
2765,110.6,640,0.8916015625,1036,855,1144,1067,1090,961,1090,1062,1.0,0.6434615384615384,0.0915723270440251,yolo,2765,110.6
2766,110.64,640,0.88623046875,1037,855,1144,1067,1090,961,1090,1062,1.0,0.6310546875,0.0884752677205507,yolo,2766,110.64
2767,110.68,640,0.88623046875,1038,856,1145,1067,1091,961,1091,1062,1.0,0.6267578125,0.0787422037422037,yolo,2767,110.68
2768,110.72,640,0.888671875,1039,858,1146,1066,1092,962,1092,1061,1.0,0.6157041139240507,0.0912162162162162,yolo,2768,110.72
2769,110.76,640,0.880859375,1038,859,1148,1066,1093,962,1093,1061,1.0,0.6194859992328346,0.1064425770308123,yolo,2769,110.76
2770,110.8,640,0.880859375,1041,862,1149,1067,1095,964,1095,1062,1.0,0.6235764235764236,0.1056209150326797,yolo,2770,110.8
2771,110.84,640,0.89111328125,1043,864,1149,1067,1096,965,1096,1062,1.0,0.619253762110905,0.0738666666666666,yolo,2771,110.84
2772,110.88,640,0.88623046875,1045,867,1151,1067,1098,967,1098,1063,1.0,0.6238512949039264,0.0592,yolo,2772,110.88
2773,110.92,640,0.87646484375,1047,870,1153,1067,1100,968,1100,1063,1.0,0.615026455026455,0.0402721088435374,yolo,2773,110.92
2774,110.96,640,0.87255859375,1051,873,1153,1067,1102,970,1102,1063,1.0,0.604563579973416,0.0883215962441314,yolo,2774,110.96
2775,111.0,640,0.87060546875,1053,877,1154,1068,1103,972,1103,1064,1.0,0.6013888888888889,0.1018237082066869,yolo,2775,111.0
2776,111.04,640,0.8671875,1054,880,1154,1068,1104,974,1104,1064,1.0,0.6057870370370371,0.082370820668693,yolo,2776,111.04
2777,111.08,640,0.8671875,1053,883,1155,1068,1104,975,1104,1064,1.0,0.6187353629976581,0.1077770973668095,yolo,2777,111.08
2778,111.12,640,0.87158203125,1052,886,1154,1067,1103,976,1103,1063,1.0,0.6137897782063645,0.113302034428795,yolo,2778,111.12
2779,111.16,640,0.87646484375,1047,889,1154,1067,1100,978,1100,1063,1.0,0.6061580882352942,0.1311425061425061,yolo,2779,111.16
2780,111.2,640,0.873046875,1042,892,1153,1067,1097,979,1097,1063,1.0,0.5918273645546372,0.0992844364937388,yolo,2780,111.2
2781,111.24,640,0.8759765625,1038,895,1152,1068,1095,981,1095,1064,1.0,0.5667545015371103,0.1027377097438916,yolo,2781,111.24
2782,111.28,640,0.8798828125,1034,897,1150,1067,1092,982,1092,1063,1.0,0.5380434782608695,0.112580834803057,yolo,2782,111.28
2783,111.32,640,0.88330078125,1031,900,1148,1068,1089,984,1089,1064,1.0,0.5160714285714286,0.1219512195121951,yolo,2783,111.32
2784,111.36,640,0.8681640625,1028,903,1144,1068,1086,985,1086,1064,1.0,0.533426834969612,0.1339957844022884,yolo,2784,111.36
2785,111.4,640,0.87060546875,1023,905,1139,1067,1081,986,1081,1063,1.0,0.5291043003088619,0.1604938271604938,yolo,2785,111.4
2786,111.44,640,0.7958984375,1017,907,1134,1067,1075,987,1075,1063,1.0,0.4783333333333333,0.1783536585365853,yolo,2786,111.44
2787,111.48,640,0.8642578125,1014,909,1128,1067,1071,988,1071,1063,1.0,0.456280193236715,0.1090555014605647,yolo,2787,111.48
2788,111.52,640,0.86328125,1009,911,1121,1067,1065,989,1065,1063,1.0,0.448773083733873,0.1116520610191496,yolo,2788,111.52
2789,111.56,640,0.8798828125,1006,915,1115,1068,1060,991,1060,1064,1.0,0.4542842215256008,0.1360803324099723,yolo,2789,111.56
2790,111.6,640,0.88427734375,1000,919,1108,1068,1054,993,1054,1065,1.0,0.4426450742240216,0.1218018018018018,yolo,2790,111.6
2791,111.64,640,0.841796875,993,922,1101,1068,1047,995,1047,1065,1.0,0.4651748251748251,0.2214814814814814,yolo,2791,111.64
2792,111.68,640,0.83447265625,985,926,1094,1068,1039,997,1039,1065,1.0,0.5263748597081931,0.3041353383458646,yolo,2792,111.68
2793,111.72,640,0.8642578125,978,927,1089,1068,1033,997,1033,1065,1.0,0.5291595197255574,0.3725274725274725,yolo,2793,111.72
2794,111.76,640,0.81396484375,970,928,1084,1067,1027,997,1027,1064,1.0,0.5233798195242002,0.4281459419210722,yolo,2794,111.76
2795,111.8,640,0.8291015625,963,928,1078,1067,1020,997,1020,1064,1.0,0.5515449822258682,0.4492647058823529,yolo,2795,111.8
2796,111.84,640,0.75927734375,957,928,1074,1067,1015,997,1015,1064,1.0,0.5495956873315364,0.4458393113342898,yolo,2796,111.84
2797,111.88,640,0.640625,951,929,1070,1068,1010,998,1010,1065,1.0,0.5466457023060797,0.4065126050420168,yolo,2797,111.88
2798,111.92,640,0.72314453125,946,929,1066,1068,1006,998,1006,1065,1.0,0.5427148846960168,0.3721988795518207,yolo,2798,111.92
2799,111.96,640,0.640625,941,929,1063,1068,1002,998,1002,1065,1.0,0.5339881106229,0.3408304498269896,yolo,2799,111.96
2800,112.0,640,0.8017578125,937,928,1058,1067,997,997,997,1064,1.0,0.5238469601677149,0.3273809523809524,yolo,2800,112.0
2801,112.04,640,0.83349609375,934,927,1055,1068,994,997,994,1065,1.0,0.5311844863731656,0.3119047619047619,yolo,2801,112.04
2802,112.08,640,0.77587890625,931,927,1051,1068,991,997,991,1065,1.0,0.5545073375262054,0.2928571428571428,yolo,2802,112.08
2803,112.12,640,0.7490234375,928,925,1047,1068,987,996,987,1065,1.0,0.5411522633744856,0.2585034013605442,yolo,2803,112.12
2804,112.16,640,0.7490234375,926,924,1045,1068,985,996,985,1065,1.0,0.5590909090909091,0.2728174603174603,yolo,2804,112.16
2805,112.2,640,0.72021484375,923,924,1042,1068,982,996,982,1065,1.0,0.5646464646464646,0.2291666666666666,yolo,2805,112.2
2806,112.24,640,0.73095703125,919,923,1039,1068,979,995,979,1065,1.0,0.5752525252525252,0.2182539682539682,yolo,2806,112.24
2807,112.28,640,0.80078125,916,922,1036,1068,976,995,976,1065,1.0,0.581060606060606,0.1822089947089947,yolo,2807,112.28
2808,112.32,640,0.78271484375,912,921,1034,1068,973,994,973,1065,1.0,0.5846379647749511,0.1745098039215686,yolo,2808,112.32
2809,112.36,640,0.79833984375,908,921,1032,1068,970,994,970,1065,1.0,0.5816666666666667,0.1602809706257982,yolo,2809,112.36
2810,112.4,640,0.74169921875,905,924,1028,1068,966,996,966,1065,1.0,0.6115479115479115,0.1644056847545219,yolo,2810,112.4
2813,112.52,640,0.5390625,895,942,1020,1067,957,1004,957,1064,1.0,0.7529078014184397,0.2052785923753665,yolo,2813,112.52
2815,112.6,640,0.7294921875,888,931,1015,1068,951,999,951,1065,1.0,0.6427125506072875,0.1727941176470588,yolo,2815,112.6
2816,112.64,640,0.7041015625,885,930,1013,1068,949,999,949,1065,1.0,0.6299926488605734,0.1655651024454725,yolo,2816,112.64
2817,112.68,640,0.73876953125,883,928,1012,1068,947,998,947,1065,1.0,0.6209482341557814,0.1571428571428571,yolo,2817,112.68
2818,112.72,640,0.74462890625,881,926,1013,1068,947,997,947,1065,1.0,0.59985935302391,0.0927803379416282,yolo,2818,112.72
2819,112.76,640,0.69091796875,880,924,1012,1068,946,996,946,1065,1.0,0.5592635212888377,0.1078255675029868,yolo,2819,112.76
2820,112.8,640,0.6533203125,879,924,1012,1068,945,996,945,1065,1.0,0.5722727272727273,0.0975177304964539,yolo,2820,112.8
2821,112.84,640,0.56982421875,877,923,1012,1067,944,995,944,1064,1.0,0.522334455667789,0.0954491725768321,yolo,2821,112.84
2822,112.88,640,0.61669921875,876,924,1012,1067,944,995,944,1064,1.0,0.5265203475080018,0.0938345864661654,yolo,2822,112.88
2823,112.92,640,0.5869140625,876,927,1011,1067,943,997,943,1064,1.0,0.5390170044258095,0.1003039513677811,yolo,2823,112.92
2824,112.96,640,0.6826171875,876,928,1012,1068,944,998,944,1065,1.0,0.5399487537852318,0.1025563909774436,yolo,2824,112.96
2825,113.0,640,0.66357421875,878,928,1012,1068,945,998,945,1065,1.0,0.53319357092942,0.1047619047619047,yolo,2825,113.0
2826,113.04,640,0.7294921875,879,929,1014,1067,946,998,946,1064,1.0,0.5292336361518751,0.1088861076345431,yolo,2826,113.04
2827,113.08,640,0.72802734375,883,930,1016,1068,949,999,949,1065,1.0,0.5403301886792453,0.1120150187734668,yolo,2827,113.08
2828,113.12,640,0.77587890625,887,933,1020,1068,953,1000,953,1065,1.0,0.5651960784313725,0.1260477111540941,yolo,2828,113.12
2829,113.16,640,0.80419921875,892,937,1025,1067,958,1002,958,1064,1.0,0.5721938775510204,0.109375,yolo,2829,113.16
2830,113.2,640,0.72021484375,898,936,1032,1067,965,1001,965,1064,1.0,0.5318720080624842,0.0961021505376344,yolo,2830,113.2
2831,113.24,640,0.87060546875,905,932,1037,1068,971,1000,971,1065,1.0,0.4656242243732936,0.1290322580645161,yolo,2831,113.24
2832,113.28,640,0.873046875,914,932,1042,1067,978,999,978,1064,1.0,0.4206773618538324,0.1988423561457269,yolo,2832,113.28
2833,113.32,640,0.85009765625,923,932,1052,1067,987,999,987,1064,1.0,0.3873805932629462,0.2148148148148148,yolo,2833,113.32
2834,113.36,640,0.83642578125,931,932,1059,1067,995,999,995,1064,1.0,0.4138018843901196,0.3237997957099081,yolo,2834,113.36
2835,113.4,640,0.82080078125,939,933,1065,1068,1002,1000,1002,1065,1.0,0.4431372549019607,0.3139257745999319,yolo,2835,113.4
2836,113.44,640,0.81396484375,944,932,1071,1068,1007,1000,1007,1065,1.0,0.4262125902992776,0.2369652406417112,yolo,2836,113.44
2837,113.48,640,0.79296875,950,930,1077,1068,1013,999,1013,1065,1.0,0.4496027805362462,0.1848262032085561,yolo,2837,113.48
2838,113.52,640,0.78271484375,954,928,1083,1068,1018,998,1018,1065,1.0,0.4119496855345912,0.1358730158730158,yolo,2838,113.52
2839,113.56,640,0.7919921875,957,927,1089,1068,1023,997,1023,1065,1.0,0.4017196083114401,0.101689708141321,yolo,2839,113.56
2840,113.6,640,0.841796875,959,925,1094,1067,1026,996,1026,1064,1.0,0.3888888888888889,0.1094224924012158,yolo,2840,113.6
2841,113.64,640,0.83203125,960,924,1098,1068,1029,996,1029,1065,1.0,0.3905805038335159,0.1291523482245131,yolo,2841,113.64
2842,113.68,640,0.83740234375,960,922,1102,1068,1031,995,1031,1065,1.0,0.3754010695187166,0.1475869809203142,yolo,2842,113.68
2843,113.72,640,0.822265625,961,921,1105,1068,1033,994,1033,1065,1.0,0.3729474548440065,0.1925192519251925,yolo,2843,113.72
2844,113.76,640,0.85302734375,960,920,1105,1067,1032,993,1032,1064,1.0,0.3731527093596059,0.1764705882352941,yolo,2844,113.76
2845,113.8,640,0.84912109375,962,919,1106,1068,1034,993,1034,1065,1.0,0.3819318410969953,0.1782178217821782,yolo,2845,113.8
2846,113.84,640,0.85986328125,962,918,1107,1068,1034,993,1034,1065,1.0,0.3910062512603347,0.1671966083730789,yolo,2846,113.84
2847,113.88,640,0.84814453125,963,916,1108,1068,1035,992,1035,1064,1.0,0.3872374157748712,0.1676986584107327,yolo,2847,113.88
2848,113.92,640,0.8310546875,967,914,1110,1067,1038,990,1038,1063,1.0,0.4003608660785886,0.1657894736842105,yolo,2848,113.92
2849,113.96,640,0.84375,968,912,1111,1067,1039,989,1039,1063,1.0,0.4200080192461908,0.1839473684210526,yolo,2849,113.96
2850,114.0,640,0.8623046875,970,910,1114,1067,1042,988,1042,1063,1.0,0.4565134099616858,0.1982736735211982,yolo,2850,114.0
2851,114.04,640,0.8798828125,972,908,1117,1067,1044,987,1044,1063,1.0,0.4948181646881477,0.2197083961789844,yolo,2851,114.04
2852,114.08,640,0.8740234375,977,905,1120,1067,1048,986,1048,1063,1.0,0.5270682424704537,0.25325,yolo,2852,114.08
2853,114.12,640,0.86328125,981,902,1123,1067,1052,984,1052,1063,1.0,0.5743833017077798,0.2983493471298349,yolo,2853,114.12
2854,114.16,640,0.88232421875,984,900,1127,1067,1055,983,1055,1063,1.0,0.6077888519748985,0.328780487804878,yolo,2854,114.16
2855,114.2,640,0.86962890625,987,897,1131,1067,1059,982,1059,1063,1.0,0.6287715517241379,0.3545497406883545,yolo,2855,114.2
2856,114.24,640,0.865234375,992,895,1135,1067,1063,981,1063,1063,1.0,0.6334525939177102,0.3516279069767442,yolo,2856,114.24
2857,114.28,640,0.865234375,994,892,1140,1067,1067,979,1067,1063,1.0,0.6401950539881575,0.3499661323097764,yolo,2857,114.28
2858,114.32,640,0.87744140625,995,890,1144,1067,1069,978,1069,1063,1.0,0.6353233830845771,0.3142482517482518,yolo,2858,114.32
2859,114.36,640,0.8798828125,998,888,1148,1068,1073,978,1073,1064,1.0,0.6441176470588236,0.288042328042328,yolo,2859,114.36
2860,114.4,640,0.86328125,999,887,1151,1067,1075,977,1075,1063,1.0,0.6481900452488688,0.283073727933541,yolo,2860,114.4
2861,114.44,640,0.85986328125,999,885,1152,1068,1075,976,1075,1064,1.0,0.6302795031055901,0.2604938271604938,yolo,2861,114.44
2862,114.48,640,0.875,1003,884,1152,1068,1077,976,1077,1064,1.0,0.6388888888888888,0.2387123745819398,yolo,2862,114.48
2863,114.52,640,0.8662109375,1004,882,1153,1068,1078,975,1078,1064,1.0,0.6461904761904762,0.2393394648829431,yolo,2863,114.52
2864,114.56,640,0.8623046875,1004,882,1152,1067,1078,974,1078,1063,1.0,0.6630818619582665,0.2775432672013508,yolo,2864,114.56
2865,114.6,640,0.85595703125,1004,880,1152,1068,1078,974,1078,1064,1.0,0.647003745318352,0.2602768023135716,yolo,2865,114.6
2866,114.64,640,0.8291015625,1002,879,1151,1067,1076,973,1076,1063,1.0,0.6674382716049383,0.2731178396072013,yolo,2866,114.64
2867,114.68,640,0.82421875,1000,878,1150,1068,1075,973,1075,1064,1.0,0.6600308641975309,0.2745694022289767,yolo,2867,114.68
2868,114.72,640,0.82568359375,999,878,1149,1068,1074,973,1074,1064,1.0,0.6638888888888889,0.283080040526849,yolo,2868,114.72
2869,114.76,640,0.8232421875,1000,878,1148,1068,1074,973,1074,1064,1.0,0.659019975031211,0.2949803759553811,yolo,2869,114.76
2870,114.8,640,0.83349609375,1000,878,1147,1068,1073,973,1073,1064,1.0,0.6642992424242424,0.3060075093867334,yolo,2870,114.8
2871,114.84,640,0.85009765625,999,878,1146,1068,1072,973,1072,1064,1.0,0.6631944444444444,0.3141426783479349,yolo,2871,114.84
2872,114.88,640,0.85400390625,1000,878,1146,1068,1073,973,1073,1064,1.0,0.6618773946360154,0.3100599049783102,yolo,2872,114.88
2873,114.92,640,0.8447265625,1001,878,1145,1068,1073,973,1073,1064,1.0,0.6663473818646233,0.306088055614072,yolo,2873,114.92
2874,114.96,640,0.85107421875,1002,878,1145,1068,1073,973,1073,1064,1.0,0.6723191214470284,0.3204255319148936,yolo,2874,114.96
2875,115.0,640,0.8388671875,1003,877,1145,1068,1074,972,1074,1064,1.0,0.6754901960784314,0.3090479260692026,yolo,2875,115.0
2876,115.04,640,0.85791015625,1003,878,1145,1068,1074,973,1074,1064,1.0,0.6728758169934641,0.3081882656350741,yolo,2876,115.04
2877,115.08,640,0.8388671875,1004,878,1144,1068,1074,973,1074,1064,1.0,0.673941798941799,0.3037342596613113,yolo,2877,115.08
2878,115.12,640,0.8427734375,1004,878,1144,1068,1074,973,1074,1064,1.0,0.6701388888888888,0.3089448545375597,yolo,2878,115.12
2879,115.16,640,0.8388671875,1002,878,1143,1068,1072,973,1072,1064,1.0,0.6668320105820106,0.32370820668693,yolo,2879,115.16
2880,115.2,640,0.83984375,1001,878,1143,1068,1072,973,1072,1064,1.0,0.6612745098039216,0.3169997850848914,yolo,2880,115.2
2881,115.24,640,0.84375,1001,878,1143,1068,1072,973,1072,1064,1.0,0.6607843137254902,0.312916398022781,yolo,2881,115.24
2882,115.28,640,0.84716796875,1000,878,1143,1068,1071,973,1071,1064,1.0,0.6560077519379846,0.3082978723404255,yolo,2882,115.28
2883,115.32,640,0.85986328125,999,878,1143,1068,1071,973,1071,1064,1.0,0.6575670498084292,0.315146408257847,yolo,2883,115.32
2884,115.36,640,0.865234375,998,878,1143,1068,1070,973,1070,1064,1.0,0.6604406130268199,0.3268669169795578,yolo,2884,115.36
2885,115.4,640,0.86328125,998,879,1143,1068,1070,973,1070,1064,1.0,0.657088122605364,0.3076762619941594,yolo,2885,115.4
2886,115.44,640,0.8642578125,999,879,1143,1068,1071,973,1071,1064,1.0,0.6585249042145593,0.3073520117969244,yolo,2886,115.44
2887,115.48,640,0.86962890625,998,878,1143,1068,1070,973,1070,1064,1.0,0.6594827586206896,0.3130997079682937,yolo,2887,115.48
2888,115.52,640,0.86962890625,998,878,1143,1068,1070,973,1070,1064,1.0,0.6615581098339719,0.3216520650813517,yolo,2888,115.52
2889,115.56,640,0.861328125,999,878,1144,1068,1071,973,1071,1064,1.0,0.6669859514687101,0.3329161451814768,yolo,2889,115.56
2890,115.6,640,0.86083984375,998,879,1144,1068,1071,973,1071,1064,1.0,0.6629948914431673,0.3265854162363148,yolo,2890,115.6
2891,115.64,640,0.85791015625,998,879,1144,1068,1071,973,1071,1064,1.0,0.659323116219668,0.3354678785374922,yolo,2891,115.64
2892,115.68,640,0.85302734375,999,879,1145,1068,1072,973,1072,1064,1.0,0.6577266922094508,0.3222474695310886,yolo,2892,115.68
2893,115.72,640,0.83984375,1000,879,1146,1067,1073,973,1073,1063,1.0,0.6455938697318008,0.3115058872133857,yolo,2893,115.72
2894,115.76,640,0.85791015625,999,879,1146,1067,1072,973,1072,1063,1.0,0.6425189393939394,0.3062161034626616,yolo,2894,115.76
2895,115.8,640,0.85400390625,998,879,1145,1067,1071,973,1071,1063,1.0,0.6330492424242424,0.2928660826032541,yolo,2895,115.8
2896,115.84,640,0.8662109375,997,880,1145,1067,1071,973,1071,1063,1.0,0.6366513688874822,0.3193330519206416,yolo,2896,115.84
2897,115.88,640,0.86962890625,997,880,1145,1068,1071,974,1071,1064,1.0,0.6243757802746567,0.3158438339186118,yolo,2897,115.88
2898,115.92,640,0.86865234375,997,881,1145,1068,1071,974,1071,1064,1.0,0.6317455293559108,0.3271422541156606,yolo,2898,115.92
2899,115.96,640,0.8671875,997,881,1146,1068,1071,974,1071,1064,1.0,0.6286384976525822,0.3047658862876254,yolo,2899,115.96
2900,116.0,640,0.86865234375,998,881,1146,1068,1072,974,1072,1064,1.0,0.6262066782718785,0.3159560996200928,yolo,2900,116.0
2901,116.04,640,0.87158203125,998,881,1145,1068,1071,974,1071,1064,1.0,0.6192381562099872,0.3062659846547315,yolo,2901,116.04
2902,116.08,640,0.87646484375,998,881,1145,1068,1071,974,1071,1064,1.0,0.6107554417413572,0.3254475703324808,yolo,2902,116.08
2903,116.12,640,0.88330078125,997,882,1145,1067,1071,974,1071,1063,1.0,0.6112359550561798,0.308991135500211,yolo,2903,116.12
2904,116.16,640,0.87841796875,997,882,1145,1067,1071,974,1071,1063,1.0,0.6085072231139647,0.3184888138455044,yolo,2904,116.16
2905,116.2,640,0.88427734375,998,883,1144,1068,1071,975,1071,1064,1.0,0.6083743842364532,0.330308146897425,yolo,2905,116.2
2906,116.24,640,0.87255859375,998,885,1143,1068,1070,976,1070,1064,1.0,0.6239737274220033,0.343355119825708,yolo,2906,116.24
2907,116.28,640,0.873046875,997,888,1141,1068,1069,978,1069,1064,1.0,0.5975321162947937,0.2935093509350935,yolo,2907,116.28
2908,116.32,640,0.87744140625,995,892,1139,1068,1067,980,1067,1064,1.0,0.582775776290959,0.29005400540054,yolo,2908,116.32
2909,116.36,640,0.884765625,994,895,1137,1067,1065,981,1065,1063,1.0,0.5552772808586762,0.2981395348837209,yolo,2909,116.36
2910,116.4,640,0.888671875,993,898,1134,1068,1063,983,1063,1064,1.0,0.5556175595238095,0.3068513119533527,yolo,2910,116.4
2911,116.44,640,0.88720703125,993,900,1132,1068,1062,984,1062,1064,1.0,0.5427827380952381,0.2915451895043732,yolo,2911,116.44
2912,116.48,640,0.884765625,993,902,1129,1067,1061,984,1061,1063,1.0,0.5396256471525289,0.2906290115532734,yolo,2912,116.48
2913,116.52,640,0.873046875,992,903,1127,1067,1059,985,1059,1063,1.0,0.5253772290809328,0.2890503373118837,yolo,2913,116.52
2914,116.56,640,0.87060546875,992,903,1126,1067,1059,985,1059,1063,1.0,0.5122476974328826,0.3165486493574613,yolo,2914,116.56
2915,116.6,640,0.86865234375,992,903,1124,1068,1058,985,1058,1064,1.0,0.4963250306247448,0.3304484657749803,yolo,2915,116.6
2916,116.64,640,0.85888671875,995,903,1123,1068,1059,985,1059,1064,1.0,0.4930875576036866,0.3006303096738832,yolo,2916,116.64
2917,116.68,640,0.86328125,997,903,1122,1068,1059,985,1059,1064,1.0,0.4965591397849462,0.3065410199556541,yolo,2917,116.68
2918,116.72,640,0.85205078125,999,903,1122,1067,1060,985,1060,1063,1.0,0.492063492063492,0.289563244469654,yolo,2918,116.72
2919,116.76,640,0.84716796875,1000,903,1122,1067,1061,985,1061,1063,1.0,0.4946727549467275,0.2921090387374462,yolo,2919,116.76
2920,116.8,640,0.85400390625,1000,902,1122,1067,1061,984,1061,1063,1.0,0.4885108263367211,0.3087517934002869,yolo,2920,116.8
2921,116.84,640,0.8427734375,1001,902,1122,1068,1061,985,1061,1064,1.0,0.496031746031746,0.3045876887340302,yolo,2921,116.84
2922,116.88,640,0.84814453125,1003,902,1121,1067,1062,984,1062,1063,1.0,0.4725124943207633,0.29415221863062,yolo,2922,116.88
2923,116.92,640,0.85205078125,1005,903,1119,1068,1062,985,1062,1064,1.0,0.4618980832164563,0.2865081815375115,yolo,2923,116.92
2924,116.96,640,0.85107421875,1007,903,1116,1068,1061,985,1061,1064,1.0,0.4435483870967742,0.2525673940949935,yolo,2924,116.96
2925,117.0,640,0.85693359375,1008,905,1113,1068,1060,986,1060,1064,1.0,0.4144905273937532,0.1902027027027027,yolo,2925,117.0
2926,117.04,640,0.8447265625,1008,907,1110,1068,1059,987,1059,1064,1.0,0.4092985756517065,0.1598591549295774,yolo,2926,117.04
2927,117.08,640,0.80322265625,1004,911,1106,1067,1055,989,1055,1063,1.0,0.3951097527090859,0.0675334055615745,yolo,2927,117.08
2928,117.12,640,0.83740234375,1005,915,1103,1067,1054,991,1054,1063,1.0,0.4278199883109292,0.0739893211289092,yolo,2928,117.12
2929,117.16,640,0.81298828125,1000,919,1099,1067,1049,993,1049,1064,1.0,0.4288690476190476,0.059073359073359,yolo,2929,117.16
2930,117.2,640,0.6669921875,997,922,1096,1068,1046,995,1046,1065,1.0,0.4521212121212121,0.123015873015873,yolo,2930,117.2
2931,117.24,640,0.8154296875,993,925,1094,1068,1043,996,1043,1065,1.0,0.5151234567901235,0.1975510204081632,yolo,2931,117.24
2932,117.28,640,0.81982421875,988,927,1091,1067,1039,997,1039,1064,1.0,0.5130858186244674,0.269047619047619,yolo,2932,117.28
2933,117.32,640,0.8017578125,984,929,1088,1068,1036,998,1036,1065,1.0,0.5064390536088649,0.3098307816277196,yolo,2933,117.32
2934,117.36,640,0.83203125,980,931,1084,1068,1032,999,1032,1065,1.0,0.5210622710622711,0.3412570507655116,yolo,2934,117.36
2935,117.4,640,0.8115234375,976,932,1080,1067,1028,999,1028,1064,1.0,0.5029567382508559,0.3702781237027812,yolo,2935,117.4
2936,117.44,640,0.83984375,973,934,1077,1068,1025,1001,1025,1065,1.0,0.5300342359165888,0.3798256537982565,yolo,2936,117.44
2937,117.48,640,0.77197265625,971,935,1073,1068,1022,1001,1022,1065,1.0,0.5580199292831887,0.3935125906956893,yolo,2937,117.48
2938,117.52,640,0.76220703125,967,935,1070,1067,1018,1001,1018,1064,1.0,0.5325806451612903,0.4002525252525252,yolo,2938,117.52
2939,117.56,640,0.5361328125,965,936,1067,1068,1016,1002,1016,1065,1.0,0.5573770491803278,0.4093043107127614,yolo,2939,117.56
2940,117.6,640,0.64599609375,960,936,1064,1068,1012,1002,1012,1065,1.0,0.5346031746031746,0.3748443337484433,yolo,2940,117.6
2945,117.8,640,0.62255859375,936,935,1047,1067,991,1001,991,1064,1.0,0.4618181818181818,0.2451437451437451,yolo,2945,117.8
2946,117.84,640,0.82666015625,929,934,1044,1068,986,1001,986,1065,1.0,0.4487070190394998,0.2212121212121212,yolo,2946,117.84
2947,117.88,640,0.85107421875,923,932,1041,1068,982,1000,982,1065,1.0,0.4302678818006075,0.2257264351523742,yolo,2947,117.88
2948,117.92,640,0.806640625,917,930,1038,1067,977,998,977,1064,1.0,0.3840811965811966,0.1348039215686274,yolo,2948,117.92
2949,117.96,640,0.80078125,912,929,1038,1068,975,998,975,1065,1.0,0.3773584905660377,0.1150033046926635,yolo,2949,117.96
2950,118.0,640,0.83544921875,908,928,1039,1068,973,998,973,1065,1.0,0.3855829704886309,0.1198757763975155,yolo,2950,118.0
2951,118.04,640,0.80322265625,903,927,1041,1068,972,997,972,1065,1.0,0.3891793589452148,0.1290132547864506,yolo,2951,118.04
2952,118.08,640,0.6826171875,899,927,1042,1067,970,997,970,1064,1.0,0.3885476086002633,0.1125714285714285,yolo,2952,118.08
2953,118.12,640,0.5263671875,894,934,1048,1068,971,1001,971,1065,1.0,0.461943917351887,0.1305579156046445,yolo,2953,118.12
2954,118.16,640,0.61669921875,890,933,1055,1068,972,1000,972,1065,1.0,0.4650425826896415,0.1530825496342737,yolo,2954,118.16
2955,118.2,640,0.67041015625,883,915,1017,1068,950,991,950,1064,1.0,0.7141336739037889,0.1516694963214487,yolo,2955,118.2
2956,118.24,640,0.64599609375,881,909,1000,1068,940,988,940,1064,1.0,0.7137978142076503,0.0781440781440781,yolo,2956,118.24
2957,118.28,640,0.6318359375,880,905,995,1068,937,986,937,1064,1.0,0.7028985507246377,0.0434375,yolo,2957,118.28
2958,118.32,640,0.59814453125,879,903,994,1068,936,985,936,1064,1.0,0.697054698457223,0.0432926829268292,yolo,2958,118.32
2959,118.36,640,0.615234375,879,902,994,1068,936,985,936,1064,1.0,0.6853002070393375,0.0393292682926829,yolo,2959,118.36
2960,118.4,640,0.4697265625,879,899,994,1068,936,983,936,1064,1.0,0.6559643255295429,0.0467261904761904,yolo,2960,118.4
2961,118.44,640,0.64599609375,879,901,994,1068,936,984,936,1064,1.0,0.6763285024154589,0.0448170731707317,yolo,2961,118.44
2965,118.6,640,0.4716796875,878,900,991,1067,934,983,934,1063,1.0,0.6741363211951448,0.060670731707317,yolo,2965,118.6
2966,118.64,640,0.4599609375,879,901,991,1067,935,984,935,1063,1.0,0.6870409855484483,0.0592775548008644,yolo,2966,118.64
2967,118.68,640,0.447509765625,879,901,991,1067,935,984,935,1063,1.0,0.6858564321250888,0.0602037665946279,yolo,2967,118.68
2968,118.72,640,0.470703125,879,901,992,1067,935,984,935,1063,1.0,0.6890756302521008,0.0597560975609756,yolo,2968,118.72
2969,118.76,640,0.521484375,880,902,991,1067,935,984,935,1063,1.0,0.7030791788856305,0.0581613508442776,yolo,2969,118.76
2970,118.8,640,0.56591796875,880,902,991,1067,935,984,935,1063,1.0,0.7091886608015641,0.0587867417135709,yolo,2970,118.8
2971,118.84,640,0.67724609375,880,902,992,1067,936,984,936,1063,1.0,0.7087144920558498,0.0577338684779252,yolo,2971,118.84
2972,118.88,640,0.6875,880,902,992,1067,936,984,936,1063,1.0,0.7118440057775638,0.0602037665946279,yolo,2972,118.88
2973,118.92,640,0.65673828125,880,902,992,1067,936,984,936,1063,1.0,0.7140105922002888,0.0537202840382834,yolo,2973,118.92
2974,118.96,640,0.4931640625,880,903,991,1067,935,985,935,1063,1.0,0.7174122174122174,0.0625390869293308,yolo,2974,118.96
2976,119.04,640,0.4775390625,880,904,991,1067,935,985,935,1063,1.0,0.7331378299120235,0.0634615384615384,yolo,2976,119.04
2977,119.08,640,0.55810546875,880,904,991,1067,935,985,935,1063,1.0,0.7321603128054741,0.0618589743589743,yolo,2977,119.08
2978,119.12,640,0.447509765625,880,904,991,1067,935,985,935,1063,1.0,0.7336265884652982,0.0612179487179487,yolo,2978,119.12
2982,119.28,640,0.505859375,879,907,992,1067,935,987,935,1063,1.0,0.7715686274509804,0.0984375,yolo,2982,119.28
2983,119.32,640,0.56982421875,879,906,992,1067,935,986,935,1063,1.0,0.7625361620057859,0.08125,yolo,2983,119.32
2984,119.36,640,0.60400390625,879,906,992,1067,935,986,935,1063,1.0,0.7635004821600772,0.084375,yolo,2984,119.36
2985,119.4,640,0.60400390625,879,905,993,1067,936,986,936,1063,1.0,0.7510097410311238,0.0737341772151898,yolo,2985,119.4
2988,119.52,640,0.56591796875,879,907,992,1067,935,987,935,1063,1.0,0.7767156862745098,0.09875,yolo,2988,119.52
2989,119.56,640,0.5048828125,879,906,993,1067,936,986,936,1063,1.0,0.7571869802803516,0.0816455696202531,yolo,2989,119.56
2991,119.64,640,0.4580078125,879,905,992,1067,935,986,935,1063,1.0,0.7509643201542913,0.06,yolo,2991,119.64
2992,119.68,640,0.56396484375,879,904,994,1068,936,986,936,1064,1.0,0.7310789049919485,0.0597560975609756,yolo,2992,119.68
2993,119.72,640,0.5830078125,879,903,993,1067,936,985,936,1063,1.0,0.7214170692431562,0.0583513430071009,yolo,2993,119.72
2995,119.8,640,0.5419921875,880,908,994,1068,937,988,937,1064,1.0,0.7705314009661836,0.0955696202531645,yolo,2995,119.8
2996,119.84,640,0.482421875,881,910,993,1068,937,989,937,1064,1.0,0.7865671641791044,0.1093800714053878,yolo,2996,119.84
2998,119.92,640,0.56787109375,880,912,993,1068,936,990,936,1064,1.0,0.8000997008973081,0.1362179487179487,yolo,2998,119.92
2999,119.96,640,0.5283203125,880,910,993,1067,936,988,936,1063,1.0,0.7769607843137255,0.0990384615384615,yolo,2999,119.96
3000,120.0,640,0.556640625,879,904,995,1068,937,986,937,1064,1.0,0.7218771566597654,0.043360433604336,yolo,3000,120.0
3001,120.04,640,0.6259765625,879,901,995,1068,937,984,937,1064,1.0,0.7112951460777548,0.0421559771153267,yolo,3001,120.04
3002,120.08,640,0.61328125,879,900,995,1068,937,984,937,1064,1.0,0.6979166666666666,0.0429159318048206,yolo,3002,120.08
3003,120.12,640,0.66015625,879,902,995,1068,937,985,937,1064,1.0,0.7175063262019784,0.040650406504065,yolo,3003,120.12
3004,120.16,640,0.72509765625,879,901,995,1068,937,984,937,1064,1.0,0.7108350586611456,0.0403492923818127,yolo,3004,120.16
3005,120.2,640,0.716796875,879,903,995,1068,937,985,937,1064,1.0,0.7248714352501169,0.0427582053598313,yolo,3005,120.2
3006,120.24,640,0.74609375,879,906,995,1068,937,987,937,1064,1.0,0.7379425041577572,0.0432098765432098,yolo,3006,120.24
3007,120.28,640,0.77880859375,879,909,995,1068,937,988,937,1064,1.0,0.7564742219054407,0.0652105096549541,yolo,3007,120.28
3008,120.32,640,0.7744140625,879,910,995,1068,937,989,937,1064,1.0,0.768840579710145,0.0835707502374169,yolo,3008,120.32
3009,120.36,640,0.78662109375,879,911,995,1068,937,989,937,1064,1.0,0.777536231884058,0.126622348844571,yolo,3009,120.36
3010,120.4,640,0.7841796875,879,912,994,1068,936,990,936,1064,1.0,0.7948906902480963,0.153525641025641,yolo,3010,120.4
3011,120.44,640,0.8173828125,880,913,993,1068,936,990,936,1064,1.0,0.8098377281947262,0.1707236842105263,yolo,3011,120.44
3012,120.48,640,0.8115234375,880,914,993,1068,936,991,936,1064,1.0,0.8070787637088733,0.1684210526315789,yolo,3012,120.48
3013,120.52,640,0.82080078125,880,915,993,1068,936,991,936,1064,1.0,0.8154158215010142,0.1707236842105263,yolo,3013,120.52
3014,120.56,640,0.7890625,880,915,994,1068,937,991,937,1064,1.0,0.811344327836082,0.1718854097268487,yolo,3014,120.56
3015,120.6,640,0.77587890625,880,915,994,1068,937,991,937,1064,1.0,0.8095952023988006,0.1718854097268487,yolo,3015,120.6
3016,120.64,640,0.7958984375,879,916,994,1068,936,992,936,1064,1.0,0.8148425787106447,0.1855263157894736,yolo,3016,120.64
3017,120.68,640,0.7734375,879,916,995,1068,937,992,937,1064,1.0,0.8153423288355822,0.1835607537361923,yolo,3017,120.68
3018,120.72,640,0.7138671875,879,916,995,1068,937,992,937,1064,1.0,0.8153423288355822,0.1770630279402209,yolo,3018,120.72
3019,120.76,640,0.72021484375,879,916,995,1068,937,992,937,1064,1.0,0.8108445777111444,0.1712150747238466,yolo,3019,120.76
3020,120.8,640,0.64794921875,879,916,995,1068,937,992,937,1064,1.0,0.8063468265867066,0.1643924626380766,yolo,3020,120.8
3021,120.84,640,0.5927734375,879,917,995,1067,937,992,937,1064,1.0,0.8080345792016272,0.1341341341341341,yolo,3021,120.84
3022,120.88,640,0.7265625,879,917,994,1067,936,992,936,1064,1.0,0.7981184846173405,0.1155405405405405,yolo,3022,120.88
3023,120.92,640,0.57568359375,879,917,994,1068,936,992,936,1064,1.0,0.7815916603101958,0.0804054054054054,yolo,3023,120.92
3031,121.24,640,0.556640625,881,934,998,1068,939,1001,939,1065,1.0,0.8355742296918768,0.1611234294161123,yolo,3031,121.24
3032,121.28,640,0.57568359375,882,920,999,1067,940,993,940,1064,1.0,0.6701530612244898,0.0592818428184281,yolo,3032,121.28
3034,121.36,640,0.5888671875,889,932,1005,1068,947,1000,947,1065,1.0,0.7584541062801933,0.1005809731299927,yolo,3034,121.36
3037,121.48,640,0.79833984375,889,920,1015,1068,952,994,952,1065,1.0,0.4573809523809524,0.0236866079562708,yolo,3037,121.48
3049,121.96,640,0.7890625,842,898,1002,1068,922,983,922,1064,1.0,0.578125,0.0548469387755102,yolo,3049,121.96
3050,122.0,640,0.796875,849,887,972,1068,910,977,910,1064,1.0,0.6148648648648649,0.0718346253229974,yolo,3050,122.0
3051,122.04,640,0.79443359375,851,882,964,1068,907,975,907,1064,1.0,0.5983193277310924,0.0698369565217391,yolo,3051,122.04
3052,122.08,640,0.74169921875,851,880,962,1068,906,974,906,1064,1.0,0.5837542087542088,0.066557555919258,yolo,3052,122.08
3053,122.12,640,0.75927734375,851,880,961,1068,906,974,906,1064,1.0,0.5827020202020202,0.059408676429953,yolo,3053,122.12
3054,122.16,640,0.7705078125,852,880,962,1068,907,974,907,1064,1.0,0.5917508417508418,0.0610665929814865,yolo,3054,122.16
3055,122.2,640,0.7373046875,852,880,963,1067,907,973,907,1063,1.0,0.5926163038839095,0.0638238573021181,yolo,3055,122.2
3056,122.24,640,0.68603515625,852,880,963,1067,907,973,907,1063,1.0,0.5941101152368758,0.0794314381270903,yolo,3056,122.24
3057,122.28,640,0.64794921875,853,880,962,1067,907,973,907,1063,1.0,0.5949637217242851,0.0723684210526315,yolo,3057,122.28
3058,122.32,640,0.69580078125,853,880,963,1068,908,974,908,1064,1.0,0.5999579124579124,0.0848300635534678,yolo,3058,122.32
3059,122.36,640,0.75634765625,853,881,963,1068,908,974,908,1064,1.0,0.6120358514724712,0.0866741953698475,yolo,3059,122.36
3060,122.4,640,0.450439453125,853,877,965,1068,909,972,909,1064,1.0,0.5966003316749585,0.0832211150013466,yolo,3060,122.4
3062,122.48,640,0.4833984375,844,821,965,1068,904,944,904,1063,1.0,0.2820626477541371,0.0891881342701014,yolo,3062,122.48
3069,122.76,640,0.56396484375,854,877,969,1067,911,972,911,1063,1.0,0.624194847020934,0.0768617021276595,yolo,3069,122.76
3070,122.8,640,0.5107421875,855,887,970,1067,912,977,912,1063,1.0,0.6828644501278772,0.0852777777777777,yolo,3070,122.8
3072,122.88,640,0.517578125,846,822,971,1068,908,945,908,1063,1.0,0.3308960573476702,0.1082339791356184,yolo,3072,122.88
3073,122.92,640,0.5166015625,844,808,971,1069,907,938,907,1063,1.0,0.2675438596491228,0.1108391608391608,yolo,3073,122.92
3074,122.96,640,0.57177734375,842,803,971,1069,906,936,906,1063,1.0,0.2523483117542524,0.1158249158249158,yolo,3074,122.96
3077,123.08,640,0.437744140625,849,849,970,1068,909,958,909,1063,1.0,0.4791666666666667,0.0727513227513227,yolo,3077,123.08
3079,123.16,640,0.451416015625,851,874,970,1068,910,971,910,1064,1.0,0.6216216216216216,0.0850694444444444,yolo,3079,123.16
3080,123.2,640,0.60205078125,852,880,970,1067,911,973,911,1063,1.0,0.6504661773457647,0.0942902042954426,yolo,3080,123.2
3081,123.24,640,0.6875,852,882,969,1067,910,974,910,1063,1.0,0.6661224489795918,0.0882820784729586,yolo,3081,123.24
3082,123.28,640,0.65673828125,851,884,969,1067,910,975,910,1063,1.0,0.6742454728370222,0.114859437751004,yolo,3082,123.28
3083,123.32,640,0.60205078125,851,884,968,1067,909,975,909,1063,1.0,0.6655102040816326,0.1192411924119241,yolo,3083,123.32
3084,123.36,640,0.5947265625,850,879,968,1067,909,973,909,1063,1.0,0.634585289514867,0.1040758779800051,yolo,3084,123.36
3085,123.4,640,0.71240234375,850,882,968,1067,909,974,909,1063,1.0,0.6545271629778672,0.1115767417496071,yolo,3085,123.4
3086,123.44,640,0.75927734375,849,879,968,1067,908,973,908,1063,1.0,0.6466049382716049,0.1106889564336372,yolo,3086,123.44
3087,123.48,640,0.77197265625,848,880,968,1067,908,973,908,1063,1.0,0.6410406885758998,0.0954968944099378,yolo,3087,123.48
3088,123.52,640,0.74755859375,848,880,968,1067,908,973,908,1063,1.0,0.6512128325508607,0.0965320910973085,yolo,3088,123.52
3089,123.56,640,0.76220703125,848,878,968,1068,908,973,908,1064,1.0,0.6356095679012346,0.0853596757852077,yolo,3089,123.56
3090,123.6,640,0.78662109375,847,878,967,1068,907,973,907,1064,1.0,0.6331018518518519,0.0914387031408308,yolo,3090,123.6
3091,123.64,640,0.78125,847,878,967,1068,907,973,907,1064,1.0,0.6317515432098766,0.0914387031408308,yolo,3091,123.64
3092,123.68,640,0.7646484375,847,878,967,1067,907,972,907,1063,1.0,0.6325231481481481,0.0921985815602836,yolo,3092,123.68
3093,123.72,640,0.77978515625,847,876,967,1068,907,972,907,1064,1.0,0.622716894977169,0.0892857142857142,yolo,3093,123.72
3094,123.76,640,0.72021484375,847,875,967,1067,907,971,907,1063,1.0,0.6101598173515982,0.0912698412698412,yolo,3094,123.76
3095,123.8,640,0.66552734375,846,877,967,1067,906,972,906,1063,1.0,0.626929012345679,0.101063829787234,yolo,3095,123.8
3096,123.84,640,0.78515625,847,885,967,1067,907,976,907,1063,1.0,0.659219001610306,0.1013227513227513,yolo,3096,123.84
3097,123.88,640,0.81298828125,848,889,967,1067,907,978,907,1063,1.0,0.6754493464052288,0.1076839826839826,yolo,3097,123.88
3098,123.92,640,0.82568359375,848,889,967,1068,907,978,907,1064,1.0,0.6740196078431373,0.095508658008658,yolo,3098,123.92
3099,123.96,640,0.81884765625,849,888,967,1067,908,977,908,1063,1.0,0.6688069594034797,0.0917305585980284,yolo,3099,123.96
3100,124.0,640,0.8115234375,849,886,967,1067,908,976,908,1063,1.0,0.6667357083678542,0.0931726907630522,yolo,3100,124.0
3101,124.04,640,0.81298828125,850,884,967,1068,908,976,908,1064,1.0,0.6479591836734694,0.088016967126193,yolo,3101,124.04
3102,124.08,640,0.81884765625,850,882,967,1068,908,975,908,1064,1.0,0.6420408163265307,0.0885471898197242,yolo,3102,124.08
3103,124.12,640,0.83544921875,850,881,967,1068,908,974,908,1064,1.0,0.63420523138833,0.0803287380699894,yolo,3103,124.12
3104,124.16,640,0.82666015625,850,881,967,1068,908,974,908,1064,1.0,0.6366197183098592,0.0827147401908801,yolo,3104,124.16
3105,124.2,640,0.8232421875,850,881,967,1068,908,974,908,1064,1.0,0.6329979879275653,0.0623011664899257,yolo,3105,124.2
3106,124.24,640,0.80419921875,850,885,967,1068,908,976,908,1064,1.0,0.6524489795918368,0.0818428184281842,yolo,3106,124.24
3107,124.28,640,0.78125,851,885,968,1067,909,976,909,1063,1.0,0.6577639751552795,0.0726287262872628,yolo,3107,124.28
3108,124.32,640,0.7734375,851,886,968,1067,909,976,909,1063,1.0,0.6611344537815126,0.0834688346883468,yolo,3108,124.32
3109,124.36,640,0.71240234375,851,884,968,1068,909,976,909,1064,1.0,0.633265306122449,0.0657476139978791,yolo,3109,124.36
3110,124.4,640,0.767578125,851,886,968,1067,909,976,909,1063,1.0,0.6493697478991597,0.0707317073170731,yolo,3110,124.4
3111,124.44,640,0.796875,851,889,968,1067,909,978,909,1063,1.0,0.6521008403361345,0.0703991130820399,yolo,3111,124.44
3112,124.48,640,0.7841796875,851,889,970,1067,910,978,910,1063,1.0,0.667687908496732,0.0890151515151515,yolo,3112,124.48
3113,124.52,640,0.74609375,852,889,970,1068,911,978,911,1064,1.0,0.6447804473902237,0.0703723986856516,yolo,3113,124.52
3114,124.56,640,0.7431640625,853,889,970,1068,911,978,911,1064,1.0,0.6504201680672269,0.1058758314855875,yolo,3114,124.56
3115,124.6,640,0.69091796875,853,888,971,1068,912,978,912,1064,1.0,0.6369096934548467,0.0653279785809906,yolo,3115,124.6
3116,124.64,640,0.63330078125,853,889,971,1068,912,978,912,1064,1.0,0.6338028169014085,0.072289156626506,yolo,3116,124.64
3117,124.68,640,0.615234375,853,889,971,1068,912,978,912,1064,1.0,0.62986743993372,0.0638006571741511,yolo,3117,124.68
3118,124.72,640,0.58154296875,854,890,971,1068,912,979,912,1064,1.0,0.6380252100840336,0.0778824833702882,yolo,3118,124.72
3119,124.76,640,0.53515625,854,890,971,1068,912,979,912,1064,1.0,0.634453781512605,0.0715077605321507,yolo,3119,124.76
3120,124.8,640,0.69921875,854,891,971,1068,912,979,912,1064,1.0,0.6424307036247334,0.0709534368070953,yolo,3120,124.8
3121,124.84,640,0.611328125,854,891,971,1068,912,979,912,1064,1.0,0.6407249466950959,0.073170731707317,yolo,3121,124.84
3122,124.88,640,0.6689453125,854,890,972,1068,913,979,913,1064,1.0,0.6309030654515327,0.0698247535596933,yolo,3122,124.88
3123,124.92,640,0.73095703125,855,891,972,1068,913,979,913,1064,1.0,0.6402985074626866,0.0598669623059867,yolo,3123,124.92
3124,124.96,640,0.72021484375,855,891,972,1068,913,979,913,1064,1.0,0.6396588486140725,0.0618070953436807,yolo,3124,124.96
3125,125.0,640,0.53515625,855,890,972,1067,913,978,913,1063,1.0,0.6371002132196162,0.0703991130820399,yolo,3125,125.0
3126,125.04,640,0.55810546875,855,889,972,1068,913,978,913,1064,1.0,0.6271008403361344,0.0681818181818181,yolo,3126,125.04
3127,125.08,640,0.5927734375,855,889,972,1068,913,978,913,1064,1.0,0.6233193277310924,0.0723392461197339,yolo,3127,125.08
3128,125.12,640,0.5869140625,855,889,972,1068,913,978,913,1064,1.0,0.6298319327731092,0.0690133037694013,yolo,3128,125.12
3129,125.16,640,0.56787109375,855,888,972,1068,913,978,913,1064,1.0,0.630672268907563,0.0728997289972899,yolo,3129,125.16
3130,125.2,640,0.6494140625,854,888,972,1068,913,978,913,1064,1.0,0.6333885666942833,0.0918340026773761,yolo,3130,125.2
3131,125.24,640,0.615234375,854,888,973,1068,913,978,913,1064,1.0,0.6329656862745098,0.0925925925925925,yolo,3131,125.24
3132,125.28,640,0.6806640625,854,888,972,1068,913,978,913,1064,1.0,0.6379453189726595,0.1153949129852744,yolo,3132,125.28
3133,125.32,640,0.5849609375,854,888,973,1068,913,978,913,1064,1.0,0.6366421568627451,0.1021164021164021,yolo,3133,125.32
3134,125.36,640,0.521484375,853,889,973,1067,913,978,913,1063,1.0,0.6390931372549019,0.0974025974025974,yolo,3134,125.36
3138,125.52,640,0.546875,854,891,975,1068,914,979,914,1064,1.0,0.6546434494195689,0.1068722943722943,yolo,3138,125.52
3139,125.56,640,0.5439453125,855,891,976,1068,915,979,915,1064,1.0,0.646558872305141,0.0982142857142857,yolo,3139,125.56
3140,125.6,640,0.448486328125,855,891,976,1068,915,979,915,1064,1.0,0.6517412935323383,0.0992965367965368,yolo,3140,125.6
3144,125.76,640,0.448486328125,855,893,975,1068,915,980,915,1064,1.0,0.6662457912457912,0.1240310077519379,yolo,3144,125.76
3147,125.88,640,0.490234375,855,892,975,1067,915,979,915,1063,1.0,0.6603535353535354,0.1151716500553709,yolo,3147,125.88
3149,125.96,640,0.4697265625,855,891,975,1068,915,979,915,1064,1.0,0.6515339966832504,0.1139069264069264,yolo,3149,125.96
3150,126.0,640,0.5390625,855,890,975,1067,915,978,915,1063,1.0,0.646351575456053,0.1125541125541125,yolo,3150,126.0
3151,126.04,640,0.615234375,855,890,975,1068,915,979,915,1064,1.0,0.6444035947712419,0.112012987012987,yolo,3151,126.04
3152,126.08,640,0.67578125,855,889,975,1068,915,978,915,1064,1.0,0.6343954248366013,0.1103896103896103,yolo,3152,126.08
3153,126.12,640,0.69287109375,856,889,976,1067,916,978,916,1063,1.0,0.6266339869281046,0.1033549783549783,yolo,3153,126.12
3154,126.16,640,0.767578125,855,889,975,1068,915,978,915,1064,1.0,0.6209150326797386,0.1149891774891774,yolo,3154,126.16
3155,126.2,640,0.82568359375,856,889,976,1068,916,978,916,1064,1.0,0.6156045751633987,0.0995670995670995,yolo,3155,126.2
3156,126.24,640,0.83740234375,856,890,976,1068,916,979,916,1064,1.0,0.6252042483660131,0.1047077922077922,yolo,3156,126.24
3157,126.28,640,0.82080078125,856,889,976,1068,916,978,916,1064,1.0,0.6127450980392157,0.0938852813852813,yolo,3157,126.28
3158,126.32,640,0.8291015625,856,889,976,1067,916,978,916,1063,1.0,0.6133578431372549,0.0911796536796536,yolo,3158,126.32
3159,126.36,640,0.74169921875,856,890,975,1068,915,979,915,1064,1.0,0.6205065359477124,0.0919913419913419,yolo,3159,126.36
3160,126.4,640,0.70751953125,856,891,975,1067,915,979,915,1063,1.0,0.6324626865671642,0.0928030303030303,yolo,3160,126.4
3161,126.44,640,0.6513671875,856,892,976,1067,916,979,916,1063,1.0,0.6433080808080808,0.0813953488372093,yolo,3161,126.44
3162,126.48,640,0.6689453125,855,892,975,1067,915,979,915,1063,1.0,0.6367845117845118,0.0869324473975636,yolo,3162,126.48
3163,126.52,640,0.78515625,856,894,975,1067,915,980,915,1063,1.0,0.6388888888888888,0.092469545957918,yolo,3163,126.52
3164,126.56,640,0.79296875,855,894,975,1068,915,981,915,1064,1.0,0.6317340067340067,0.0930232558139534,yolo,3164,126.56
3165,126.6,640,0.8154296875,855,895,975,1068,915,981,915,1064,1.0,0.6327861952861953,0.0913621262458471,yolo,3165,126.6
3166,126.64,640,0.80908203125,855,896,974,1068,914,982,914,1064,1.0,0.6329059829059829,0.0980066445182724,yolo,3166,126.64
3167,126.68,640,0.7646484375,855,895,974,1068,914,981,914,1064,1.0,0.6174242424242424,0.1090808416389811,yolo,3167,126.68
3168,126.72,640,0.79443359375,855,895,974,1067,914,981,914,1063,1.0,0.6053418803418803,0.1204318936877076,yolo,3168,126.72
3169,126.76,640,0.84912109375,855,895,975,1068,915,981,915,1064,1.0,0.6083754208754208,0.1018826135105204,yolo,3169,126.76
3170,126.8,640,0.85302734375,855,897,975,1067,915,982,915,1063,1.0,0.6154513888888888,0.1139455782312925,yolo,3170,126.8
3171,126.84,640,0.83544921875,856,899,976,1067,916,983,916,1063,1.0,0.6193576388888888,0.1136621315192743,yolo,3171,126.84
3172,126.88,640,0.79296875,857,899,978,1067,917,983,917,1063,1.0,0.6087239583333334,0.0963718820861678,yolo,3172,126.88
3173,126.92,640,0.78515625,858,902,980,1067,919,984,919,1063,1.0,0.6184268669907202,0.1073170731707317,yolo,3173,126.92
3174,126.96,640,0.8115234375,861,907,983,1067,922,987,922,1063,1.0,0.6502283105022831,0.1191176470588235,yolo,3174,126.96
3175,127.0,640,0.767578125,864,913,986,1067,925,990,925,1063,1.0,0.6837706059902484,0.0786377708978328,yolo,3175,127.0
3176,127.04,640,0.80078125,868,908,990,1067,929,987,929,1063,1.0,0.6025151583202335,0.0621417797888386,yolo,3176,127.04
3177,127.08,640,0.830078125,872,908,993,1067,932,987,932,1063,1.0,0.5660291438979964,0.0405982905982906,yolo,3177,127.08
3178,127.12,640,0.80322265625,877,910,995,1067,936,988,936,1063,1.0,0.5446009389671361,0.0139017608897126,yolo,3178,127.12
3179,127.16,640,0.7890625,883,911,996,1068,939,989,939,1064,1.0,0.5144607843137254,0.0269230769230769,yolo,3179,127.16
3180,127.2,640,0.78515625,890,915,1004,1067,947,991,947,1063,1.0,0.4952523738130934,0.0389740173217854,yolo,3180,127.2
3181,127.24,640,0.8232421875,894,919,1008,1068,951,993,951,1065,1.0,0.4609712687515891,0.0670543961683202,yolo,3181,127.24
3185,127.4,640,0.57177734375,926,937,1025,1067,975,1002,975,1064,1.0,0.3809523809523809,0.0897321428571428,yolo,3185,127.4
3188,127.52,640,0.556640625,952,947,1047,1068,999,1007,999,1065,1.0,0.3401983218916857,0.1262626262626262,yolo,3188,127.52
3189,127.56,640,0.607421875,957,951,1052,1068,1004,1009,1004,1065,1.0,0.3026315789473684,0.1394984326018808,yolo,3189,127.56
3190,127.6,640,0.57177734375,961,953,1055,1068,1008,1010,1008,1065,1.0,0.2717258261933905,0.1269230769230769,yolo,3190,127.6
3191,127.64,640,0.6806640625,964,956,1060,1069,1012,1012,1012,1066,1.0,0.259077927376581,0.0922174840085287,yolo,3191,127.64
3208,128.32,640,0.5078125,1037,934,1123,1068,1080,1001,1080,1065,1.0,0.2506728181468666,0.0700447093889716,yolo,3208,128.32
3209,128.36,640,0.498046875,1020,931,1129,1068,1074,999,1074,1065,1.0,0.2832167832167832,0.1729876160990712,yolo,3209,128.36
3210,128.4,640,0.7265625,1016,929,1134,1068,1075,998,1075,1065,1.0,0.301355301621047,0.2129695251594613,yolo,3210,128.4
3211,128.44,640,0.521484375,1032,927,1140,1067,1086,997,1086,1064,1.0,0.3190130624092888,0.0952380952380952,yolo,3211,128.44
3214,128.56,640,0.7265625,1049,920,1159,1067,1104,993,1104,1064,1.0,0.4001623376623376,0.0613275613275613,yolo,3214,128.56
3215,128.6,640,0.7294921875,1051,917,1163,1068,1107,992,1107,1064,1.0,0.4396438858339879,0.081081081081081,yolo,3215,128.6
3216,128.64,640,0.75341796875,1050,914,1168,1068,1109,991,1109,1064,1.0,0.4888994986870374,0.1020925808497146,yolo,3216,128.64
3217,128.68,640,0.80419921875,1052,912,1172,1067,1112,989,1112,1063,1.0,0.5134099616858238,0.1118421052631579,yolo,3217,128.68
3218,128.72,640,0.8154296875,1053,910,1174,1068,1113,989,1113,1064,1.0,0.4939814814814814,0.0915750915750915,yolo,3218,128.72
3219,128.76,640,0.8173828125,1053,910,1176,1068,1114,989,1114,1064,1.0,0.5139639639639639,0.1031604054859868,yolo,3219,128.76
3220,128.8,640,0.81640625,1053,909,1176,1068,1114,988,1114,1064,1.0,0.5155073105892778,0.1052474657125819,yolo,3220,128.8
3221,128.84,640,0.82421875,1053,908,1175,1068,1114,988,1114,1064,1.0,0.5210045662100456,0.105,yolo,3221,128.84
3222,128.88,640,0.83740234375,1053,907,1174,1068,1113,987,1113,1064,1.0,0.5152550091074681,0.0922619047619047,yolo,3222,128.88
3223,128.92,640,0.8408203125,1053,907,1174,1068,1113,987,1113,1064,1.0,0.5150273224043715,0.1020833333333333,yolo,3223,128.92
3224,128.96,640,0.8447265625,1052,907,1173,1068,1112,987,1112,1064,1.0,0.5122950819672131,0.1157738095238095,yolo,3224,128.96
3225,129.0,640,0.8427734375,1052,907,1172,1068,1112,987,1112,1064,1.0,0.5191256830601093,0.1142857142857142,yolo,3225,129.0
3226,129.04,640,0.8427734375,1051,907,1172,1068,1111,987,1111,1064,1.0,0.5193533697632058,0.1175595238095238,yolo,3226,129.04
3227,129.08,640,0.841796875,1050,907,1171,1068,1110,987,1110,1064,1.0,0.5043260473588342,0.1038690476190476,yolo,3227,129.08
3228,129.12,640,0.83740234375,1051,907,1170,1068,1110,987,1110,1064,1.0,0.5063752276867031,0.0866071428571428,yolo,3228,129.12
3229,129.16,640,0.83203125,1052,907,1170,1068,1111,987,1111,1064,1.0,0.5021934888016625,0.0816265060240963,yolo,3229,129.16
3230,129.2,640,0.8310546875,1052,907,1170,1068,1111,987,1111,1064,1.0,0.5118910182405911,0.1063253012048192,yolo,3230,129.2
3231,129.24,640,0.82421875,1053,907,1170,1068,1111,987,1111,1064,1.0,0.5030444964871195,0.0905487804878048,yolo,3231,129.24
3232,129.28,640,0.8291015625,1053,907,1169,1067,1111,987,1111,1063,1.0,0.4876811594202898,0.099074074074074,yolo,3232,129.28
3233,129.32,640,0.83203125,1054,907,1169,1067,1111,987,1111,1063,1.0,0.4939613526570048,0.105,yolo,3233,129.32
3234,129.36,640,0.83447265625,1055,907,1170,1067,1112,987,1112,1063,1.0,0.5002415458937198,0.0915625,yolo,3234,129.36
3235,129.4,640,0.80810546875,1054,906,1170,1067,1112,986,1112,1063,1.0,0.4697077690662865,0.0817901234567901,yolo,3235,129.4
3236,129.44,640,0.8310546875,1054,906,1170,1068,1112,987,1112,1064,1.0,0.473271560940841,0.1052469135802469,yolo,3236,129.44
3237,129.48,640,0.8310546875,1053,906,1170,1068,1111,987,1111,1064,1.0,0.4515222482435597,0.1054878048780487,yolo,3237,129.48
3238,129.52,640,0.82421875,1055,906,1171,1068,1113,987,1113,1064,1.0,0.460679496317415,0.1138888888888888,yolo,3238,129.52
3239,129.56,640,0.8408203125,1057,906,1171,1068,1114,987,1114,1064,1.0,0.4545022570681872,0.120253164556962,yolo,3239,129.56
3240,129.6,640,0.82080078125,1058,906,1172,1068,1115,987,1115,1064,1.0,0.4839629365645046,0.1417721518987341,yolo,3240,129.6
3241,129.64,640,0.8388671875,1059,906,1172,1068,1115,987,1115,1064,1.0,0.4703471552555448,0.1334375,yolo,3241,129.64
3242,129.68,640,0.84912109375,1060,906,1173,1068,1116,987,1116,1064,1.0,0.4773384763741562,0.1525,yolo,3242,129.68
3243,129.72,640,0.83984375,1061,906,1173,1068,1117,987,1117,1064,1.0,0.4844629312454123,0.1370253164556962,yolo,3243,129.72
3244,129.76,640,0.845703125,1061,906,1173,1068,1117,987,1117,1064,1.0,0.4832395400048935,0.1344936708860759,yolo,3244,129.76
3245,129.8,640,0.84375,1062,906,1174,1067,1118,986,1118,1063,1.0,0.4754098360655737,0.1224683544303797,yolo,3245,129.8
3246,129.84,640,0.845703125,1062,907,1175,1067,1118,987,1118,1063,1.0,0.4946078431372549,0.1478125,yolo,3246,129.84
3247,129.88,640,0.83349609375,1063,907,1175,1067,1119,987,1119,1063,1.0,0.4410447761194029,0.1151898734177215,yolo,3247,129.88
3248,129.92,640,0.8310546875,1063,907,1176,1067,1119,987,1119,1063,1.0,0.4566176470588235,0.138125,yolo,3248,129.92
3249,129.96,640,0.82666015625,1064,907,1177,1067,1120,987,1120,1063,1.0,0.4397058823529411,0.1290625,yolo,3249,129.96
3250,130.0,640,0.83203125,1065,907,1177,1067,1121,987,1121,1063,1.0,0.46318407960199,0.1598101265822784,yolo,3250,130.0
3251,130.04,640,0.83447265625,1065,908,1178,1068,1121,988,1121,1064,1.0,0.4625,0.1653125,yolo,3251,130.04
3252,130.08,640,0.83642578125,1066,908,1178,1068,1122,988,1122,1064,1.0,0.4427860696517413,0.1797468354430379,yolo,3252,130.08
3253,130.12,640,0.83740234375,1067,908,1178,1068,1122,988,1122,1064,1.0,0.4414141414141414,0.1493589743589743,yolo,3253,130.12
3254,130.16,640,0.84814453125,1067,908,1179,1068,1123,988,1123,1064,1.0,0.4562189054726368,0.2009493670886075,yolo,3254,130.16
3255,130.2,640,0.8408203125,1068,908,1179,1068,1123,988,1123,1064,1.0,0.4449494949494949,0.1589743589743589,yolo,3255,130.2
3256,130.24,640,0.8388671875,1068,908,1180,1068,1124,988,1124,1064,1.0,0.4517412935323383,0.190506329113924,yolo,3256,130.24
3257,130.28,640,0.81982421875,1068,908,1180,1068,1124,988,1124,1064,1.0,0.4400497512437811,0.1946202531645569,yolo,3257,130.28
3258,130.32,640,0.82666015625,1069,909,1181,1068,1125,988,1125,1064,1.0,0.4524100807438219,0.1911716975008114,yolo,3258,130.32
3259,130.36,640,0.82763671875,1068,909,1180,1068,1124,988,1124,1064,1.0,0.4440910203082946,0.1798117494320026,yolo,3259,130.36
3260,130.4,640,0.83544921875,1068,909,1181,1068,1124,988,1124,1064,1.0,0.4472034715525554,0.1932692307692307,yolo,3260,130.4
3261,130.44,640,0.83544921875,1068,909,1181,1067,1124,988,1124,1063,1.0,0.429656862745098,0.1846153846153846,yolo,3261,130.44
3262,130.48,640,0.8310546875,1068,909,1181,1067,1124,988,1124,1063,1.0,0.4303921568627451,0.1701923076923077,yolo,3262,130.48
3263,130.52,640,0.82080078125,1069,910,1182,1067,1125,988,1125,1063,1.0,0.4409313725490196,0.1708333333333333,yolo,3263,130.52
3264,130.56,640,0.83984375,1070,910,1182,1067,1126,988,1126,1063,1.0,0.4437810945273632,0.2061019149626744,yolo,3264,130.56
3265,130.6,640,0.841796875,1070,910,1182,1067,1126,988,1126,1063,1.0,0.4243781094527363,0.1846802986043492,yolo,3265,130.6
3266,130.64,640,0.84375,1070,910,1182,1067,1126,988,1126,1063,1.0,0.4293532338308458,0.204803635183382,yolo,3266,130.64
3267,130.68,640,0.84375,1070,911,1182,1068,1126,989,1126,1064,1.0,0.4353233830845771,0.1963648166179811,yolo,3267,130.68
3268,130.72,640,0.841796875,1070,911,1183,1068,1126,989,1126,1064,1.0,0.4392156862745098,0.2076923076923077,yolo,3268,130.72
3269,130.76,640,0.85009765625,1070,911,1183,1068,1126,989,1126,1064,1.0,0.4372549019607843,0.2333333333333333,yolo,3269,130.76
3270,130.8,640,0.83544921875,1070,911,1183,1068,1126,989,1126,1064,1.0,0.4375,0.2496794871794871,yolo,3270,130.8
3271,130.84,640,0.8388671875,1070,911,1182,1068,1126,989,1126,1064,1.0,0.427363184079602,0.2411554690035702,yolo,3271,130.84
3272,130.88,640,0.82763671875,1070,911,1183,1068,1126,989,1126,1064,1.0,0.4450980392156862,0.246474358974359,yolo,3272,130.88
3273,130.92,640,0.8310546875,1070,912,1182,1068,1126,990,1126,1064,1.0,0.4495320010118897,0.2356377799415774,yolo,3273,130.92
3274,130.96,640,0.84814453125,1069,913,1181,1068,1125,990,1125,1064,1.0,0.4508492022645394,0.254163890739507,yolo,3274,130.96
3275,131.0,640,0.84716796875,1065,915,1181,1068,1123,991,1123,1064,1.0,0.4467766116941529,0.2248213125406107,yolo,3275,131.0
3276,131.04,640,0.8447265625,1060,916,1179,1068,1119,992,1119,1064,1.0,0.4113984674329501,0.1390977443609022,yolo,3276,131.04
3277,131.08,640,0.83203125,1056,918,1177,1068,1116,993,1116,1065,1.0,0.4117933723196881,0.119047619047619,yolo,3277,131.08
3278,131.12,640,0.78125,1050,920,1173,1068,1111,994,1111,1065,1.0,0.3933397683397683,0.1106222501571338,yolo,3278,131.12
3279,131.16,640,0.7890625,1036,924,1169,1068,1102,996,1102,1065,1.0,0.35,0.0833333333333333,yolo,3279,131.16
3280,131.2,640,0.83349609375,1019,927,1162,1068,1090,997,1090,1065,1.0,0.3080298376480913,0.1417142857142857,yolo,3280,131.2
3282,131.28,640,0.521484375,1029,930,1149,1068,1089,999,1089,1065,1.0,0.2990041928721174,0.0931372549019607,yolo,3282,131.28
3284,131.36,640,0.7490234375,969,930,1136,1068,1052,999,1052,1065,1.0,0.3120754716981132,0.2588742393509128,yolo,3284,131.36
3289,131.56,640,0.49609375,918,941,1104,1067,1011,1004,1011,1064,1.0,0.2888513513513513,0.2775178527456292,yolo,3289,131.56
3290,131.6,640,0.6689453125,912,941,1097,1068,1004,1004,1004,1065,1.0,0.3415915915915916,0.271712158808933,yolo,3290,131.6
3291,131.64,640,0.77197265625,910,939,1088,1067,999,1003,999,1064,1.0,0.3881365630364295,0.2965,yolo,3291,131.64
3292,131.68,640,0.56005859375,914,937,1079,1068,996,1002,996,1065,1.0,0.4440321583178726,0.2898706896551724,yolo,3292,131.68
3293,131.72,640,0.7841796875,914,935,1069,1068,991,1001,991,1065,1.0,0.465528146742568,0.2912457912457912,yolo,3293,131.72
3294,131.76,640,0.74169921875,908,934,1058,1068,983,1001,983,1065,1.0,0.4668845315904139,0.2427128427128427,yolo,3294,131.76
3295,131.8,640,0.8017578125,902,934,1049,1068,975,1001,975,1065,1.0,0.4429590017825311,0.2002376708259061,yolo,3295,131.8
3296,131.84,640,0.76220703125,896,939,1039,1068,967,1003,967,1065,1.0,0.4565733270052207,0.175,yolo,3296,131.84
3297,131.88,640,0.7607421875,889,941,1028,1068,958,1004,958,1065,1.0,0.4935515873015873,0.1158657011191573,yolo,3297,131.88
3298,131.92,640,0.7294921875,883,942,1014,1067,948,1004,948,1064,1.0,0.5570103655210038,0.1451612903225806,yolo,3298,131.92
3299,131.96,640,0.822265625,876,942,1006,1067,941,1004,941,1064,1.0,0.5684669939989089,0.0992555831265508,yolo,3299,131.96
3300,132.0,640,0.7607421875,870,940,995,1068,932,1004,932,1065,1.0,0.5374149659863946,0.0546875,yolo,3300,132.0
3308,132.32,640,0.86328125,819,931,962,1068,890,999,890,1065,1.0,0.3466010733452594,0.103235294117647,yolo,3308,132.32
3309,132.36,640,0.8671875,817,932,962,1068,889,1000,889,1065,1.0,0.329727293216137,0.1265859284890426,yolo,3309,132.36
3310,132.4,640,0.82666015625,814,934,961,1068,887,1001,887,1065,1.0,0.3467023172905525,0.1580510992275698,yolo,3310,132.4
3311,132.44,640,0.73876953125,812,935,961,1068,886,1001,886,1065,1.0,0.3566448801742919,0.1424825174825174,yolo,3311,132.44
3312,132.48,640,0.64599609375,810,936,961,1068,885,1002,885,1065,1.0,0.3664444444444444,0.138650657518582,yolo,3312,132.48
3313,132.52,640,0.65673828125,809,936,962,1068,885,1002,885,1065,1.0,0.3558695652173913,0.1296296296296296,yolo,3313,132.52
3314,132.56,640,0.73583984375,809,936,962,1068,885,1002,885,1065,1.0,0.3554347826086956,0.1307519640852974,yolo,3314,132.56
3315,132.6,640,0.77197265625,809,936,962,1068,885,1002,885,1065,1.0,0.345,0.1214927048260381,yolo,3315,132.6
3316,132.64,640,0.83203125,810,935,962,1068,886,1001,886,1065,1.0,0.3402283990519285,0.1155480033984706,yolo,3316,132.64
3317,132.68,640,0.85107421875,812,935,961,1068,886,1001,886,1065,1.0,0.3270152505446623,0.0827505827505827,yolo,3317,132.68
3318,132.72,640,0.86083984375,814,933,960,1068,887,1000,887,1065,1.0,0.3116970926301555,0.1006178287731685,yolo,3318,132.72
3319,132.76,640,0.8818359375,816,933,960,1068,888,1000,888,1065,1.0,0.3098940725715574,0.081008100810081,yolo,3319,132.76
3320,132.8,640,0.86962890625,819,933,959,1068,889,1000,889,1065,1.0,0.3029878618113912,0.0735930735930736,yolo,3320,132.8
3321,132.84,640,0.8447265625,822,934,960,1068,891,1001,891,1065,1.0,0.2686038270729978,0.0796626054358013,yolo,3321,132.84
3322,132.88,640,0.6298828125,820,935,961,1068,890,1001,890,1065,1.0,0.2558356676003734,0.1453308596165739,yolo,3322,132.88
3323,132.92,640,0.74462890625,791,936,967,1068,879,1002,879,1065,1.0,0.2980952380952381,0.3116531165311653,yolo,3323,132.92
3362,134.48,826,0.5078125,863,890,977,1068,920,979,920,1064,1.0,0.5739556692242114,0.024741081703107,yolo,3737,149.48
3363,134.52,826,0.450439453125,862,903,977,1071,919,987,919,1067,1.0,0.6490036231884058,0.0279761904761904,yolo,3738,149.52
3364,134.56,826,0.5947265625,862,901,976,1072,919,986,919,1068,1.0,0.6430323299888517,0.0238095238095238,yolo,3739,149.56
3365,134.6,826,0.505859375,863,900,976,1071,919,985,919,1067,1.0,0.6389140271493212,0.0273809523809523,yolo,3740,149.6
3366,134.64,826,0.5849609375,863,899,977,1071,920,985,920,1067,1.0,0.6316610925306577,0.031498380924345,yolo,3741,149.64
3367,134.68,826,0.45703125,863,898,977,1071,920,984,920,1067,1.0,0.6242863416776461,0.0326758904916102,yolo,3742,149.68
3368,134.72,826,0.62451171875,864,897,977,1070,920,983,920,1066,1.0,0.6196524064171123,0.043313953488372,yolo,3743,149.72
3369,134.76,826,0.62451171875,864,897,977,1070,920,983,920,1066,1.0,0.6189839572192514,0.040406976744186,yolo,3744,149.76
3370,134.8,826,0.58154296875,863,896,977,1070,920,983,920,1066,1.0,0.6097935880544576,0.0415072122460995,yolo,3745,149.8
3371,134.84,826,0.5849609375,864,896,977,1070,920,983,920,1066,1.0,0.6107397504456328,0.025,yolo,3746,149.84
3372,134.88,826,0.55078125,864,896,977,1070,920,983,920,1066,1.0,0.6100713012477719,0.025,yolo,3747,149.88
3373,134.92,826,0.56396484375,864,895,977,1069,920,982,920,1065,1.0,0.6040552584670231,0.0252906976744186,yolo,3748,149.92
3374,134.96,826,0.5849609375,863,895,978,1069,920,982,920,1065,1.0,0.6025472112428634,0.0252906976744186,yolo,3749,149.96
3375,135.0,826,0.515625,863,895,977,1069,920,982,920,1065,1.0,0.6064997804128239,0.0270827200471003,yolo,3750,150.0
3376,135.04,826,0.4599609375,862,895,977,1069,919,982,919,1065,1.0,0.6080368906455863,0.0313953488372093,yolo,3751,150.04
3377,135.08,826,0.4580078125,863,894,977,1069,920,981,920,1065,1.0,0.6082564778216952,0.0326758904916102,yolo,3752,150.08
3378,135.12,826,0.515625,863,894,977,1069,920,981,920,1065,1.0,0.6067193675889329,0.0312040035325287,yolo,3753,150.12
3379,135.16,826,0.546875,863,894,977,1069,920,981,920,1065,1.0,0.6054018445322793,0.0303208713570797,yolo,3754,150.16
3380,135.2,826,0.5322265625,863,893,977,1069,920,981,920,1065,1.0,0.6006921912178239,0.038837744533947,yolo,3755,150.2
3381,135.24,826,0.5380859375,863,892,978,1069,920,980,920,1065,1.0,0.5952844473285746,0.0377840909090909,yolo,3756,150.24
3382,135.28,826,0.5146484375,863,892,978,1069,920,980,920,1065,1.0,0.5970149253731343,0.0451704545454545,yolo,3757,150.28
3383,135.32,826,0.61669921875,863,893,978,1069,920,981,920,1065,1.0,0.6039368375513736,0.034090909090909,yolo,3758,150.32
3384,135.36,826,0.66015625,863,893,978,1069,920,981,920,1065,1.0,0.6058836253515033,0.0352272727272727,yolo,3759,150.36
3385,135.4,826,0.5419921875,863,894,978,1068,920,981,920,1064,1.0,0.6071585419411506,0.0351744186046511,yolo,3760,150.4
3386,135.44,826,0.4853515625,863,894,978,1068,920,981,920,1064,1.0,0.6067193675889329,0.0337209302325581,yolo,3761,150.44
3387,135.48,826,0.609375,863,894,978,1068,920,981,920,1064,1.0,0.6086956521739131,0.0299418604651162,yolo,3762,150.48
3388,135.52,826,0.6318359375,862,894,977,1068,919,981,919,1064,1.0,0.6084760649978042,0.0305232558139534,yolo,3763,150.52
3389,135.56,826,0.5849609375,862,894,977,1068,919,981,919,1064,1.0,0.6091348265261308,0.0311046511627906,yolo,3764,150.56
3390,135.6,826,0.65673828125,861,894,978,1068,919,981,919,1064,1.0,0.6067099567099568,0.0326148610323312,yolo,3765,150.6
3391,135.64,826,0.6875,861,893,978,1068,919,980,919,1064,1.0,0.6041125541125542,0.0300623936471922,yolo,3766,150.64
3392,135.68,826,0.67236328125,861,898,978,1068,919,983,919,1064,1.0,0.6377232142857143,0.0203252032520325,yolo,3767,150.68
3393,135.72,826,0.61669921875,860,895,978,1068,919,981,919,1064,1.0,0.6060606060606061,0.0425889604931353,yolo,3768,150.72
3394,135.76,826,0.615234375,860,894,977,1068,918,981,918,1064,1.0,0.6010822510822511,0.0433919455473624,yolo,3769,150.76
3395,135.8,826,0.658203125,859,894,976,1067,917,980,917,1063,1.0,0.5965367965367966,0.0399886557005104,yolo,3770,150.8
3397,135.88,826,0.72314453125,856,899,976,1068,916,983,916,1064,1.0,0.6143162393162394,0.0348639455782312,yolo,3772,150.88
3398,135.92,826,0.57568359375,854,900,978,1068,916,984,916,1064,1.0,0.60125,0.0314723590585659,yolo,3773,150.92
3399,135.96,826,0.72802734375,851,901,978,1068,914,984,914,1064,1.0,0.595655806182122,0.0304878048780487,yolo,3774,150.96
3400,136.0,826,0.8154296875,849,902,978,1068,913,985,913,1064,1.0,0.5742775742775743,0.0300813008130081,yolo,3775,151.0
3401,136.04,826,0.861328125,846,902,980,1068,913,985,913,1064,1.0,0.5432098765432098,0.029635457644899,yolo,3776,151.04
3402,136.08,826,0.884765625,843,903,981,1068,912,985,912,1064,1.0,0.5289545277885737,0.0213728941413125,yolo,3777,151.08
3403,136.12,826,0.896484375,840,905,982,1068,911,986,911,1064,1.0,0.5129032258064516,0.0224747474747474,yolo,3778,151.12
3404,136.16,826,0.89892578125,838,906,982,1068,910,987,910,1064,1.0,0.5066892783116639,0.041089108910891,yolo,3779,151.16
3405,136.2,826,0.8916015625,835,907,982,1068,908,987,908,1064,1.0,0.5050298062593145,0.0355392156862745,yolo,3780,151.2
3406,136.24,826,0.86962890625,833,908,983,1068,908,988,908,1064,1.0,0.4898148148148148,0.0419047619047619,yolo,3781,151.24
3407,136.28,826,0.85107421875,830,908,983,1068,906,988,906,1064,1.0,0.4847826086956521,0.0502314814814814,yolo,3782,151.28
3408,136.32,826,0.85888671875,829,909,982,1068,905,988,905,1064,1.0,0.4759444048467569,0.074074074074074,yolo,3783,151.32
3409,136.36,826,0.84912109375,827,911,982,1068,904,989,904,1064,1.0,0.4829749103942652,0.0633903133903134,yolo,3784,151.36
3410,136.4,826,0.85400390625,825,911,981,1068,903,989,903,1064,1.0,0.4933691756272401,0.1206774876499647,yolo,3785,151.4
3411,136.44,826,0.82080078125,824,913,980,1068,902,990,902,1064,1.0,0.4961067853170189,0.1202317720907774,yolo,3786,151.44
3412,136.48,826,0.85302734375,822,913,980,1068,901,990,901,1064,1.0,0.490562613430127,0.1375059269796112,yolo,3787,151.48
3413,136.52,826,0.82568359375,821,915,979,1068,900,991,900,1064,1.0,0.4780399274047187,0.1154575628259838,yolo,3788,151.52
3414,136.56,826,0.85986328125,821,917,978,1068,899,992,899,1064,1.0,0.4957073534901082,0.1004914004914005,yolo,3789,151.56
3415,136.6,826,0.85595703125,820,918,975,1068,897,993,897,1065,1.0,0.5144312393887945,0.1061061061061061,yolo,3790,151.6
3416,136.64,826,0.84716796875,821,919,973,1068,897,993,897,1065,1.0,0.5178330441488336,0.0833543824198029,yolo,3791,151.64
3417,136.68,826,0.84716796875,822,919,970,1068,896,993,896,1065,1.0,0.5231618371772127,0.0881658357386512,yolo,3792,151.68
3418,136.72,826,0.84716796875,826,920,968,1067,897,993,897,1064,1.0,0.5489495798319328,0.0524691358024691,yolo,3793,151.72
3419,136.76,826,0.8662109375,829,920,967,1067,898,993,898,1064,1.0,0.5550774526678142,0.0412371134020618,yolo,3794,151.76
3420,136.8,826,0.82763671875,834,920,968,1067,901,993,901,1064,1.0,0.5522486772486772,0.0316606929510155,yolo,3795,151.8
3421,136.84,826,0.85400390625,839,921,971,1068,905,994,905,1065,1.0,0.5562839059674503,0.0176224611708482,yolo,3796,151.84
3422,136.88,826,0.85498046875,844,922,975,1067,909,994,909,1064,1.0,0.5571095571095571,0.0178140096618357,yolo,3797,151.88
3423,136.92,826,0.88427734375,850,924,981,1068,915,996,915,1065,1.0,0.5386946386946387,0.0486111111111111,yolo,3798,151.92
3424,136.96,826,0.84814453125,857,927,989,1068,923,997,923,1065,1.0,0.5127776450919512,0.0485407066052227,yolo,3799,151.96
3425,137.0,826,0.806640625,866,932,996,1068,931,1000,931,1065,1.0,0.5042735042735043,0.0407239819004524,yolo,3800,152.0
3426,137.04,826,0.74169921875,875,937,1005,1068,940,1002,940,1065,1.0,0.4843014128728414,0.0394917582417582,yolo,3801,152.04
3427,137.08,826,0.7734375,884,942,1022,1068,953,1005,953,1065,1.0,0.4440261044176707,0.0575324243431992,yolo,3802,152.08
3428,137.12,826,0.69775390625,894,945,1034,1068,964,1006,964,1065,1.0,0.3806990881458966,0.0656462585034013,yolo,3803,152.12
3429,137.16,826,0.72314453125,906,941,1038,1068,972,1004,972,1065,1.0,0.3061708860759494,0.0822060353798126,yolo,3804,152.16
3430,137.2,826,0.73876953125,916,942,1039,1067,977,1004,977,1064,1.0,0.3087981598619896,0.0896474118529632,yolo,3805,152.2
3431,137.24,826,0.57958984375,925,941,1036,1068,980,1004,980,1065,1.0,0.2916666666666667,0.1000827129859388,yolo,3806,152.24
3432,137.28,826,0.63330078125,931,942,1039,1068,985,1005,985,1065,1.0,0.3105769230769231,0.1311827956989247,yolo,3807,152.28
3433,137.32,826,0.5087890625,936,942,1040,1067,988,1004,988,1064,1.0,0.3238770685579196,0.1201944321696862,yolo,3808,152.32
3434,137.36,826,0.5947265625,941,942,1043,1067,992,1004,992,1064,1.0,0.3442622950819672,0.1035892776010904,yolo,3809,152.36
3435,137.4,826,0.6279296875,948,942,1047,1067,997,1004,997,1064,1.0,0.3386524822695035,0.0764976958525345,yolo,3810,152.4
3436,137.44,826,0.59814453125,953,942,1049,1067,1001,1004,1001,1064,1.0,0.3042179917879806,0.0621088107847857,yolo,3811,152.44
3437,137.48,826,0.662109375,957,944,1051,1067,1004,1005,1004,1064,1.0,0.3042179917879806,0.0697435897435897,yolo,3812,152.48
3438,137.52,826,0.79052734375,961,947,1053,1067,1007,1007,1007,1064,1.0,0.2872727272727273,0.12,yolo,3813,152.52
3439,137.56,826,0.72314453125,963,951,1055,1067,1009,1009,1009,1064,1.0,0.3020661157024793,0.1214854111405835,yolo,3814,152.56
3440,137.6,826,0.6533203125,965,954,1060,1067,1012,1010,1012,1064,1.0,0.2688698490412077,0.0995670995670995,yolo,3815,152.6
3441,137.64,826,0.65478515625,967,957,1063,1068,1015,1012,1015,1065,1.0,0.2890559732664995,0.0536207849640685,yolo,3816,152.64
3442,137.68,826,0.533203125,968,959,1068,1068,1018,1013,1018,1065,1.0,0.2706349206349206,0.0587301587301587,yolo,3817,152.68
3443,137.72,826,0.66552734375,968,962,1071,1068,1019,1015,1019,1065,1.0,0.2971774193548387,0.1196581196581196,yolo,3818,152.72
3444,137.76,826,0.61328125,967,964,1073,1068,1020,1016,1020,1065,1.0,0.3325396825396825,0.2046153846153846,yolo,3819,152.76
3445,137.8,826,0.57763671875,966,971,1074,1068,1020,1019,1020,1066,1.0,0.3821205821205821,0.295,yolo,3820,152.8
3446,137.84,826,0.5869140625,965,977,1075,1068,1020,1022,1020,1066,1.0,0.4162210338680926,0.3536009445100354,yolo,3821,152.84
3447,137.88,826,0.642578125,961,973,1075,1068,1018,1020,1018,1066,1.0,0.4070048309178743,0.3511282333516786,yolo,3822,152.88
3455,138.2,892,0.6806640625,906,933,1014,1068,960,1000,960,1065,1.0,0.396078431372549,0.0577777777777777,yolo,3830,153.2
3456,138.24,892,0.73388671875,894,928,1002,1068,948,998,948,1065,1.0,0.4005805515239477,0.0502857142857142,yolo,3831,153.24
3461,138.44,892,0.5927734375,846,920,972,1069,909,994,909,1066,1.0,0.4357894736842105,0.0747039174005466,yolo,3836,153.44
3463,138.52,892,0.72021484375,836,922,953,1068,894,995,894,1065,1.0,0.4033766233766234,0.089430894308943,yolo,3838,153.52
3464,138.56,892,0.80322265625,832,923,941,1068,886,995,886,1065,1.0,0.4071625344352617,0.0815058479532163,yolo,3839,153.56
3465,138.6,892,0.83642578125,827,919,929,1067,878,993,878,1064,1.0,0.3940281030444965,0.0837457175485344,yolo,3840,153.6
3466,138.64,892,0.84375,819,915,918,1068,868,991,868,1064,1.0,0.4,0.0842105263157894,yolo,3841,153.64
3467,138.68,892,0.8232421875,810,912,907,1068,858,990,858,1064,1.0,0.4097019286966686,0.1380090497737556,yolo,3842,153.68
3468,138.72,892,0.8056640625,800,909,896,1067,848,988,848,1063,1.0,0.4406432748538011,0.2334481438959051,yolo,3843,153.72
3469,138.76,892,0.85107421875,790,905,888,1067,839,986,839,1063,1.0,0.4353987218671853,0.1978260869565217,yolo,3844,153.76
3470,138.8,892,0.83740234375,783,901,880,1067,831,984,831,1063,1.0,0.4458128078817734,0.1592539454806312,yolo,3845,153.8
3471,138.84,892,0.841796875,776,897,873,1068,824,982,824,1064,1.0,0.4262599469496021,0.1004901960784313,yolo,3846,153.84
3472,138.88,892,0.83642578125,771,893,868,1067,819,980,819,1063,1.0,0.4359979101358411,0.1922024623803009,yolo,3847,153.88
3473,138.92,892,0.8408203125,767,890,863,1067,815,978,815,1063,1.0,0.4406912804399057,0.2327001356852103,yolo,3848,153.92
3474,138.96,892,0.806640625,764,888,862,1068,813,978,813,1064,1.0,0.4830508474576271,0.2196457326892109,yolo,3849,153.96
3475,139.0,892,0.83349609375,760,886,863,1067,811,976,811,1063,1.0,0.5268026565464896,0.1453703703703703,yolo,3850,154.0
3476,139.04,892,0.865234375,756,885,864,1068,810,976,810,1064,1.0,0.5364835164835164,0.2082962962962962,yolo,3851,154.04
3477,139.08,892,0.8642578125,752,885,866,1068,809,976,809,1064,1.0,0.4971014492753623,0.1724331926863572,yolo,3852,154.08
3478,139.12,892,0.88330078125,750,884,868,1067,809,975,809,1063,1.0,0.4973843058350101,0.1555555555555555,yolo,3853,154.12
3479,139.16,892,0.8857421875,749,883,870,1067,809,975,809,1063,1.0,0.492063492063492,0.1545031055900621,yolo,3854,154.16
3480,139.2,892,0.89013671875,747,883,872,1068,809,975,809,1064,1.0,0.4977142857142857,0.1566205533596838,yolo,3855,154.2
3481,139.24,892,0.888671875,745,882,874,1068,809,975,809,1064,1.0,0.4608058608058608,0.1683574879227053,yolo,3856,154.24
3482,139.28,892,0.8916015625,745,882,875,1068,810,975,810,1064,1.0,0.4542124542124542,0.1634018155757286,yolo,3857,154.28
3483,139.32,892,0.9013671875,745,883,876,1068,810,975,810,1064,1.0,0.4624542124542125,0.1637523629489603,yolo,3858,154.32
3484,139.36,892,0.9052734375,743,883,876,1068,809,975,809,1064,1.0,0.4626785714285714,0.1614246068455134,yolo,3859,154.36
3485,139.4,892,0.90185546875,742,883,876,1068,809,975,809,1064,1.0,0.455731922398589,0.1297335203366059,yolo,3860,154.4
3486,139.44,892,0.9033203125,742,883,876,1068,809,975,809,1064,1.0,0.4520282186948853,0.1264609630668536,yolo,3861,154.44
3487,139.48,892,0.8984375,742,883,876,1068,809,975,809,1064,1.0,0.4539682539682539,0.1339410939691444,yolo,3862,154.48
3488,139.52,892,0.89892578125,741,883,876,1068,808,975,808,1064,1.0,0.4500881834215167,0.1281221091581868,yolo,3863,154.52
3489,139.56,892,0.89501953125,742,883,875,1068,808,975,808,1064,1.0,0.4430357142857143,0.087650323774283,yolo,3864,154.56
3490,139.6,892,0.8974609375,742,884,875,1067,808,975,808,1063,1.0,0.455,0.0973995271867612,yolo,3865,154.6
3491,139.64,892,0.89501953125,742,885,875,1067,808,976,808,1063,1.0,0.4514492753623188,0.0981087470449172,yolo,3866,154.64
3492,139.68,892,0.892578125,742,885,875,1068,808,976,808,1064,1.0,0.4392857142857143,0.0983451536643026,yolo,3867,154.68
3493,139.72,892,0.8974609375,743,886,875,1068,809,977,809,1064,1.0,0.4487250045863144,0.1015531660692951,yolo,3868,154.72
3494,139.76,892,0.89697265625,743,886,874,1068,808,977,808,1064,1.0,0.4513192121887774,0.1041062801932367,yolo,3869,154.76
3495,139.8,892,0.8916015625,743,887,873,1067,808,977,808,1063,1.0,0.4572021116138763,0.102075702075702,yolo,3870,154.8
3496,139.84,892,0.892578125,743,887,873,1067,808,977,808,1063,1.0,0.4528657616892911,0.0989010989010989,yolo,3871,154.84
3497,139.88,892,0.888671875,744,888,873,1068,808,978,808,1064,1.0,0.4511689291101056,0.0958024691358024,yolo,3872,154.88
3498,139.92,892,0.88623046875,744,888,873,1068,808,978,808,1064,1.0,0.4726621417797888,0.1012345679012345,yolo,3873,154.92
3499,139.96,892,0.88232421875,745,889,873,1067,809,978,809,1063,1.0,0.4423223834988541,0.1075076608784473,yolo,3874,154.96
3500,140.0,892,0.87255859375,746,890,874,1068,810,979,810,1064,1.0,0.4572192513368984,0.1024004085801838,yolo,3875,155.0
3501,140.04,892,0.86962890625,749,891,875,1068,812,979,812,1064,1.0,0.4833830845771144,0.1031664964249233,yolo,3876,155.04
3502,140.08,892,0.8681640625,750,892,875,1067,812,979,812,1063,1.0,0.4507070707070707,0.0959302325581395,yolo,3877,155.08
3503,140.12,892,0.86328125,752,892,876,1068,814,980,814,1064,1.0,0.4549253731343283,0.1094566353187042,yolo,3878,155.12
3504,140.16,892,0.8623046875,754,893,877,1068,815,980,815,1064,1.0,0.4494266994266994,0.1054624121146565,yolo,3879,155.16
3505,140.2,892,0.84912109375,757,894,878,1067,817,980,817,1063,1.0,0.4217171717171717,0.1096345514950166,yolo,3880,155.2
3506,140.24,892,0.85693359375,759,895,879,1068,819,981,819,1064,1.0,0.4015151515151515,0.125968992248062,yolo,3881,155.24
3507,140.28,892,0.85693359375,763,897,879,1068,821,982,821,1064,1.0,0.4240802675585284,0.1075837742504409,yolo,3882,155.28
3508,140.32,892,0.75341796875,766,899,880,1067,823,983,823,1063,1.0,0.4134963768115942,0.1241711874623267,yolo,3883,155.32
3509,140.36,892,0.7890625,769,900,881,1068,825,984,825,1064,1.0,0.4155783582089552,0.1030741410488245,yolo,3884,155.36
3510,140.4,892,0.77197265625,772,901,881,1068,826,984,826,1064,1.0,0.405002405002405,0.1360718870346598,yolo,3885,155.4
3511,140.44,892,0.8056640625,775,902,881,1067,828,984,828,1063,1.0,0.4057859703020993,0.0770731707317073,yolo,3886,155.44
3512,140.48,892,0.7919921875,779,902,884,1067,831,984,831,1063,1.0,0.3696876600102406,0.1199736321687541,yolo,3887,155.48
3513,140.52,892,0.79931640625,780,902,886,1067,833,984,833,1063,1.0,0.3689196108550947,0.1460162601626016,yolo,3888,155.52
3514,140.56,892,0.80419921875,784,903,889,1067,836,985,836,1063,1.0,0.3837238599143361,0.1413974950560316,yolo,3889,155.56
3515,140.6,892,0.8115234375,788,903,892,1068,840,985,840,1064,1.0,0.4180747567844342,0.1453391246241229,yolo,3890,155.6
3516,140.64,892,0.78125,791,903,895,1068,843,985,843,1064,1.0,0.4165386584741423,0.1546942866688941,yolo,3891,155.64
3517,140.68,892,0.796875,793,903,899,1068,846,985,846,1064,1.0,0.4121863799283154,0.1970731707317073,yolo,3892,155.68
3518,140.72,892,0.7734375,798,903,904,1068,851,985,851,1064,1.0,0.4224270353302611,0.1866666666666666,yolo,3893,155.72
3519,140.76,892,0.7705078125,801,903,909,1068,855,985,855,1064,1.0,0.4141439205955335,0.2026016260162601,yolo,3894,155.76
3520,140.8,892,0.73876953125,806,903,913,1068,859,985,859,1064,1.0,0.4140625,0.2241265655899802,yolo,3895,155.8
3521,140.84,892,0.78662109375,811,903,918,1068,864,985,864,1064,1.0,0.3991935483870967,0.1605141727092946,yolo,3896,155.84
3522,140.88,892,0.81884765625,814,903,923,1068,868,985,868,1064,1.0,0.4005376344086021,0.1530808729139923,yolo,3897,155.88
3523,140.92,892,0.80419921875,821,903,929,1068,875,985,875,1064,1.0,0.3861042183622828,0.1164227642276422,yolo,3898,155.92
3524,140.96,892,0.8154296875,826,902,934,1068,880,985,880,1064,1.0,0.3907203907203907,0.0822764227642276,yolo,3899,155.96
3525,141.0,892,0.8291015625,831,901,939,1068,885,984,885,1064,1.0,0.3792429792429792,0.0575609756097561,yolo,3900,156.0
3530,141.2,892,0.73388671875,853,905,961,1068,907,986,907,1064,1.0,0.426302729528536,0.0563333333333333,yolo,3905,156.2
3531,141.24,892,0.716796875,856,904,963,1068,909,986,909,1064,1.0,0.4461805555555556,0.077125906394199,yolo,3906,156.24
3532,141.28,892,0.78271484375,860,908,964,1067,912,987,912,1063,1.0,0.4884205048139474,0.0755180892167193,yolo,3907,156.28
3533,141.32,892,0.74609375,863,910,967,1068,915,989,915,1064,1.0,0.512962962962963,0.0576044959606603,yolo,3908,156.32
3534,141.36,892,0.77734375,864,910,971,1067,917,988,917,1063,1.0,0.5322916666666667,0.0242550242550242,yolo,3909,156.36
3535,141.4,892,0.71875,868,911,975,1068,921,989,921,1064,1.0,0.5520833333333334,0.0197505197505197,yolo,3910,156.4
3536,141.44,892,0.77978515625,872,911,981,1068,926,989,926,1064,1.0,0.557070707070707,0.0151821862348178,yolo,3911,156.44
3537,141.48,892,0.81982421875,876,910,986,1068,931,989,931,1064,1.0,0.5803030303030303,0.0336330336330336,yolo,3912,156.48
3538,141.52,892,0.841796875,880,909,992,1068,936,988,936,1064,1.0,0.5732811353070713,0.0243427458617332,yolo,3913,156.52
3539,141.56,892,0.8408203125,886,908,995,1068,940,988,940,1064,1.0,0.568939393939394,0.0154605263157894,yolo,3914,156.56
3540,141.6,892,0.81298828125,892,908,1000,1068,946,988,946,1064,1.0,0.5633333333333334,0.0083333333333333,yolo,3915,156.6
3541,141.64,892,0.830078125,896,907,1007,1068,951,987,951,1064,1.0,0.559364133134625,0.0012820512820512,yolo,3916,156.64
3542,141.68,892,0.8173828125,900,906,1013,1068,956,987,956,1064,1.0,0.5433944069431051,0.0103125,yolo,3917,156.68
3543,141.72,892,0.81982421875,904,906,1019,1068,961,987,961,1064,1.0,0.5359942979330007,0.01,yolo,3918,156.72
3544,141.76,892,0.8173828125,907,906,1023,1068,965,987,965,1064,1.0,0.5295794725588026,0.0086419753086419,yolo,3919,156.76
3545,141.8,892,0.82666015625,911,906,1026,1068,968,987,968,1064,1.0,0.5200760275599905,0.00875,yolo,3920,156.8
3546,141.84,892,0.845703125,912,907,1029,1067,970,987,970,1063,1.0,0.5233333333333333,0.0283536585365853,yolo,3921,156.84
3547,141.88,892,0.82666015625,912,907,1030,1067,971,987,971,1063,1.0,0.5070422535211268,0.0313253012048192,yolo,3922,156.88
3548,141.92,892,0.841796875,914,908,1032,1068,973,988,973,1064,1.0,0.5140845070422535,0.0496987951807228,yolo,3923,156.92
3549,141.96,892,0.84716796875,915,909,1032,1068,973,988,973,1064,1.0,0.5032786885245901,0.0512820512820512,yolo,3924,156.96
3550,142.0,892,0.84912109375,915,911,1032,1068,973,989,973,1064,1.0,0.508095238095238,0.0556597873671044,yolo,3925,157.0
3551,142.04,892,0.8291015625,916,912,1031,1067,973,989,973,1063,1.0,0.4917541229385307,0.0444078947368421,yolo,3926,157.04
3552,142.08,892,0.82666015625,916,913,1029,1067,972,990,972,1063,1.0,0.4780658025922233,0.0325657894736842,yolo,3927,157.08
3553,142.12,892,0.82763671875,915,915,1028,1068,971,991,971,1064,1.0,0.481997971602434,0.0226973684210526,yolo,3928,157.12
3554,142.16,892,0.830078125,914,916,1026,1068,970,992,970,1064,1.0,0.4791559444158518,0.0066622251832111,yolo,3929,157.16
3555,142.2,892,0.8056640625,913,918,1024,1068,968,993,968,1065,1.0,0.4930887825624668,0.0034650034650034,yolo,3930,157.2
3556,142.24,892,0.810546875,911,920,1023,1068,967,994,967,1065,1.0,0.4888059701492537,0.0034211426616489,yolo,3931,157.24
3557,142.28,892,0.81640625,910,922,1022,1067,966,994,966,1064,1.0,0.4814111261872456,0.0042194092827004,yolo,3932,157.28
3558,142.32,892,0.82666015625,908,924,1021,1067,964,995,964,1064,1.0,0.4874727668845316,0.0060714285714285,yolo,3933,157.32
3559,142.36,892,0.8232421875,907,925,1020,1067,963,996,963,1064,1.0,0.5029956427015251,0.0075,yolo,3934,157.36
3560,142.4,892,0.8017578125,905,925,1020,1067,962,996,962,1064,1.0,0.4847020933977455,0.0103571428571428,yolo,3935,157.4
3561,142.44,892,0.7919921875,905,924,1020,1068,962,996,962,1065,1.0,0.4613965744400527,0.003125,yolo,3936,157.44
3562,142.48,892,0.79296875,903,925,1020,1067,961,996,961,1064,1.0,0.4714285714285714,0.0034843205574912,yolo,3937,157.48
3563,142.52,892,0.79052734375,903,926,1020,1068,961,997,961,1065,1.0,0.4748677248677249,0.0121951219512195,yolo,3938,157.52
3564,142.56,892,0.7841796875,902,926,1021,1068,961,997,961,1065,1.0,0.4701646090534979,0.0353741496598639,yolo,3939,157.56
3565,142.6,892,0.79443359375,902,926,1022,1068,962,997,962,1065,1.0,0.4693930041152263,0.0360544217687074,yolo,3940,157.6
3566,142.64,892,0.8173828125,903,926,1023,1068,963,997,963,1065,1.0,0.4704218106995885,0.0374149659863945,yolo,3941,157.64
3567,142.68,892,0.82080078125,904,927,1024,1068,964,997,964,1065,1.0,0.4837526205450734,0.0333333333333333,yolo,3942,157.68
3568,142.72,892,0.8232421875,905,927,1025,1068,965,997,965,1065,1.0,0.4884696016771488,0.0363945578231292,yolo,3943,157.72
3569,142.76,892,0.7958984375,907,927,1027,1067,967,997,967,1064,1.0,0.4827044025157233,0.0428571428571428,yolo,3944,157.76
3570,142.8,892,0.7919921875,910,927,1030,1067,970,997,970,1064,1.0,0.4834905660377358,0.0673469387755102,yolo,3945,157.8
3571,142.84,892,0.7880859375,912,928,1032,1068,972,998,972,1065,1.0,0.4984276729559748,0.0809523809523809,yolo,3946,157.84
3572,142.88,892,0.80322265625,914,929,1033,1068,973,998,973,1065,1.0,0.4934486373165618,0.0808823529411764,yolo,3947,157.88
3573,142.92,892,0.78271484375,917,930,1034,1068,975,999,975,1065,1.0,0.507277628032345,0.0900286944045911,yolo,3948,157.92
3574,142.96,892,0.8154296875,919,929,1035,1068,977,998,977,1065,1.0,0.4891987968280011,0.0954974582425562,yolo,3949,157.96
3575,143.0,892,0.82421875,921,928,1036,1068,978,998,978,1065,1.0,0.4935739677331145,0.1089285714285714,yolo,3950,158.0
3576,143.04,892,0.82421875,923,928,1038,1068,980,998,980,1065,1.0,0.4837298331966092,0.1260714285714285,yolo,3951,158.04
3577,143.08,892,0.82763671875,925,927,1038,1068,981,997,981,1065,1.0,0.45338512763596,0.1385714285714285,yolo,3952,158.08
3578,143.12,892,0.822265625,927,926,1040,1068,983,997,983,1065,1.0,0.4531590413943355,0.1646428571428571,yolo,3953,158.12
3579,143.16,892,0.806640625,928,925,1041,1068,984,996,984,1065,1.0,0.4433551198257081,0.1803571428571428,yolo,3954,158.16
3580,143.2,892,0.83349609375,929,924,1042,1068,985,996,985,1065,1.0,0.4462566844919786,0.1916666666666666,yolo,3955,158.2
3581,143.24,892,0.85107421875,930,923,1042,1068,986,995,986,1065,1.0,0.451831750339213,0.1947960618846694,yolo,3956,158.24
3582,143.28,892,0.84716796875,930,923,1043,1068,986,995,986,1065,1.0,0.4668449197860962,0.2041666666666666,yolo,3957,158.28
3583,143.32,892,0.83544921875,929,922,1043,1068,986,995,986,1065,1.0,0.4600790513833992,0.1965541490857946,yolo,3958,158.32
3584,143.36,892,0.8291015625,929,921,1044,1068,986,994,986,1065,1.0,0.4738612836438923,0.2090277777777777,yolo,3959,158.36
3585,143.4,892,0.84912109375,928,921,1044,1068,986,994,986,1065,1.0,0.4772256728778468,0.2047325102880658,yolo,3960,158.4
3586,143.44,892,0.85009765625,927,920,1044,1068,985,994,985,1065,1.0,0.4706632653061224,0.1990771259063942,yolo,3961,158.44
3587,143.48,892,0.83740234375,925,919,1043,1068,984,993,984,1065,1.0,0.4707190511489992,0.1771409964181048,yolo,3962,158.48
3588,143.52,892,0.82421875,922,918,1042,1068,982,993,982,1065,1.0,0.4753898635477583,0.1605534105534105,yolo,3963,158.52
3589,143.56,892,0.82568359375,920,917,1040,1067,980,992,980,1064,1.0,0.4622319688109161,0.1319176319176319,yolo,3964,158.56
3590,143.6,892,0.8173828125,919,916,1039,1068,979,992,979,1064,1.0,0.4652777777777778,0.1193609022556391,yolo,3965,158.6
3591,143.64,892,0.79296875,916,916,1038,1068,977,992,977,1064,1.0,0.4641001417099669,0.0956656346749226,yolo,3966,158.64
3592,143.68,892,0.8154296875,914,915,1036,1067,975,991,975,1063,1.0,0.4501653282947567,0.0730650154798761,yolo,3967,158.68
3593,143.72,892,0.76220703125,912,914,1034,1068,973,991,973,1064,1.0,0.4471790109124681,0.053250773993808,yolo,3968,158.72
3595,143.8,892,0.78271484375,907,913,1026,1068,966,990,966,1064,1.0,0.4501915708812261,0.0119047619047619,yolo,3970,158.8
3602,144.08,892,0.7705078125,898,913,1015,1068,956,990,956,1064,1.0,0.45935960591133,0.0067394094993581,yolo,3977,159.08
3603,144.12,892,0.7578125,898,914,1015,1068,956,991,956,1064,1.0,0.4714285714285714,0.0099486521181001,yolo,3978,159.12
3604,144.16,892,0.740234375,897,913,1015,1068,956,990,956,1064,1.0,0.4696454589606605,0.0082435003170577,yolo,3979,159.16
3605,144.2,892,0.7216796875,897,914,1015,1068,956,991,956,1064,1.0,0.4841250895201718,0.0085605580215599,yolo,3980,159.2
3606,144.24,892,0.716796875,898,913,1015,1068,956,990,956,1064,1.0,0.4871921182266009,0.0131578947368421,yolo,3981,159.24
3607,144.28,892,0.7216796875,897,913,1016,1068,956,990,956,1064,1.0,0.4935344827586206,0.0137844611528822,yolo,3982,159.28
3608,144.32,892,0.6298828125,897,914,1017,1068,957,991,957,1064,1.0,0.504472693032015,0.0122180451127819,yolo,3983,159.32
3609,144.36,892,0.5380859375,897,914,1017,1067,957,990,957,1063,1.0,0.5021551724137931,0.0115914786967418,yolo,3984,159.36
3610,144.4,892,0.60595703125,898,914,1018,1067,958,990,958,1063,1.0,0.4980842911877394,0.0122180451127819,yolo,3985,159.4
3611,144.44,892,0.59814453125,898,916,1018,1067,958,991,958,1063,1.0,0.5377680311890838,0.0173745173745173,yolo,3986,159.44
3612,144.48,892,0.66357421875,898,917,1018,1067,958,992,958,1064,1.0,0.5526315789473685,0.0173745173745173,yolo,3987,159.48
3613,144.52,892,0.6279296875,898,917,1018,1067,958,992,958,1064,1.0,0.5592105263157895,0.0247747747747747,yolo,3988,159.52
3614,144.56,892,0.66015625,898,917,1019,1067,958,992,958,1064,1.0,0.5601851851851852,0.027027027027027,yolo,3989,159.56
3615,144.6,892,0.69091796875,899,917,1019,1067,959,992,959,1064,1.0,0.5650584795321637,0.035070785070785,yolo,3990,159.6
3616,144.64,892,0.708984375,899,917,1019,1068,959,992,959,1064,1.0,0.5599415204678363,0.0289575289575289,yolo,3991,159.64
3617,144.68,892,0.7216796875,899,917,1019,1068,959,992,959,1064,1.0,0.5589668615984406,0.0456885456885456,yolo,3992,159.68
3618,144.72,892,0.70263671875,899,917,1019,1067,959,992,959,1064,1.0,0.5806530214424951,0.0472972972972973,yolo,3993,159.72
3619,144.76,892,0.70751953125,899,917,1019,1067,959,992,959,1064,1.0,0.5789473684210527,0.0466537966537966,yolo,3994,159.76
3620,144.8,892,0.7138671875,899,918,1019,1067,959,992,959,1064,1.0,0.5813840155945419,0.0427927927927927,yolo,3995,159.8
3621,144.84,892,0.72802734375,899,917,1019,1067,959,992,959,1064,1.0,0.5894249512670565,0.0431145431145431,yolo,3996,159.84
3622,144.88,892,0.716796875,900,918,1020,1068,960,993,960,1065,1.0,0.6094054580896686,0.0472972972972973,yolo,3997,159.88
3623,144.92,892,0.740234375,900,917,1020,1067,960,992,960,1064,1.0,0.5835769980506823,0.0318532818532818,yolo,3998,159.92
3624,144.96,892,0.7138671875,901,917,1022,1067,961,992,961,1064,1.0,0.567738791423002,0.0267052767052767,yolo,3999,159.96
3625,145.0,892,0.80810546875,902,916,1023,1067,962,991,962,1063,1.0,0.5387426900584795,0.0067567567567567,yolo,4000,160.0
3626,145.04,892,0.79833984375,904,915,1025,1067,964,991,964,1063,1.0,0.4949712643678161,0.0037593984962406,yolo,4001,160.04
3629,145.16,892,0.76611328125,911,916,1036,1068,973,992,973,1064,1.0,0.4154022988505747,0.0669856459330143,yolo,4004,160.16
3630,145.2,892,0.80322265625,914,917,1036,1068,975,992,975,1064,1.0,0.4025474645517904,0.0769475357710651,yolo,4005,160.2
3631,145.24,892,0.83740234375,918,918,1037,1068,977,993,977,1065,1.0,0.4093567251461988,0.10006435006435,yolo,4006,160.24
3632,145.28,892,0.841796875,923,918,1040,1068,981,993,981,1065,1.0,0.4097744360902255,0.1397495056031641,yolo,4007,160.28
3633,145.32,892,0.841796875,927,920,1043,1068,985,994,985,1065,1.0,0.4101966873706004,0.2068735402068735,yolo,4008,160.32
3634,145.36,892,0.80908203125,932,923,1045,1067,988,995,988,1064,1.0,0.4205882352941176,0.265625,yolo,4009,160.36
3635,145.4,892,0.8056640625,937,925,1049,1068,993,996,993,1065,1.0,0.4187396351575456,0.250632911392405,yolo,4010,160.4
3636,145.44,892,0.69921875,942,927,1051,1068,996,997,996,1065,1.0,0.4108061749571183,0.1676691729323308,yolo,4011,160.44
3637,145.48,892,0.71875,948,928,1054,1068,1001,998,1001,1065,1.0,0.3848457622042527,0.1085714285714285,yolo,4012,160.48
3638,145.52,892,0.67919921875,954,931,1056,1068,1005,999,1005,1065,1.0,0.3858764186633039,0.0575807787903893,yolo,4013,160.52
3639,145.56,892,0.72021484375,957,932,1058,1068,1007,1000,1007,1065,1.0,0.422875816993464,0.0777310924369747,yolo,4014,160.56
3640,145.6,892,0.6259765625,961,933,1061,1068,1011,1000,1011,1065,1.0,0.4163398692810457,0.1012987012987013,yolo,4015,160.6
3641,145.64,892,0.61669921875,964,934,1063,1068,1013,1001,1013,1065,1.0,0.4101307189542483,0.1454545454545454,yolo,4016,160.64
3642,145.68,892,0.6875,966,936,1066,1068,1016,1002,1016,1065,1.0,0.4046666666666667,0.1389610389610389,yolo,4017,160.68
3643,145.72,892,0.7880859375,969,936,1068,1068,1018,1002,1018,1065,1.0,0.3976666666666666,0.1653679653679653,yolo,4018,160.72
3644,145.76,892,0.72021484375,971,936,1071,1068,1021,1002,1021,1065,1.0,0.3886666666666666,0.1735930735930736,yolo,4019,160.76
3645,145.8,892,0.708984375,973,935,1073,1067,1023,1001,1023,1064,1.0,0.3723333333333333,0.2,yolo,4020,160.8
3646,145.84,892,0.74755859375,975,935,1075,1067,1025,1001,1025,1064,1.0,0.3806666666666666,0.1961038961038961,yolo,4021,160.84
3647,145.88,892,0.80322265625,977,934,1078,1068,1027,1001,1027,1065,1.0,0.3869281045751634,0.2142857142857142,yolo,4022,160.88
3648,145.92,892,0.79052734375,978,933,1080,1067,1029,1000,1029,1064,1.0,0.3863709418193506,0.2142552283397353,yolo,4023,160.92
3649,145.96,892,0.77734375,980,931,1082,1068,1031,999,1031,1065,1.0,0.4010088272383354,0.2228666114333057,yolo,4024,160.96
3650,146.0,892,0.78515625,983,929,1083,1068,1033,998,1033,1065,1.0,0.4015723270440252,0.2365546218487395,yolo,4025,161.0
3651,146.04,892,0.78515625,984,928,1084,1067,1034,997,1034,1064,1.0,0.4113207547169811,0.2340336134453781,yolo,4026,161.04
3652,146.08,892,0.77880859375,986,925,1086,1068,1036,996,1036,1065,1.0,0.412037037037037,0.2440816326530612,yolo,4027,161.08
3653,146.12,892,0.7958984375,989,923,1086,1068,1037,995,1037,1065,1.0,0.409717868338558,0.2410130718954248,yolo,4028,161.12
3654,146.16,892,0.8115234375,992,920,1087,1068,1039,994,1039,1065,1.0,0.4122807017543859,0.2338247338247338,yolo,4029,161.16
3655,146.2,892,0.79931640625,995,918,1089,1068,1042,993,1042,1065,1.0,0.4395198522622345,0.2345114345114345,yolo,4030,161.2
3656,146.24,892,0.810546875,998,916,1090,1068,1044,992,1044,1064,1.0,0.4479623824451411,0.2153846153846154,yolo,4031,161.24
3657,146.28,892,0.80322265625,999,914,1091,1068,1045,991,1045,1064,1.0,0.438828967642527,0.2008097165991902,yolo,4032,161.28
3658,146.32,892,0.8056640625,998,913,1092,1068,1045,990,1045,1064,1.0,0.4392014519056261,0.2036437246963562,yolo,4033,161.32
3659,146.36,892,0.82568359375,997,912,1093,1068,1045,990,1045,1064,1.0,0.4133214391911983,0.2020665901262916,yolo,4034,161.36
3660,146.4,892,0.83740234375,995,911,1095,1068,1045,989,1045,1064,1.0,0.4213888888888888,0.2139194139194139,yolo,4035,161.4
3661,146.44,892,0.8232421875,995,909,1097,1068,1046,988,1046,1064,1.0,0.4031174415479709,0.2249909714698447,yolo,4036,161.44
3662,146.48,892,0.810546875,995,908,1100,1068,1047,988,1047,1064,1.0,0.403968253968254,0.2239864864864864,yolo,4037,161.48
3663,146.52,892,0.767578125,1005,908,1102,1068,1053,988,1053,1064,1.0,0.4353448275862069,0.1919117647058823,yolo,4038,161.52
3664,146.56,892,0.79296875,1005,908,1104,1068,1054,988,1054,1064,1.0,0.4297222222222222,0.2032142857142857,yolo,4039,161.56
3665,146.6,892,0.80419921875,1005,907,1107,1068,1056,987,1056,1064,1.0,0.4283794678849771,0.2190140845070422,yolo,4040,161.6
3666,146.64,892,0.8671875,1006,907,1111,1068,1058,987,1058,1064,1.0,0.4231069476971116,0.2202702702702702,yolo,4041,161.64
3667,146.68,892,0.85986328125,1008,907,1115,1067,1061,987,1061,1063,1.0,0.415625,0.2195945945945946,yolo,4042,161.68
3668,146.72,892,0.8623046875,1011,906,1119,1068,1065,987,1065,1064,1.0,0.4252206809583859,0.2203333333333333,yolo,4043,161.72
3669,146.76,892,0.85205078125,1013,906,1124,1068,1068,987,1068,1064,1.0,0.4443616492796821,0.1887820512820512,yolo,4044,161.76
3670,146.8,892,0.8662109375,1017,905,1129,1068,1073,986,1073,1064,1.0,0.4398170438131921,0.1594936708860759,yolo,4045,161.8
3671,146.84,892,0.8759765625,1021,904,1135,1068,1078,986,1078,1064,1.0,0.4520358868184955,0.137079345476999,yolo,4046,161.84
3672,146.88,892,0.87744140625,1024,903,1141,1068,1082,985,1082,1064,1.0,0.4792626728110599,0.0999405116002379,yolo,4047,161.88
3673,146.92,892,0.86962890625,1027,902,1146,1067,1086,984,1086,1063,1.0,0.4728942652329749,0.0824622531939605,yolo,4048,161.92
3674,146.96,892,0.85009765625,1032,901,1151,1068,1091,984,1091,1064,1.0,0.4625220458553792,0.0519744483159117,yolo,4049,161.96
3675,147.0,892,0.8662109375,1036,901,1156,1068,1096,984,1096,1064,1.0,0.4792768959435626,0.055458768873403,yolo,4050,162.0
3676,147.04,892,0.845703125,1042,900,1161,1067,1101,983,1101,1063,1.0,0.4993386243386243,0.0365853658536585,yolo,4051,162.04
3677,147.08,892,0.86962890625,1047,898,1165,1068,1106,983,1106,1064,1.0,0.5162852112676056,0.0332759609868043,yolo,4052,162.08
3678,147.12,892,0.86328125,1050,898,1168,1068,1109,983,1109,1064,1.0,0.5321302816901409,0.0375788869764773,yolo,4053,162.12
3679,147.16,892,0.85400390625,1052,897,1170,1068,1111,982,1111,1064,1.0,0.533694474539545,0.0200803212851405,yolo,4054,162.16
3680,147.2,892,0.86865234375,1054,897,1172,1068,1113,982,1113,1064,1.0,0.5599133261105093,0.0306942053930005,yolo,4055,162.2
3681,147.24,892,0.8759765625,1056,897,1174,1068,1115,982,1115,1064,1.0,0.5460455037919827,0.027538726333907,yolo,4056,162.24
3682,147.28,892,0.87841796875,1057,897,1175,1068,1116,982,1116,1064,1.0,0.5588299024918744,0.0352839931153184,yolo,4057,162.28
3683,147.32,892,0.8818359375,1057,896,1175,1068,1116,982,1116,1064,1.0,0.5555796316359697,0.036144578313253,yolo,4058,162.32
3684,147.36,892,0.87890625,1058,896,1176,1068,1117,982,1117,1064,1.0,0.5609967497291442,0.0448304847296161,yolo,4059,162.36
3685,147.4,892,0.87841796875,1058,895,1176,1068,1117,981,1117,1064,1.0,0.5631668800682885,0.0512748669094984,yolo,4060,162.4
3686,147.44,892,0.87646484375,1058,896,1175,1068,1116,982,1116,1064,1.0,0.5745054945054945,0.0450935904707884,yolo,4061,162.44
3687,147.48,892,0.87744140625,1057,896,1175,1068,1116,982,1116,1064,1.0,0.5789815817984832,0.0476323900252171,yolo,4062,162.48
3688,147.52,892,0.8740234375,1057,896,1174,1068,1115,982,1115,1064,1.0,0.5824175824175825,0.0422575155984117,yolo,4063,162.52
3689,147.56,892,0.87255859375,1056,896,1172,1068,1114,982,1114,1064,1.0,0.5848383500557414,0.0396210163652024,yolo,4064,162.56
3690,147.6,892,0.87060546875,1056,896,1173,1068,1114,982,1114,1064,1.0,0.5769230769230769,0.0442427680090754,yolo,4065,162.6
3691,147.64,892,0.8740234375,1054,896,1172,1068,1113,982,1113,1064,1.0,0.5672806067172265,0.0535163911459792,yolo,4066,162.64
3692,147.68,892,0.85888671875,1053,896,1171,1068,1112,982,1112,1064,1.0,0.5690140845070423,0.0571588680302605,yolo,4067,162.68
3693,147.72,892,0.865234375,1052,896,1170,1068,1111,982,1111,1064,1.0,0.5798483206933911,0.0484729616138974,yolo,4068,162.72
3694,147.76,892,0.85400390625,1051,896,1169,1068,1110,982,1110,1064,1.0,0.580715059588299,0.0599607733258615,yolo,4069,162.76
3695,147.8,892,0.8642578125,1050,896,1168,1068,1109,982,1109,1064,1.0,0.5651137594799567,0.050154104791258,yolo,4070,162.8
3696,147.84,892,0.85986328125,1050,896,1167,1068,1108,982,1108,1064,1.0,0.5718681318681319,0.0328984685195689,yolo,4071,162.84
3697,147.88,892,0.85400390625,1050,896,1165,1068,1107,982,1107,1064,1.0,0.5734671125975473,0.0517441860465116,yolo,4072,162.88
3698,147.92,892,0.8427734375,1048,896,1165,1068,1106,982,1106,1064,1.0,0.5604395604395604,0.0567214974475326,yolo,4073,162.92
3699,147.96,892,0.85791015625,1045,897,1164,1068,1104,982,1104,1064,1.0,0.5617521367521368,0.0615079365079365,yolo,4074,162.96
3700,148.0,892,0.8662109375,1043,897,1162,1068,1102,982,1102,1064,1.0,0.5508547008547009,0.0592403628117913,yolo,4075,163.0
3701,148.04,892,0.85107421875,1041,898,1161,1068,1101,983,1101,1064,1.0,0.5492621527777778,0.0564058956916099,yolo,4076,163.04
3702,148.08,892,0.80908203125,1040,898,1160,1068,1100,983,1100,1064,1.0,0.5464409722222222,0.0620748299319727,yolo,4077,163.08
3703,148.12,892,0.83203125,1037,899,1159,1068,1098,983,1098,1064,1.0,0.5220231822971549,0.053501400560224,yolo,4078,163.12
3704,148.16,892,0.8232421875,1025,899,1157,1067,1091,983,1091,1063,1.0,0.5011867088607594,0.0944700460829493,yolo,4079,163.16
3705,148.2,892,0.8623046875,1015,900,1154,1067,1084,983,1084,1063,1.0,0.486583522297808,0.1448481831757093,yolo,4080,163.2
3706,148.24,892,0.7490234375,1022,900,1152,1068,1087,984,1087,1064,1.0,0.5078125,0.1104133961276818,yolo,4081,163.24
3707,148.28,892,0.71875,1025,901,1150,1068,1087,984,1087,1064,1.0,0.5284656084656084,0.1025498891352549,yolo,4082,163.28
3708,148.32,892,0.8173828125,1026,900,1148,1068,1087,984,1087,1064,1.0,0.5237585616438356,0.1,yolo,4083,163.32
3709,148.36,892,0.8291015625,1024,901,1145,1068,1084,984,1084,1064,1.0,0.5211640211640212,0.1239837398373983,yolo,4084,163.36
3710,148.4,892,0.8447265625,1020,902,1143,1068,1081,985,1081,1064,1.0,0.5032175032175032,0.1477595008508224,yolo,4085,163.4
3711,148.44,892,0.81640625,1012,903,1142,1068,1077,985,1077,1064,1.0,0.477460711331679,0.1913696060037523,yolo,4086,163.44
3712,148.48,892,0.8388671875,1012,905,1140,1068,1076,986,1076,1064,1.0,0.4677419354838709,0.1898876404494382,yolo,4087,163.48
3713,148.52,892,0.83203125,1012,906,1138,1068,1075,987,1075,1064,1.0,0.4531147540983606,0.198314606741573,yolo,4088,163.52
3714,148.56,892,0.83740234375,1011,907,1135,1068,1073,987,1073,1064,1.0,0.4249180327868852,0.1908045977011494,yolo,4089,163.56
3715,148.6,892,0.83544921875,1010,910,1132,1068,1071,989,1071,1064,1.0,0.3968036529680365,0.1544494720965309,yolo,4090,163.6
3716,148.64,892,0.83447265625,1013,913,1129,1068,1071,990,1071,1064,1.0,0.4120439780109945,0.1016894087069525,yolo,4091,163.64
3717,148.68,892,0.83740234375,1008,915,1126,1068,1067,991,1067,1064,1.0,0.3761534725594949,0.0963855421686747,yolo,4092,163.68
3718,148.72,892,0.8681640625,1013,919,1123,1068,1068,993,1068,1065,1.0,0.3960659223817118,0.1425061425061425,yolo,4093,163.72
3719,148.76,892,0.8642578125,1008,924,1119,1068,1063,996,1063,1065,1.0,0.3922865013774104,0.1324786324786324,yolo,4094,163.76
3720,148.8,892,0.85986328125,1005,928,1115,1068,1060,998,1060,1065,1.0,0.4105202973127501,0.0834879406307977,yolo,4095,163.8
3722,148.88,892,0.83447265625,995,934,1105,1068,1050,1001,1050,1065,1.0,0.3660130718954248,0.0665092483274301,yolo,4097,163.88
3723,148.92,892,0.82421875,989,936,1099,1068,1044,1002,1044,1065,1.0,0.406060606060606,0.2207792207792207,yolo,4098,163.92
3724,148.96,892,0.7880859375,983,938,1093,1068,1038,1003,1038,1065,1.0,0.4471243042671614,0.2885551948051948,yolo,4099,163.96
3725,149.0,892,0.83740234375,978,941,1088,1068,1033,1004,1033,1065,1.0,0.4791666666666667,0.3133640552995391,yolo,4100,164.0
3726,149.04,892,0.830078125,973,941,1083,1068,1028,1004,1028,1065,1.0,0.4958964646464646,0.3452031839128613,yolo,4101,164.04
3727,149.08,892,0.82568359375,968,942,1079,1068,1023,1005,1023,1065,1.0,0.5148358585858586,0.3494623655913978,yolo,4102,164.08
3728,149.12,892,0.71533203125,963,942,1076,1067,1019,1004,1019,1064,1.0,0.4993742177722152,0.3568548387096774,yolo,4103,164.12
3729,149.16,892,0.732421875,960,951,1073,1067,1016,1009,1016,1064,1.0,0.5862299465240641,0.3077586206896551,yolo,4104,164.16
3730,149.2,892,0.62060546875,959,953,1071,1068,1015,1010,1015,1065,1.0,0.6272127733425894,0.300632911392405,yolo,4105,164.2
3731,149.24,892,0.462890625,957,955,1070,1067,1013,1011,1013,1064,1.0,0.6285014005602241,0.2879464285714285,yolo,4106,164.24
3732,149.28,892,0.513671875,956,956,1069,1067,1012,1011,1012,1064,1.0,0.6351540616246498,0.2712962962962963,yolo,4107,164.28
3737,149.48,892,0.509765625,958,954,1071,1069,1014,1011,1014,1066,1.0,0.5615595075239398,0.2830357142857143,yolo,4112,164.48
3738,149.52,892,0.57568359375,959,951,1071,1068,1015,1009,1015,1065,1.0,0.5240841248303935,0.3055434308162374,yolo,4113,164.52
3739,149.56,892,0.6689453125,959,947,1071,1068,1015,1007,1015,1065,1.0,0.5012978585334199,0.3223628691983122,yolo,4114,164.56
3740,149.6,892,0.63330078125,957,945,1071,1067,1014,1006,1014,1064,1.0,0.4584120982986767,0.3308016877637131,yolo,4115,164.6
3741,149.64,892,0.57177734375,955,944,1070,1068,1012,1006,1012,1065,1.0,0.4603761948812828,0.3193548387096774,yolo,4116,164.64
3742,149.68,892,0.58154296875,953,945,1068,1068,1010,1006,1010,1065,1.0,0.4872032069071847,0.3020833333333333,yolo,4117,164.68
3743,149.72,892,0.62060546875,952,944,1067,1068,1009,1006,1009,1065,1.0,0.4739438791242676,0.3,yolo,4118,164.72
3744,149.76,892,0.5244140625,949,943,1066,1068,1007,1005,1007,1065,1.0,0.4762917933130699,0.2875688434303698,yolo,4119,164.76
3745,149.8,892,0.56787109375,946,943,1064,1068,1005,1005,1005,1065,1.0,0.4680851063829787,0.2631169840652934,yolo,4120,164.8
3746,149.84,892,0.5166015625,943,943,1061,1068,1002,1005,1002,1065,1.0,0.4522025771651183,0.230470268169452,yolo,4121,164.84
3748,149.92,892,0.740234375,936,942,1055,1068,995,1005,995,1065,1.0,0.412037037037037,0.1981566820276497,yolo,4123,164.92
3749,149.96,892,0.71044921875,932,942,1052,1067,992,1004,992,1064,1.0,0.393321513002364,0.1824116743471582,yolo,4124,164.96
3750,150.0,892,0.541015625,928,942,1048,1067,988,1004,988,1064,1.0,0.3806146572104019,0.1697388632872503,yolo,4125,165.0
3751,150.04,892,0.4853515625,924,942,1044,1067,984,1004,984,1064,1.0,0.3566784869976359,0.1267281105990783,yolo,4126,165.04
3752,150.08,892,0.73876953125,920,940,1040,1067,980,1003,980,1064,1.0,0.3055555555555556,0.1098310291858679,yolo,4127,165.08
3753,150.12,892,0.5390625,916,942,1038,1068,977,1005,977,1065,1.0,0.3219178082191781,0.0971537001897533,yolo,4128,165.12
3755,150.2,892,0.5263671875,909,943,1037,1068,973,1005,973,1065,1.0,0.3282674772036474,0.1254077564334904,yolo,4130,165.2
3756,150.24,892,0.5390625,906,943,1037,1068,971,1005,971,1065,1.0,0.3161483906164757,0.1062412342215988,yolo,4131,165.24
3757,150.28,892,0.556640625,904,944,1037,1067,970,1005,970,1064,1.0,0.2981382978723404,0.1074468085106383,yolo,4132,165.28
3759,150.36,892,0.642578125,901,943,1036,1068,968,1005,968,1065,1.0,0.3007617546624639,0.0950583390528483,yolo,4134,165.36
3760,150.4,892,0.640625,900,942,1037,1067,968,1004,968,1064,1.0,0.2815256875973015,0.0987903225806451,yolo,4135,165.4
3761,150.44,892,0.6689453125,900,942,1037,1067,968,1004,968,1064,1.0,0.2797093928386092,0.1008064516129032,yolo,4136,165.44
3763,150.52,892,0.548828125,899,944,1037,1067,968,1005,968,1064,1.0,0.2914637272494232,0.0979381443298969,yolo,4138,165.52
3764,150.56,892,0.6494140625,899,946,1036,1067,967,1006,967,1064,1.0,0.3260869565217391,0.109375,yolo,4139,165.56
3765,150.6,892,0.67578125,898,947,1037,1068,967,1007,967,1065,1.0,0.3470496894409938,0.1329931972789115,yolo,4140,165.6
3766,150.64,892,0.70263671875,898,948,1038,1068,968,1008,968,1065,1.0,0.3492063492063492,0.15,yolo,4141,165.64
3767,150.68,892,0.69287109375,898,947,1037,1067,967,1007,967,1064,1.0,0.3193121693121693,0.1119047619047619,yolo,4142,165.68
3768,150.72,892,0.69091796875,898,951,1036,1067,967,1009,967,1064,1.0,0.3556955093099671,0.1151795236402417,yolo,4143,165.72
3769,150.76,892,0.65478515625,897,952,1036,1067,966,1009,966,1064,1.0,0.3457918050941306,0.1246355685131195,yolo,4144,165.76
3770,150.8,892,0.658203125,897,951,1037,1068,967,1009,967,1065,1.0,0.3368506493506493,0.1312456016889514,yolo,4145,165.8
3771,150.84,892,0.5888671875,896,951,1037,1068,966,1009,966,1065,1.0,0.3262987012987013,0.1266713581984518,yolo,4146,165.84
3772,150.88,892,0.515625,895,950,1037,1067,966,1008,966,1064,1.0,0.2887700534759358,0.1142459073493556,yolo,4147,165.88
3773,150.92,892,0.5830078125,894,949,1036,1068,965,1008,965,1065,1.0,0.2938618925831202,0.1170323928944618,yolo,4148,165.92
3775,151.0,892,0.57763671875,893,950,1025,1067,959,1008,959,1064,1.0,0.2730149597238205,0.0934371523915461,yolo,4150,166.0
3776,151.04,892,0.55810546875,892,950,1021,1068,956,1009,956,1065,1.0,0.282051282051282,0.0881226053639846,yolo,4151,166.04
3777,151.08,892,0.607421875,891,950,1018,1067,954,1008,954,1064,1.0,0.291267942583732,0.1269592476489028,yolo,4152,166.08
3778,151.12,892,0.5908203125,890,950,1018,1068,954,1009,954,1065,1.0,0.2831168831168831,0.1026733824099186,yolo,4153,166.12
3779,151.16,892,0.5869140625,889,950,1019,1068,954,1009,954,1065,1.0,0.2794871794871795,0.1064797271693823,yolo,4154,166.16
3780,151.2,892,0.5888671875,888,950,1019,1068,953,1009,953,1065,1.0,0.27008547008547,0.0877061469265367,yolo,4155,166.2
3781,151.24,892,0.466796875,888,950,1018,1068,953,1009,953,1065,1.0,0.2649572649572649,0.0886699507389162,yolo,4156,166.24
3787,151.48,892,0.5380859375,879,957,1016,1067,947,1012,947,1064,1.0,0.2623438429506246,0.0675154320987654,yolo,4162,166.48
3788,151.52,892,0.67236328125,880,957,1017,1068,948,1012,948,1065,1.0,0.2598722415795586,0.0736882716049382,yolo,4163,166.52
3827,153.08,892,0.7744140625,988,943,1080,1068,1034,1005,1034,1065,1.0,0.253384912959381,0.1732009925558312,yolo,4202,168.08
3828,153.12,892,0.822265625,991,940,1082,1067,1036,1003,1036,1064,1.0,0.2750771604938271,0.2036290322580645,yolo,4203,168.12
3829,153.16,892,0.81396484375,993,937,1085,1068,1039,1002,1039,1065,1.0,0.2764378478664193,0.198076923076923,yolo,4204,168.16
3830,153.2,892,0.845703125,994,934,1086,1068,1040,1001,1040,1065,1.0,0.3087344028520499,0.1757575757575757,yolo,4205,168.2
3831,153.24,892,0.841796875,994,930,1089,1068,1041,999,1041,1065,1.0,0.3167825223435948,0.178698752228164,yolo,4206,168.24
3832,153.28,892,0.8173828125,996,925,1091,1068,1043,996,1043,1065,1.0,0.322936972059779,0.2056277056277056,yolo,4207,168.28
3833,153.32,892,0.82421875,996,922,1093,1068,1044,995,1044,1065,1.0,0.3351097178683385,0.1834150326797385,yolo,4208,168.32
3834,153.36,892,0.82080078125,995,918,1096,1068,1045,993,1045,1065,1.0,0.32953216374269,0.1691119691119691,yolo,4209,168.36
3835,153.4,892,0.81982421875,995,916,1098,1068,1046,992,1046,1064,1.0,0.3314794215795328,0.1461988304093567,yolo,4210,168.4
3836,153.44,892,0.82421875,996,913,1100,1068,1048,990,1048,1064,1.0,0.3300492610837438,0.1308579668348954,yolo,4211,168.44
3837,153.48,892,0.78515625,996,912,1102,1068,1049,990,1049,1064,1.0,0.3465160075329567,0.1104273504273504,yolo,4212,168.48
3838,153.52,892,0.7880859375,999,910,1104,1068,1051,989,1051,1064,1.0,0.3595238095238095,0.0959805959805959,yolo,4213,168.52
3839,153.56,892,0.80322265625,1003,908,1107,1068,1055,988,1055,1064,1.0,0.3753968253968254,0.0784246575342465,yolo,4214,168.56
3840,153.6,892,0.77880859375,1005,907,1109,1067,1057,987,1057,1063,1.0,0.3817460317460317,0.0715753424657534,yolo,4215,168.6
3841,153.64,892,0.78125,1001,905,1112,1068,1056,986,1056,1064,1.0,0.3782991202346041,0.091025641025641,yolo,4216,168.64
3842,153.68,892,0.7705078125,1000,904,1114,1067,1057,985,1057,1063,1.0,0.3611500701262272,0.0981012658227848,yolo,4217,168.68
3843,153.72,892,0.78662109375,1001,903,1116,1068,1058,985,1058,1064,1.0,0.38218793828892,0.1033536585365853,yolo,4218,168.72
3844,153.76,892,0.79443359375,1004,902,1118,1068,1061,985,1061,1064,1.0,0.3968253968253968,0.0997221364618709,yolo,4219,168.76
3845,153.8,892,0.83447265625,1007,901,1120,1068,1063,984,1063,1064,1.0,0.4276377217553688,0.1006097560975609,yolo,4220,168.8
3846,153.84,892,0.830078125,1008,901,1123,1068,1065,984,1065,1064,1.0,0.4554865424430642,0.0966463414634146,yolo,4221,168.84
3847,153.88,892,0.845703125,1010,901,1126,1068,1068,984,1068,1064,1.0,0.4787209569818265,0.0873230954531767,yolo,4222,168.88
3848,153.92,892,0.82568359375,1013,900,1128,1068,1070,984,1070,1064,1.0,0.495018115942029,0.0827380952380952,yolo,4223,168.92
3849,153.96,892,0.81640625,1006,900,1132,1068,1069,984,1069,1064,1.0,0.515,0.1115569823434992,yolo,4224,168.96
3850,154.0,892,0.82763671875,1009,900,1134,1068,1071,984,1071,1064,1.0,0.5354166666666667,0.1076839826839826,yolo,4225,169.0
3851,154.04,892,0.806640625,1008,899,1137,1068,1072,983,1072,1064,1.0,0.5216962524654832,0.123015873015873,yolo,4226,169.04
3852,154.08,892,0.85595703125,1014,898,1140,1068,1077,983,1077,1064,1.0,0.5245833333333333,0.1051364365971107,yolo,4227,169.08
3853,154.12,892,0.865234375,1018,898,1142,1068,1080,983,1080,1064,1.0,0.5208333333333334,0.10727969348659,yolo,4228,169.12
3854,154.16,892,0.85986328125,1020,898,1145,1068,1082,983,1082,1064,1.0,0.5183333333333333,0.1112012987012987,yolo,4229,169.16
3855,154.2,892,0.85888671875,1020,897,1147,1068,1083,982,1083,1064,1.0,0.5115384615384615,0.1090367965367965,yolo,4230,169.2
3856,154.24,892,0.8427734375,1020,898,1148,1068,1084,983,1084,1064,1.0,0.5257711038961039,0.1144997324772605,yolo,4231,169.24
3857,154.28,892,0.822265625,1018,897,1149,1068,1083,982,1083,1064,1.0,0.51301775147929,0.1376811594202898,yolo,4232,169.28
3858,154.32,892,0.830078125,1018,898,1149,1068,1083,983,1083,1064,1.0,0.5260416666666666,0.181159420289855,yolo,4233,169.32
3859,154.36,892,0.8388671875,1018,898,1149,1068,1083,983,1083,1064,1.0,0.5140224358974359,0.1860766045548654,yolo,4234,169.36
3860,154.4,892,0.85498046875,1020,898,1149,1068,1084,983,1084,1064,1.0,0.5192307692307693,0.1862433862433862,yolo,4235,169.4
3861,154.44,892,0.85595703125,1018,899,1148,1067,1083,983,1083,1063,1.0,0.5038060897435898,0.1548927263212977,yolo,4236,169.44
3862,154.48,892,0.85498046875,1017,900,1147,1068,1082,984,1082,1064,1.0,0.515625,0.1747776033490319,yolo,4237,169.48
3863,154.52,892,0.85595703125,1017,900,1147,1068,1082,984,1082,1064,1.0,0.507011217948718,0.1637885923600209,yolo,4238,169.52
3864,154.56,892,0.85595703125,1014,900,1146,1068,1080,984,1080,1064,1.0,0.4980221518987341,0.1758832565284178,yolo,4239,169.56
3865,154.6,892,0.8662109375,1010,901,1145,1068,1077,984,1077,1064,1.0,0.4928473446991965,0.1764400622729631,yolo,4240,169.6
3866,154.64,892,0.8681640625,1007,901,1144,1068,1075,984,1075,1064,1.0,0.4790940766550522,0.2032520325203252,yolo,4241,169.64
3867,154.68,892,0.8623046875,1006,901,1144,1068,1075,984,1075,1064,1.0,0.469497035762096,0.1905959265778224,yolo,4242,169.68
3868,154.72,892,0.865234375,1006,901,1144,1068,1075,984,1075,1064,1.0,0.4696882769171925,0.188835805883832,yolo,4243,169.72
3869,154.76,892,0.8642578125,1005,902,1143,1067,1074,984,1074,1063,1.0,0.4675476097940148,0.1860699019361327,yolo,4244,169.76
3870,154.8,892,0.85986328125,1007,902,1143,1067,1075,984,1075,1063,1.0,0.4663480684986061,0.1861360718870346,yolo,4245,169.8
3871,154.84,892,0.85498046875,1008,902,1143,1067,1075,984,1075,1063,1.0,0.4637594583831143,0.1746237675142709,yolo,4246,169.84
3872,154.88,892,0.85595703125,1007,902,1144,1067,1075,984,1075,1063,1.0,0.4610542879622344,0.1824186991869918,yolo,4247,169.88
3873,154.92,892,0.861328125,1007,903,1144,1068,1075,985,1075,1064,1.0,0.4730527143981117,0.1852134146341463,yolo,4248,169.92
3874,154.96,892,0.8662109375,1007,903,1145,1068,1076,985,1076,1064,1.0,0.4679362611737271,0.1822982147347246,yolo,4249,169.96
3875,155.0,892,0.85986328125,1017,903,1145,1068,1081,985,1081,1064,1.0,0.4807289484708839,0.1364757467799397,yolo,4250,170.0
3876,155.04,892,0.84912109375,1020,903,1145,1068,1082,985,1082,1064,1.0,0.4873118279569892,0.1263858093126385,yolo,4251,170.04
3877,155.08,892,0.845703125,1021,903,1146,1068,1083,985,1083,1064,1.0,0.4965591397849462,0.1263858093126385,yolo,4252,170.08
3878,155.12,892,0.84814453125,1021,903,1146,1068,1083,985,1083,1064,1.0,0.4935483870967742,0.1230598669623059,yolo,4253,170.12
3879,155.16,892,0.841796875,1021,902,1146,1067,1083,984,1083,1063,1.0,0.4754838709677419,0.1213968957871396,yolo,4254,170.16
3880,155.2,892,0.84912109375,1022,902,1146,1067,1084,984,1084,1063,1.0,0.466021505376344,0.1191477432015699,yolo,4255,170.2
3881,155.24,892,0.86083984375,1023,902,1147,1067,1085,984,1085,1063,1.0,0.4750537634408602,0.113260442949257,yolo,4256,170.24
3882,155.28,892,0.85888671875,1024,902,1147,1067,1085,984,1085,1063,1.0,0.4725370531822144,0.0964265456608054,yolo,4257,170.28
3883,155.32,892,0.8681640625,1025,901,1148,1068,1086,984,1086,1064,1.0,0.4727584727584727,0.1046511627906976,yolo,4258,170.32
3884,155.36,892,0.87841796875,1027,902,1149,1067,1088,984,1088,1063,1.0,0.4935925762262483,0.1007173601147776,yolo,4259,170.36
3885,155.4,892,0.86962890625,1028,901,1149,1068,1088,984,1088,1064,1.0,0.4991181657848324,0.0775261324041811,yolo,4260,170.4
3886,155.44,892,0.86328125,1029,901,1149,1068,1089,984,1089,1064,1.0,0.5081569664902998,0.0752032520325203,yolo,4261,170.44
3887,155.48,892,0.85107421875,1029,901,1150,1068,1089,984,1089,1064,1.0,0.5108024691358025,0.0749128919860627,yolo,4262,170.48
3888,155.52,892,0.85498046875,1029,901,1150,1068,1089,984,1089,1064,1.0,0.531084656084656,0.0705574912891986,yolo,4263,170.52
3889,155.56,892,0.84814453125,1027,901,1151,1068,1089,984,1089,1064,1.0,0.5155555555555555,0.0829828987945051,yolo,4264,170.56
3890,155.6,892,0.79931640625,1018,901,1151,1068,1084,984,1084,1064,1.0,0.5095238095238095,0.1370005189413596,yolo,4265,170.6
3891,155.64,892,0.8408203125,1020,901,1150,1068,1085,984,1085,1064,1.0,0.5132275132275133,0.1254355400696864,yolo,4266,170.64
3892,155.68,892,0.86083984375,1021,901,1150,1068,1085,984,1085,1064,1.0,0.4973544973544973,0.1,yolo,4267,170.68
3893,155.72,892,0.85888671875,1020,901,1148,1068,1084,984,1084,1064,1.0,0.5029890744176458,0.105508358454371,yolo,4268,170.72
3894,155.76,892,0.87060546875,1019,901,1147,1068,1083,984,1083,1064,1.0,0.4965986394557823,0.1101671690874212,yolo,4269,170.76
3895,155.8,892,0.87060546875,1017,902,1144,1067,1080,984,1080,1063,1.0,0.4893887945670628,0.1244456762749445,yolo,4270,170.8
3896,155.84,892,0.8759765625,1015,903,1141,1068,1078,985,1078,1064,1.0,0.493763440860215,0.1364757467799397,yolo,4271,170.84
3897,155.88,892,0.84814453125,1013,905,1138,1068,1075,986,1075,1064,1.0,0.4705376344086021,0.1494318181818182,yolo,4272,170.88
3898,155.92,892,0.85595703125,1010,907,1134,1068,1072,987,1072,1064,1.0,0.4402185792349726,0.1655172413793103,yolo,4273,170.92
3899,155.96,892,0.83740234375,1007,911,1129,1068,1068,989,1068,1064,1.0,0.4264840182648401,0.1846153846153846,yolo,4274,170.96
3900,156.0,892,0.83544921875,1005,914,1124,1068,1064,991,1064,1064,1.0,0.3757062146892655,0.1710526315789473,yolo,4275,171.0
3901,156.04,892,0.8623046875,1006,917,1118,1068,1062,992,1062,1064,1.0,0.3713013877978528,0.1631885049606568,yolo,4276,171.04
3902,156.08,892,0.88720703125,1001,921,1113,1067,1057,994,1057,1064,1.0,0.3497964721845318,0.1642053445850914,yolo,4277,171.08
3903,156.12,892,0.87158203125,995,925,1107,1068,1051,996,1051,1065,1.0,0.3380320619126589,0.1374321880650994,yolo,4278,171.12
3904,156.16,892,0.85009765625,990,928,1102,1067,1046,997,1046,1064,1.0,0.3213179386088425,0.0949367088607595,yolo,4279,171.16
3905,156.2,892,0.85009765625,984,929,1097,1067,1040,998,1040,1064,1.0,0.3102108768035516,0.0628676470588235,yolo,4280,171.2
3906,156.24,892,0.83984375,977,930,1092,1068,1034,999,1034,1065,1.0,0.3051681706316653,0.0555147058823529,yolo,4281,171.24
3907,156.28,892,0.83447265625,971,932,1088,1068,1029,1000,1029,1065,1.0,0.3126050420168067,0.1273314203730272,yolo,4282,171.28
3908,156.32,892,0.82080078125,965,933,1083,1068,1024,1000,1024,1065,1.0,0.3134493233913283,0.1832785688207375,yolo,4283,171.32
3909,156.36,892,0.81298828125,961,936,1078,1068,1019,1002,1019,1065,1.0,0.3308571428571428,0.2080561714708056,yolo,4284,171.36
3910,156.4,892,0.77978515625,959,937,1074,1067,1016,1002,1016,1064,1.0,0.3324460218870156,0.252734375,yolo,4285,171.4
3911,156.44,892,0.79052734375,956,940,1071,1068,1013,1004,1013,1065,1.0,0.3504880212954747,0.26484375,yolo,4286,171.44
3912,156.48,892,0.7734375,954,941,1068,1068,1011,1004,1011,1065,1.0,0.3366545893719807,0.2903225806451613,yolo,4287,171.48
3913,156.52,892,0.7138671875,951,943,1066,1068,1008,1005,1008,1065,1.0,0.3324082639531298,0.269758064516129,yolo,4288,171.52
3914,156.56,892,0.7373046875,951,945,1064,1067,1007,1006,1007,1064,1.0,0.3043478260869565,0.26375,yolo,4289,171.56
3915,156.6,892,0.78515625,948,947,1064,1067,1006,1007,1006,1064,1.0,0.300805152979066,0.2481481481481481,yolo,4290,171.6
3916,156.64,892,0.77587890625,946,949,1062,1067,1004,1008,1004,1064,1.0,0.2721417069243156,0.2213707960834397,yolo,4291,171.64
3917,156.68,892,0.74462890625,943,951,1062,1068,1002,1009,1002,1065,1.0,0.273989898989899,0.2122331691297208,yolo,4292,171.68
3918,156.72,892,0.638671875,940,951,1063,1068,1001,1009,1001,1065,1.0,0.2874692874692874,0.2101042502004811,yolo,4293,171.72
3923,156.92,892,0.56201171875,917,957,1097,1068,1007,1012,1007,1065,1.0,0.2784391534391534,0.1625514403292181,yolo,4298,171.92
3924,156.96,892,0.80908203125,912,958,1108,1068,1010,1013,1010,1065,1.0,0.2559933291640608,0.1500405515004055,yolo,4299,171.96
3928,157.12,892,0.544921875,886,975,1112,1067,999,1021,999,1065,1.0,0.2628571428571428,0.1949685534591195,yolo,4303,172.12
3973,158.92,997,0.448486328125,875,899,993,1067,934,983,934,1063,1.0,0.6659330985915493,0.0458978772231784,yolo,4348,173.92
3974,158.96,997,0.4775390625,873,897,994,1067,933,982,933,1063,1.0,0.6532118055555556,0.0413832199546485,yolo,4349,173.96
3978,159.12,997,0.56396484375,867,904,988,1068,927,986,927,1064,1.0,0.642416225749559,0.0455865272938443,yolo,4353,174.12
3979,159.16,997,0.56201171875,866,903,988,1067,927,985,927,1063,1.0,0.6290497934333551,0.0496413199426111,yolo,4354,174.16
3980,159.2,997,0.57763671875,865,903,987,1068,926,985,926,1064,1.0,0.6254971277065842,0.0505021520803443,yolo,4355,174.2
3981,159.24,997,0.611328125,865,907,988,1068,926,987,926,1064,1.0,0.650642445724413,0.0659883720930232,yolo,4356,174.24
3982,159.28,997,0.68408203125,865,907,988,1068,926,987,926,1064,1.0,0.6517501107665042,0.0622093023255813,yolo,4357,174.28
3983,159.32,997,0.59814453125,866,907,988,1067,927,987,927,1063,1.0,0.6520547945205479,0.0661764705882353,yolo,4358,174.32
3984,159.36,997,0.6669921875,867,906,988,1067,927,986,927,1063,1.0,0.636384335154827,0.0580357142857142,yolo,4359,174.36
3985,159.4,997,0.57763671875,868,908,990,1068,929,988,929,1064,1.0,0.6520547945205479,0.0623529411764705,yolo,4360,174.4
3988,159.52,997,0.61328125,872,913,992,1068,932,990,932,1064,1.0,0.6798371647509579,0.0657894736842105,yolo,4363,174.52
3989,159.56,997,0.546875,875,911,992,1068,933,989,933,1064,1.0,0.664047619047619,0.0675422138836773,yolo,4364,174.56
3990,159.6,997,0.64794921875,877,909,992,1068,934,988,934,1064,1.0,0.644095984794488,0.0669871794871794,yolo,4365,174.6
3991,159.64,997,0.7138671875,879,909,993,1068,936,988,936,1064,1.0,0.6464718460441911,0.068484258357676,yolo,4366,174.64
3992,159.68,997,0.7265625,880,912,994,1068,937,990,937,1064,1.0,0.6703512650454434,0.0668614086335605,yolo,4367,174.68
3993,159.72,997,0.458984375,881,910,994,1068,937,989,937,1064,1.0,0.6485294117647059,0.0551282051282051,yolo,4368,174.72
3996,159.84,997,0.751953125,887,906,997,1068,942,987,942,1064,1.0,0.5904123199205167,0.0409090909090909,yolo,4371,174.84
3997,159.88,997,0.8017578125,889,904,999,1068,944,986,944,1064,1.0,0.5572390572390572,0.0269242952169781,yolo,4372,174.88
3998,159.92,997,0.78662109375,891,903,1004,1068,947,985,947,1064,1.0,0.5426944971537002,0.0240853658536585,yolo,4373,174.92
3999,159.96,997,0.82421875,892,904,1006,1068,949,986,949,1064,1.0,0.5268000920174833,0.0185242358752701,yolo,4374,174.96
4000,160.0,997,0.79296875,893,904,1008,1067,950,985,950,1063,1.0,0.5002337540906966,0.00875,yolo,4375,175.0
4001,160.04,997,0.822265625,895,904,1010,1067,952,985,952,1063,1.0,0.4906498363721365,0.0090625,yolo,4376,175.04
4002,160.08,997,0.81640625,896,905,1011,1068,953,986,953,1064,1.0,0.4925198690977092,0.011875,yolo,4377,175.08
4003,160.12,997,0.83642578125,897,907,1012,1068,954,987,954,1064,1.0,0.5001187930624852,0.004375,yolo,4378,175.12
4004,160.16,997,0.81298828125,897,908,1014,1068,955,988,955,1064,1.0,0.4954761904761904,0.0045731707317073,yolo,4379,175.16
4005,160.2,997,0.80419921875,897,908,1017,1068,957,988,957,1064,1.0,0.4800925925925925,0.0095238095238095,yolo,4380,175.2
4006,160.24,997,0.7890625,896,910,1018,1068,957,989,957,1064,1.0,0.4639269406392694,0.0063348416289592,yolo,4381,175.24
4007,160.28,997,0.76904296875,897,911,1021,1068,959,989,959,1064,1.0,0.4573333333333333,0.0064839375184202,yolo,4382,175.28
4011,160.44,997,0.7841796875,898,920,1036,1068,967,994,967,1065,1.0,0.3360585197934596,0.0604625243800501,yolo,4386,175.44
4012,160.48,997,0.81298828125,898,923,1037,1068,967,995,967,1065,1.0,0.3404761904761905,0.08078231292517,yolo,4387,175.48
4013,160.52,997,0.78515625,899,926,1037,1068,968,997,968,1065,1.0,0.3406961178045515,0.0836524300441826,yolo,4388,175.52
4014,160.56,997,0.79296875,900,927,1038,1067,969,997,969,1064,1.0,0.3212093657649466,0.0948453608247422,yolo,4389,175.56
4015,160.6,997,0.76611328125,901,928,1038,1067,969,997,969,1064,1.0,0.3025770823745973,0.0940563725490196,yolo,4390,175.6
4016,160.64,997,0.76611328125,902,928,1038,1068,970,998,970,1065,1.0,0.314698346144887,0.0971428571428571,yolo,4391,175.64
4017,160.68,997,0.7958984375,904,929,1038,1068,971,998,971,1065,1.0,0.3098066620079198,0.0964579380139152,yolo,4392,175.68
4018,160.72,997,0.751953125,905,929,1037,1068,971,998,971,1065,1.0,0.2892285646047289,0.0945604048070841,yolo,4393,175.72
4019,160.76,997,0.78662109375,908,931,1035,1068,971,999,971,1065,1.0,0.2866902834008097,0.0638368983957219,yolo,4394,175.76
4020,160.8,997,0.80419921875,910,932,1036,1067,973,999,973,1064,1.0,0.2700653594771242,0.0742254000680966,yolo,4395,175.8
4021,160.84,997,0.7744140625,915,932,1037,1067,976,999,976,1064,1.0,0.260542573193661,0.1133689839572192,yolo,4396,175.84
4022,160.88,997,0.82763671875,919,934,1038,1067,978,1000,978,1064,1.0,0.2663398692810457,0.1406926406926407,yolo,4397,175.88
4023,160.92,997,0.822265625,925,936,1039,1068,982,1002,982,1065,1.0,0.2872463768115942,0.1549673954737246,yolo,4398,175.92
4024,160.96,997,0.80908203125,931,937,1043,1067,987,1002,987,1064,1.0,0.2954614681693573,0.1665348101265822,yolo,4399,175.96
4025,161.0,997,0.740234375,938,940,1046,1068,992,1004,992,1065,1.0,0.3136577708006279,0.1633333333333333,yolo,4400,176.0
4026,161.04,997,0.73583984375,944,940,1051,1067,997,1003,997,1064,1.0,0.2652994791666667,0.1285963382737576,yolo,4401,176.04
4027,161.08,997,0.7548828125,947,941,1058,1068,1002,1004,1002,1065,1.0,0.2670454545454545,0.1286186931348221,yolo,4402,176.08
4031,161.24,997,0.76220703125,967,943,1078,1068,1022,1005,1022,1065,1.0,0.2743391360412637,0.1968569065343259,yolo,4406,176.24
4032,161.28,997,0.7373046875,972,943,1082,1068,1027,1005,1027,1065,1.0,0.2778852353320438,0.2304147465437788,yolo,4407,176.28
4033,161.32,997,0.67919921875,976,943,1086,1068,1031,1005,1031,1065,1.0,0.2888459058671824,0.2337662337662337,yolo,4408,176.32
4034,161.36,997,0.658203125,984,943,1089,1068,1036,1005,1036,1065,1.0,0.2995609591354272,0.2589363557105492,yolo,4409,176.36
4035,161.4,997,0.716796875,990,943,1093,1068,1041,1005,1041,1065,1.0,0.3129718599862731,0.2831541218637993,yolo,4410,176.4
4036,161.44,997,0.640625,987,943,1096,1068,1041,1005,1041,1065,1.0,0.3423597678916827,0.2623089983022071,yolo,4411,176.44
4037,161.48,997,0.62255859375,992,942,1099,1068,1045,1005,1045,1065,1.0,0.3681640625,0.2877070619006103,yolo,4412,176.48
4038,161.52,997,0.642578125,992,941,1101,1068,1046,1004,1046,1065,1.0,0.380050505050505,0.2780135823429541,yolo,4413,176.52
4039,161.56,997,0.63720703125,994,939,1104,1068,1049,1003,1049,1065,1.0,0.3880643166357452,0.28125,yolo,4414,176.56
4040,161.6,997,0.71044921875,997,937,1106,1068,1051,1002,1051,1065,1.0,0.4134199134199134,0.2849506578947368,yolo,4415,176.6
4041,161.64,997,0.79833984375,998,935,1108,1067,1053,1001,1053,1064,1.0,0.4218181818181818,0.2888626524990161,yolo,4416,176.64
4042,161.68,997,0.75927734375,998,932,1110,1068,1054,1000,1054,1065,1.0,0.4272753877670471,0.2862993298585257,yolo,4417,176.68
4043,161.72,997,0.8115234375,997,929,1112,1067,1054,998,1054,1064,1.0,0.4183757178014766,0.3036764705882352,yolo,4418,176.72
4044,161.76,997,0.82763671875,995,926,1114,1068,1054,997,1054,1065,1.0,0.4220679012345679,0.3244897959183673,yolo,4419,176.76
4045,161.8,997,0.83349609375,996,922,1117,1068,1056,995,1056,1065,1.0,0.4305555555555556,0.3379629629629629,yolo,4420,176.8
4046,161.84,997,0.841796875,996,919,1119,1068,1057,993,1057,1065,1.0,0.440493124703651,0.311125078566939,yolo,4421,176.84
4047,161.88,997,0.85302734375,997,916,1123,1068,1060,992,1060,1064,1.0,0.4583908045977011,0.2983441750443524,yolo,4422,176.88
4048,161.92,997,0.84375,996,914,1125,1068,1060,991,1060,1064,1.0,0.4574098218166015,0.2991228070175438,yolo,4423,176.92
4049,161.96,997,0.81884765625,998,913,1126,1068,1062,990,1062,1064,1.0,0.4729064039408867,0.2924305144884683,yolo,4424,176.96
4050,162.0,997,0.85791015625,1003,912,1129,1067,1066,989,1066,1063,1.0,0.4875862068965517,0.2474866942637492,yolo,4425,177.0
4051,162.04,997,0.845703125,1008,911,1130,1068,1069,989,1069,1064,1.0,0.5020547945205479,0.2346907993966817,yolo,4426,177.04
4052,162.08,997,0.85009765625,1010,910,1132,1068,1071,989,1071,1064,1.0,0.4990867579908676,0.2093514328808446,yolo,4427,177.08
4053,162.12,997,0.865234375,1009,910,1135,1068,1072,989,1072,1064,1.0,0.4953333333333333,0.2175165658311725,yolo,4428,177.12
4054,162.16,997,0.81298828125,1013,910,1137,1068,1075,989,1075,1064,1.0,0.4971111111111111,0.2015915119363395,yolo,4429,177.16
4055,162.2,997,0.73583984375,1033,911,1139,1067,1086,989,1086,1063,1.0,0.5579768630616089,0.0957264957264957,yolo,4430,177.2
4056,162.24,997,0.71875,1034,911,1143,1067,1088,989,1088,1063,1.0,0.5236260914227016,0.0951417004048583,yolo,4431,177.24
4057,162.28,997,0.74609375,1035,912,1146,1067,1090,989,1090,1063,1.0,0.5007836990595611,0.1039136302294197,yolo,4432,177.28
4058,162.32,997,0.740234375,1033,912,1150,1067,1091,989,1091,1063,1.0,0.4615763546798029,0.0965982028241335,yolo,4433,177.32
4059,162.36,997,0.822265625,1035,912,1154,1067,1094,989,1094,1063,1.0,0.471743295019157,0.088032581453634,yolo,4434,177.36
4060,162.4,997,0.82421875,1042,911,1157,1067,1099,989,1099,1063,1.0,0.510439695406534,0.1121794871794871,yolo,4435,177.4
4061,162.44,997,0.79931640625,1046,911,1161,1068,1103,989,1103,1064,1.0,0.5541062801932367,0.0894230769230769,yolo,4436,177.44
4062,162.48,997,0.8310546875,1050,910,1164,1068,1107,989,1107,1064,1.0,0.5538647342995169,0.0931515741642323,yolo,4437,177.48
4063,162.52,997,0.83740234375,1052,910,1167,1068,1109,989,1109,1064,1.0,0.571256038647343,0.1044871794871794,yolo,4438,177.52
4064,162.56,997,0.8154296875,1054,909,1169,1068,1111,988,1111,1064,1.0,0.5592777381800903,0.1086538461538461,yolo,4439,177.56
4065,162.6,997,0.806640625,1055,908,1170,1068,1112,988,1112,1064,1.0,0.5456521739130434,0.0753125,yolo,4440,177.6
4066,162.64,997,0.81982421875,1057,908,1172,1068,1114,988,1114,1064,1.0,0.5434782608695652,0.06875,yolo,4441,177.64
4067,162.68,997,0.8388671875,1057,909,1172,1068,1114,988,1114,1064,1.0,0.5481111903064861,0.0839743589743589,yolo,4442,177.68
4068,162.72,997,0.85107421875,1057,909,1172,1067,1114,988,1114,1063,1.0,0.5352657004830917,0.0801282051282051,yolo,4443,177.72
4069,162.76,997,0.8447265625,1056,909,1171,1068,1113,988,1113,1064,1.0,0.5317177476835353,0.0801282051282051,yolo,4444,177.76
4070,162.8,997,0.83203125,1055,910,1170,1068,1112,989,1112,1064,1.0,0.523671497584541,0.0657051282051282,yolo,4445,177.8
4071,162.84,997,0.78271484375,1054,910,1168,1068,1111,989,1111,1064,1.0,0.4954106280193237,0.0772476468679,yolo,4446,177.84
4072,162.88,997,0.8232421875,1051,911,1166,1067,1108,989,1108,1063,1.0,0.4841562269712601,0.0708333333333333,yolo,4447,177.88
4073,162.92,997,0.83203125,1048,912,1163,1067,1105,989,1105,1063,1.0,0.469015492253873,0.0674342105263157,yolo,4448,177.92
4074,162.96,997,0.8173828125,1045,913,1159,1068,1102,990,1102,1064,1.0,0.4502748625687156,0.0626249167221852,yolo,4449,177.96
4077,163.08,997,0.77734375,1033,919,1143,1067,1088,993,1088,1064,1.0,0.3676948051948052,0.0645840645840645,yolo,4452,178.08
4078,163.12,997,0.75927734375,1030,921,1138,1067,1084,994,1084,1064,1.0,0.3488111888111888,0.0618518518518518,yolo,4453,178.12
4079,163.16,997,0.79443359375,1023,923,1131,1067,1077,995,1077,1064,1.0,0.3071328671328671,0.087037037037037,yolo,4454,178.16
4080,163.2,997,0.83447265625,1018,927,1126,1068,1072,997,1072,1065,1.0,0.2984034833091437,0.0918095238095238,yolo,4455,178.2
4081,163.24,997,0.80078125,1015,929,1120,1067,1067,998,1067,1064,1.0,0.2728361784965558,0.1208267090620031,yolo,4456,178.24
4125,165.0,1026,0.57177734375,869,900,990,1068,929,984,929,1064,1.0,0.5904947916666666,0.016156462585034,yolo,4500,180.0
4126,165.04,1026,0.69921875,871,905,992,1067,931,986,931,1063,1.0,0.6165755919854281,0.0166666666666666,yolo,4501,180.04
4127,165.08,1026,0.64404296875,871,906,991,1068,931,987,931,1064,1.0,0.6213570127504554,0.0169642857142857,yolo,4502,180.08
4128,165.12,1026,0.548828125,872,906,989,1068,930,987,930,1064,1.0,0.6339578454332553,0.0167682926829268,yolo,4503,180.12
4129,165.16,1026,0.5830078125,872,905,990,1067,931,986,931,1063,1.0,0.6181020549526668,0.0177710843373493,yolo,4504,180.16
4130,165.2,1026,0.548828125,872,904,992,1068,932,986,932,1064,1.0,0.5910493827160493,0.0188734030197444,yolo,4505,180.2
4158,166.32,1026,0.60595703125,888,919,998,1067,943,993,943,1064,1.0,0.5205627705627706,0.0105300105300105,yolo,4533,181.32
4159,166.36,1026,0.57568359375,892,931,1001,1067,946,999,946,1064,1.0,0.6313131313131313,0.0143188854489164,yolo,4534,181.36
4160,166.4,1026,0.7373046875,896,929,1005,1067,950,998,950,1064,1.0,0.58147512864494,0.0263157894736842,yolo,4535,181.4
4161,166.44,1026,0.763671875,899,928,1009,1067,954,997,954,1064,1.0,0.5234419668381932,0.0084033613445378,yolo,4536,181.44
4166,166.64,1026,0.83349609375,922,925,1036,1067,979,996,979,1064,1.0,0.3150831991411701,0.0849909584086799,yolo,4541,181.64
4167,166.68,1026,0.84716796875,925,927,1040,1067,982,997,982,1064,1.0,0.3278643697019415,0.1253571428571428,yolo,4542,181.68
4168,166.72,1026,0.8388671875,928,928,1045,1067,986,997,986,1064,1.0,0.3277628032345013,0.1714490674318508,yolo,4543,181.72
4169,166.76,1026,0.75048828125,933,930,1047,1068,990,999,990,1065,1.0,0.3415367787804211,0.1697691734921816,yolo,4544,181.76
4170,166.8,1026,0.5908203125,937,933,1046,1068,991,1000,991,1065,1.0,0.33184789067142,0.1176236044657097,yolo,4545,181.8
4171,166.84,1026,0.72509765625,941,936,1047,1068,994,1002,994,1065,1.0,0.3082539682539683,0.0901010101010101,yolo,4546,181.84
4181,167.24,1026,0.708984375,970,949,1064,1069,1017,1009,1017,1066,1.0,0.2705653021442495,0.1369230769230769,yolo,4556,182.24
4182,167.28,1026,0.7578125,973,949,1067,1069,1020,1009,1020,1066,1.0,0.2807017543859649,0.1441025641025641,yolo,4557,182.28
4183,167.32,1026,0.642578125,975,948,1070,1069,1022,1008,1022,1066,1.0,0.2913806254767353,0.1681818181818181,yolo,4558,182.32
4199,167.96,1026,0.5205078125,998,936,1088,1068,1043,1002,1043,1065,1.0,0.2855555555555555,0.3203463203463203,yolo,4574,182.96
4220,168.8,1054,0.67041015625,861,892,974,1067,917,979,917,1063,1.0,0.6666666666666666,0.0281976744186046,yolo,4595,183.8
4221,168.84,1054,0.57568359375,861,893,973,1068,917,980,917,1064,1.0,0.6820443238353686,0.0409184574624668,yolo,4596,183.84
4222,168.88,1054,0.7041015625,861,892,973,1068,917,980,917,1064,1.0,0.665627088438405,0.0391254315304948,yolo,4597,183.88
4223,168.92,1054,0.69287109375,860,893,974,1068,917,980,917,1064,1.0,0.6690821256038647,0.0400353252870179,yolo,4598,183.92
4224,168.96,1054,0.71533203125,860,892,974,1068,917,980,917,1064,1.0,0.6599610642439974,0.0379746835443038,yolo,4599,183.96
4234,169.36,1054,0.5009765625,859,874,975,1064,917,969,917,1060,1.0,0.5076489533011272,0.0425531914893617,yolo,4609,184.36
4235,169.4,1054,0.4736328125,861,888,974,1066,917,977,917,1062,1.0,0.5994809688581315,0.0392045454545454,yolo,4610,184.4
4264,170.56,1054,0.455078125,866,893,980,1068,923,980,923,1064,1.0,0.6282389108476065,0.0061819252281424,yolo,4639,185.56
4265,170.6,1054,0.45703125,866,892,980,1067,923,979,923,1063,1.0,0.6220904699165569,0.0061819252281424,yolo,4640,185.6
4271,170.84,1054,0.482421875,866,893,978,1068,922,980,922,1064,1.0,0.639981908638625,0.006770680011775,yolo,4646,185.84
4272,170.88,1054,0.4580078125,866,893,978,1068,922,980,922,1064,1.0,0.6408864767073722,0.0064763026199587,yolo,4647,185.88
4273,170.92,1054,0.484375,866,893,978,1068,922,980,922,1064,1.0,0.641112618724559,0.0064763026199587,yolo,4648,185.92
4274,170.96,1054,0.447509765625,866,893,978,1068,922,980,922,1064,1.0,0.6413387607417458,0.0070650574035914,yolo,4649,185.96
4279,171.16,1054,0.505859375,865,894,979,1067,922,980,922,1063,1.0,0.6190162494510321,0.006770680011775,yolo,4654,186.16
4280,171.2,1054,0.60595703125,865,895,978,1067,921,981,921,1063,1.0,0.6264705882352941,0.0055232558139534,yolo,4655,186.2
4281,171.24,1054,0.638671875,864,900,978,1067,921,983,921,1063,1.0,0.6487232574189096,0.0101883297313985,yolo,4656,186.24
4282,171.28,1054,0.64794921875,863,901,978,1067,920,984,920,1063,1.0,0.6480331262939959,0.0085365853658536,yolo,4657,186.28
4283,171.32,1054,0.544921875,863,904,978,1067,920,985,920,1063,1.0,0.6559139784946236,0.0071875,yolo,4658,186.32
4287,171.48,1054,0.5830078125,860,905,976,1067,918,986,918,1063,1.0,0.6132097885483487,0.0061728395061728,yolo,4662,186.48
4291,171.64,1054,0.56201171875,859,918,977,1067,918,992,918,1064,1.0,0.6849518161601186,0.0026050146532074,yolo,4666,186.64
4293,171.72,1054,0.84716796875,859,909,979,1068,919,988,919,1064,1.0,0.5885701275045537,0.0045787545787545,yolo,4668,186.72
4294,171.76,1054,0.85791015625,859,907,979,1068,919,987,919,1064,1.0,0.5703551912568307,0.0038690476190476,yolo,4669,186.76
4295,171.8,1054,0.84716796875,860,906,980,1068,920,987,920,1064,1.0,0.5539617486338798,0.0035714285714285,yolo,4670,186.8
4296,171.84,1054,0.84912109375,860,906,981,1068,920,987,920,1064,1.0,0.5530510018214936,0.0035714285714285,yolo,4671,186.84
4297,171.88,1054,0.8310546875,860,907,983,1068,921,987,921,1064,1.0,0.561807709348693,0.0052325581395348,yolo,4672,186.88
4298,171.92,1054,0.83447265625,861,907,983,1067,922,987,922,1063,1.0,0.5579908675799087,0.0047058823529411,yolo,4673,186.92
4299,171.96,1054,0.8232421875,862,907,985,1067,923,987,923,1063,1.0,0.5540540540540541,0.0046511627906976,yolo,4674,186.96
4300,172.0,1054,0.79931640625,862,907,987,1067,924,987,924,1063,1.0,0.5495555555555556,0.0039772727272727,yolo,4675,187.0
4301,172.04,1054,0.7890625,863,907,988,1068,925,987,925,1064,1.0,0.5586885245901639,0.0051136363636363,yolo,4676,187.04
4302,172.08,1054,0.7880859375,864,908,988,1068,926,988,926,1064,1.0,0.5657777777777778,0.0040229885057471,yolo,4677,187.08
4303,172.12,1054,0.80322265625,864,908,989,1068,926,988,926,1064,1.0,0.5668888888888889,0.0042613636363636,yolo,4678,187.12
4304,172.16,1054,0.77587890625,865,907,991,1068,928,987,928,1064,1.0,0.5545355191256831,0.0042134831460674,yolo,4679,187.16
4305,172.2,1054,0.82421875,867,909,993,1068,930,988,930,1064,1.0,0.5593442622950819,0.0051858254105445,yolo,4680,187.2
4306,172.24,1054,0.83203125,869,911,994,1068,931,989,931,1064,1.0,0.5704444444444444,0.0058275058275058,yolo,4681,187.24
4307,172.28,1054,0.84814453125,872,911,996,1068,934,989,934,1064,1.0,0.5617777777777778,0.0055997642204538,yolo,4682,187.28
4308,172.32,1054,0.8427734375,874,912,997,1068,935,990,935,1064,1.0,0.5558863948694457,0.0065593321407274,yolo,4683,187.32
4309,172.36,1054,0.71875,877,915,1000,1067,938,991,938,1063,1.0,0.5584808946877913,0.00734394124847,yolo,4684,187.36
4310,172.4,1054,0.77587890625,880,923,1002,1068,941,995,941,1065,1.0,0.6293897882938979,0.0068627450980392,yolo,4685,187.4
4311,172.44,1054,0.74609375,884,918,1006,1068,945,993,945,1065,1.0,0.5388127853881278,0.0073131955484896,yolo,4686,187.44
4312,172.48,1054,0.66552734375,890,920,1009,1068,949,994,949,1065,1.0,0.5069444444444444,0.0016087516087516,yolo,4687,187.48
4326,173.04,1054,0.63720703125,947,951,1059,1069,1003,1010,1003,1066,1.0,0.257379767827529,0.0589262330859886,yolo,4701,188.04
4327,173.08,1054,0.6298828125,955,952,1061,1069,1008,1010,1008,1066,1.0,0.2723665223665223,0.0583908045977011,yolo,4702,188.08
4328,173.12,1054,0.6806640625,960,952,1062,1068,1011,1010,1011,1065,1.0,0.2857675111773472,0.0665371539582321,yolo,4703,188.12
4329,173.16,1054,0.7373046875,963,952,1064,1068,1013,1010,1013,1065,1.0,0.2875,0.0694581280788177,yolo,4704,188.16
4330,173.2,1054,0.72509765625,964,950,1065,1068,1014,1009,1014,1065,1.0,0.2714814814814815,0.0822660098522167,yolo,4705,188.2
4331,173.24,1054,0.708984375,966,948,1066,1068,1016,1008,1016,1065,1.0,0.2707407407407407,0.1038095238095238,yolo,4706,188.24
4336,173.44,1054,0.56201171875,977,936,1065,1067,1021,1001,1021,1064,1.0,0.2522140931844436,0.1296106557377049,yolo,4711,188.44
4337,173.48,1054,0.6298828125,978,933,1065,1067,1021,1000,1021,1064,1.0,0.2635746606334841,0.1368686868686868,yolo,4712,188.48
4338,173.52,1054,0.67041015625,979,930,1065,1067,1022,998,1022,1064,1.0,0.2952488687782805,0.1393442622950819,yolo,4713,188.52
4339,173.56,1054,0.57958984375,980,928,1067,1067,1023,997,1023,1064,1.0,0.3000725689404934,0.1490196078431372,yolo,4714,188.56
4340,173.6,1054,0.60595703125,980,926,1071,1068,1025,997,1025,1065,1.0,0.3233882030178326,0.1419642857142857,yolo,4715,188.6
4341,173.64,1054,0.63720703125,978,924,1074,1067,1026,995,1026,1064,1.0,0.3193632228719948,0.1484008528784648,yolo,4716,188.64
4342,173.68,1054,0.69091796875,978,922,1078,1067,1028,994,1028,1064,1.0,0.3375757575757576,0.1305555555555555,yolo,4717,188.68
4343,173.72,1054,0.78125,976,920,1084,1067,1030,993,1030,1064,1.0,0.3447802197802198,0.1192592592592592,yolo,4718,188.72
4344,173.76,1054,0.7041015625,976,919,1089,1067,1032,993,1032,1064,1.0,0.3658088235294117,0.1003378378378378,yolo,4719,188.76
4345,173.8,1054,0.69287109375,981,917,1095,1068,1038,992,1038,1064,1.0,0.3768115942028985,0.108450222374273,yolo,4720,188.8
4346,173.84,1054,0.8154296875,965,915,1100,1068,1032,991,1032,1064,1.0,0.3569604086845466,0.0901455767077267,yolo,4721,188.84
4347,173.88,1054,0.7373046875,955,913,1104,1068,1029,990,1029,1064,1.0,0.3386973180076628,0.0842611336032388,yolo,4722,188.88
4348,173.92,1054,0.76611328125,942,912,1108,1067,1025,989,1025,1063,1.0,0.2965865552072448,0.0827710301394512,yolo,4723,188.92
4349,173.96,1054,0.72021484375,937,911,1113,1068,1025,989,1025,1064,1.0,0.2831746031746032,0.0850531582238899,yolo,4724,188.96
4350,174.0,1054,0.86083984375,1008,898,1152,1068,1080,983,1080,1064,1.0,0.2920258620689655,0.1086751532296086,yolo,4725,189.0
4358,174.32,1054,0.8896484375,1058,890,1181,1068,1119,979,1119,1064,1.0,0.4509141494435612,0.0002642706131078,yolo,4733,189.32
4360,174.4,1054,0.8916015625,1061,889,1184,1068,1122,978,1122,1064,1.0,0.4513116057233704,0.0,yolo,4735,189.4
4361,174.44,1054,0.89697265625,1062,890,1185,1068,1123,979,1123,1064,1.0,0.4594594594594595,0.0,yolo,4736,189.44
4362,174.48,1054,0.900390625,1063,890,1187,1068,1125,979,1125,1064,1.0,0.4535294117647059,0.0,yolo,4737,189.48
4363,174.52,1054,0.8955078125,1065,890,1188,1068,1126,979,1126,1064,1.0,0.462241653418124,0.0,yolo,4738,189.52
4364,174.56,1054,0.892578125,1066,890,1189,1068,1127,979,1127,1064,1.0,0.4626391096979332,0.0,yolo,4739,189.56
4365,174.6,1054,0.892578125,1067,890,1191,1068,1129,979,1129,1064,1.0,0.46,0.0,yolo,4740,189.6
4366,174.64,1054,0.8916015625,1068,890,1192,1068,1130,979,1130,1064,1.0,0.4601960784313725,0.0002612330198537,yolo,4741,189.64
4367,174.68,1054,0.88720703125,1069,890,1193,1068,1131,979,1131,1064,1.0,0.4580392156862745,0.0,yolo,4742,189.68
4368,174.72,1054,0.88720703125,1070,890,1194,1068,1132,979,1132,1064,1.0,0.4613725490196078,0.0,yolo,4743,189.72
4369,174.76,1054,0.8916015625,1071,890,1194,1068,1132,979,1132,1064,1.0,0.4630365659777424,0.0,yolo,4744,189.76
4370,174.8,1054,0.88818359375,1071,891,1195,1068,1133,979,1133,1064,1.0,0.4660696517412935,0.0,yolo,4745,189.8
4371,174.84,1054,0.8896484375,1072,891,1196,1068,1134,979,1134,1064,1.0,0.4640796019900498,0.0,yolo,4746,189.84
4372,174.88,1054,0.89013671875,1073,891,1197,1067,1135,979,1135,1063,1.0,0.4674626865671641,0.0,yolo,4747,189.88
4373,174.92,1054,0.888671875,1074,892,1197,1068,1135,980,1135,1064,1.0,0.4739814441306978,0.0,yolo,4748,189.92
4374,174.96,1054,0.888671875,1075,892,1197,1068,1136,980,1136,1064,1.0,0.4749539971375996,0.0,yolo,4749,189.96
4375,175.0,1054,0.89306640625,1076,893,1198,1068,1137,980,1137,1064,1.0,0.4900373599003736,0.0,yolo,4750,190.0
4376,175.04,1054,0.8916015625,1077,892,1198,1068,1137,980,1137,1064,1.0,0.4877694859038142,0.0,yolo,4751,190.04
4377,175.08,1054,0.89013671875,1077,892,1198,1067,1137,979,1137,1063,1.0,0.4808501683501683,0.0,yolo,4752,190.08
4378,175.12,1054,0.88720703125,1077,892,1198,1067,1137,979,1137,1063,1.0,0.479587542087542,0.0,yolo,4753,190.12
4379,175.16,1054,0.884765625,1078,892,1197,1067,1137,979,1137,1063,1.0,0.4766414141414141,0.0,yolo,4754,190.16
4380,175.2,1054,0.88720703125,1077,892,1197,1067,1137,979,1137,1063,1.0,0.4779040404040404,0.0,yolo,4755,190.2
4381,175.24,1054,0.88720703125,1077,892,1197,1067,1137,979,1137,1063,1.0,0.476010101010101,0.0,yolo,4756,190.24
4382,175.28,1054,0.888671875,1077,892,1197,1067,1137,979,1137,1063,1.0,0.4747474747474747,0.0,yolo,4757,190.28
4383,175.32,1054,0.88720703125,1077,892,1196,1067,1136,979,1136,1063,1.0,0.4703282828282828,0.0,yolo,4758,190.32
4384,175.36,1054,0.884765625,1077,892,1196,1067,1136,979,1136,1063,1.0,0.4703282828282828,0.0,yolo,4759,190.36
4385,175.4,1054,0.884765625,1077,892,1195,1067,1136,979,1136,1063,1.0,0.4714041826717883,0.0,yolo,4760,190.4
4386,175.44,1054,0.884765625,1077,892,1195,1067,1136,979,1136,1063,1.0,0.4780196329492104,0.0,yolo,4761,190.44
4387,175.48,1054,0.88623046875,1076,892,1195,1067,1135,979,1135,1063,1.0,0.4793771043771044,0.0,yolo,4762,190.48
4388,175.52,1054,0.88818359375,1076,892,1195,1067,1135,979,1135,1063,1.0,0.48253367003367,0.0,yolo,4763,190.52
4389,175.56,1054,0.88427734375,1076,891,1195,1068,1135,979,1135,1064,1.0,0.4778192371475953,0.0,yolo,4764,190.56
4390,175.6,1054,0.88427734375,1076,891,1195,1068,1135,979,1135,1064,1.0,0.4713930348258706,0.0,yolo,4765,190.6
4391,175.64,1054,0.884765625,1076,891,1195,1068,1135,979,1135,1064,1.0,0.4722222222222222,0.0,yolo,4766,190.64
4392,175.68,1054,0.88623046875,1076,891,1195,1068,1135,979,1135,1064,1.0,0.4730514096185738,0.0,yolo,4767,190.68
4393,175.72,1054,0.8857421875,1076,890,1195,1068,1135,979,1135,1064,1.0,0.4640522875816993,0.0,yolo,4768,190.72
4394,175.76,1054,0.88720703125,1076,890,1195,1068,1135,979,1135,1064,1.0,0.4675245098039216,0.0,yolo,4769,190.76
4395,175.8,1054,0.888671875,1076,890,1195,1068,1135,979,1135,1064,1.0,0.4669117647058823,0.0,yolo,4770,190.8
4396,175.84,1054,0.88818359375,1076,891,1195,1068,1135,979,1135,1064,1.0,0.4759535655058043,0.0,yolo,4771,190.84
4397,175.88,1054,0.88623046875,1076,891,1195,1068,1135,979,1135,1064,1.0,0.4761608623548922,0.0,yolo,4772,190.88
4398,175.92,1054,0.88720703125,1076,890,1195,1068,1135,979,1135,1064,1.0,0.471609477124183,0.0,yolo,4773,190.92
4399,175.96,1054,0.8916015625,1077,891,1195,1068,1136,979,1136,1064,1.0,0.4839184359890687,0.0,yolo,4774,190.96
4400,176.0,1054,0.8896484375,1077,890,1195,1068,1136,979,1136,1064,1.0,0.4780447390223695,0.0,yolo,4775,191.0
4401,176.04,1054,0.88818359375,1077,891,1194,1068,1135,979,1135,1064,1.0,0.4912579957356077,0.0,yolo,4776,191.04
4402,176.08,1054,0.88818359375,1077,890,1194,1068,1135,979,1135,1064,1.0,0.4810924369747899,0.0,yolo,4777,191.08
4403,176.12,1054,0.8857421875,1077,890,1194,1068,1135,979,1135,1064,1.0,0.4813025210084034,0.0,yolo,4778,191.12
4404,176.16,1054,0.8896484375,1077,890,1194,1068,1135,979,1135,1064,1.0,0.4792016806722689,0.0,yolo,4779,191.16
4405,176.2,1054,0.888671875,1077,890,1194,1068,1135,979,1135,1064,1.0,0.4785714285714286,0.0,yolo,4780,191.2
4406,176.24,1054,0.888671875,1077,891,1194,1068,1135,979,1135,1064,1.0,0.4859275053304904,0.0,yolo,4781,191.24
4407,176.28,1054,0.88623046875,1077,891,1194,1068,1135,979,1135,1064,1.0,0.4831556503198294,0.0,yolo,4782,191.28
4408,176.32,1054,0.88623046875,1077,891,1194,1068,1135,979,1135,1064,1.0,0.4820895522388059,0.0,yolo,4783,191.32
4409,176.36,1054,0.88623046875,1077,891,1194,1068,1135,979,1135,1064,1.0,0.4823027718550106,0.0,yolo,4784,191.36
4410,176.4,1054,0.88623046875,1077,891,1194,1068,1135,979,1135,1064,1.0,0.4803837953091684,0.0,yolo,4785,191.4
4411,176.44,1054,0.88818359375,1077,891,1194,1068,1135,979,1135,1064,1.0,0.4850746268656716,0.0,yolo,4786,191.44
4412,176.48,1054,0.88623046875,1077,891,1194,1068,1135,979,1135,1064,1.0,0.4825159914712154,0.0,yolo,4787,191.48
4413,176.52,1054,0.88720703125,1078,891,1194,1068,1136,979,1136,1064,1.0,0.490157906121566,0.0,yolo,4788,191.52
4414,176.56,1054,0.88330078125,1078,891,1193,1068,1135,979,1135,1064,1.0,0.4834523036988968,0.0,yolo,4789,191.56
4415,176.6,1054,0.88623046875,1078,891,1193,1068,1135,979,1135,1064,1.0,0.4856154012545965,0.0,yolo,4790,191.6
4416,176.64,1054,0.8857421875,1078,891,1193,1068,1135,979,1135,1064,1.0,0.481072896387627,0.0,yolo,4791,191.64
4417,176.68,1054,0.88330078125,1078,891,1193,1068,1135,979,1135,1064,1.0,0.4799913476097772,0.0,yolo,4792,191.68
4418,176.72,1054,0.88623046875,1078,891,1193,1068,1135,979,1135,1064,1.0,0.4795587280986372,0.0,yolo,4793,191.72
4419,176.76,1054,0.88623046875,1078,891,1193,1068,1135,979,1135,1064,1.0,0.4797750378542072,0.0,yolo,4794,191.76
4420,176.8,1054,0.88720703125,1078,891,1193,1068,1135,979,1135,1064,1.0,0.4791261085874973,0.0,yolo,4795,191.8
4421,176.84,1054,0.88427734375,1078,891,1193,1068,1135,979,1135,1064,1.0,0.4773956305429375,0.0,yolo,4796,191.84
4422,176.88,1054,0.88232421875,1078,891,1193,1068,1135,979,1135,1064,1.0,0.4793424183430673,0.0,yolo,4797,191.88
4423,176.92,1054,0.87890625,1078,891,1193,1068,1135,979,1135,1064,1.0,0.4795587280986372,0.0,yolo,4798,191.92
4424,176.96,1054,0.888671875,1078,891,1193,1068,1135,979,1135,1064,1.0,0.4834523036988968,0.0,yolo,4799,191.96
4425,177.0,1054,0.88818359375,1078,891,1193,1068,1135,979,1135,1064,1.0,0.4804239671209172,0.0,yolo,4800,192.0
4426,177.04,1054,0.884765625,1078,890,1193,1068,1135,979,1135,1064,1.0,0.4797527706734867,0.0,yolo,4801,192.04
4427,177.08,1054,0.88623046875,1077,890,1193,1068,1135,979,1135,1064,1.0,0.4801790281329923,0.0,yolo,4802,192.08
4428,177.12,1054,0.89306640625,1076,890,1193,1067,1134,978,1134,1063,1.0,0.4810234541577825,0.0,yolo,4803,192.12
4429,177.16,1054,0.89013671875,1076,889,1193,1068,1134,978,1134,1064,1.0,0.4739495798319327,0.0,yolo,4804,192.16
4430,177.2,1054,0.8896484375,1074,888,1193,1068,1133,978,1133,1064,1.0,0.4761029411764705,0.0,yolo,4805,192.2
4431,177.24,1054,0.88623046875,1073,888,1193,1068,1133,978,1133,1064,1.0,0.4844771241830065,0.0,yolo,4806,192.24
4432,177.28,1054,0.89111328125,1072,887,1193,1067,1132,977,1132,1063,1.0,0.4779411764705882,0.0,yolo,4807,192.28
4433,177.32,1054,0.88623046875,1071,887,1192,1067,1131,977,1131,1063,1.0,0.474673202614379,0.0,yolo,4808,192.32
4434,177.36,1054,0.8759765625,1070,887,1192,1067,1131,977,1131,1063,1.0,0.4697824335213537,0.0,yolo,4809,192.36
4435,177.4,1054,0.8857421875,1069,887,1191,1067,1130,977,1130,1063,1.0,0.4715954875100725,0.0,yolo,4810,192.4
4436,177.44,1054,0.888671875,1067,887,1192,1067,1129,977,1129,1063,1.0,0.4701960784313725,0.0,yolo,4811,192.44
4437,177.48,1054,0.88623046875,1067,887,1192,1067,1129,977,1129,1063,1.0,0.472156862745098,0.0,yolo,4812,192.48
4438,177.52,1054,0.884765625,1066,887,1191,1067,1128,977,1128,1063,1.0,0.4666666666666667,0.0,yolo,4813,192.52
4439,177.56,1054,0.89111328125,1066,887,1192,1068,1129,977,1129,1064,1.0,0.4711764705882353,0.0,yolo,4814,192.56
4440,177.6,1054,0.89111328125,1067,888,1192,1068,1129,978,1129,1064,1.0,0.4872549019607843,0.0002525252525252,yolo,4815,192.6
4441,177.64,1054,0.8818359375,1067,888,1193,1068,1130,978,1130,1064,1.0,0.4915686274509804,0.0,yolo,4816,192.64
4442,177.68,1054,0.8740234375,1069,890,1194,1068,1131,979,1131,1064,1.0,0.5084313725490196,0.0,yolo,4817,192.68
4443,177.72,1054,0.87890625,1070,891,1197,1068,1133,979,1133,1064,1.0,0.516496465043205,0.0,yolo,4818,192.72
4444,177.76,1054,0.8759765625,1071,892,1198,1067,1134,979,1134,1063,1.0,0.5247208931419458,0.0,yolo,4819,192.76
4445,177.8,1054,0.87890625,1072,892,1199,1067,1135,979,1135,1063,1.0,0.5257177033492823,0.0,yolo,4820,192.8
4446,177.84,1054,0.8857421875,1072,893,1200,1067,1136,980,1136,1063,1.0,0.5190869736324282,0.0,yolo,4821,192.84
4447,177.88,1054,0.87744140625,1072,893,1201,1068,1136,980,1136,1064,1.0,0.5283605283605284,0.0,yolo,4822,192.88
4448,177.92,1054,0.87646484375,1073,894,1201,1068,1137,981,1137,1064,1.0,0.5261707988980716,0.0,yolo,4823,192.92
4449,177.96,1054,0.8759765625,1072,894,1200,1067,1136,980,1136,1063,1.0,0.5210547028728847,0.0,yolo,4824,192.96
4450,178.0,1054,0.8740234375,1072,895,1199,1067,1135,981,1135,1063,1.0,0.517004048582996,0.0,yolo,4825,193.0
4451,178.04,1054,0.88623046875,1070,896,1198,1068,1134,982,1134,1064,1.0,0.5184815184815185,0.0,yolo,4826,193.04
4452,178.08,1054,0.892578125,1069,896,1196,1068,1132,982,1132,1064,1.0,0.5097165991902834,0.0,yolo,4827,193.08
4453,178.12,1054,0.892578125,1068,897,1193,1067,1130,982,1130,1063,1.0,0.5029166666666667,0.0,yolo,4828,193.12
4454,178.16,1054,0.888671875,1065,898,1191,1067,1128,982,1128,1063,1.0,0.4990769230769231,0.0,yolo,4829,193.16
4455,178.2,1054,0.88232421875,1063,898,1188,1068,1125,983,1125,1064,1.0,0.501875,0.0,yolo,4830,193.2
4456,178.24,1054,0.88720703125,1060,898,1186,1068,1123,983,1123,1064,1.0,0.4966666666666666,0.0,yolo,4831,193.24
4457,178.28,1054,0.88232421875,1058,899,1183,1068,1120,983,1120,1064,1.0,0.4904615384615384,0.0,yolo,4832,193.28
4458,178.32,1054,0.88330078125,1055,900,1180,1068,1117,984,1117,1064,1.0,0.4889583333333333,0.0,yolo,4833,193.32
4459,178.36,1054,0.884765625,1053,900,1178,1068,1115,984,1115,1064,1.0,0.4854166666666666,0.0,yolo,4834,193.36
4460,178.4,1054,0.86962890625,1050,900,1176,1068,1113,984,1113,1064,1.0,0.4835416666666666,0.0002675227394328,yolo,4835,193.4
4461,178.44,1054,0.8642578125,1044,900,1175,1068,1109,984,1109,1064,1.0,0.4717548076923077,0.0,yolo,4836,193.44
4462,178.48,1054,0.87255859375,1040,900,1173,1068,1106,984,1106,1064,1.0,0.4611328125,0.0002532928064842,yolo,4837,193.48
4463,178.52,1054,0.865234375,1041,900,1172,1068,1106,984,1106,1064,1.0,0.4645432692307692,0.0002587991718426,yolo,4838,193.52
4464,178.56,1054,0.86083984375,1039,901,1171,1068,1105,984,1105,1064,1.0,0.4605183845690175,0.000262260687123,yolo,4839,193.56
4465,178.6,1054,0.8642578125,1039,901,1171,1068,1105,984,1105,1064,1.0,0.4540888085191882,0.000262260687123,yolo,4840,193.6
4466,178.64,1054,0.85693359375,1039,901,1171,1068,1105,984,1105,1064,1.0,0.4514767932489451,0.000262260687123,yolo,4841,193.64
4468,178.72,1054,0.8642578125,1041,901,1173,1068,1107,984,1107,1064,1.0,0.4567008237894314,0.000262260687123,yolo,4843,193.72
4469,178.76,1054,0.85986328125,1044,901,1174,1068,1109,984,1109,1064,1.0,0.464997964997965,0.0002680246582685,yolo,4844,193.76
4470,178.8,1054,0.85888671875,1047,902,1175,1068,1111,985,1111,1064,1.0,0.4836116264687693,0.000274047684297,yolo,4845,193.8
4471,178.84,1054,0.85986328125,1049,901,1175,1068,1112,984,1112,1064,1.0,0.4749206349206349,0.000274047684297,yolo,4846,193.84
4472,178.88,1054,0.85205078125,1051,901,1176,1068,1113,984,1113,1064,1.0,0.4742857142857143,0.0,yolo,4847,193.88
4473,178.92,1054,0.8447265625,1053,901,1177,1068,1115,984,1115,1064,1.0,0.4738624338624339,0.0,yolo,4848,193.92
4474,178.96,1054,0.84814453125,1054,901,1177,1068,1115,984,1115,1064,1.0,0.4738309738309738,0.0,yolo,4849,193.96
4475,179.0,1054,0.85302734375,1055,901,1178,1068,1116,984,1116,1064,1.0,0.4712569712569712,0.0,yolo,4850,194.0
4476,179.04,1054,0.8642578125,1057,901,1179,1068,1118,984,1118,1064,1.0,0.4722765818656229,0.0,yolo,4851,194.04
4477,179.08,1054,0.86865234375,1058,901,1179,1068,1118,984,1118,1064,1.0,0.4717813051146384,0.0,yolo,4852,194.08
4478,179.12,1054,0.87060546875,1059,901,1179,1068,1119,984,1119,1064,1.0,0.4722222222222222,0.0,yolo,4853,194.12
4479,179.16,1054,0.87255859375,1060,901,1179,1068,1119,984,1119,1064,1.0,0.4735449735449735,0.0,yolo,4854,194.16
4480,179.2,1054,0.8740234375,1059,902,1179,1067,1119,984,1119,1063,1.0,0.4780465949820788,0.0,yolo,4855,194.2
4481,179.24,1054,0.8759765625,1060,902,1179,1067,1119,984,1119,1063,1.0,0.4764784946236559,0.0,yolo,4856,194.24
4482,179.28,1054,0.87158203125,1060,901,1179,1068,1119,984,1119,1064,1.0,0.4682539682539682,0.0,yolo,4857,194.28
4483,179.32,1054,0.86865234375,1059,902,1179,1067,1119,984,1119,1063,1.0,0.4742383512544803,0.0,yolo,4858,194.32
4484,179.36,1054,0.865234375,1059,902,1179,1068,1119,985,1119,1064,1.0,0.4783950617283951,0.0,yolo,4859,194.36
4485,179.4,1054,0.8759765625,1059,902,1178,1068,1118,985,1118,1064,1.0,0.4704585537918871,0.0,yolo,4860,194.4
4486,179.44,1054,0.873046875,1059,902,1179,1067,1119,984,1119,1063,1.0,0.4672939068100358,0.0,yolo,4861,194.44
4487,179.48,1054,0.87255859375,1060,903,1179,1068,1119,985,1119,1064,1.0,0.4818548387096774,0.0,yolo,4862,194.48
4488,179.52,1054,0.8681640625,1060,902,1180,1067,1120,984,1120,1063,1.0,0.4663978494623655,0.0,yolo,4863,194.52
4489,179.56,1054,0.8681640625,1059,903,1179,1068,1119,985,1119,1064,1.0,0.4753584229390681,0.0,yolo,4864,194.56
4490,179.6,1054,0.87158203125,1059,903,1179,1068,1119,985,1119,1064,1.0,0.4753584229390681,0.0,yolo,4865,194.6
4491,179.64,1054,0.87158203125,1059,903,1178,1068,1118,985,1118,1064,1.0,0.4706541218637993,0.0,yolo,4866,194.64
4492,179.68,1054,0.8662109375,1058,903,1179,1068,1118,985,1118,1064,1.0,0.4670698924731182,0.0,yolo,4867,194.68
4493,179.72,1054,0.87158203125,1057,903,1179,1068,1118,985,1118,1064,1.0,0.4622182942996023,0.0,yolo,4868,194.72
4494,179.76,1054,0.861328125,1058,903,1179,1068,1118,985,1118,1064,1.0,0.4641577060931899,0.0,yolo,4869,194.76
4495,179.8,1054,0.85791015625,1057,903,1179,1068,1118,985,1118,1064,1.0,0.4586831639416703,0.0,yolo,4870,194.8
4496,179.84,1054,0.85791015625,1056,903,1179,1068,1117,985,1117,1064,1.0,0.4555361813426329,0.0,yolo,4871,194.84
4497,179.88,1054,0.86328125,1055,903,1179,1068,1117,985,1117,1064,1.0,0.4511827956989247,0.0,yolo,4872,194.88
4498,179.92,1054,0.8681640625,1055,903,1179,1068,1117,985,1117,1064,1.0,0.452258064516129,0.0,yolo,4873,194.92
4519,180.76,1054,0.82568359375,1013,915,1165,1067,1089,991,1089,1063,1.0,0.2641151951496779,0.0636989670437776,yolo,4894,195.76
4535,181.4,1054,0.80419921875,971,936,1075,1068,1023,1002,1023,1065,1.0,0.2755555555555555,0.1897052718970527,yolo,4910,196.4
4536,181.44,1054,0.82421875,967,937,1073,1067,1020,1002,1020,1064,1.0,0.31162941367023,0.2291666666666666,yolo,4911,196.44
4537,181.48,1054,0.81884765625,963,939,1071,1067,1017,1003,1017,1064,1.0,0.3525902668759811,0.24375,yolo,4912,196.48
4538,181.52,1054,0.7880859375,960,938,1068,1067,1014,1002,1014,1064,1.0,0.3434850863422292,0.2679166666666667,yolo,4913,196.52
4539,181.56,1054,0.74609375,959,939,1067,1067,1013,1003,1013,1064,1.0,0.3642072213500785,0.2716666666666666,yolo,4914,196.56
4540,181.6,1054,0.71875,958,941,1066,1067,1012,1004,1012,1064,1.0,0.3891025641025641,0.250752688172043,yolo,4915,196.6
4541,181.64,1054,0.56982421875,958,941,1064,1068,1011,1004,1011,1065,1.0,0.4024470899470899,0.2503225806451613,yolo,4916,196.64
4542,181.68,1054,0.66552734375,958,941,1061,1068,1009,1004,1009,1065,1.0,0.4055779569892473,0.2491039426523297,yolo,4917,196.68
4543,181.72,1054,0.640625,957,941,1060,1068,1008,1004,1008,1065,1.0,0.387768817204301,0.2396953405017921,yolo,4918,196.72
4544,181.76,1054,0.474609375,957,942,1059,1068,1008,1005,1008,1065,1.0,0.3835382513661202,0.2239890958655156,yolo,4919,196.76
4555,182.2,1054,0.552734375,961,951,1071,1068,1016,1009,1016,1065,1.0,0.34366391184573,0.1921182266009852,yolo,4930,197.2
4556,182.24,1054,0.5947265625,963,952,1073,1067,1018,1009,1018,1064,1.0,0.3195912614517265,0.1730055658627087,yolo,4931,197.24
4557,182.28,1054,0.58154296875,965,952,1075,1067,1020,1009,1020,1064,1.0,0.2903453136011275,0.160482374768089,yolo,4932,197.28
4558,182.32,1054,0.615234375,968,952,1078,1067,1023,1009,1023,1064,1.0,0.2586328400281888,0.1558441558441558,yolo,4933,197.32
4658,186.32,1159,0.76220703125,908,933,1039,1068,973,1000,973,1065,1.0,0.267219708396179,0.0563241106719367,yolo,5033,201.32
4659,186.36,1159,0.80908203125,908,933,1040,1068,974,1000,974,1065,1.0,0.2752544055596922,0.0638644509612251,yolo,5034,201.36
4660,186.4,1159,0.7958984375,906,932,1040,1068,973,1000,973,1065,1.0,0.2657952069716776,0.0562934851359898,yolo,5035,201.4
4661,186.44,1159,0.81396484375,906,933,1039,1068,972,1000,972,1065,1.0,0.2892156862745098,0.0583494519664732,yolo,5036,201.44
4662,186.48,1159,0.80078125,905,933,1039,1068,972,1000,972,1065,1.0,0.2931493585088356,0.0508308895405669,yolo,5037,201.48
4663,186.52,1159,0.8232421875,903,932,1040,1067,971,999,971,1064,1.0,0.2716403634624582,0.0587121212121212,yolo,5038,201.52
4664,186.56,1159,0.81982421875,901,932,1039,1067,970,999,970,1064,1.0,0.2714386959603118,0.0512339893783192,yolo,5039,201.56
4724,188.96,1159,0.5078125,885,946,992,1068,938,1007,938,1065,1.0,0.5268342391304348,0.004054054054054,yolo,5099,203.96
4725,189.0,1159,0.451416015625,885,951,992,1068,938,1009,938,1065,1.0,0.5880681818181818,0.005125815470643,yolo,5100,204.0
4726,189.04,1159,0.402587890625,886,957,993,1068,939,1012,939,1065,1.0,0.6529017857142857,0.002002002002002,yolo,5101,204.04
4727,189.08,1159,0.4130859375,888,960,992,1068,940,1014,940,1065,1.0,0.664730933023616,0.0010147133434804,yolo,5102,204.08
4776,191.04,1184,0.880859375,1071,883,1184,1068,1127,975,1127,1064,1.0,0.4871848739495798,0.0,yolo,5151,206.04
4777,191.08,1184,0.875,1071,883,1183,1068,1127,975,1127,1064,1.0,0.4953091684434968,0.0,yolo,5152,206.08
4778,191.12,1184,0.87744140625,1070,882,1182,1067,1126,974,1126,1063,1.0,0.4950959488272921,0.0,yolo,5153,206.12
4779,191.16,1184,0.88818359375,1069,881,1182,1067,1125,974,1125,1063,1.0,0.5073529411764706,0.0,yolo,5154,206.16
4780,191.2,1184,0.8916015625,1068,881,1180,1068,1124,974,1124,1064,1.0,0.511877233550557,0.0,yolo,5155,206.2
4781,191.24,1184,0.8916015625,1067,881,1178,1068,1122,974,1122,1064,1.0,0.5247545881348699,0.0,yolo,5156,206.24
4782,191.28,1184,0.884765625,1064,880,1176,1068,1120,974,1120,1064,1.0,0.5205223880597015,0.0,yolo,5157,206.28
4783,191.32,1184,0.880859375,1062,880,1174,1067,1118,973,1118,1063,1.0,0.5356317006516712,0.0,yolo,5158,206.32
4784,191.36,1184,0.8681640625,1059,879,1172,1068,1115,973,1115,1064,1.0,0.5349264705882353,0.0,yolo,5159,206.36
4785,191.4,1184,0.86083984375,1057,877,1169,1067,1113,972,1113,1063,1.0,0.5433250414593698,0.0,yolo,5160,206.4
4786,191.44,1184,0.8642578125,1055,876,1167,1068,1111,972,1111,1064,1.0,0.5418114904927418,0.0,yolo,5161,206.44
4787,191.48,1184,0.87744140625,1052,876,1165,1068,1108,972,1108,1064,1.0,0.5455278001611603,0.0,yolo,5162,206.48
4788,191.52,1184,0.87841796875,1051,876,1163,1068,1107,972,1107,1064,1.0,0.5524432631363729,0.0,yolo,5163,206.52
4789,191.56,1184,0.8681640625,1049,875,1161,1068,1105,971,1105,1064,1.0,0.5540789204661624,0.0,yolo,5164,206.56
4790,191.6,1184,0.8740234375,1046,875,1158,1068,1102,971,1102,1064,1.0,0.56062154978532,0.0,yolo,5165,206.6
4791,191.64,1184,0.8818359375,1044,875,1158,1068,1101,971,1101,1064,1.0,0.5590629342862815,0.0,yolo,5166,206.64
4792,191.68,1184,0.888671875,1043,874,1157,1067,1100,970,1100,1063,1.0,0.5614453047448879,0.0,yolo,5167,206.68
4793,191.72,1184,0.87646484375,1041,874,1157,1067,1099,970,1099,1063,1.0,0.566805638276752,0.0,yolo,5168,206.72
4794,191.76,1184,0.88720703125,1039,875,1157,1067,1098,971,1098,1063,1.0,0.5664672969322786,0.0,yolo,5169,206.76
4795,191.8,1184,0.88427734375,1038,874,1156,1067,1097,970,1097,1063,1.0,0.5604862049006367,0.0,yolo,5170,206.8
4796,191.84,1184,0.880859375,1038,874,1155,1067,1096,970,1096,1063,1.0,0.5714285714285714,0.0,yolo,5171,206.84
4797,191.88,1184,0.8857421875,1037,874,1155,1067,1096,970,1096,1063,1.0,0.5726413274165542,0.0,yolo,5172,206.88
4798,191.92,1184,0.892578125,1037,874,1155,1068,1096,971,1096,1064,1.0,0.572516178149981,0.0,yolo,5173,206.92
4799,191.96,1184,0.888671875,1037,874,1154,1067,1095,970,1095,1063,1.0,0.5737769080234834,0.0,yolo,5174,206.96
4800,192.0,1184,0.8857421875,1036,875,1153,1068,1094,971,1094,1064,1.0,0.5863013698630137,0.0,yolo,5175,207.0
4801,192.04,1184,0.89111328125,1035,875,1153,1068,1094,971,1094,1064,1.0,0.5842176345745708,0.0,yolo,5176,207.04
4802,192.08,1184,0.88818359375,1034,875,1153,1068,1093,971,1093,1064,1.0,0.5810502283105022,0.0,yolo,5177,207.08
4803,192.12,1184,0.89013671875,1034,875,1153,1068,1093,971,1093,1064,1.0,0.5810502283105022,0.0,yolo,5178,207.12
4804,192.16,1184,0.88623046875,1034,876,1153,1068,1093,972,1093,1064,1.0,0.5804794520547946,0.0,yolo,5179,207.16
4805,192.2,1184,0.88232421875,1034,876,1153,1068,1093,972,1093,1064,1.0,0.5852359208523592,0.0,yolo,5180,207.2
4806,192.24,1184,0.88818359375,1033,876,1153,1068,1093,972,1093,1064,1.0,0.5831430745814308,0.0,yolo,5181,207.24
4807,192.28,1184,0.87841796875,1032,876,1152,1068,1092,972,1092,1064,1.0,0.5799086757990868,0.0,yolo,5182,207.28
4808,192.32,1184,0.88232421875,1032,876,1151,1068,1091,972,1091,1064,1.0,0.5829528158295282,0.0,yolo,5183,207.32
4809,192.36,1184,0.88818359375,1032,876,1151,1068,1091,972,1091,1064,1.0,0.5812404870624048,0.0,yolo,5184,207.36
4810,192.4,1184,0.88818359375,1032,876,1151,1068,1091,972,1091,1064,1.0,0.5804794520547946,0.0,yolo,5185,207.4
4811,192.44,1184,0.888671875,1032,876,1151,1068,1091,972,1091,1064,1.0,0.5806697108066972,0.0,yolo,5186,207.44
4812,192.48,1184,0.88720703125,1031,876,1150,1068,1090,972,1090,1064,1.0,0.5762937595129376,0.0,yolo,5187,207.48
4813,192.52,1184,0.89306640625,1031,876,1150,1068,1090,972,1090,1064,1.0,0.5757229832572298,0.0,yolo,5188,207.52
4814,192.56,1184,0.88720703125,1030,876,1150,1068,1090,972,1090,1064,1.0,0.5730593607305936,0.0,yolo,5189,207.56
4815,192.6,1184,0.8857421875,1030,877,1150,1067,1090,972,1090,1063,1.0,0.5787037037037037,0.0,yolo,5190,207.6
4816,192.64,1184,0.880859375,1029,877,1149,1067,1089,972,1089,1063,1.0,0.5725308641975309,0.0,yolo,5191,207.64
4817,192.68,1184,0.88232421875,1027,877,1149,1067,1088,972,1088,1063,1.0,0.569634703196347,0.0015018773466833,yolo,5192,207.68
4818,192.72,1184,0.88232421875,1029,878,1149,1068,1089,973,1089,1064,1.0,0.5650077160493827,0.0,yolo,5193,207.72
4819,192.76,1184,0.880859375,1028,878,1149,1068,1088,973,1088,1064,1.0,0.5669367283950617,0.0015197568389057,yolo,5194,207.76
4820,192.8,1184,0.88720703125,1029,879,1149,1068,1089,973,1089,1064,1.0,0.5700231481481481,0.0005065856129685,yolo,5195,207.8
4821,192.84,1184,0.8740234375,1030,880,1149,1068,1089,974,1089,1064,1.0,0.5704089506172839,0.0002532928064842,yolo,5196,207.84
4822,192.88,1184,0.8642578125,1031,881,1149,1067,1090,974,1090,1063,1.0,0.5824949698189135,0.0,yolo,5197,207.88
4823,192.92,1184,0.875,1034,883,1150,1068,1092,975,1092,1064,1.0,0.5944099378881987,0.0,yolo,5198,207.92
4824,192.96,1184,0.85888671875,1036,884,1151,1067,1093,975,1093,1063,1.0,0.5871635610766045,0.0,yolo,5199,207.96
4825,193.0,1184,0.85693359375,1037,886,1152,1068,1094,977,1094,1064,1.0,0.5881117412308339,0.0,yolo,5200,208.0
4826,193.04,1184,0.8671875,1038,888,1152,1068,1095,978,1095,1064,1.0,0.5822676896845694,0.0,yolo,5201,208.04
4827,193.08,1184,0.85595703125,1040,889,1151,1067,1095,978,1095,1063,1.0,0.5755347593582888,0.0,yolo,5202,208.08
4828,193.12,1184,0.85009765625,1041,890,1151,1068,1096,979,1096,1064,1.0,0.5759803921568627,0.0,yolo,5203,208.12
4829,193.16,1184,0.84912109375,1043,891,1149,1068,1096,979,1096,1064,1.0,0.5674010897891495,0.0,yolo,5204,208.16
4830,193.2,1184,0.85302734375,1043,893,1146,1068,1094,980,1094,1064,1.0,0.5647605083088955,0.0,yolo,5205,208.2
4831,193.24,1184,0.84912109375,1041,895,1143,1068,1092,981,1092,1064,1.0,0.5536512667660208,0.0,yolo,5206,208.24
4832,193.28,1184,0.84912109375,1041,897,1140,1068,1090,982,1090,1064,1.0,0.5543589743589744,0.0,yolo,5207,208.28
4833,193.32,1184,0.85888671875,1042,899,1136,1068,1089,983,1089,1064,1.0,0.5427800269905533,0.0,yolo,5208,208.32
4834,193.36,1184,0.8447265625,1040,902,1132,1068,1086,985,1086,1064,1.0,0.5425685425685426,0.0,yolo,5209,208.36
4835,193.4,1184,0.8447265625,1035,906,1127,1067,1081,986,1081,1063,1.0,0.5290611028315947,0.0,yolo,5210,208.4
4836,193.44,1184,0.79296875,1022,911,1122,1067,1072,989,1072,1063,1.0,0.4971751412429379,0.0032967032967032,yolo,5211,208.44
4837,193.48,1184,0.82568359375,1019,916,1117,1067,1068,991,1068,1063,1.0,0.4986619090098126,0.0019584802193497,yolo,5212,208.48
4838,193.52,1184,0.68408203125,1012,920,1111,1068,1061,994,1061,1065,1.0,0.4836309523809524,0.0212355212355212,yolo,5213,208.52
4839,193.56,1184,0.6875,999,926,1105,1067,1052,996,1052,1064,1.0,0.4710991314764899,0.0700952380952381,yolo,5214,208.56
4840,193.6,1184,0.78662109375,992,931,1098,1068,1045,999,1045,1065,1.0,0.5149572649572649,0.1858823529411764,yolo,5215,208.6
4841,193.64,1184,0.7041015625,985,935,1091,1068,1038,1001,1038,1065,1.0,0.5135387488328664,0.2476767676767677,yolo,5216,208.64
4842,193.68,1184,0.57373046875,977,935,1085,1068,1031,1001,1031,1065,1.0,0.4886877828054298,0.282020202020202,yolo,5217,208.68
4843,193.72,1184,0.58154296875,970,938,1080,1068,1025,1003,1025,1065,1.0,0.5111317254174397,0.257711038961039,yolo,5218,208.72
4855,194.2,1184,0.5849609375,924,926,1037,1069,980,997,980,1066,1.0,0.5217864923747276,0.0721428571428571,yolo,5230,209.2
4857,194.28,1184,0.486328125,917,924,1021,1068,969,996,969,1065,1.0,0.5962481962481962,0.0,yolo,5232,209.28
4872,194.88,1184,0.5048828125,861,911,985,1067,923,989,923,1063,1.0,0.5030508474576271,0.0,yolo,5247,209.88
4873,194.92,1184,0.6533203125,859,912,982,1068,920,990,920,1064,1.0,0.5183234081539166,0.0,yolo,5248,209.92
4874,194.96,1184,0.74755859375,858,912,980,1068,919,990,919,1064,1.0,0.515207801253773,0.0,yolo,5249,209.96
4875,195.0,1184,0.7919921875,857,911,978,1068,917,989,917,1064,1.0,0.50625,0.0,yolo,5250,210.0
4876,195.04,1184,0.80419921875,856,911,977,1068,916,989,916,1064,1.0,0.5085648148148149,0.0,yolo,5251,210.04
4877,195.08,1184,0.822265625,856,911,977,1068,916,989,916,1064,1.0,0.5097222222222222,0.0,yolo,5252,210.08
4878,195.12,1184,0.77197265625,856,911,977,1067,916,989,916,1063,1.0,0.5035310734463276,0.0,yolo,5253,210.12
4879,195.16,1184,0.70556640625,857,913,977,1068,917,990,917,1064,1.0,0.5340038314176245,0.0,yolo,5254,210.16
4880,195.2,1184,0.76220703125,858,911,979,1068,918,989,918,1064,1.0,0.5199074074074074,0.0,yolo,5255,210.2
4881,195.24,1184,0.80810546875,860,910,982,1068,921,989,921,1064,1.0,0.5057077625570776,0.0,yolo,5256,210.24
4882,195.28,1184,0.79833984375,864,910,984,1068,924,989,924,1064,1.0,0.5138888888888888,0.0,yolo,5257,210.28
4883,195.32,1184,0.75048828125,866,915,987,1067,926,991,926,1063,1.0,0.5694444444444444,0.0,yolo,5258,210.32
4884,195.36,1184,0.70263671875,868,913,990,1067,929,990,929,1063,1.0,0.546552124448572,0.0,yolo,5259,210.36
4885,195.4,1184,0.70068359375,870,911,992,1067,931,989,931,1063,1.0,0.533782214998839,0.0,yolo,5260,210.4
4886,195.44,1184,0.58154296875,871,910,994,1068,932,989,932,1064,1.0,0.5301801801801802,0.0,yolo,5261,210.44
4887,195.48,1184,0.59619140625,874,910,995,1067,934,988,934,1063,1.0,0.5439814814814815,0.0,yolo,5262,210.48
4889,195.56,1184,0.53125,875,911,995,1067,935,989,935,1063,1.0,0.5739171374764596,0.0,yolo,5264,210.56
4892,195.68,1184,0.5400390625,875,907,995,1068,935,987,935,1064,1.0,0.5676229508196722,0.0,yolo,5267,210.68
4896,195.84,1184,0.4638671875,870,896,994,1068,932,982,932,1064,1.0,0.493948717948718,0.0002673082063619,yolo,5271,210.84
4897,195.88,1184,0.552734375,869,895,994,1068,931,981,931,1064,1.0,0.4917171717171717,0.0002642706131078,yolo,5272,210.88
4898,195.92,1184,0.5087890625,867,895,993,1068,930,981,930,1064,1.0,0.4987878787878788,0.0002613012803762,yolo,5273,210.92
4899,195.96,1184,0.56201171875,865,895,992,1068,928,981,928,1064,1.0,0.5023923444976076,0.0002642706131078,yolo,5274,210.96
4900,196.0,1184,0.51171875,864,895,991,1068,927,981,927,1064,1.0,0.5049840510366826,0.0002642706131078,yolo,5275,211.0
4901,196.04,1184,0.64404296875,863,900,988,1068,925,984,925,1064,1.0,0.5552083333333333,0.0002705627705627,yolo,5276,211.04
4902,196.08,1184,0.79443359375,861,905,988,1068,924,986,924,1064,1.0,0.6016553480475382,0.0002840909090909,yolo,5277,211.08
4903,196.12,1184,0.8154296875,859,906,987,1068,923,987,923,1064,1.0,0.6120928252075793,0.0002808988764044,yolo,5278,211.12
4904,196.16,1184,0.83642578125,857,907,985,1068,921,987,921,1064,1.0,0.6242282307856079,0.0002808988764044,yolo,5279,211.16
4905,196.2,1184,0.81298828125,855,908,981,1068,918,988,918,1064,1.0,0.6402222222222222,0.0002808988764044,yolo,5280,211.2
4906,196.24,1184,0.81982421875,853,907,979,1068,916,987,916,1064,1.0,0.6316939890710382,0.0002808988764044,yolo,5281,211.24
4907,196.28,1184,0.81298828125,852,906,977,1068,914,987,914,1064,1.0,0.6251366120218579,0.0,yolo,5282,211.28
4908,196.32,1184,0.8154296875,851,904,976,1068,913,986,913,1064,1.0,0.605925925925926,0.0,yolo,5283,211.32
4909,196.36,1184,0.83544921875,850,902,975,1068,912,985,912,1064,1.0,0.6006349206349206,0.0,yolo,5284,211.36
4910,196.4,1184,0.85888671875,848,901,973,1068,910,984,910,1064,1.0,0.5896296296296296,0.0,yolo,5285,211.4
4911,196.44,1184,0.8642578125,847,901,972,1068,909,984,909,1064,1.0,0.5923809523809523,0.0,yolo,5286,211.44
4912,196.48,1184,0.87255859375,846,900,971,1068,908,984,908,1064,1.0,0.5814583333333333,0.0,yolo,5287,211.48
4913,196.52,1184,0.86865234375,845,899,970,1068,907,983,907,1064,1.0,0.5706666666666667,0.0,yolo,5288,211.52
4914,196.56,1184,0.87060546875,844,898,970,1068,907,983,907,1064,1.0,0.5683333333333334,0.0,yolo,5289,211.56
4915,196.6,1184,0.87646484375,843,898,970,1068,906,983,906,1064,1.0,0.565172697368421,0.0,yolo,5290,211.6
4916,196.64,1184,0.88330078125,842,897,969,1067,905,982,905,1063,1.0,0.5532483552631579,0.0,yolo,5291,211.64
4917,196.68,1184,0.8759765625,840,897,969,1067,904,982,904,1063,1.0,0.5454727564102564,0.0,yolo,5292,211.68
4918,196.72,1184,0.8681640625,839,897,969,1068,904,982,904,1064,1.0,0.5400394477317554,0.0,yolo,5293,211.72
4919,196.76,1184,0.8662109375,839,897,969,1067,904,982,904,1063,1.0,0.5326522435897436,0.0,yolo,5294,211.76
4920,196.8,1184,0.87255859375,837,897,969,1067,903,982,903,1063,1.0,0.53125,0.0,yolo,5295,211.8
4921,196.84,1184,0.87890625,837,897,969,1067,903,982,903,1063,1.0,0.5229430379746836,0.0,yolo,5296,211.84
4922,196.88,1184,0.8896484375,836,897,969,1067,902,982,902,1063,1.0,0.5169921875,0.0,yolo,5297,211.88
4923,196.92,1184,0.89111328125,835,898,969,1068,902,983,902,1064,1.0,0.5173611111111112,0.0,yolo,5298,211.92
4924,196.96,1184,0.88818359375,834,898,969,1068,901,983,901,1064,1.0,0.5123456790123457,0.0,yolo,5299,211.96
4925,197.0,1184,0.8740234375,834,898,969,1067,901,982,901,1063,1.0,0.4989553656220323,0.0,yolo,5300,212.0
4926,197.04,1184,0.88623046875,834,898,969,1068,901,983,901,1064,1.0,0.4998070987654321,0.0,yolo,5301,212.04
4927,197.08,1184,0.88330078125,833,898,969,1068,901,983,901,1064,1.0,0.5032793209876543,0.0,yolo,5302,212.08
4928,197.12,1184,0.88427734375,832,898,969,1068,900,983,900,1064,1.0,0.502858231707317,0.0,yolo,5303,212.12
4929,197.16,1184,0.8798828125,832,898,969,1068,900,983,900,1064,1.0,0.5026676829268293,0.0,yolo,5304,212.16
4930,197.2,1184,0.87841796875,832,898,969,1068,900,983,900,1064,1.0,0.5053353658536586,0.0,yolo,5305,212.2
4931,197.24,1184,0.88232421875,832,898,969,1068,900,983,900,1064,1.0,0.5041920731707317,0.0,yolo,5306,212.24
4932,197.28,1184,0.87744140625,832,898,969,1068,900,983,900,1064,1.0,0.4988567073170731,0.0,yolo,5307,212.28
4933,197.32,1184,0.8798828125,832,898,969,1068,900,983,900,1064,1.0,0.5013338414634146,0.0,yolo,5308,212.32
4934,197.36,1184,0.880859375,832,898,969,1068,900,983,900,1064,1.0,0.5017149390243902,0.0,yolo,5309,212.36
4935,197.4,1184,0.875,832,898,969,1068,900,983,900,1064,1.0,0.5011432926829268,0.0,yolo,5310,212.4
4936,197.44,1184,0.87744140625,832,898,969,1068,900,983,900,1064,1.0,0.5041920731707317,0.0,yolo,5311,212.44
4937,197.48,1184,0.875,832,898,969,1068,900,983,900,1064,1.0,0.5043826219512195,0.0,yolo,5312,212.48
4938,197.52,1184,0.8740234375,833,898,970,1068,901,983,901,1064,1.0,0.5034298780487805,0.0,yolo,5313,212.52
4939,197.56,1184,0.8740234375,834,898,971,1068,902,983,902,1064,1.0,0.5,0.0,yolo,5314,212.56
4940,197.6,1184,0.8740234375,834,899,972,1068,903,983,903,1064,1.0,0.4952734012974977,0.0,yolo,5315,212.6
4941,197.64,1184,0.87060546875,835,899,974,1068,904,983,904,1064,1.0,0.4877289377289377,0.0,yolo,5316,212.64
4942,197.68,1184,0.88720703125,836,899,975,1068,905,983,905,1064,1.0,0.4875457875457875,0.0,yolo,5317,212.68
4943,197.72,1184,0.8818359375,837,899,975,1067,906,983,906,1063,1.0,0.4898343373493976,0.0,yolo,5318,212.72
4944,197.76,1184,0.87841796875,838,899,976,1067,907,983,907,1063,1.0,0.4860692771084337,0.0,yolo,5319,212.76
4945,197.8,1184,0.8798828125,839,900,977,1067,908,983,908,1063,1.0,0.4941671447695544,0.0,yolo,5320,212.8
4946,197.84,1184,0.8818359375,840,901,977,1068,908,984,908,1064,1.0,0.5069686411149826,0.0,yolo,5321,212.84
4947,197.88,1184,0.873046875,842,901,977,1068,909,984,909,1064,1.0,0.5098961395257692,0.0,yolo,5322,212.88
4948,197.92,1184,0.8642578125,843,901,977,1068,910,984,910,1064,1.0,0.5163629237703312,0.0,yolo,5323,212.92
4949,197.96,1184,0.8671875,844,901,979,1068,911,984,911,1064,1.0,0.5069566921418773,0.0,yolo,5324,212.96
4950,198.0,1184,0.8759765625,846,901,980,1068,913,984,913,1064,1.0,0.5055849500293945,0.0,yolo,5325,213.0
4951,198.04,1184,0.880859375,849,902,982,1068,915,985,915,1064,1.0,0.518452380952381,0.0,yolo,5326,213.04
4952,198.08,1184,0.86962890625,851,904,984,1067,917,985,917,1063,1.0,0.5256048387096774,0.0,yolo,5327,213.08
4953,198.12,1184,0.7578125,855,905,986,1067,920,986,920,1063,1.0,0.537410676754939,0.0,yolo,5328,213.12
4954,198.16,1184,0.71875,859,906,990,1067,924,986,924,1063,1.0,0.5420344682639765,0.0,yolo,5329,213.16
4955,198.2,1184,0.75341796875,863,908,992,1067,927,987,927,1063,1.0,0.5462379150903741,0.0,yolo,5330,213.2
4956,198.24,1184,0.77880859375,868,908,994,1067,931,987,931,1063,1.0,0.5481967213114755,0.0,yolo,5331,213.24
4957,198.28,1184,0.505859375,874,915,999,1067,936,991,936,1063,1.0,0.6124137931034482,0.0,yolo,5332,213.28
4958,198.32,1184,0.69091796875,879,923,1004,1068,941,995,941,1065,1.0,0.6829090909090909,0.0006313131313131,yolo,5333,213.32
4959,198.36,1184,0.67919921875,885,927,1008,1068,946,997,946,1065,1.0,0.7182559918408975,0.0053156146179402,yolo,5334,213.36
4960,198.4,1184,0.71044921875,887,929,1014,1068,950,998,950,1065,1.0,0.711519364448858,0.0063502673796791,yolo,5335,213.4
4961,198.44,1184,0.70751953125,890,917,1019,1068,954,992,954,1064,1.0,0.5766981556455241,0.0,yolo,5336,213.44
4962,198.48,1184,0.74462890625,896,913,1024,1068,960,990,960,1064,1.0,0.528884908195253,0.0,yolo,5337,213.48
4963,198.52,1184,0.8173828125,896,911,1029,1068,962,989,962,1064,1.0,0.4795833333333333,0.0,yolo,5338,213.52
4967,198.68,1184,0.76611328125,911,912,1045,1068,978,990,978,1064,1.0,0.4166143544674618,0.060931899641577,yolo,5342,213.68
5008,200.32,1184,0.81640625,975,924,1190,1067,1082,995,1082,1064,1.0,0.2523686477174849,0.1314285714285714,yolo,5383,215.32
5296,211.84,1184,0.82421875,972,943,1074,1067,1023,1005,1023,1064,1.0,0.387164283222881,0.0786006360745115,yolo,5671,226.84
5297,211.88,1184,0.8232421875,967,942,1071,1067,1019,1004,1019,1064,1.0,0.4123606889564336,0.0866106937693327,yolo,5672,226.88
5298,211.92,1184,0.79052734375,960,942,1069,1068,1014,1005,1014,1065,1.0,0.4419191919191919,0.0831918505942275,yolo,5673,226.92
5299,211.96,1184,0.62451171875,955,940,1068,1068,1011,1004,1011,1065,1.0,0.4390756302521008,0.099609375,yolo,5674,226.96
5300,212.0,1184,0.673828125,948,938,1069,1067,1008,1002,1008,1064,1.0,0.419501133786848,0.0851934523809523,yolo,5675,227.0
5301,212.04,1184,0.57568359375,942,935,1072,1068,1007,1001,1007,1065,1.0,0.4228255404725993,0.0849150849150849,yolo,5676,227.04
5302,212.08,1184,0.67041015625,935,932,1077,1068,1006,1000,1006,1065,1.0,0.3972318339100346,0.0796197266785502,yolo,5677,227.08
5303,212.12,1184,0.73095703125,928,929,1083,1068,1005,998,1005,1065,1.0,0.3777642523838507,0.0814270152505446,yolo,5678,227.12
5304,212.16,1184,0.84375,921,927,1088,1067,1004,997,1004,1064,1.0,0.3769811320754717,0.0743842364532019,yolo,5679,227.16
5305,212.2,1184,0.8681640625,914,926,1094,1067,1004,996,1004,1064,1.0,0.3590146750524109,0.0714285714285714,yolo,5680,227.2
5306,212.24,1184,0.8798828125,909,925,1099,1067,1004,996,1004,1064,1.0,0.3463287849252761,0.070891514500537,yolo,5681,227.24
5307,212.28,1184,0.87744140625,904,923,1102,1068,1003,995,1003,1065,1.0,0.33353705118411,0.0689448441247002,yolo,5682,227.28
5308,212.32,1184,0.8798828125,900,922,1104,1067,1002,994,1002,1064,1.0,0.3152993348115299,0.0658508158508158,yolo,5683,227.32
5309,212.36,1184,0.87646484375,896,921,1105,1068,1000,994,1000,1065,1.0,0.3003117913832199,0.063165905631659,yolo,5684,227.36
5310,212.4,1184,0.88232421875,892,920,1110,1068,1001,994,1001,1065,1.0,0.2823064340239912,0.0582935877053524,yolo,5685,227.4
5311,212.44,1184,0.85986328125,888,921,1111,1067,999,994,999,1064,1.0,0.3037991858887381,0.1273148148148148,yolo,5686,227.44
5313,212.52,1184,0.85693359375,859,897,978,1068,918,982,918,1064,1.0,0.5551282051282052,0.0,yolo,5688,227.52
5314,212.56,1184,0.85986328125,857,895,966,1068,911,981,911,1064,1.0,0.5984848484848485,0.0,yolo,5689,227.56
5315,212.6,1184,0.8642578125,856,894,963,1067,909,980,909,1063,1.0,0.5970643939393939,0.0,yolo,5690,227.6
5316,212.64,1184,0.8681640625,856,893,962,1067,909,980,909,1063,1.0,0.588985088985089,0.0,yolo,5691,227.64
5317,212.68,1184,0.8671875,857,893,962,1067,909,980,909,1063,1.0,0.5892255892255892,0.0,yolo,5692,227.68
5318,212.72,1184,0.8642578125,858,893,963,1067,910,980,910,1063,1.0,0.5921115921115921,0.0,yolo,5693,227.72
5319,212.76,1184,0.8623046875,858,893,963,1067,910,980,910,1063,1.0,0.5930735930735931,0.0,yolo,5694,227.76
5320,212.8,1184,0.8623046875,859,893,964,1068,911,980,911,1064,1.0,0.6012506012506013,0.0,yolo,5695,227.8
5321,212.84,1184,0.86328125,859,892,964,1068,911,980,911,1064,1.0,0.5974887467424781,0.0,yolo,5696,227.84
5322,212.88,1184,0.85302734375,859,892,965,1068,912,980,912,1064,1.0,0.6005685856432125,0.0,yolo,5697,227.88
5323,212.92,1184,0.85009765625,859,892,966,1067,912,979,912,1063,1.0,0.6022727272727273,0.0,yolo,5698,227.92
5324,212.96,1184,0.84375,859,891,966,1067,912,979,912,1063,1.0,0.5932835820895522,0.0,yolo,5699,227.96
5325,213.0,1184,0.84716796875,860,891,967,1067,913,979,913,1063,1.0,0.5953824626865671,0.0,yolo,5700,228.0
5326,213.04,1184,0.8447265625,860,892,967,1067,913,979,913,1063,1.0,0.6048768939393939,0.0,yolo,5701,228.04
5327,213.08,1184,0.84716796875,860,892,967,1067,913,979,913,1063,1.0,0.6055871212121212,0.0,yolo,5702,228.08
5328,213.12,1184,0.84716796875,860,892,968,1067,914,979,914,1063,1.0,0.6051282051282051,0.0,yolo,5703,228.12
5329,213.16,1184,0.8427734375,861,892,969,1067,915,979,915,1063,1.0,0.6072261072261073,0.0,yolo,5704,228.16
5330,213.2,1184,0.87060546875,861,892,969,1067,915,979,915,1063,1.0,0.6062937062937063,0.0,yolo,5705,228.2
5331,213.24,1184,0.861328125,862,892,969,1068,915,980,915,1064,1.0,0.605643656716418,0.0,yolo,5706,228.24
5332,213.28,1184,0.85498046875,862,892,969,1068,915,980,915,1064,1.0,0.6051772388059702,0.0,yolo,5707,228.28
5333,213.32,1184,0.85107421875,862,893,969,1068,915,980,915,1064,1.0,0.6145833333333334,0.0,yolo,5708,228.32
5334,213.36,1184,0.84912109375,862,893,969,1068,915,980,915,1064,1.0,0.6136363636363636,0.0,yolo,5709,228.36
5335,213.4,1184,0.84912109375,862,893,969,1068,915,980,915,1064,1.0,0.6150568181818182,0.0,yolo,5710,228.4
5336,213.44,1184,0.85791015625,862,893,969,1068,915,980,915,1064,1.0,0.6131628787878788,0.0,yolo,5711,228.44
5337,213.48,1184,0.85400390625,862,893,970,1068,916,980,916,1064,1.0,0.6132867132867132,0.0,yolo,5712,228.48
5338,213.52,1184,0.85888671875,863,893,970,1068,916,980,916,1064,1.0,0.6129261363636364,0.0,yolo,5713,228.52
5339,213.56,1184,0.8623046875,863,893,971,1068,917,980,917,1064,1.0,0.6139860139860139,0.0,yolo,5714,228.56
5340,213.6,1184,0.865234375,863,892,971,1067,917,979,917,1063,1.0,0.600932400932401,0.0,yolo,5715,228.6
5341,213.64,1184,0.85693359375,863,892,971,1067,917,979,917,1063,1.0,0.6018648018648018,0.0,yolo,5716,228.64
5342,213.68,1184,0.861328125,863,892,971,1067,917,979,917,1063,1.0,0.6053613053613054,0.0,yolo,5717,228.68
5343,213.72,1184,0.86083984375,863,892,971,1067,917,979,917,1063,1.0,0.6074592074592075,0.0,yolo,5718,228.72
5344,213.76,1184,0.85595703125,863,891,971,1067,917,979,917,1063,1.0,0.6011481056257175,0.0,yolo,5719,228.76
5345,213.8,1184,0.861328125,863,891,971,1068,917,979,917,1064,1.0,0.6016073478760046,0.0,yolo,5720,228.8
5346,213.84,1184,0.85595703125,863,891,971,1068,917,979,917,1064,1.0,0.6018369690011481,0.0,yolo,5721,228.84
5347,213.88,1184,0.84814453125,862,891,971,1068,916,979,916,1064,1.0,0.6006331976481231,0.0,yolo,5722,228.88
5348,213.92,1184,0.84375,862,891,971,1068,916,979,916,1064,1.0,0.6024423337856174,0.0,yolo,5723,228.92
5349,213.96,1184,0.82421875,862,891,971,1068,916,979,916,1064,1.0,0.6024423337856174,0.0,yolo,5724,228.96
5350,214.0,1184,0.81884765625,862,891,971,1068,916,979,916,1064,1.0,0.602894617819991,0.0,yolo,5725,229.0
5351,214.04,1184,0.8232421875,861,891,971,1068,916,979,916,1064,1.0,0.6051560379918589,0.0,yolo,5726,229.04
5352,214.08,1184,0.8310546875,861,891,971,1068,916,979,916,1064,1.0,0.6058344640434192,0.0,yolo,5727,229.08
5353,214.12,1184,0.82763671875,861,891,971,1068,916,979,916,1064,1.0,0.60719131614654,0.0,yolo,5728,229.12
5354,214.16,1184,0.84912109375,861,892,971,1067,916,979,916,1063,1.0,0.6143250688705234,0.0,yolo,5729,229.16
5355,214.2,1184,0.85986328125,861,892,971,1067,916,979,916,1063,1.0,0.6143250688705234,0.0,yolo,5730,229.2
5356,214.24,1184,0.85986328125,861,893,971,1068,916,980,916,1064,1.0,0.6216712580348944,0.0,yolo,5731,229.24
5357,214.28,1184,0.8671875,861,893,971,1068,916,980,916,1064,1.0,0.6244260789715336,0.0,yolo,5732,229.28
5358,214.32,1184,0.8662109375,861,893,971,1068,916,980,916,1064,1.0,0.6232782369146006,0.0,yolo,5733,229.32
5359,214.36,1184,0.8642578125,861,893,971,1068,916,980,916,1064,1.0,0.6248852157943067,0.0,yolo,5734,229.36
5360,214.4,1184,0.8662109375,861,893,971,1068,916,980,916,1064,1.0,0.6248852157943067,0.0,yolo,5735,229.4
5361,214.44,1184,0.875,861,893,971,1068,916,980,916,1064,1.0,0.6260330578512396,0.0,yolo,5736,229.44
5362,214.48,1184,0.87744140625,861,893,971,1068,916,980,916,1064,1.0,0.6237373737373737,0.0,yolo,5737,229.48
5363,214.52,1184,0.8818359375,860,893,970,1068,915,980,915,1064,1.0,0.6269513314967861,0.0,yolo,5738,229.52
5364,214.56,1184,0.884765625,860,892,970,1067,915,979,915,1063,1.0,0.6143250688705234,0.0,yolo,5739,229.56
5365,214.6,1184,0.884765625,859,892,970,1067,914,979,914,1063,1.0,0.6124885215794307,0.0,yolo,5740,229.6
5366,214.64,1184,0.8857421875,858,892,970,1067,914,979,914,1063,1.0,0.6044776119402985,0.0,yolo,5741,229.64
5367,214.68,1184,0.873046875,857,893,970,1068,913,980,913,1064,1.0,0.6029411764705882,0.0,yolo,5742,229.68
5368,214.72,1184,0.873046875,856,894,970,1067,913,980,913,1063,1.0,0.5895915678524374,0.0,yolo,5743,229.72
5369,214.76,1184,0.8759765625,853,894,970,1067,911,980,911,1063,1.0,0.5798701298701299,0.0,yolo,5744,229.76
5370,214.8,1184,0.880859375,851,895,969,1068,910,981,910,1064,1.0,0.5787451984635084,0.0,yolo,5745,229.8
5371,214.84,1184,0.8857421875,849,896,968,1068,908,982,908,1064,1.0,0.5732905982905983,0.0,yolo,5746,229.84
5372,214.88,1184,0.87646484375,847,898,968,1068,907,983,907,1064,1.0,0.5759548611111112,0.0,yolo,5747,229.88
5373,214.92,1184,0.8759765625,844,899,967,1067,905,983,905,1063,1.0,0.5580658783783784,0.0,yolo,5748,229.92
5374,214.96,1184,0.8857421875,841,900,966,1068,903,984,903,1064,1.0,0.5454166666666667,0.0,yolo,5749,229.96
5375,215.0,1184,0.884765625,840,901,966,1068,903,984,903,1064,1.0,0.5432804232804233,0.0,yolo,5750,230.0
5376,215.04,1184,0.88818359375,838,903,964,1068,901,985,901,1064,1.0,0.5511827956989247,0.0,yolo,5751,230.04
5377,215.08,1184,0.89404296875,836,903,963,1068,899,985,899,1064,1.0,0.5452037351443124,0.0,yolo,5752,230.08
5378,215.12,1184,0.88818359375,834,904,963,1068,898,986,898,1064,1.0,0.5270655270655271,0.0,yolo,5753,230.12
5379,215.16,1184,0.89111328125,832,906,962,1068,897,987,897,1064,1.0,0.5414039512400168,0.0,yolo,5754,230.16
5380,215.2,1184,0.8974609375,831,906,962,1068,896,987,896,1064,1.0,0.537620849096259,0.0,yolo,5755,230.2
5381,215.24,1184,0.89697265625,829,906,962,1068,895,987,895,1064,1.0,0.5239754098360656,0.0,yolo,5756,230.24
5382,215.28,1184,0.89013671875,828,906,961,1068,894,987,894,1064,1.0,0.5174180327868853,0.0,yolo,5757,230.28
5383,215.32,1184,0.8916015625,827,906,960,1068,893,987,893,1064,1.0,0.5252049180327869,0.0,yolo,5758,230.32
5384,215.36,1184,0.88720703125,827,907,960,1068,893,987,893,1064,1.0,0.5368852459016393,0.0,yolo,5759,230.36
5385,215.4,1184,0.89306640625,827,907,959,1068,893,987,893,1064,1.0,0.5463789167877153,0.0,yolo,5760,230.4
5386,215.44,1184,0.8916015625,827,906,959,1068,893,987,893,1064,1.0,0.5366258559867192,0.0,yolo,5761,230.44
5387,215.48,1184,0.88818359375,827,905,959,1067,893,986,893,1063,1.0,0.5279103548454036,0.0,yolo,5762,230.48
5388,215.52,1184,0.8818359375,828,904,959,1068,893,986,893,1064,1.0,0.5248270248270248,0.0,yolo,5763,230.52
5389,215.56,1184,0.88623046875,829,904,959,1068,894,986,894,1064,1.0,0.5284900284900285,0.0,yolo,5764,230.56
5390,215.6,1184,0.89111328125,829,903,959,1068,894,985,894,1064,1.0,0.522746071133168,0.0,yolo,5765,230.6
5391,215.64,1184,0.892578125,830,903,960,1068,895,985,895,1064,1.0,0.521712158808933,0.0,yolo,5766,230.64
5392,215.68,1184,0.8955078125,831,904,961,1068,896,986,896,1064,1.0,0.5177045177045178,0.0,yolo,5767,230.68
5393,215.72,1184,0.89501953125,833,903,962,1068,897,985,897,1064,1.0,0.5159222497932175,0.0,yolo,5768,230.72
5394,215.76,1184,0.89404296875,835,904,964,1068,899,986,899,1064,1.0,0.5075295075295075,0.0,yolo,5769,230.76
5395,215.8,1184,0.89013671875,836,905,966,1068,901,986,901,1064,1.0,0.5012406947890818,0.0,yolo,5770,230.8
5396,215.84,1184,0.892578125,839,905,968,1068,903,986,903,1064,1.0,0.4820099255583127,0.0,yolo,5771,230.84
5397,215.88,1184,0.8916015625,842,907,970,1067,906,987,906,1063,1.0,0.4818181818181818,0.0,yolo,5772,230.88
5398,215.92,1184,0.88232421875,846,908,973,1068,909,988,909,1064,1.0,0.4644736842105263,0.0,yolo,5773,230.92
5419,216.76,1184,0.74755859375,953,946,1065,1068,1009,1007,1009,1065,1.0,0.2839065541855938,0.0658227848101265,yolo,5794,231.76
5420,216.8,1184,0.7216796875,956,945,1071,1068,1013,1006,1013,1065,1.0,0.3098982423681776,0.0854166666666666,yolo,5795,231.8
5421,216.84,1184,0.732421875,960,943,1075,1067,1017,1005,1017,1064,1.0,0.3256244218316373,0.0987903225806451,yolo,5796,231.84
5422,216.88,1184,0.75048828125,963,941,1080,1068,1021,1004,1021,1065,1.0,0.3461309523809524,0.1148701809598741,yolo,5797,231.88
5423,216.92,1184,0.78125,966,939,1085,1068,1025,1003,1025,1065,1.0,0.3639455782312925,0.1216517857142857,yolo,5798,231.92
5424,216.96,1184,0.8154296875,969,937,1089,1068,1029,1002,1029,1065,1.0,0.3815192743764172,0.1372767857142857,yolo,5799,231.96
5425,217.0,1184,0.81396484375,973,934,1091,1068,1032,1001,1032,1065,1.0,0.3858050262358464,0.1566265060240964,yolo,5800,232.0
5426,217.04,1184,0.77880859375,977,932,1093,1068,1035,1000,1035,1065,1.0,0.4046604148905939,0.1753812636165577,yolo,5801,232.04
5427,217.08,1184,0.79931640625,981,929,1095,1068,1038,998,1038,1065,1.0,0.3970467596390484,0.2062546537602382,yolo,5802,232.08
5428,217.12,1184,0.82568359375,983,926,1098,1068,1040,997,1040,1065,1.0,0.4103596349973161,0.2242857142857142,yolo,5803,232.12
5429,217.16,1184,0.86865234375,986,924,1101,1068,1043,996,1043,1065,1.0,0.4295125164690382,0.2385416666666666,yolo,5804,232.16
5430,217.2,1184,0.841796875,992,921,1104,1068,1048,994,1048,1065,1.0,0.464818763326226,0.2485935302390998,yolo,5805,232.2
5431,217.24,1184,0.8388671875,995,917,1108,1068,1051,992,1051,1064,1.0,0.4796181630546955,0.2469594594594594,yolo,5806,232.24
5432,217.28,1184,0.85595703125,997,914,1112,1068,1054,991,1054,1064,1.0,0.4949643822156718,0.2309210526315789,yolo,5807,232.28
5433,217.32,1184,0.85791015625,998,911,1117,1068,1057,989,1057,1064,1.0,0.4986111111111111,0.2097069597069597,yolo,5808,232.32
5434,217.36,1184,0.8388671875,1000,909,1122,1068,1061,988,1061,1064,1.0,0.507747585897148,0.1770739064856712,yolo,5809,232.36
5435,217.4,1184,0.82763671875,1001,907,1127,1067,1064,987,1064,1063,1.0,0.5091111111111111,0.1609550561797753,yolo,5810,232.4
5436,217.44,1184,0.7548828125,1007,905,1132,1067,1069,986,1069,1063,1.0,0.4992349726775956,0.1133522727272727,yolo,5811,232.44
5437,217.48,1184,0.841796875,1020,903,1138,1068,1079,985,1079,1064,1.0,0.5134029986369832,0.0408463120775786,yolo,5812,232.48
5438,217.52,1184,0.80419921875,1019,901,1143,1068,1081,984,1081,1064,1.0,0.5096296296296297,0.0423324922904401,yolo,5813,232.52
5439,217.56,1184,0.7646484375,1021,899,1148,1067,1084,983,1084,1063,1.0,0.514391447368421,0.0221861471861471,yolo,5814,232.56
5440,217.6,1184,0.716796875,1016,898,1152,1068,1084,983,1084,1064,1.0,0.5219907407407407,0.0483709273182957,yolo,5815,232.6
5441,217.64,1184,0.8427734375,1015,896,1156,1068,1085,982,1085,1064,1.0,0.51007326007326,0.0491219743711438,yolo,5816,232.64
5442,217.68,1184,0.8740234375,1015,895,1159,1068,1087,981,1087,1064,1.0,0.5045280390107977,0.0488141837439557,yolo,5817,232.68
5443,217.72,1184,0.8408203125,1017,894,1161,1068,1089,981,1089,1064,1.0,0.5083594566353187,0.0373014045590605,yolo,5818,232.72
5444,217.76,1184,0.85498046875,1017,892,1162,1067,1089,979,1089,1063,1.0,0.5015673981191222,0.0405836753305973,yolo,5819,232.76
5445,217.8,1184,0.8642578125,1017,891,1163,1067,1090,979,1090,1063,1.0,0.4947675416023331,0.0383936451897616,yolo,5820,232.8
5446,217.84,1184,0.75927734375,1018,890,1164,1068,1091,979,1091,1064,1.0,0.4971264367816091,0.0326566637246248,yolo,5821,232.84
5447,217.88,1184,0.83544921875,1019,889,1163,1067,1091,978,1091,1063,1.0,0.4895199459093982,0.0247524752475247,yolo,5822,232.88
5448,217.92,1184,0.85791015625,1020,888,1163,1068,1091,978,1091,1064,1.0,0.5005129958960328,0.0182222222222222,yolo,5823,232.92
5449,217.96,1184,0.85888671875,1019,888,1163,1068,1091,978,1091,1064,1.0,0.4969574036511156,0.0237623762376237,yolo,5824,232.96
5450,218.0,1184,0.8642578125,1017,888,1162,1068,1089,978,1089,1064,1.0,0.4945909398242055,0.0337690631808278,yolo,5825,233.0
5451,218.04,1184,0.86865234375,1017,887,1161,1068,1089,977,1089,1064,1.0,0.4776876267748479,0.0343234323432343,yolo,5826,233.04
5452,218.08,1184,0.865234375,1018,887,1160,1067,1089,977,1089,1063,1.0,0.4846020761245674,0.0332210998877665,yolo,5827,233.08
5453,218.12,1184,0.8642578125,1019,886,1158,1067,1088,976,1088,1063,1.0,0.4767156862745098,0.0324263038548752,yolo,5828,233.12
5454,218.16,1184,0.8681640625,1019,886,1157,1068,1088,977,1088,1064,1.0,0.4803562074384494,0.0320733104238258,yolo,5829,233.16
5455,218.2,1184,0.87060546875,1019,886,1157,1068,1088,977,1088,1064,1.0,0.4829753797799895,0.0320733104238258,yolo,5830,233.2
5456,218.24,1184,0.8662109375,1019,886,1156,1067,1087,976,1087,1063,1.0,0.4711262553802008,0.0328703703703703,yolo,5831,233.24
5457,218.28,1184,0.86865234375,1017,887,1156,1067,1086,977,1086,1063,1.0,0.4679621848739496,0.0426303854875283,yolo,5832,233.28
5458,218.32,1184,0.86328125,1018,888,1155,1068,1086,978,1086,1064,1.0,0.4781205164992826,0.0372685185185185,yolo,5833,233.32
5459,218.36,1184,0.85888671875,1018,889,1154,1068,1086,978,1086,1064,1.0,0.4734931009440813,0.0342105263157894,yolo,5834,233.36
5460,218.4,1184,0.87158203125,1015,890,1153,1068,1084,979,1084,1064,1.0,0.4587172218284904,0.0515463917525773,yolo,5835,233.4
5461,218.44,1184,0.8798828125,1012,891,1152,1068,1082,979,1082,1064,1.0,0.4506041222459133,0.0637755102040816,yolo,5836,233.44
5462,218.48,1184,0.8818359375,1010,892,1149,1068,1079,980,1079,1064,1.0,0.4523809523809524,0.0816326530612244,yolo,5837,233.48
5463,218.52,1184,0.888671875,1008,895,1146,1068,1077,981,1077,1064,1.0,0.4696969696969697,0.0915847518580676,yolo,5838,233.52
5464,218.56,1184,0.880859375,1005,896,1142,1068,1073,982,1073,1064,1.0,0.4624765478424015,0.1097383720930232,yolo,5839,233.56
5465,218.6,1184,0.865234375,1006,898,1138,1068,1072,983,1072,1064,1.0,0.4622231012658228,0.1105990783410138,yolo,5840,233.6
5466,218.64,1184,0.8681640625,1001,901,1134,1067,1067,984,1067,1063,1.0,0.4557539682539682,0.1338868707836014,yolo,5841,233.64
5467,218.68,1184,0.87255859375,997,904,1129,1067,1063,985,1063,1063,1.0,0.4177215189873418,0.1104838709677419,yolo,5842,233.68
5468,218.72,1184,0.865234375,994,908,1123,1068,1058,988,1058,1064,1.0,0.4091880341880342,0.07,yolo,5843,233.72
5473,218.92,1184,0.83349609375,975,926,1090,1068,1032,997,1032,1065,1.0,0.4114331723027375,0.1410714285714285,yolo,5848,233.92
5474,218.96,1184,0.8447265625,970,927,1084,1067,1027,997,1027,1064,1.0,0.418102269619907,0.220253164556962,yolo,5849,233.96
5475,219.0,1184,0.845703125,965,928,1080,1068,1022,998,1022,1065,1.0,0.4427126059611703,0.2414285714285714,yolo,5850,234.0
5476,219.04,1184,0.85693359375,961,929,1075,1068,1018,998,1018,1065,1.0,0.4457205359584358,0.2464631422189128,yolo,5851,234.04
5477,219.08,1184,0.86328125,955,930,1071,1068,1013,999,1013,1065,1.0,0.4719715613891168,0.2251270878721859,yolo,5852,234.08
5478,219.12,1184,0.87158203125,950,930,1068,1068,1009,999,1009,1065,1.0,0.478076003188945,0.2214741318214032,yolo,5853,234.12
5479,219.16,1184,0.8408203125,946,929,1065,1068,1005,998,1005,1065,1.0,0.4908280922431866,0.2279411764705882,yolo,5854,234.16
5480,219.2,1184,0.85888671875,941,929,1061,1068,1001,998,1001,1065,1.0,0.5047169811320755,0.2314425770308123,yolo,5855,234.2
5481,219.24,1184,0.86083984375,936,928,1057,1067,996,997,996,1064,1.0,0.4921383647798742,0.2181372549019608,yolo,5856,234.24
5482,219.28,1184,0.86865234375,933,928,1053,1067,993,997,993,1064,1.0,0.5039308176100629,0.1918767507002801,yolo,5857,234.28
5483,219.32,1184,0.8759765625,929,926,1049,1067,989,996,989,1064,1.0,0.5036687631027253,0.1520408163265306,yolo,5858,234.32
5484,219.36,1184,0.88720703125,927,924,1046,1068,986,996,986,1065,1.0,0.5103535353535353,0.1233465608465608,yolo,5859,234.36
5485,219.4,1184,0.8740234375,924,922,1042,1068,983,995,983,1065,1.0,0.5101152368758003,0.0833333333333333,yolo,5860,234.4
5486,219.44,1184,0.87744140625,921,920,1036,1068,978,994,978,1065,1.0,0.5093167701863354,0.0239864864864864,yolo,5861,234.44
5487,219.48,1184,0.86328125,918,917,1031,1068,974,992,974,1064,1.0,0.5110939112487101,0.002027027027027,yolo,5862,234.48
5488,219.52,1184,0.8447265625,914,915,1028,1068,971,991,971,1064,1.0,0.5052473763118441,0.0,yolo,5863,234.52
5489,219.56,1184,0.85595703125,911,913,1033,1068,972,990,972,1064,1.0,0.4981105337742088,0.0006191950464396,yolo,5864,234.56
5490,219.6,1184,0.8388671875,908,912,1023,1068,965,990,965,1064,1.0,0.5111766150822894,0.0,yolo,5865,234.6
5491,219.64,1184,0.85791015625,905,911,1018,1068,961,989,961,1064,1.0,0.5188725490196079,0.0,yolo,5866,234.64
5492,219.68,1184,0.84912109375,901,911,1015,1068,958,989,958,1064,1.0,0.5258454106280194,0.0,yolo,5867,234.68
5493,219.72,1184,0.8623046875,897,910,1013,1068,955,989,955,1064,1.0,0.5113526570048309,0.0,yolo,5868,234.72
5494,219.76,1184,0.86328125,894,910,1011,1068,952,989,952,1064,1.0,0.5066666666666667,0.0,yolo,5869,234.76
5495,219.8,1184,0.85205078125,891,910,1010,1068,950,989,950,1064,1.0,0.5013888888888889,0.0,yolo,5870,234.8
5496,219.84,1184,0.85693359375,887,910,1008,1068,947,989,947,1064,1.0,0.4951388888888889,0.0,yolo,5871,234.84
5497,219.88,1184,0.83642578125,883,910,1006,1068,944,989,944,1064,1.0,0.4900900900900901,0.0,yolo,5872,234.88
5498,219.92,1184,0.82421875,879,910,1005,1068,942,989,942,1064,1.0,0.4851111111111111,0.0,yolo,5873,234.92
5499,219.96,1184,0.8115234375,877,910,1007,1068,942,989,942,1064,1.0,0.4700854700854701,0.0,yolo,5874,234.96
5501,220.04,1184,0.81982421875,871,911,1007,1068,939,989,939,1064,1.0,0.4576131687242798,0.0,yolo,5876,235.04
5502,220.08,1184,0.8408203125,868,911,1004,1068,936,989,936,1064,1.0,0.4553497942386831,0.0,yolo,5877,235.08
5503,220.12,1184,0.85595703125,865,911,1001,1068,933,989,933,1064,1.0,0.4606995884773662,0.0,yolo,5878,235.12
5504,220.16,1184,0.8642578125,863,911,998,1068,930,989,930,1064,1.0,0.4555555555555555,0.0,yolo,5879,235.16
5505,220.2,1184,0.8740234375,861,911,994,1068,927,989,927,1064,1.0,0.463125,0.0,yolo,5880,235.2
5506,220.24,1184,0.87060546875,860,911,991,1068,925,989,925,1064,1.0,0.4673076923076923,0.0,yolo,5881,235.24
5507,220.28,1184,0.8740234375,859,911,989,1068,924,989,924,1064,1.0,0.4651709401709402,0.0,yolo,5882,235.28
5508,220.32,1184,0.875,857,911,988,1068,922,989,922,1064,1.0,0.4651709401709402,0.0,yolo,5883,235.32
5509,220.36,1184,0.873046875,856,911,987,1068,921,989,921,1064,1.0,0.4681623931623931,0.0,yolo,5884,235.36
5510,220.4,1184,0.8740234375,855,911,985,1068,920,989,920,1064,1.0,0.4711538461538461,0.0,yolo,5885,235.4
5511,220.44,1184,0.87255859375,855,911,984,1068,919,989,919,1064,1.0,0.4741452991452991,0.0,yolo,5886,235.44
5512,220.48,1184,0.87060546875,855,911,983,1068,919,989,919,1064,1.0,0.4766233766233766,0.0,yolo,5887,235.48
5513,220.52,1184,0.87060546875,854,911,983,1068,918,989,918,1064,1.0,0.4771367521367521,0.0,yolo,5888,235.52
5514,220.56,1184,0.86962890625,854,911,983,1068,918,989,918,1064,1.0,0.4782051282051282,0.0,yolo,5889,235.56
5515,220.6,1184,0.873046875,855,910,983,1068,919,989,919,1064,1.0,0.482034632034632,0.0,yolo,5890,235.6
5516,220.64,1184,0.87060546875,855,910,983,1068,919,989,919,1064,1.0,0.4872294372294372,0.0,yolo,5891,235.64
5517,220.68,1184,0.87060546875,855,909,983,1068,919,988,919,1064,1.0,0.4817968916329572,0.0,yolo,5892,235.68
5518,220.72,1184,0.87060546875,855,908,983,1068,919,988,919,1064,1.0,0.475974025974026,0.0,yolo,5893,235.72
5519,220.76,1184,0.87255859375,856,908,984,1068,920,988,920,1064,1.0,0.4746753246753247,0.0,yolo,5894,235.76
5520,220.8,1184,0.86962890625,856,908,983,1068,919,988,919,1064,1.0,0.4901315789473684,0.0,yolo,5895,235.8
5521,220.84,1184,0.87060546875,857,908,983,1068,920,988,920,1064,1.0,0.4986666666666666,0.0,yolo,5896,235.84
5522,220.88,1184,0.86865234375,858,908,983,1068,920,988,920,1064,1.0,0.5017777777777778,0.0,yolo,5897,235.88
5523,220.92,1184,0.8681640625,858,908,983,1068,920,988,920,1064,1.0,0.5033333333333333,0.0,yolo,5898,235.92
5524,220.96,1184,0.86865234375,857,908,984,1068,920,988,920,1064,1.0,0.5021929824561403,0.0,yolo,5899,235.96
5525,221.0,1184,0.8642578125,857,907,984,1068,920,987,920,1064,1.0,0.4980586712683347,0.0,yolo,5900,236.0
5526,221.04,1184,0.85400390625,857,907,984,1068,920,987,920,1064,1.0,0.4984900776531493,0.0,yolo,5901,236.04
5527,221.08,1184,0.85595703125,857,907,984,1068,920,987,920,1064,1.0,0.5038826574633305,0.0,yolo,5902,236.08
5528,221.12,1184,0.8662109375,857,907,984,1068,920,987,920,1064,1.0,0.5092752372735116,0.0,yolo,5903,236.12
5529,221.16,1184,0.880859375,859,907,984,1068,921,987,921,1064,1.0,0.5095081967213114,0.0002840909090909,yolo,5904,236.16
5530,221.2,1184,0.875,858,907,984,1068,921,987,921,1064,1.0,0.5116939890710382,0.0002808988764044,yolo,5905,236.2
5531,221.24,1184,0.87255859375,858,906,985,1068,921,987,921,1064,1.0,0.4950388265746333,0.0002840909090909,yolo,5906,236.24
5532,221.28,1184,0.86865234375,859,906,985,1068,922,987,922,1064,1.0,0.4955191256830601,0.0002808988764044,yolo,5907,236.28
5533,221.32,1184,0.86328125,859,906,985,1068,922,987,922,1064,1.0,0.4955191256830601,0.0,yolo,5908,236.32
5534,221.36,1184,0.861328125,858,906,986,1068,922,987,922,1064,1.0,0.4920161805407707,0.0,yolo,5909,236.36
5535,221.4,1184,0.85302734375,858,906,986,1068,922,987,922,1064,1.0,0.490738769427294,0.0,yolo,5910,236.4
5536,221.44,1184,0.85498046875,859,906,986,1068,922,987,922,1064,1.0,0.4894305435720448,0.0005681818181818,yolo,5911,236.44
5537,221.48,1184,0.85009765625,859,906,986,1068,922,987,922,1064,1.0,0.4881363244176014,0.0005681818181818,yolo,5912,236.48
5538,221.52,1184,0.85107421875,859,906,986,1068,922,987,922,1064,1.0,0.4840379637618637,0.0005681818181818,yolo,5913,236.52
5539,221.56,1184,0.85302734375,859,906,987,1068,923,987,923,1064,1.0,0.4824355971896955,0.0005617977528089,yolo,5914,236.56
5540,221.6,1184,0.85107421875,859,907,987,1068,923,987,923,1064,1.0,0.4967000212901852,0.0005617977528089,yolo,5915,236.6
5541,221.64,1184,0.85498046875,859,907,988,1068,923,987,923,1064,1.0,0.4939050021017234,0.0005555555555555,yolo,5916,236.64
5542,221.68,1184,0.8623046875,859,907,988,1068,923,987,923,1064,1.0,0.4915931063472047,0.0005555555555555,yolo,5917,236.68
5543,221.72,1184,0.861328125,860,907,988,1068,924,987,924,1064,1.0,0.4913774749840323,0.0,yolo,5918,236.72
5544,221.76,1184,0.8662109375,860,907,989,1068,924,987,924,1064,1.0,0.4867591424968474,0.0005555555555555,yolo,5919,236.76
5545,221.8,1184,0.85986328125,860,907,989,1068,924,987,924,1064,1.0,0.4867591424968474,0.0002777777777777,yolo,5920,236.8
5546,221.84,1184,0.86328125,860,908,990,1068,925,988,925,1064,1.0,0.4871794871794871,0.0005494505494505,yolo,5921,236.84
5547,221.88,1184,0.8642578125,860,908,989,1068,924,988,924,1064,1.0,0.4895299145299145,0.0002777777777777,yolo,5922,236.88
5548,221.92,1184,0.8759765625,860,908,989,1068,924,988,924,1064,1.0,0.4899572649572649,0.0002777777777777,yolo,5923,236.92
5549,221.96,1184,0.88330078125,860,908,989,1068,924,988,924,1064,1.0,0.4888888888888889,0.0002777777777777,yolo,5924,236.96
5550,222.0,1184,0.88623046875,860,907,990,1067,925,987,925,1063,1.0,0.4728632478632478,0.0002747252747252,yolo,5925,237.0
5551,222.04,1184,0.8857421875,860,907,990,1068,925,987,925,1064,1.0,0.4829760403530895,0.0002747252747252,yolo,5926,237.04
5552,222.08,1184,0.88232421875,861,907,991,1067,926,987,926,1063,1.0,0.476068376068376,0.0002747252747252,yolo,5927,237.08
5553,222.12,1184,0.884765625,861,907,991,1068,926,987,926,1064,1.0,0.4882303488860866,0.0008241758241758,yolo,5928,237.12
5554,222.16,1184,0.87646484375,861,906,990,1068,925,987,925,1064,1.0,0.4779319041614123,0.0005555555555555,yolo,5929,237.16
5555,222.2,1184,0.87744140625,861,906,991,1068,926,987,926,1064,1.0,0.4766708701134931,0.0002747252747252,yolo,5930,237.2
5556,222.24,1184,0.88330078125,861,906,991,1068,926,987,926,1064,1.0,0.4798234552332913,0.0005494505494505,yolo,5931,237.24
5557,222.28,1184,0.8798828125,861,906,991,1068,926,987,926,1064,1.0,0.4833963850357293,0.0005494505494505,yolo,5932,237.28
5558,222.32,1184,0.88232421875,862,906,991,1068,926,987,926,1064,1.0,0.4848675914249685,0.0005555555555555,yolo,5933,237.32
5559,222.36,1184,0.8798828125,862,906,992,1068,927,987,927,1064,1.0,0.485708280790248,0.0005494505494505,yolo,5934,237.36
5560,222.4,1184,0.8759765625,861,906,993,1068,927,987,927,1064,1.0,0.4851628968665698,0.0005376344086021,yolo,5935,237.4
5561,222.44,1184,0.875,861,906,993,1068,927,987,927,1064,1.0,0.4882755758456111,0.0005376344086021,yolo,5936,237.44
5562,222.48,1184,0.8818359375,861,906,993,1068,927,987,927,1064,1.0,0.4886905997094833,0.0005376344086021,yolo,5937,237.48
5563,222.52,1184,0.88427734375,861,906,993,1068,927,987,927,1064,1.0,0.4864079684581863,0.0005376344086021,yolo,5938,237.52
5564,222.56,1184,0.880859375,861,906,994,1068,927,987,927,1064,1.0,0.476844262295082,0.0002659574468085,yolo,5939,237.56
5565,222.6,1184,0.88427734375,861,906,994,1068,927,987,927,1064,1.0,0.4727459016393442,0.0,yolo,5940,237.6
5566,222.64,1184,0.87890625,861,906,993,1068,927,987,927,1064,1.0,0.4745797883378294,0.0,yolo,5941,237.64
5567,222.68,1184,0.88232421875,861,907,994,1068,927,987,927,1064,1.0,0.476844262295082,0.0,yolo,5942,237.68
5568,222.72,1184,0.8798828125,861,908,994,1068,927,988,927,1064,1.0,0.4777083333333333,0.0,yolo,5943,237.72
5569,222.76,1184,0.880859375,861,908,994,1068,927,988,927,1064,1.0,0.4770833333333333,0.0,yolo,5944,237.76
5570,222.8,1184,0.8759765625,862,908,993,1068,927,988,927,1064,1.0,0.4782051282051282,0.0,yolo,5945,237.8
5571,222.84,1184,0.875,862,908,993,1068,927,988,927,1064,1.0,0.4752136752136752,0.0,yolo,5946,237.84
5572,222.88,1184,0.87646484375,862,908,993,1068,927,988,927,1064,1.0,0.4683760683760684,0.0,yolo,5947,237.88
5573,222.92,1184,0.873046875,862,909,993,1068,927,988,927,1064,1.0,0.4751996637242539,0.0,yolo,5948,237.92
5574,222.96,1184,0.87744140625,862,910,994,1068,928,989,928,1064,1.0,0.4740506329113924,0.0,yolo,5949,237.96
5575,223.0,1184,0.87646484375,862,911,994,1068,928,989,928,1064,1.0,0.489873417721519,0.0,yolo,5950,238.0
5576,223.04,1184,0.87744140625,862,911,994,1068,928,989,928,1064,1.0,0.4907172995780591,0.0,yolo,5951,238.04
5577,223.08,1184,0.8818359375,862,911,994,1068,928,989,928,1064,1.0,0.4917721518987342,0.0,yolo,5952,238.08
5578,223.12,1184,0.88623046875,862,911,995,1068,928,989,928,1064,1.0,0.484375,0.0,yolo,5953,238.12
5579,223.16,1184,0.88720703125,862,911,995,1068,928,989,928,1064,1.0,0.4845833333333333,0.0,yolo,5954,238.16
5580,223.2,1184,0.888671875,862,911,995,1068,928,989,928,1064,1.0,0.484375,0.0,yolo,5955,238.2
5581,223.24,1184,0.888671875,862,911,995,1068,928,989,928,1064,1.0,0.4845833333333333,0.0,yolo,5956,238.24
5582,223.28,1184,0.88720703125,862,911,995,1068,928,989,928,1064,1.0,0.4839583333333333,0.0,yolo,5957,238.28
5583,223.32,1184,0.88720703125,862,911,995,1068,928,989,928,1064,1.0,0.4835416666666666,0.0,yolo,5958,238.32
5584,223.36,1184,0.88427734375,862,911,995,1068,928,989,928,1064,1.0,0.4816666666666667,0.0,yolo,5959,238.36
5585,223.4,1184,0.88427734375,862,911,995,1068,928,989,928,1064,1.0,0.4835416666666666,0.0,yolo,5960,238.4
5586,223.44,1184,0.8818359375,862,911,995,1068,928,989,928,1064,1.0,0.484375,0.0,yolo,5961,238.44
5587,223.48,1184,0.87890625,862,912,995,1068,928,990,928,1064,1.0,0.4908898305084745,0.0,yolo,5962,238.48
5588,223.52,1184,0.880859375,862,912,995,1068,928,990,928,1064,1.0,0.4870762711864407,0.0,yolo,5963,238.52
5589,223.56,1184,0.87646484375,862,912,995,1068,928,990,928,1064,1.0,0.4815677966101695,0.0,yolo,5964,238.56
5590,223.6,1184,0.87646484375,862,912,995,1068,928,990,928,1064,1.0,0.4783898305084745,0.0,yolo,5965,238.6
5591,223.64,1184,0.87646484375,862,912,995,1068,928,990,928,1064,1.0,0.4758474576271186,0.0,yolo,5966,238.64
5592,223.68,1184,0.87890625,862,912,995,1068,928,990,928,1064,1.0,0.474364406779661,0.0,yolo,5967,238.68
5593,223.72,1184,0.87841796875,862,913,995,1068,928,990,928,1064,1.0,0.4784482758620689,0.0,yolo,5968,238.72
5594,223.76,1184,0.8759765625,862,913,995,1068,928,990,928,1064,1.0,0.4719827586206896,0.0,yolo,5969,238.76
5595,223.8,1184,0.87646484375,861,913,994,1068,927,990,927,1064,1.0,0.4752155172413793,0.0,yolo,5970,238.8
5596,223.84,1184,0.875,861,913,994,1068,927,990,927,1064,1.0,0.4696120689655172,0.0,yolo,5971,238.84
5597,223.88,1184,0.875,861,913,994,1068,927,990,927,1064,1.0,0.4655172413793103,0.0,yolo,5972,238.88
5598,223.92,1184,0.87744140625,861,914,993,1068,927,991,927,1064,1.0,0.4715726239004505,0.0,yolo,5973,238.92
5599,223.96,1184,0.88232421875,861,915,993,1068,927,991,927,1064,1.0,0.4746835443037974,0.0,yolo,5974,238.96
5600,224.0,1184,0.8818359375,861,916,993,1068,927,992,927,1064,1.0,0.484941073766914,0.0,yolo,5975,239.0
5601,224.04,1184,0.87646484375,861,916,993,1068,927,992,927,1064,1.0,0.4783937145351375,0.0,yolo,5976,239.04
5602,224.08,1184,0.8759765625,861,916,993,1068,927,992,927,1064,1.0,0.4705368834570057,0.0,yolo,5977,239.08
5603,224.12,1184,0.8759765625,862,918,994,1068,928,993,928,1065,1.0,0.4761270264268266,0.0,yolo,5978,239.12
5604,224.16,1184,0.87841796875,862,920,994,1068,928,994,928,1065,1.0,0.4703887884267631,0.0,yolo,5979,239.16
5605,224.2,1184,0.87841796875,862,922,999,1068,930,995,930,1065,1.0,0.4574279379157427,0.0,yolo,5980,239.2
5614,224.56,1184,0.8388671875,907,943,1042,1068,974,1005,974,1065,1.0,0.3577620173364854,0.0542210020590253,yolo,5989,239.56
5615,224.6,1184,0.84716796875,916,944,1046,1067,981,1005,981,1064,1.0,0.3325150027277687,0.0798534798534798,yolo,5990,239.6
5616,224.64,1184,0.8232421875,924,945,1050,1067,987,1006,987,1064,1.0,0.3457971014492753,0.1022471910112359,yolo,5991,239.64
5617,224.68,1184,0.8310546875,932,945,1052,1067,992,1006,992,1064,1.0,0.3526570048309179,0.119047619047619,yolo,5992,239.68
5618,224.72,1184,0.81982421875,939,945,1053,1067,996,1006,996,1064,1.0,0.3273471959672338,0.1215189873417721,yolo,5993,239.72
5619,224.76,1184,0.80908203125,944,945,1055,1067,999,1006,999,1064,1.0,0.2977602108036891,0.1166666666666666,yolo,5994,239.76
5620,224.8,1184,0.81396484375,948,946,1057,1067,1002,1006,1002,1064,1.0,0.2859025032938076,0.0864035087719298,yolo,5995,239.8
5621,224.84,1184,0.810546875,950,948,1059,1068,1004,1008,1004,1065,1.0,0.2811447811447811,0.0644736842105263,yolo,5996,239.84
5636,225.44,1184,0.8388671875,915,955,1049,1068,982,1011,982,1065,1.0,0.3491243181165662,0.0526113671274961,yolo,6011,240.44
5637,225.48,1184,0.8232421875,916,956,1050,1067,983,1011,983,1064,1.0,0.3750734861845973,0.0517722023098367,yolo,6012,240.48
5638,225.52,1184,0.8291015625,916,957,1049,1067,982,1012,982,1064,1.0,0.3850609756097561,0.0602836879432624,yolo,6013,240.52
5639,225.56,1184,0.82568359375,914,958,1047,1067,980,1012,980,1064,1.0,0.3797619047619047,0.0551615445232466,yolo,6014,240.56
5647,225.88,1184,0.7880859375,926,953,1044,1068,985,1010,985,1065,1.0,0.3160825417622011,0.0598106712564543,yolo,6022,240.88
5648,225.92,1184,0.81982421875,930,953,1046,1068,988,1010,988,1065,1.0,0.3356926188068756,0.0670194003527336,yolo,6023,240.92
5649,225.96,1184,0.79931640625,934,952,1048,1067,991,1009,991,1064,1.0,0.3373778227165487,0.0786618444846292,yolo,6024,240.96
5650,226.0,1184,0.7919921875,938,952,1049,1067,993,1009,993,1064,1.0,0.3534178999295278,0.0819597069597069,yolo,6025,241.0
5651,226.04,1184,0.80322265625,941,951,1050,1068,995,1009,995,1065,1.0,0.3729338842975206,0.0943738656987295,yolo,6026,241.04
5652,226.08,1184,0.80322265625,942,950,1052,1068,997,1009,997,1065,1.0,0.404040404040404,0.1007613076578593,yolo,6027,241.08
5653,226.12,1184,0.81298828125,943,950,1052,1067,997,1008,997,1064,1.0,0.4084022038567493,0.102087114337568,yolo,6028,241.12
5654,226.16,1184,0.82421875,942,949,1051,1068,996,1008,996,1065,1.0,0.422266139657444,0.0925589836660617,yolo,6029,241.16
5655,226.2,1184,0.8232421875,939,948,1049,1068,994,1008,994,1065,1.0,0.4188552188552188,0.09004329004329,yolo,6030,241.2
5656,226.24,1184,0.81884765625,936,946,1046,1068,991,1007,991,1065,1.0,0.397562582345191,0.087012987012987,yolo,6031,241.24
5657,226.28,1184,0.83740234375,932,945,1042,1067,987,1006,987,1064,1.0,0.3748353096179183,0.0731601731601731,yolo,6032,241.28
5658,226.32,1184,0.82763671875,928,943,1039,1068,983,1005,983,1065,1.0,0.3736299161831076,0.0587262200165425,yolo,6033,241.32
5659,226.36,1184,0.85107421875,925,941,1037,1068,981,1004,981,1065,1.0,0.3610074626865671,0.0543078807676602,yolo,6034,241.36
5678,227.12,1184,0.84814453125,911,911,1023,1068,967,989,967,1064,1.0,0.4594527363184079,0.0,yolo,6053,242.12
5679,227.16,1184,0.84716796875,908,909,1022,1068,965,988,965,1064,1.0,0.4592539795675932,0.0,yolo,6054,242.16
5680,227.2,1184,0.85009765625,907,908,1021,1068,964,988,964,1064,1.0,0.4722222222222222,0.0,yolo,6055,242.2
5681,227.24,1184,0.85107421875,903,907,1021,1067,962,987,962,1063,1.0,0.4706572769953052,0.0,yolo,6056,242.24
5682,227.28,1184,0.86328125,900,906,1019,1068,959,987,959,1064,1.0,0.4776867030965391,0.0,yolo,6057,242.28
5683,227.32,1184,0.87158203125,896,905,1018,1068,957,986,957,1064,1.0,0.4814405656208572,0.0,yolo,6058,242.32
5684,227.36,1184,0.8671875,893,904,1017,1068,955,986,955,1064,1.0,0.4825396825396825,0.0,yolo,6059,242.36
5685,227.4,1184,0.87060546875,889,903,1016,1068,952,985,952,1064,1.0,0.4845076400679117,0.0,yolo,6060,242.4
5686,227.44,1184,0.87744140625,885,903,1015,1068,950,985,950,1064,1.0,0.4956575682382134,0.0,yolo,6061,242.44
5687,227.48,1184,0.8818359375,883,903,1013,1068,948,985,948,1064,1.0,0.5090984284532671,0.0,yolo,6062,242.48
5688,227.52,1184,0.875,882,901,1013,1068,947,984,947,1064,1.0,0.5,0.0,yolo,6063,242.52
5689,227.56,1184,0.87060546875,881,901,1012,1068,946,984,946,1064,1.0,0.5158730158730159,0.0,yolo,6064,242.56
5690,227.6,1184,0.861328125,880,900,1013,1068,946,984,946,1064,1.0,0.5169921875,0.0,yolo,6065,242.6
5691,227.64,1184,0.86962890625,880,899,1011,1068,945,983,945,1064,1.0,0.5220907297830375,0.0,yolo,6066,242.64
5692,227.68,1184,0.8662109375,881,898,1011,1068,946,983,946,1064,1.0,0.5214342948717948,0.0,yolo,6067,242.68
5693,227.72,1184,0.85986328125,881,897,1012,1067,946,982,946,1063,1.0,0.5142227564102564,0.0,yolo,6068,242.72
5694,227.76,1184,0.87841796875,883,897,1012,1067,947,982,947,1063,1.0,0.5268429487179487,0.0,yolo,6069,242.76
5695,227.8,1184,0.8671875,885,897,1013,1067,949,982,949,1063,1.0,0.5328733766233766,0.0,yolo,6070,242.8
5696,227.84,1184,0.87744140625,886,896,1014,1067,950,981,950,1063,1.0,0.5278721278721279,0.0,yolo,6071,242.84
5697,227.88,1184,0.8671875,888,896,1015,1068,951,982,951,1064,1.0,0.534008097165992,0.0,yolo,6072,242.88
5698,227.92,1184,0.87255859375,890,896,1015,1068,952,982,952,1064,1.0,0.534974358974359,0.0,yolo,6073,242.92
5699,227.96,1184,0.8759765625,890,896,1016,1068,953,982,953,1064,1.0,0.5394871794871795,0.0,yolo,6074,242.96
5700,228.0,1184,0.8671875,891,896,1016,1068,953,982,953,1064,1.0,0.5423589743589744,0.0,yolo,6075,243.0
5701,228.04,1184,0.8642578125,891,895,1016,1068,953,981,953,1064,1.0,0.5402020202020202,0.0,yolo,6076,243.04
5702,228.08,1184,0.85009765625,890,895,1015,1068,952,981,952,1064,1.0,0.544040404040404,0.0,yolo,6077,243.08
5703,228.12,1184,0.8681640625,888,894,1015,1067,951,980,951,1063,1.0,0.5378787878787878,0.0,yolo,6078,243.12
5704,228.16,1184,0.8798828125,886,894,1014,1067,950,980,950,1063,1.0,0.5405352223534041,0.0,yolo,6079,243.16
5705,228.2,1184,0.86083984375,884,893,1014,1068,949,980,949,1064,1.0,0.5454545454545454,0.0,yolo,6080,243.2
5706,228.24,1184,0.85205078125,882,893,1014,1068,948,980,948,1064,1.0,0.5435366321442271,0.0,yolo,6081,243.24
5707,228.28,1184,0.865234375,880,892,1014,1067,947,979,947,1063,1.0,0.5289936401047513,0.0,yolo,6082,243.28
5708,228.32,1184,0.84814453125,878,892,1013,1068,945,980,945,1064,1.0,0.5336281555187028,0.0,yolo,6083,243.32
5709,228.36,1184,0.8671875,876,892,1008,1068,942,980,942,1064,1.0,0.5529945210655582,0.0,yolo,6084,243.36
5710,228.4,1184,0.86083984375,874,892,1005,1067,939,979,939,1063,1.0,0.5567210567210568,0.0,yolo,6085,243.4
5711,228.44,1184,0.8662109375,872,892,1001,1067,936,979,936,1063,1.0,0.5615773115773116,0.0,yolo,6086,243.44
5712,228.48,1184,0.865234375,871,891,997,1067,934,979,934,1063,1.0,0.5607960199004975,0.0,yolo,6087,243.48
5713,228.52,1184,0.8642578125,870,891,996,1068,933,979,933,1064,1.0,0.5623880597014925,0.0,yolo,6088,243.52
5714,228.56,1184,0.8642578125,869,891,995,1068,932,979,932,1064,1.0,0.5635820895522388,0.0,yolo,6089,243.56
5715,228.6,1184,0.87255859375,868,891,995,1068,931,979,931,1064,1.0,0.5620581304006285,0.0,yolo,6090,243.6
5716,228.64,1184,0.8662109375,868,891,995,1068,931,979,931,1064,1.0,0.5610761979575806,0.0,yolo,6091,243.64
5717,228.68,1184,0.8681640625,868,891,995,1068,931,979,931,1064,1.0,0.558523173605656,0.0,yolo,6092,243.68
5718,228.72,1184,0.8681640625,869,891,995,1068,932,979,932,1064,1.0,0.5605970149253732,0.0,yolo,6093,243.72
5719,228.76,1184,0.8662109375,870,891,995,1068,932,979,932,1064,1.0,0.5582089552238806,0.0,yolo,6094,243.76
5720,228.8,1184,0.8671875,870,892,995,1067,932,979,932,1063,1.0,0.5632323232323232,0.0,yolo,6095,243.8
5721,228.84,1184,0.87060546875,871,892,995,1067,933,979,933,1063,1.0,0.5618181818181818,0.0,yolo,6096,243.84
5722,228.88,1184,0.88330078125,873,892,995,1068,934,980,934,1064,1.0,0.5665508076058066,0.0,yolo,6097,243.88
5723,228.92,1184,0.8662109375,874,892,1003,1068,938,980,938,1064,1.0,0.5549177190968235,0.0,yolo,6098,243.92
5724,228.96,1184,0.86083984375,875,893,1005,1068,940,980,940,1064,1.0,0.5567210567210568,0.0,yolo,6099,243.96
5725,229.0,1184,0.85595703125,876,893,1007,1068,941,980,941,1064,1.0,0.5534188034188035,0.0,yolo,6100,244.0
5726,229.04,1184,0.86962890625,877,893,1006,1068,941,980,941,1064,1.0,0.5514763014763014,0.0,yolo,6101,244.04
5727,229.08,1184,0.87158203125,878,895,1006,1068,942,981,942,1064,1.0,0.5596221959858324,0.0,yolo,6102,244.08
5728,229.12,1184,0.873046875,879,896,1008,1068,943,982,943,1064,1.0,0.5570019723865878,0.0,yolo,6103,244.12
5729,229.16,1184,0.8759765625,880,895,1009,1067,944,981,944,1063,1.0,0.5357001972386588,0.0,yolo,6104,244.16
5730,229.2,1184,0.8818359375,881,895,1009,1068,945,981,945,1064,1.0,0.5310901219992129,0.0,yolo,6105,244.2
5731,229.24,1184,0.88818359375,881,896,1011,1068,946,982,946,1064,1.0,0.527810650887574,0.0,yolo,6106,244.24
5732,229.28,1184,0.88720703125,883,896,1011,1068,947,982,947,1064,1.0,0.5164835164835165,0.0,yolo,6107,244.28
5733,229.32,1184,0.8955078125,884,898,1010,1068,947,983,947,1064,1.0,0.5258333333333334,0.0,yolo,6108,244.32
5734,229.36,1184,0.880859375,886,899,1012,1068,949,983,949,1064,1.0,0.5054358974358975,0.0,yolo,6109,244.36
5735,229.4,1184,0.8681640625,890,901,1015,1068,952,984,952,1064,1.0,0.4846560846560847,0.0,yolo,6110,244.4
5736,229.44,1184,0.8798828125,893,903,1017,1068,955,985,955,1064,1.0,0.4638709677419355,0.0,yolo,6111,244.44
5743,229.72,1184,0.87255859375,934,928,1045,1068,989,998,989,1065,1.0,0.4582618639222413,0.0021978021978021,yolo,6118,244.72
5746,229.84,1184,0.85986328125,955,932,1055,1067,1005,999,1005,1064,1.0,0.4526143790849673,0.0095238095238095,yolo,6121,244.84
5747,229.88,1184,0.85595703125,960,934,1059,1067,1009,1000,1009,1064,1.0,0.4568627450980392,0.0203463203463203,yolo,6122,244.88
5748,229.92,1184,0.82421875,966,935,1064,1067,1015,1001,1015,1064,1.0,0.4559322033898305,0.0395256916996047,yolo,6123,244.92
5749,229.96,1184,0.8427734375,971,935,1068,1067,1019,1001,1019,1064,1.0,0.4489655172413793,0.0842245989304812,yolo,6124,244.96
5750,230.0,1184,0.865234375,974,935,1073,1067,1023,1001,1023,1064,1.0,0.4436666666666666,0.1025974025974026,yolo,6125,245.0
5751,230.04,1184,0.85205078125,978,936,1077,1067,1027,1001,1027,1064,1.0,0.4534013605442177,0.1120535714285714,yolo,6126,245.04
5752,230.08,1184,0.85888671875,981,936,1081,1068,1031,1002,1031,1065,1.0,0.4673333333333333,0.1142857142857142,yolo,6127,245.08
5753,230.12,1184,0.845703125,985,936,1084,1068,1034,1002,1034,1065,1.0,0.4806666666666667,0.119047619047619,yolo,6128,245.12
5754,230.16,1184,0.841796875,987,935,1088,1067,1037,1001,1037,1064,1.0,0.4723333333333333,0.1354978354978355,yolo,6129,245.16
5755,230.2,1184,0.8427734375,989,935,1092,1068,1040,1001,1040,1065,1.0,0.4873497786211259,0.1351010101010101,yolo,6130,245.2
5756,230.24,1184,0.83447265625,991,934,1097,1068,1044,1001,1044,1065,1.0,0.4712107065048241,0.1575757575757575,yolo,6131,245.24
5757,230.28,1184,0.76904296875,994,932,1100,1068,1047,1000,1047,1065,1.0,0.4596949891067538,0.1619607843137255,yolo,6132,245.28
5758,230.32,1184,0.72314453125,999,931,1103,1067,1051,999,1051,1064,1.0,0.4643635231870526,0.1647864625302175,yolo,6133,245.32
5759,230.36,1184,0.82763671875,1013,929,1106,1067,1059,998,1059,1064,1.0,0.4939353099730458,0.1278966131907308,yolo,6134,245.36
5760,230.4,1184,0.82421875,1021,926,1110,1068,1065,997,1065,1065,1.0,0.4969135802469135,0.0525345622119815,yolo,6135,245.4
5761,230.44,1184,0.81396484375,1026,924,1114,1068,1070,996,1070,1065,1.0,0.4991423670668953,0.01183970856102,yolo,6136,245.44
5762,230.48,1184,0.7890625,1029,922,1117,1068,1073,995,1073,1065,1.0,0.507032590051458,0.0009107468123861,yolo,6137,245.48
5763,230.52,1184,0.80908203125,1031,921,1120,1068,1075,994,1075,1065,1.0,0.5191798941798942,0.0,yolo,6138,245.52
5764,230.56,1184,0.796875,1032,920,1123,1068,1077,994,1077,1065,1.0,0.5221560846560847,0.0,yolo,6139,245.56
5765,230.6,1184,0.79833984375,1034,919,1127,1068,1080,993,1080,1065,1.0,0.5166040100250626,0.0,yolo,6140,245.6
5766,230.64,1184,0.80322265625,1036,919,1130,1068,1083,993,1083,1065,1.0,0.5266235764850723,0.0,yolo,6141,245.64
5767,230.68,1184,0.8017578125,1039,918,1133,1068,1086,993,1086,1065,1.0,0.5318559556786704,0.0,yolo,6142,245.68
5768,230.72,1184,0.83349609375,1040,918,1136,1068,1088,993,1088,1065,1.0,0.5315481686672823,0.0,yolo,6143,245.72
5769,230.76,1184,0.81982421875,1040,918,1139,1068,1089,993,1089,1065,1.0,0.5289473684210526,0.0,yolo,6144,245.76
5770,230.8,1184,0.8408203125,1040,918,1141,1068,1090,993,1090,1065,1.0,0.5207602339181286,0.0,yolo,6145,245.8
5771,230.84,1184,0.83203125,1041,918,1145,1068,1093,993,1093,1065,1.0,0.5132275132275133,0.0,yolo,6146,245.84
5772,230.88,1184,0.83740234375,1042,917,1149,1067,1095,992,1095,1064,1.0,0.4997258771929824,0.0,yolo,6147,245.88
5773,230.92,1184,0.85791015625,1044,917,1153,1067,1098,992,1098,1064,1.0,0.4960127591706539,0.0,yolo,6148,245.92
5774,230.96,1184,0.8642578125,1044,917,1156,1067,1100,992,1100,1064,1.0,0.4975124378109453,0.0,yolo,6149,245.96
5775,231.0,1184,0.87744140625,1046,916,1160,1067,1103,991,1103,1063,1.0,0.4764810577167556,0.0,yolo,6150,246.0
5776,231.04,1184,0.86328125,1047,916,1164,1068,1105,992,1105,1064,1.0,0.4825123152709359,0.0,yolo,6151,246.04
5777,231.08,1184,0.85986328125,1049,917,1167,1067,1108,992,1108,1064,1.0,0.488262910798122,0.0,yolo,6152,246.08
5778,231.12,1184,0.85498046875,1050,916,1170,1067,1110,991,1110,1063,1.0,0.4702729044834308,0.0,yolo,6153,246.12
5779,231.16,1184,0.8642578125,1052,916,1172,1068,1112,992,1112,1064,1.0,0.4758141762452107,0.0,yolo,6154,246.16
5780,231.2,1184,0.86865234375,1053,916,1175,1068,1114,992,1114,1064,1.0,0.4752007557864903,0.0,yolo,6155,246.2
5781,231.24,1184,0.86328125,1054,916,1177,1068,1115,992,1115,1064,1.0,0.4718080149114632,0.0,yolo,6156,246.24
5782,231.28,1184,0.87255859375,1055,916,1178,1068,1116,992,1116,1064,1.0,0.4690121155638397,0.0,yolo,6157,246.28
5783,231.32,1184,0.87646484375,1056,917,1179,1067,1117,992,1117,1064,1.0,0.4724988146040778,0.0,yolo,6158,246.32
5784,231.36,1184,0.87255859375,1056,917,1179,1067,1117,992,1117,1064,1.0,0.4701280227596017,0.0,yolo,6159,246.36
5785,231.4,1184,0.87158203125,1056,917,1180,1067,1118,992,1118,1064,1.0,0.4650292397660818,0.0,yolo,6160,246.4
5786,231.44,1184,0.87255859375,1056,917,1180,1067,1118,992,1118,1064,1.0,0.4603508771929824,0.0,yolo,6161,246.44
5787,231.48,1184,0.87158203125,1056,918,1180,1068,1118,993,1118,1065,1.0,0.4750877192982456,0.0,yolo,6162,246.48
5788,231.52,1184,0.8681640625,1056,918,1179,1068,1117,993,1117,1065,1.0,0.4743954480796586,0.0,yolo,6163,246.52
5789,231.56,1184,0.8681640625,1056,918,1179,1068,1117,993,1117,1065,1.0,0.4758179231863442,0.0,yolo,6164,246.56
5790,231.6,1184,0.8681640625,1055,917,1178,1067,1116,992,1116,1064,1.0,0.4556661925082977,0.0,yolo,6165,246.6
5791,231.64,1184,0.8642578125,1054,917,1177,1067,1115,992,1115,1064,1.0,0.4540066382171645,0.0,yolo,6166,246.64
5803,232.12,1184,0.90673828125,1056,856,1168,1067,1112,961,1112,1062,1.0,0.669589552238806,0.5365141187925998,yolo,6178,247.12
5804,232.16,1184,0.91064453125,1062,836,1171,1067,1116,951,1116,1062,1.0,0.7110762800417972,0.3825023084025854,yolo,6179,247.16
5805,232.2,1184,0.90869140625,1065,827,1173,1067,1119,947,1119,1062,1.0,0.6706677937447169,0.3962222222222222,yolo,6180,247.2
5806,232.24,1184,0.91162109375,1067,824,1174,1067,1120,945,1120,1062,1.0,0.6550611413043478,0.4099099099099099,yolo,6181,247.24
5807,232.28,1184,0.91162109375,1069,825,1175,1067,1122,946,1122,1062,1.0,0.6635610766045549,0.4224444444444444,yolo,6182,247.28
5808,232.32,1184,0.9072265625,1071,825,1176,1067,1123,946,1123,1062,1.0,0.6530365769496205,0.4209459459459459,yolo,6183,247.32
5809,232.36,1184,0.908203125,1073,827,1178,1067,1125,947,1125,1062,1.0,0.6825396825396826,0.4216216216216216,yolo,6184,247.36
5810,232.4,1184,0.90478515625,1075,828,1180,1067,1127,947,1127,1062,1.0,0.6820163963021106,0.4264773247824095,yolo,6185,247.4
5811,232.44,1184,0.9033203125,1077,831,1182,1067,1129,949,1129,1062,1.0,0.6916354556803995,0.4198350893266147,yolo,6186,247.44
5812,232.48,1184,0.9091796875,1078,832,1183,1067,1130,949,1130,1062,1.0,0.6825396825396826,0.4266076421248835,yolo,6187,247.48
5813,232.52,1184,0.9033203125,1081,834,1185,1067,1133,950,1133,1062,1.0,0.6846798644551454,0.4584317430325933,yolo,6188,247.52
5814,232.56,1184,0.90478515625,1081,837,1188,1067,1134,952,1134,1062,1.0,0.6840876436781609,0.4634898055950687,yolo,6189,247.56
5815,232.6,1184,0.9111328125,1083,838,1190,1067,1136,952,1136,1062,1.0,0.6853448275862069,0.4914651493598862,yolo,6190,247.6
5816,232.64,1184,0.91796875,1084,841,1192,1068,1138,954,1138,1063,1.0,0.6826475849731664,0.4911904761904762,yolo,6191,247.64
5817,232.68,1184,0.9140625,1086,843,1195,1068,1140,955,1140,1063,1.0,0.6926916221033869,0.5030545112781954,yolo,6192,247.68
5818,232.72,1184,0.9091796875,1087,846,1197,1068,1142,957,1142,1063,1.0,0.6884920634920635,0.49728453364817,yolo,6193,247.72
5819,232.76,1184,0.90966796875,1089,848,1199,1068,1144,958,1144,1063,1.0,0.6935012778386273,0.5074380165289256,yolo,6194,247.76
5820,232.8,1184,0.90869140625,1091,850,1201,1067,1146,958,1146,1062,1.0,0.6840354767184036,0.5105820105820106,yolo,6195,247.8
5821,232.84,1184,0.90380859375,1092,853,1203,1068,1147,960,1147,1063,1.0,0.6902356902356902,0.5099177552007741,yolo,6196,247.84
5822,232.88,1184,0.90185546875,1093,855,1205,1068,1149,961,1149,1063,1.0,0.6935691910816288,0.5149271554812515,yolo,6197,247.88
5823,232.92,1184,0.90576171875,1094,856,1206,1067,1150,961,1150,1062,1.0,0.678544776119403,0.5116845180136319,yolo,6198,247.92
5824,232.96,1184,0.89111328125,1095,858,1207,1068,1151,963,1151,1063,1.0,0.6773096542603438,0.4892891918208374,yolo,6199,247.96
5825,233.0,1184,0.9013671875,1096,859,1208,1068,1152,963,1152,1063,1.0,0.6757462686567164,0.4917234664070107,yolo,6200,248.0
5826,233.04,1184,0.892578125,1095,859,1210,1067,1152,963,1152,1062,1.0,0.6675839295542102,0.5132211538461539,yolo,6201,248.04
5827,233.08,1184,0.89501953125,1095,861,1210,1067,1152,964,1152,1062,1.0,0.6731698253437384,0.5075980392156862,yolo,6202,248.08
5828,233.12,1184,0.88818359375,1095,862,1210,1067,1152,964,1152,1062,1.0,0.6766421983813288,0.5311274509803922,yolo,6203,248.12
5829,233.16,1184,0.8916015625,1094,864,1209,1067,1151,965,1151,1062,1.0,0.6819122906079428,0.5185,yolo,6204,248.16
5830,233.2,1184,0.89306640625,1094,865,1209,1068,1151,966,1151,1063,1.0,0.6877470355731226,0.5195,yolo,6205,248.2
5831,233.24,1184,0.8916015625,1092,868,1209,1068,1150,968,1150,1064,1.0,0.6977443609022557,0.5131707317073171,yolo,6206,248.24
5832,233.28,1184,0.89501953125,1090,870,1208,1068,1149,969,1149,1064,1.0,0.7055399061032864,0.501352348168183,yolo,6207,248.28
5833,233.32,1184,0.89892578125,1089,872,1207,1067,1148,969,1148,1063,1.0,0.7143129044537495,0.483433734939759,yolo,6208,248.32
5834,233.36,1184,0.90673828125,1088,873,1205,1068,1146,970,1146,1064,1.0,0.7088803088803088,0.4926321138211382,yolo,6209,248.36
5835,233.4,1184,0.908203125,1086,875,1204,1068,1145,971,1145,1064,1.0,0.7223615666602354,0.5,yolo,6210,248.4
5836,233.44,1184,0.90673828125,1086,877,1202,1068,1144,972,1144,1064,1.0,0.7222222222222222,0.4701864985552929,yolo,6211,248.44
5837,233.48,1184,0.90673828125,1085,880,1199,1068,1142,974,1142,1064,1.0,0.7256441223832528,0.4433072986803124,yolo,6212,248.48
5838,233.52,1184,0.9052734375,1083,882,1198,1067,1140,974,1140,1063,1.0,0.7474120082815735,0.4489130434782609,yolo,6213,248.52
5839,233.56,1184,0.896484375,1080,883,1195,1068,1137,975,1137,1064,1.0,0.7455486542443064,0.4703804347826087,yolo,6214,248.56
5840,233.6,1184,0.87158203125,1056,880,1171,1067,1113,973,1113,1063,1.0,0.7562767911818739,0.5589673913043478,yolo,6215,248.6
5841,233.64,1184,0.8759765625,1045,878,1160,1067,1102,972,1102,1063,1.0,0.7510064412238325,0.5688829787234042,yolo,6216,248.64
5842,233.68,1184,0.873046875,1042,878,1157,1067,1099,972,1099,1063,1.0,0.7530193236714976,0.5715425531914894,yolo,6217,248.68
5843,233.72,1184,0.87060546875,1040,877,1155,1067,1097,972,1097,1063,1.0,0.7564412238325282,0.5917553191489362,yolo,6218,248.72
5844,233.76,1184,0.87841796875,1038,877,1153,1067,1095,972,1095,1063,1.0,0.7552334943639292,0.5877659574468085,yolo,6219,248.76
5845,233.8,1184,0.8818359375,1038,878,1153,1067,1095,972,1095,1063,1.0,0.7554347826086957,0.5888297872340426,yolo,6220,248.8
5846,233.84,1184,0.87646484375,1037,878,1152,1068,1094,973,1094,1064,1.0,0.7471819645732689,0.5784574468085106,yolo,6221,248.84
5847,233.88,1184,0.87646484375,1037,878,1153,1068,1095,973,1095,1064,1.0,0.7471819645732689,0.5899658523771999,yolo,6222,248.88
5848,233.92,1184,0.87744140625,1036,878,1153,1068,1094,973,1094,1064,1.0,0.7535714285714286,0.5965230928905034,yolo,6223,248.92
5849,233.96,1184,0.875,1037,878,1152,1068,1094,973,1094,1064,1.0,0.7546296296296297,0.5933510638297872,yolo,6224,248.96
5850,234.0,1184,0.8798828125,1037,878,1152,1068,1094,973,1094,1064,1.0,0.7510064412238325,0.5872340425531914,yolo,6225,249.0
5851,234.04,1184,0.87890625,1037,878,1152,1068,1094,973,1094,1064,1.0,0.7546296296296297,0.5930851063829787,yolo,6226,249.04
5852,234.08,1184,0.87744140625,1037,878,1152,1068,1094,973,1094,1064,1.0,0.7544283413848631,0.5909574468085106,yolo,6227,249.08
5853,234.12,1184,0.87841796875,1037,879,1152,1068,1094,973,1094,1064,1.0,0.7560386473429952,0.589095744680851,yolo,6228,249.12
5854,234.16,1184,0.8798828125,1036,880,1153,1068,1094,974,1094,1064,1.0,0.7557539682539682,0.5809548521017125,yolo,6229,249.16
5855,234.2,1184,0.87890625,1035,880,1153,1068,1094,974,1094,1064,1.0,0.7539123630672926,0.5893360676749552,yolo,6230,249.2
5856,234.24,1184,0.8798828125,1035,880,1153,1068,1094,974,1094,1064,1.0,0.7556729264475743,0.5898487567290438,yolo,6231,249.24
5857,234.28,1184,0.87890625,1035,880,1153,1068,1094,974,1094,1064,1.0,0.75802034428795,0.5972827480133299,yolo,6232,249.28
5858,234.32,1184,0.88427734375,1035,880,1153,1068,1094,974,1094,1064,1.0,0.7582159624413145,0.5962573699051525,yolo,6233,249.32
5859,234.36,1184,0.880859375,1035,880,1153,1068,1094,974,1094,1064,1.0,0.7601721439749609,0.6059984619328377,yolo,6234,249.36
5860,234.4,1184,0.880859375,1035,881,1153,1068,1094,974,1094,1064,1.0,0.7635389803610395,0.5974332111052907,yolo,6235,249.4
5861,234.44,1184,0.880859375,1035,880,1153,1068,1094,974,1094,1064,1.0,0.7586071987480438,0.5990771597026403,yolo,6236,249.44
5862,234.48,1184,0.88427734375,1035,880,1153,1068,1094,974,1094,1064,1.0,0.7605633802816901,0.6016406049730838,yolo,6237,249.48
5863,234.52,1184,0.88330078125,1036,880,1152,1068,1094,974,1094,1064,1.0,0.7546296296296297,0.5960073548726031,yolo,6238,249.52
5864,234.56,1184,0.880859375,1037,881,1153,1068,1095,974,1095,1064,1.0,0.7611757501530925,0.5888352120236178,yolo,6239,249.56
5865,234.6,1184,0.87646484375,1038,881,1153,1068,1095,974,1095,1064,1.0,0.7681159420289855,0.5714673913043479,yolo,6240,249.6
5866,234.64,1184,0.873046875,1038,881,1154,1068,1096,974,1096,1064,1.0,0.7691365584813227,0.5740740740740741,yolo,6241,249.64
5867,234.68,1184,0.88623046875,1040,881,1155,1068,1097,974,1097,1064,1.0,0.7703612982241274,0.5654891304347827,yolo,6242,249.68
5868,234.72,1184,0.89501953125,1042,882,1157,1067,1099,974,1099,1063,1.0,0.7768115942028986,0.5692934782608695,yolo,6243,249.72
5869,234.76,1184,0.88720703125,1044,883,1159,1068,1101,975,1101,1064,1.0,0.7743271221532091,0.56875,yolo,6244,249.76
5870,234.8,1184,0.8857421875,1047,884,1161,1067,1104,975,1104,1063,1.0,0.7443064182194618,0.5524613220815753,yolo,6245,249.8
5871,234.84,1184,0.88427734375,1050,886,1163,1067,1106,976,1106,1063,1.0,0.708044982698962,0.55,yolo,6246,249.84
5872,234.88,1184,0.87158203125,1054,888,1165,1067,1109,977,1109,1063,1.0,0.6644385026737968,0.5291375291375291,yolo,6247,249.88
5873,234.92,1184,0.8759765625,1059,889,1167,1067,1113,978,1113,1063,1.0,0.6665158371040724,0.5139393939393939,yolo,6248,249.92
5874,234.96,1184,0.8671875,1064,891,1168,1067,1116,979,1116,1063,1.0,0.6697465055674011,0.475093399750934,yolo,6249,249.96
5875,235.0,1184,0.8642578125,1068,893,1169,1067,1118,980,1118,1063,1.0,0.6497474747474747,0.4428571428571428,yolo,6250,250.0
5876,235.04,1184,0.86865234375,1070,896,1169,1068,1119,982,1119,1064,1.0,0.6592307692307692,0.4132890365448505,yolo,6251,250.04
5877,235.08,1184,0.85986328125,1073,898,1169,1068,1121,983,1121,1064,1.0,0.6428179824561403,0.3941009239516702,yolo,6252,250.08
5878,235.12,1184,0.86083984375,1075,902,1169,1068,1122,985,1122,1064,1.0,0.6530214424951267,0.3617260787992495,yolo,6253,250.12
5879,235.16,1184,0.84716796875,1077,905,1169,1067,1123,986,1123,1063,1.0,0.6330849478390462,0.3961538461538461,yolo,6254,250.16
5880,235.2,1184,0.84375,1079,909,1169,1067,1124,988,1124,1063,1.0,0.6604938271604939,0.4367114367114367,yolo,6255,250.2
5881,235.24,1184,0.83544921875,1079,913,1166,1067,1122,990,1122,1063,1.0,0.6577574967405476,0.4714912280701754,yolo,6256,250.24
5882,235.28,1184,0.81982421875,1076,918,1164,1067,1120,992,1120,1064,1.0,0.6593843098311817,0.4820558263181214,yolo,6257,250.28
5883,235.32,1184,0.83447265625,1072,922,1161,1068,1116,995,1116,1065,1.0,0.6383838383838384,0.5085125448028673,yolo,6258,250.32
5884,235.36,1184,0.83544921875,1067,927,1157,1067,1112,997,1112,1064,1.0,0.6191474493361285,0.5111111111111111,yolo,6259,250.36
5885,235.4,1184,0.810546875,1062,932,1155,1067,1108,999,1108,1064,1.0,0.6067927170868347,0.5335169880624426,yolo,6260,250.4
5886,235.44,1184,0.77978515625,1057,936,1153,1067,1105,1001,1105,1064,1.0,0.58968850698174,0.5699626865671642,yolo,6261,250.44
5887,235.48,1184,0.74462890625,1046,941,1148,1067,1097,1004,1097,1064,1.0,0.5122950819672131,0.485688323489323,yolo,6262,250.48
5888,235.52,1184,0.78515625,1043,945,1140,1067,1091,1006,1091,1064,1.0,0.4775112443778111,0.4799019607843137,yolo,6263,250.52
5889,235.56,1184,0.76220703125,1040,948,1132,1068,1086,1008,1086,1065,1.0,0.4452525252525252,0.4743589743589743,yolo,6264,250.56
5890,235.6,1184,0.75341796875,1036,951,1125,1068,1080,1009,1080,1065,1.0,0.3968855218855219,0.4293659621802002,yolo,6265,250.6
5891,235.64,1184,0.70068359375,1032,952,1121,1068,1076,1010,1076,1065,1.0,0.3787878787878788,0.4193548387096774,yolo,6266,250.64
5892,235.68,1184,0.56005859375,1029,954,1118,1067,1073,1010,1073,1064,1.0,0.3583118001722652,0.3784562211981567,yolo,6267,250.68
5893,235.72,1184,0.69091796875,1026,955,1115,1067,1070,1011,1070,1064,1.0,0.3439153439153439,0.4014976958525346,yolo,6268,250.72
5894,235.76,1184,0.658203125,1017,956,1113,1068,1065,1012,1065,1065,1.0,0.2957393483709273,0.3875266524520256,yolo,6269,250.76
5900,236.0,1184,0.7490234375,997,959,1097,1068,1047,1013,1047,1065,1.0,0.2591269841269841,0.3010582010582011,yolo,6275,251.0
5904,236.16,1184,0.8056640625,991,954,1082,1068,1036,1011,1036,1065,1.0,0.2617845117845118,0.3337053571428571,yolo,6279,251.16
5905,236.2,1184,0.7548828125,991,952,1078,1068,1034,1010,1034,1065,1.0,0.2867132867132867,0.3183908045977011,yolo,6280,251.2
5906,236.24,1184,0.740234375,991,948,1074,1068,1032,1008,1032,1065,1.0,0.3102222222222222,0.3557471264367816,yolo,6281,251.24
5907,236.28,1184,0.6875,987,945,1070,1068,1028,1006,1028,1065,1.0,0.3285106382978723,0.3241379310344827,yolo,6282,251.28
5908,236.32,1184,0.7705078125,984,942,1066,1068,1025,1005,1025,1065,1.0,0.3601190476190476,0.2869269949066214,yolo,6283,251.32
5909,236.36,1184,0.796875,981,938,1061,1068,1021,1003,1021,1065,1.0,0.3715986394557823,0.26171875,yolo,6284,251.36
5910,236.4,1184,0.810546875,979,935,1059,1067,1019,1001,1019,1064,1.0,0.39,0.262987012987013,yolo,6285,251.4
5911,236.44,1184,0.7919921875,977,931,1057,1067,1017,999,1017,1064,1.0,0.3966503267973856,0.3025210084033613,yolo,6286,251.44
5912,236.48,1184,0.78515625,973,929,1058,1067,1015,998,1015,1064,1.0,0.4472807991120976,0.3225490196078431,yolo,6287,251.48
5913,236.52,1184,0.80908203125,970,927,1055,1067,1012,997,1012,1064,1.0,0.4550499445061043,0.3342857142857143,yolo,6288,251.52
5914,236.56,1184,0.78125,968,924,1053,1068,1010,996,1010,1065,1.0,0.4727272727272727,0.3634259259259259,yolo,6289,251.56
5915,236.6,1184,0.7607421875,966,922,1052,1068,1009,995,1009,1065,1.0,0.5080213903743316,0.3747723132969034,yolo,6290,251.6
5916,236.64,1184,0.79052734375,963,921,1050,1068,1006,994,1006,1065,1.0,0.5271291208791209,0.3583333333333333,yolo,6291,251.64
5917,236.68,1184,0.81640625,962,919,1051,1067,1006,993,1006,1064,1.0,0.5615079365079365,0.3875326939843069,yolo,6292,251.68
5918,236.72,1184,0.82080078125,959,918,1051,1068,1005,993,1005,1065,1.0,0.6,0.3970893970893971,yolo,6293,251.72
5919,236.76,1184,0.81396484375,956,917,1050,1067,1003,992,1003,1064,1.0,0.6128039396737458,0.4008316008316008,yolo,6294,251.76
5920,236.8,1184,0.8173828125,953,916,1049,1068,1001,992,1001,1064,1.0,0.6252268602540835,0.3805970149253731,yolo,6295,251.8
5921,236.84,1184,0.7744140625,949,914,1048,1067,998,990,998,1063,1.0,0.6198275862068966,0.3458646616541353,yolo,6296,251.84
5922,236.88,1184,0.7373046875,945,914,1035,1067,990,990,990,1063,1.0,0.6028097062579821,0.2226399331662489,yolo,6297,251.88
5923,236.92,1184,0.72802734375,941,913,1026,1067,983,990,983,1063,1.0,0.5729478231970755,0.1355263157894737,yolo,6298,251.92
5924,236.96,1184,0.57177734375,937,912,1021,1067,979,989,979,1063,1.0,0.5517241379310345,0.0936663693131133,yolo,6299,251.96
5925,237.0,1184,0.61865234375,932,911,1017,1067,974,989,974,1063,1.0,0.556663343303423,0.1042735042735042,yolo,6300,252.0
5926,237.04,1184,0.7744140625,928,910,1014,1067,971,988,971,1063,1.0,0.5803921568627451,0.139134089953762,yolo,6301,252.04
5927,237.08,1184,0.8154296875,923,909,1010,1067,966,988,966,1063,1.0,0.5782051282051283,0.141025641025641,yolo,6302,252.08
5928,237.12,1184,0.78662109375,918,908,1007,1068,962,988,962,1064,1.0,0.592283950617284,0.1649193548387096,yolo,6303,252.12
5929,237.16,1184,0.7490234375,913,907,1008,1068,960,987,960,1064,1.0,0.6048317515099223,0.2064393939393939,yolo,6304,252.16
5930,237.2,1184,0.7431640625,909,906,1007,1068,958,987,958,1064,1.0,0.6287857738260628,0.2728260869565217,yolo,6305,252.2
5931,237.24,1184,0.7919921875,906,904,1004,1067,955,985,955,1063,1.0,0.6178239475123019,0.3003623188405797,yolo,6306,252.24
5932,237.28,1184,0.81298828125,901,904,1001,1067,951,985,951,1063,1.0,0.6196236559139785,0.3017857142857142,yolo,6307,252.28
5933,237.32,1184,0.8017578125,897,903,999,1068,948,985,948,1064,1.0,0.6192490745637229,0.3084850566815527,yolo,6308,252.32
5934,237.36,1184,0.80322265625,893,902,1000,1068,946,985,946,1064,1.0,0.6138392857142857,0.3154251812788398,yolo,6309,252.36
5935,237.4,1184,0.80908203125,887,902,1000,1067,943,984,943,1063,1.0,0.6138519924098672,0.3006097560975609,yolo,6310,252.4
5936,237.44,1184,0.82763671875,881,901,1000,1067,940,984,940,1063,1.0,0.607363315696649,0.2999419279907084,yolo,6311,252.44
5937,237.48,1184,0.83349609375,878,901,998,1068,938,984,938,1064,1.0,0.6038359788359788,0.3013937282229965,yolo,6312,252.48
5938,237.52,1184,0.830078125,876,900,997,1068,936,984,936,1064,1.0,0.603515625,0.3047052154195011,yolo,6313,252.52
5939,237.56,1184,0.82666015625,876,900,994,1068,935,984,935,1064,1.0,0.5946302816901409,0.2977624784853701,yolo,6314,252.56
5940,237.6,1184,0.82568359375,876,900,991,1068,933,984,933,1064,1.0,0.5835597826086957,0.287797619047619,yolo,6315,252.6
5941,237.64,1184,0.822265625,877,899,988,1067,932,983,932,1063,1.0,0.5767045454545454,0.2722832722832722,yolo,6316,252.64
5942,237.68,1184,0.8115234375,879,899,987,1067,933,983,933,1063,1.0,0.5759615384615384,0.2650793650793651,yolo,6317,252.68
5943,237.72,1184,0.82763671875,881,898,987,1068,934,983,934,1064,1.0,0.5858134920634921,0.2723809523809524,yolo,6318,252.72
5944,237.76,1184,0.83740234375,884,898,987,1068,935,983,935,1064,1.0,0.5972782258064516,0.2777777777777778,yolo,6319,252.76
5945,237.8,1184,0.81396484375,886,897,990,1068,938,982,938,1064,1.0,0.611965811965812,0.2968036529680365,yolo,6320,252.8
5946,237.84,1184,0.81640625,888,897,991,1067,939,982,939,1063,1.0,0.6186995967741935,0.3032407407407407,yolo,6321,252.84
5947,237.88,1184,0.81884765625,889,896,990,1067,939,981,939,1063,1.0,0.6141025641025641,0.3023809523809523,yolo,6322,252.88
5948,237.92,1184,0.82080078125,889,896,989,1068,939,982,939,1064,1.0,0.6117948717948718,0.2913621262458472,yolo,6323,252.92
5949,237.96,1184,0.8232421875,890,896,988,1068,939,982,939,1064,1.0,0.6054758800521512,0.2804179305695989,yolo,6324,252.96
5950,238.0,1184,0.810546875,890,895,991,1068,940,981,940,1064,1.0,0.5926767676767677,0.2906976744186046,yolo,6325,253.0
5951,238.04,1184,0.8388671875,891,895,989,1068,940,981,940,1064,1.0,0.5847457627118644,0.2713178294573643,yolo,6326,253.04
5952,238.08,1184,0.81396484375,891,895,992,1068,941,981,941,1064,1.0,0.5803030303030303,0.2674418604651162,yolo,6327,253.08
5953,238.12,1184,0.806640625,892,895,996,1068,944,981,944,1064,1.0,0.5812890812890813,0.2660082828926409,yolo,6328,253.12
5954,238.16,1184,0.8291015625,892,896,995,1068,943,982,943,1064,1.0,0.5759305210918114,0.2335271317829457,yolo,6329,253.16
5955,238.2,1184,0.8232421875,893,895,997,1068,945,981,945,1064,1.0,0.556998556998557,0.2223638101306148,yolo,6330,253.2
5956,238.24,1184,0.81884765625,894,895,999,1067,946,981,946,1063,1.0,0.5411477411477411,0.1983029541169076,yolo,6331,253.24
5957,238.28,1184,0.83447265625,894,895,999,1067,946,981,946,1063,1.0,0.527960927960928,0.1788183532369578,yolo,6332,253.28
5958,238.32,1184,0.8173828125,896,894,1001,1068,948,981,948,1064,1.0,0.518999518999519,0.1860465116279069,yolo,6333,253.32
5959,238.36,1184,0.82568359375,899,894,1000,1068,949,981,949,1064,1.0,0.5065656565656566,0.1677740863787375,yolo,6334,253.36
5960,238.4,1184,0.841796875,901,895,1001,1068,951,981,951,1064,1.0,0.5212121212121212,0.1634551495016611,yolo,6335,253.4
5961,238.44,1184,0.83642578125,905,895,1004,1068,954,981,954,1064,1.0,0.5419191919191919,0.1857142857142857,yolo,6336,253.44
5962,238.48,1184,0.82666015625,907,896,1006,1068,956,982,956,1064,1.0,0.5505128205128205,0.1770764119601328,yolo,6337,253.48
5963,238.52,1184,0.81884765625,911,896,1007,1068,959,982,959,1064,1.0,0.5470985155195681,0.1922943422422769,yolo,6338,253.52
5964,238.56,1184,0.79931640625,914,897,1011,1067,962,982,962,1063,1.0,0.5509159482758621,0.1834733893557422,yolo,6339,253.56
5965,238.6,1184,0.80810546875,917,897,1012,1067,964,982,964,1063,1.0,0.5408442982456141,0.205988455988456,yolo,6340,253.6
5966,238.64,1184,0.79296875,919,898,1013,1068,966,983,966,1064,1.0,0.540296052631579,0.2065934065934065,yolo,6341,253.64
5967,238.68,1184,0.7958984375,920,900,1013,1068,966,984,966,1064,1.0,0.5298549107142857,0.1814574314574314,yolo,6342,253.68
5968,238.72,1184,0.79833984375,921,901,1014,1068,967,984,967,1064,1.0,0.5051020408163265,0.1840354767184035,yolo,6343,253.72
5969,238.76,1184,0.7734375,921,902,1016,1068,968,985,968,1064,1.0,0.4890002784739626,0.1906873614190687,yolo,6344,253.76
5970,238.8,1184,0.77880859375,922,904,1017,1068,969,986,969,1064,1.0,0.4572542467279309,0.1862527716186252,yolo,6345,253.8
5971,238.84,1184,0.7841796875,923,906,1019,1067,971,986,971,1063,1.0,0.4256542996836353,0.1917910447761194,yolo,6346,253.84
5972,238.88,1184,0.71875,924,910,1021,1068,972,989,972,1064,1.0,0.4146551724137931,0.1628959276018099,yolo,6347,253.88
5973,238.92,1184,0.74609375,924,913,1022,1068,973,990,973,1064,1.0,0.3968439509059029,0.1575133485888634,yolo,6348,253.92
5974,238.96,1184,0.7705078125,925,916,1027,1067,976,991,976,1063,1.0,0.4058096059821685,0.1914731633041492,yolo,6349,253.96
5975,239.0,1184,0.751953125,927,919,1027,1067,977,993,977,1064,1.0,0.3785714285714285,0.2054054054054054,yolo,6350,254.0
5976,239.04,1184,0.80810546875,928,923,1040,1068,984,995,984,1065,1.0,0.435820895522388,0.2971167369901547,yolo,6351,254.04
5977,239.08,1184,0.83349609375,929,926,1044,1067,986,996,986,1064,1.0,0.419469510527755,0.31,yolo,6352,254.08
5978,239.12,1184,0.81298828125,931,928,1044,1068,987,998,987,1065,1.0,0.4042730299667036,0.3132142857142857,yolo,6353,254.12
5979,239.16,1184,0.8056640625,933,931,1041,1068,987,999,987,1065,1.0,0.3816568047337278,0.2811764705882353,yolo,6354,254.16
5980,239.2,1184,0.79296875,935,933,1042,1068,988,1000,988,1065,1.0,0.3734681372549019,0.285012285012285,yolo,6355,254.2
5981,239.24,1184,0.75341796875,937,934,1039,1068,988,1001,988,1065,1.0,0.3326904532304725,0.2658984208279983,yolo,6356,254.24
5982,239.28,1184,0.708984375,939,936,1043,1068,991,1002,991,1065,1.0,0.3577777777777777,0.2831050228310502,yolo,6357,254.28
5983,239.32,1184,0.77197265625,940,937,1047,1067,993,1002,993,1064,1.0,0.3619260204081632,0.3125,yolo,6358,254.32
5984,239.36,1184,0.69775390625,942,938,1051,1067,996,1002,996,1064,1.0,0.362708719851577,0.3236019736842105,yolo,6359,254.36
5985,239.4,1184,0.806640625,943,939,1055,1067,999,1003,999,1064,1.0,0.3801401157477916,0.3378164556962025,yolo,6360,254.4
5986,239.44,1184,0.80322265625,945,940,1057,1068,1001,1004,1001,1065,1.0,0.3926286932683521,0.3481012658227848,yolo,6361,254.44
5987,239.48,1184,0.85107421875,948,941,1060,1068,1004,1004,1004,1065,1.0,0.3989427860696517,0.3585136790526745,yolo,6362,254.48
5988,239.52,1184,0.822265625,950,941,1063,1068,1006,1004,1006,1065,1.0,0.3961397058823529,0.3826612903225806,yolo,6363,254.52
5989,239.56,1184,0.83740234375,953,942,1067,1067,1010,1004,1010,1064,1.0,0.4020968239284613,0.4287464271131074,yolo,6364,254.56
5990,239.6,1184,0.830078125,957,943,1070,1067,1013,1005,1013,1064,1.0,0.3864205256570713,0.45,yolo,6365,254.6
5991,239.64,1184,0.830078125,960,943,1074,1067,1017,1005,1017,1064,1.0,0.3703361085414739,0.4593711719069008,yolo,6366,254.64
5992,239.68,1184,0.841796875,963,943,1077,1068,1020,1005,1020,1065,1.0,0.372186247301881,0.4471212739893834,yolo,6367,254.68
5993,239.72,1184,0.8388671875,967,943,1082,1068,1024,1005,1024,1065,1.0,0.333950046253469,0.4358870967741935,yolo,6368,254.72
5994,239.76,1184,0.80322265625,972,943,1087,1068,1029,1005,1029,1065,1.0,0.3040394696268886,0.4036290322580645,yolo,6369,254.76
5995,239.8,1184,0.83642578125,976,942,1091,1068,1033,1005,1033,1065,1.0,0.2892512077294686,0.3725806451612903,yolo,6370,254.8
5996,239.84,1184,0.83740234375,980,942,1097,1067,1038,1004,1038,1064,1.0,0.2796352583586626,0.3638867033831628,yolo,6371,254.84
5997,239.88,1184,0.8447265625,986,942,1102,1067,1044,1004,1044,1064,1.0,0.2926302806043787,0.3771405814416567,yolo,6372,254.88
5998,239.92,1184,0.83544921875,991,942,1105,1067,1048,1004,1048,1064,1.0,0.3009559050262103,0.3405471621069824,yolo,6373,254.92
5999,239.96,1184,0.83447265625,996,942,1109,1067,1052,1004,1052,1064,1.0,0.3110137672090112,0.3568548387096774,yolo,6374,254.96
6000,240.0,1184,0.83544921875,1001,942,1114,1067,1057,1004,1057,1064,1.0,0.32540675844806,0.3157258064516129,yolo,6375,255.0
6001,240.04,1184,0.841796875,1006,941,1117,1068,1061,1004,1061,1065,1.0,0.3456439393939394,0.3660049627791563,yolo,6376,255.04
6002,240.08,1184,0.80322265625,1011,941,1120,1068,1065,1004,1065,1065,1.0,0.3661616161616162,0.3820033955857385,yolo,6377,255.08
6003,240.12,1184,0.81298828125,1014,941,1125,1067,1069,1004,1069,1064,1.0,0.3936237373737373,0.412737799834574,yolo,6378,255.12
6004,240.16,1184,0.7841796875,1018,941,1128,1067,1073,1004,1073,1064,1.0,0.4065656565656566,0.436950146627566,yolo,6379,255.16
6005,240.2,1184,0.82763671875,1021,941,1131,1067,1076,1004,1076,1064,1.0,0.4393939393939394,0.4637620444072057,yolo,6380,255.2
6006,240.24,1184,0.806640625,1024,941,1134,1067,1079,1004,1079,1064,1.0,0.4630681818181818,0.4893171344784248,yolo,6381,255.24
6007,240.28,1184,0.8154296875,1026,940,1135,1067,1080,1003,1080,1064,1.0,0.5063131313131313,0.532258064516129,yolo,6382,255.28
6008,240.32,1184,0.8173828125,1029,940,1136,1067,1082,1003,1082,1064,1.0,0.52734375,0.5566695727986051,yolo,6383,255.32
6009,240.36,1184,0.7578125,1033,940,1137,1067,1085,1003,1085,1064,1.0,0.5479497354497355,0.5682722050375607,yolo,6384,255.36
6010,240.4,1184,0.732421875,1035,939,1138,1067,1086,1003,1086,1064,1.0,0.5697827518104016,0.5885416666666666,yolo,6385,255.4
6011,240.44,1184,0.75927734375,1036,939,1140,1067,1088,1003,1088,1064,1.0,0.5808228053126012,0.6018835616438356,yolo,6386,255.44
6012,240.48,1184,0.767578125,1036,939,1142,1067,1089,1003,1089,1064,1.0,0.6151603498542274,0.6133333333333333,yolo,6387,255.48
6013,240.52,1184,0.7919921875,1037,937,1144,1067,1090,1002,1090,1064,1.0,0.6253188775510204,0.6414695945945946,yolo,6388,255.52
6014,240.56,1184,0.8115234375,1037,937,1146,1067,1091,1002,1091,1064,1.0,0.6440940012368583,0.6410361842105263,yolo,6389,255.56
6015,240.6,1184,0.82666015625,1037,936,1148,1068,1092,1002,1092,1065,1.0,0.6590909090909091,0.6449106449106449,yolo,6390,255.6
6016,240.64,1184,0.81298828125,1038,934,1150,1068,1094,1001,1094,1065,1.0,0.6628621597892889,0.6540084388185654,yolo,6391,255.64
6017,240.68,1184,0.8291015625,1042,932,1151,1067,1096,999,1096,1064,1.0,0.6681521093285799,0.6539074960127592,yolo,6392,255.68
6018,240.72,1184,0.85400390625,1046,930,1152,1068,1099,999,1099,1065,1.0,0.6720575022461814,0.636078431372549,yolo,6393,255.72
6019,240.76,1184,0.865234375,1049,928,1153,1067,1101,997,1101,1064,1.0,0.6666666666666666,0.628525382755842,yolo,6394,255.76
6020,240.8,1184,0.841796875,1053,925,1154,1067,1103,996,1103,1064,1.0,0.6675925925925926,0.6118367346938776,yolo,6395,255.8
6021,240.84,1184,0.8017578125,1056,921,1156,1068,1106,994,1106,1065,1.0,0.6630952380952381,0.5916666666666667,yolo,6396,255.84
6022,240.88,1184,0.830078125,1059,918,1159,1068,1109,993,1109,1065,1.0,0.6654970760233918,0.5528957528957529,yolo,6397,255.88
6023,240.92,1184,0.8291015625,1063,914,1162,1068,1112,991,1112,1064,1.0,0.6542372881355932,0.5323308270676692,yolo,6398,255.92
6024,240.96,1184,0.85986328125,1066,911,1167,1068,1116,989,1116,1064,1.0,0.6497222222222222,0.5172161172161173,yolo,6399,255.96
6025,241.0,1184,0.8662109375,1068,909,1171,1068,1119,988,1119,1064,1.0,0.6700158646218932,0.5345441595441596,yolo,6400,256.0
6026,241.04,1184,0.8740234375,1071,906,1175,1068,1123,987,1123,1064,1.0,0.6749934946656259,0.5589041095890411,yolo,6401,256.04
6027,241.08,1184,0.875,1073,904,1179,1068,1126,986,1126,1064,1.0,0.6820357772738725,0.583739837398374,yolo,6402,256.08
6028,241.12,1184,0.87646484375,1074,903,1183,1068,1128,985,1128,1064,1.0,0.7045454545454546,0.5824775353016688,yolo,6403,256.12
6029,241.16,1184,0.87841796875,1076,902,1185,1068,1130,985,1130,1064,1.0,0.7138047138047138,0.5815147625160462,yolo,6404,256.16
6030,241.2,1184,0.88330078125,1077,900,1188,1068,1132,984,1132,1064,1.0,0.7147253787878788,0.5967643467643468,yolo,6405,256.2
6031,241.24,1184,0.88330078125,1078,899,1191,1067,1134,983,1134,1063,1.0,0.7251838235294118,0.606845238095238,yolo,6406,256.24
6032,241.28,1184,0.87646484375,1079,898,1193,1068,1136,983,1136,1064,1.0,0.7352807971014492,0.6024713682941532,yolo,6407,256.28
6033,241.32,1184,0.87646484375,1079,897,1194,1068,1136,982,1136,1064,1.0,0.7344481605351171,0.6092261904761904,yolo,6408,256.32
6034,241.36,1184,0.873046875,1080,896,1196,1067,1138,981,1138,1063,1.0,0.7366778149386844,0.6149323927101705,yolo,6409,256.36
6035,241.4,1184,0.88720703125,1080,895,1198,1068,1139,981,1139,1064,1.0,0.7471190781049936,0.6253852619781451,yolo,6410,256.4
6036,241.44,1184,0.888671875,1080,895,1199,1068,1139,981,1139,1064,1.0,0.7529461279461279,0.6254152823920266,yolo,6411,256.44
6037,241.48,1184,0.87890625,1080,895,1200,1068,1140,981,1140,1064,1.0,0.7607323232323232,0.6218161683277962,yolo,6412,256.48
6038,241.52,1184,0.888671875,1080,895,1201,1068,1140,981,1140,1064,1.0,0.7647306397306397,0.6140642303433002,yolo,6413,256.52
6039,241.56,1184,0.8759765625,1079,893,1202,1068,1140,980,1140,1064,1.0,0.7735462735462736,0.6333153055705787,yolo,6414,256.56
6040,241.6,1184,0.8759765625,1079,893,1202,1068,1140,980,1140,1064,1.0,0.7835790335790336,0.623580313683072,yolo,6415,256.6
6041,241.64,1184,0.86962890625,1078,892,1202,1067,1140,979,1140,1063,1.0,0.7862626262626262,0.636460839347768,yolo,6416,256.64
6042,241.68,1184,0.88427734375,1078,892,1201,1067,1139,979,1139,1063,1.0,0.7874692874692875,0.6195240670632775,yolo,6417,256.68
6043,241.72,1184,0.8896484375,1077,890,1200,1067,1138,978,1138,1063,1.0,0.7831787010891489,0.6374207188160677,yolo,6418,256.72
6044,241.76,1184,0.888671875,1076,889,1199,1067,1137,978,1137,1063,1.0,0.7845786963434023,0.6479915433403806,yolo,6419,256.76
6045,241.8,1184,0.88330078125,1077,889,1198,1067,1137,978,1137,1063,1.0,0.7818627450980392,0.6341991341991342,yolo,6420,256.8
6046,241.84,1184,0.8896484375,1077,889,1196,1067,1136,978,1136,1063,1.0,0.7824754901960784,0.6320346320346321,yolo,6421,256.84
6047,241.88,1184,0.88330078125,1076,889,1194,1067,1135,978,1135,1063,1.0,0.7847970173985087,0.6308871851040526,yolo,6422,256.88
6048,241.92,1184,0.88232421875,1075,889,1191,1068,1133,978,1133,1064,1.0,0.7772804774083546,0.6200897867564534,yolo,6423,256.92
6049,241.96,1184,0.88818359375,1072,889,1188,1068,1130,978,1130,1064,1.0,0.7740835464620631,0.6184062850729517,yolo,6424,256.96
6050,242.0,1184,0.8681640625,1069,889,1185,1068,1127,978,1127,1064,1.0,0.7728047740835464,0.6242985409652076,yolo,6425,257.0
6051,242.04,1184,0.873046875,1066,889,1181,1067,1123,978,1123,1063,1.0,0.7710997442455243,0.6213068181818182,yolo,6426,257.04
6052,242.08,1184,0.873046875,1061,889,1176,1067,1118,978,1118,1063,1.0,0.7687553282182438,0.6235795454545454,yolo,6427,257.08
6053,242.12,1184,0.87744140625,1058,889,1172,1067,1115,978,1115,1063,1.0,0.7544757033248082,0.6222669735327964,yolo,6428,257.12
6054,242.16,1184,0.8671875,1054,890,1169,1068,1111,979,1111,1064,1.0,0.7627877237851662,0.6164772727272727,yolo,6429,257.16
6055,242.2,1184,0.87158203125,1050,890,1165,1068,1107,979,1107,1064,1.0,0.7728047740835464,0.6252840909090909,yolo,6430,257.2
6056,242.24,1184,0.88427734375,1045,891,1162,1067,1103,979,1103,1063,1.0,0.7752665245202559,0.6225055432372506,yolo,6431,257.24
6057,242.28,1184,0.888671875,1041,890,1159,1068,1100,979,1100,1064,1.0,0.7779618889809445,0.6369112814895947,yolo,6432,257.28
6058,242.32,1184,0.87744140625,1038,890,1156,1068,1097,979,1097,1064,1.0,0.7787903893951947,0.6303395399780942,yolo,6433,257.32
6059,242.36,1184,0.87646484375,1034,890,1153,1067,1093,978,1093,1063,1.0,0.7844112769485904,0.6360930735930735,yolo,6434,257.36
6060,242.4,1184,0.87060546875,1031,889,1152,1067,1091,978,1091,1063,1.0,0.7818627450980392,0.6341991341991342,yolo,6435,257.4
6061,242.44,1184,0.8740234375,1030,889,1152,1067,1091,978,1091,1063,1.0,0.7896857373086221,0.627807486631016,yolo,6436,257.44
6062,242.48,1184,0.8740234375,1029,889,1151,1068,1090,978,1090,1064,1.0,0.791095890410959,0.6176470588235294,yolo,6437,257.48
6063,242.52,1184,0.88330078125,1029,888,1151,1068,1090,978,1090,1064,1.0,0.7890813859790492,0.6159477124183007,yolo,6438,257.52
6064,242.56,1184,0.8857421875,1029,887,1150,1067,1089,977,1089,1063,1.0,0.7875816993464052,0.6150793650793651,yolo,6439,257.56
6065,242.6,1184,0.89404296875,1030,886,1150,1068,1090,977,1090,1064,1.0,0.7836151368760065,0.623015873015873,yolo,6440,257.6
6066,242.64,1184,0.89013671875,1029,885,1150,1068,1089,976,1089,1064,1.0,0.7742063492063492,0.614021164021164,yolo,6441,257.64
6067,242.68,1184,0.896484375,1030,885,1150,1067,1090,976,1090,1063,1.0,0.7801932367149759,0.6185185185185185,yolo,6442,257.68
6068,242.72,1184,0.88818359375,1030,884,1149,1068,1089,976,1089,1064,1.0,0.7761904761904762,0.6063664596273292,yolo,6443,257.72
6069,242.76,1184,0.88330078125,1031,882,1149,1067,1090,974,1090,1063,1.0,0.7772635814889336,0.6173389209009953,yolo,6444,257.76
6070,242.8,1184,0.888671875,1031,881,1147,1068,1089,974,1089,1064,1.0,0.7672994488671158,0.6022544283413849,yolo,6445,257.8
6071,242.84,1184,0.88427734375,1032,881,1146,1068,1089,974,1089,1064,1.0,0.7732190242906716,0.5919097413318657,yolo,6446,257.84
6072,242.88,1184,0.88330078125,1033,880,1146,1067,1089,973,1089,1063,1.0,0.7742336371168186,0.596195652173913,yolo,6447,257.88
6073,242.92,1184,0.88720703125,1033,879,1144,1068,1088,973,1088,1064,1.0,0.7678872053872053,0.5891980360065466,yolo,6448,257.92
6074,242.96,1184,0.88427734375,1033,879,1143,1068,1088,973,1088,1064,1.0,0.7699915824915825,0.5780602376347057,yolo,6449,257.96
6075,243.0,1184,0.8818359375,1033,878,1143,1068,1088,973,1088,1064,1.0,0.7718855218855218,0.5885603757944183,yolo,6450,258.0
6076,243.04,1184,0.880859375,1033,878,1142,1068,1087,973,1087,1064,1.0,0.7733585858585859,0.5789473684210527,yolo,6451,258.04
6077,243.08,1184,0.8818359375,1033,877,1141,1067,1087,972,1087,1063,1.0,0.7638888888888888,0.5767375886524823,yolo,6452,258.08
6078,243.12,1184,0.88330078125,1033,877,1140,1067,1086,972,1086,1063,1.0,0.7599826388888888,0.5727429557216791,yolo,6453,258.12
6079,243.16,1184,0.88427734375,1033,876,1140,1067,1086,971,1086,1063,1.0,0.7562934027777778,0.5759056929269695,yolo,6454,258.16
6080,243.2,1184,0.8857421875,1033,876,1139,1068,1086,972,1086,1064,1.0,0.7473363774733638,0.5683333333333334,yolo,6455,258.2
6081,243.24,1184,0.8896484375,1033,876,1139,1068,1086,972,1086,1064,1.0,0.7514677103718199,0.5605555555555556,yolo,6456,258.24
6082,243.28,1184,0.88623046875,1032,875,1139,1068,1085,971,1085,1064,1.0,0.7455051369863014,0.5625,yolo,6457,258.28
6083,243.32,1184,0.884765625,1033,875,1139,1068,1086,971,1086,1064,1.0,0.7421178517068928,0.5597222222222222,yolo,6458,258.32
6084,243.36,1184,0.880859375,1033,874,1139,1067,1086,970,1086,1063,1.0,0.7388562731028484,0.5719444444444445,yolo,6459,258.36
6085,243.4,1184,0.880859375,1032,874,1139,1067,1085,970,1085,1063,1.0,0.7410102739726028,0.5608108108108109,yolo,6460,258.4
6086,243.44,1184,0.87744140625,1033,874,1139,1067,1086,970,1086,1063,1.0,0.7364644487932159,0.5686111111111111,yolo,6461,258.44
6087,243.48,1184,0.87646484375,1033,874,1139,1067,1086,970,1086,1063,1.0,0.7351598173515982,0.5627777777777778,yolo,6462,258.48
6088,243.52,1184,0.875,1033,874,1139,1067,1086,970,1086,1063,1.0,0.7371167645140247,0.5736111111111111,yolo,6463,258.52
6089,243.56,1184,0.87255859375,1033,874,1140,1067,1086,970,1086,1063,1.0,0.7435787671232876,0.5737612612612613,yolo,6464,258.56
6090,243.6,1184,0.87255859375,1033,874,1140,1067,1086,970,1086,1063,1.0,0.746361301369863,0.5675675675675675,yolo,6465,258.6
6091,243.64,1184,0.8759765625,1033,874,1140,1067,1086,970,1086,1063,1.0,0.745291095890411,0.5616554054054054,yolo,6466,258.64
6092,243.68,1184,0.87255859375,1033,874,1140,1067,1086,970,1086,1063,1.0,0.7388698630136986,0.545045045045045,yolo,6467,258.68
6093,243.72,1184,0.8623046875,1033,874,1140,1068,1086,971,1086,1064,1.0,0.7303631756756757,0.5442004504504504,yolo,6468,258.72
6094,243.76,1184,0.86865234375,1032,874,1140,1068,1086,971,1086,1064,1.0,0.7297297297297297,0.5358333333333334,yolo,6469,258.76
6095,243.8,1184,0.880859375,1031,874,1139,1067,1085,970,1085,1063,1.0,0.7275026343519494,0.5230555555555556,yolo,6470,258.8
6096,243.84,1184,0.87646484375,1030,874,1138,1067,1084,970,1084,1063,1.0,0.7207586933614331,0.5175,yolo,6471,258.84
6097,243.88,1184,0.873046875,1029,875,1137,1067,1083,971,1083,1063,1.0,0.7226554267650158,0.5108333333333334,yolo,6472,258.88
6098,243.92,1184,0.861328125,1028,875,1136,1067,1082,971,1082,1063,1.0,0.7138040042149632,0.5091666666666667,yolo,6473,258.92
6099,243.96,1184,0.85791015625,1028,876,1136,1067,1082,971,1082,1063,1.0,0.7222222222222222,0.5202836879432624,yolo,6474,258.96
6100,244.0,1184,0.865234375,1026,878,1134,1068,1080,973,1080,1064,1.0,0.7115384615384616,0.5063829787234042,yolo,6475,259.0
6101,244.04,1184,0.84912109375,1022,879,1133,1068,1077,973,1077,1064,1.0,0.6925505050505051,0.5242771412984178,yolo,6476,259.04
6102,244.08,1184,0.8427734375,1021,882,1131,1068,1076,975,1076,1064,1.0,0.6917748917748918,0.5124223602484472,yolo,6477,259.08
6103,244.12,1184,0.83740234375,1019,885,1129,1068,1074,976,1074,1064,1.0,0.672077922077922,0.5044733044733045,yolo,6478,259.12
6104,244.16,1184,0.8408203125,1019,888,1127,1068,1073,978,1073,1064,1.0,0.6479638009049774,0.4871111111111111,yolo,6479,259.16
6105,244.2,1184,0.8310546875,1022,891,1125,1068,1073,979,1073,1064,1.0,0.5869041887337506,0.4621212121212121,yolo,6480,259.2
6106,244.24,1184,0.85302734375,1018,896,1122,1067,1070,981,1070,1063,1.0,0.5601953601953602,0.4266144814090019,yolo,6481,259.24
6107,244.28,1184,0.86083984375,1014,900,1119,1067,1066,983,1066,1063,1.0,0.5389266817838246,0.4070533948582729,yolo,6482,259.28
6108,244.32,1184,0.861328125,1013,905,1116,1068,1064,986,1064,1064,1.0,0.5434443288241415,0.3840277777777778,yolo,6483,259.32
6109,244.36,1184,0.8671875,1010,909,1113,1068,1061,988,1061,1064,1.0,0.5499735589635114,0.4024216524216524,yolo,6484,259.36
6110,244.4,1184,0.8291015625,1008,913,1109,1068,1058,990,1058,1064,1.0,0.539367816091954,0.3894736842105263,yolo,6485,259.4
6111,244.44,1184,0.85205078125,1007,917,1106,1067,1056,992,1056,1064,1.0,0.5467836257309941,0.4177606177606177,yolo,6486,259.44
6112,244.48,1184,0.84375,1007,919,1103,1067,1055,993,1055,1064,1.0,0.543859649122807,0.4429205324727713,yolo,6487,259.48
6113,244.52,1184,0.830078125,1004,922,1100,1067,1052,994,1052,1064,1.0,0.5496012759170654,0.4713930348258706,yolo,6488,259.52
6114,244.56,1184,0.7890625,1002,925,1097,1067,1049,996,1049,1064,1.0,0.559779077322937,0.4696969696969697,yolo,6489,259.56
6115,244.6,1184,0.79833984375,1002,927,1095,1067,1048,997,1048,1064,1.0,0.5886118598382749,0.5121212121212121,yolo,6490,259.6
6116,244.64,1184,0.8154296875,996,929,1093,1067,1044,998,1044,1064,1.0,0.5712426805465192,0.4991349480968858,yolo,6491,259.64
6117,244.68,1184,0.830078125,992,930,1091,1067,1041,998,1041,1064,1.0,0.5625,0.4978991596638655,yolo,6492,259.68
6118,244.72,1184,0.83642578125,991,930,1087,1067,1039,998,1039,1064,1.0,0.5850202429149798,0.5118525021949079,yolo,6493,259.72
6119,244.76,1184,0.85498046875,989,931,1084,1067,1036,999,1036,1064,1.0,0.5995872033023736,0.5031194295900179,yolo,6494,259.76
6120,244.8,1184,0.8173828125,987,929,1081,1067,1034,998,1034,1064,1.0,0.5895398874544853,0.5126696832579185,yolo,6495,259.8
6121,244.84,1184,0.841796875,984,928,1076,1067,1030,997,1030,1064,1.0,0.5825042881646655,0.4918552036199095,yolo,6496,259.84
6122,244.88,1184,0.85400390625,981,928,1073,1067,1027,997,1027,1064,1.0,0.5759862778730703,0.46289592760181,yolo,6497,259.88
6123,244.92,1184,0.85205078125,979,926,1069,1067,1024,996,1024,1064,1.0,0.5932914046121593,0.4562358276643991,yolo,6498,259.92
6124,244.96,1184,0.8427734375,976,923,1065,1067,1020,995,1020,1064,1.0,0.5851851851851851,0.460573476702509,yolo,6499,259.96
6125,245.0,1184,0.79443359375,975,920,1063,1067,1019,993,1019,1064,1.0,0.625,0.4467213114754098,yolo,6500,260.0
6126,245.04,1184,0.80908203125,972,916,1060,1067,1016,991,1016,1063,1.0,0.6365441906653426,0.4182543198936641,yolo,6501,260.04
6127,245.08,1184,0.81298828125,971,912,1059,1067,1015,989,1015,1063,1.0,0.6750162654521795,0.3787748058671268,yolo,6502,260.08
6128,245.12,1184,0.7294921875,967,909,1058,1067,1012,988,1012,1063,1.0,0.6805555555555556,0.3413461538461538,yolo,6503,260.12
6129,245.16,1184,0.7138671875,965,905,1058,1067,1011,986,1011,1063,1.0,0.6876463700234192,0.3276515151515151,yolo,6504,260.16
6130,245.2,1184,0.70068359375,962,903,1057,1067,1009,985,1009,1063,1.0,0.6922862712336396,0.3229859571322986,yolo,6505,260.2
6131,245.24,1184,0.78515625,959,901,1056,1068,1007,984,1007,1064,1.0,0.6918445539135194,0.3224533715925394,yolo,6506,260.24
6132,245.28,1184,0.806640625,956,899,1054,1068,1005,983,1005,1064,1.0,0.6792698826597132,0.3229813664596273,yolo,6507,260.28
6133,245.32,1184,0.8154296875,952,897,1053,1067,1002,982,1002,1063,1.0,0.67109375,0.3275510204081632,yolo,6508,260.32
6134,245.36,1184,0.79052734375,949,896,1052,1068,1000,982,1000,1064,1.0,0.6746898263027296,0.3446382428940568,yolo,6509,260.36
6135,245.4,1184,0.77587890625,946,894,1052,1067,999,980,999,1063,1.0,0.6806156806156806,0.3724031007751938,yolo,6510,260.4
6136,245.44,1184,0.80419921875,943,893,1051,1068,997,980,997,1064,1.0,0.6836829836829836,0.3603100775193798,yolo,6511,260.44
6137,245.48,1184,0.82763671875,940,893,1051,1068,995,980,995,1064,1.0,0.6859504132231405,0.3580799045915325,yolo,6512,260.48
6138,245.52,1184,0.79931640625,937,892,1048,1068,992,980,992,1064,1.0,0.6691542288557214,0.347027972027972,yolo,6513,260.52
6139,245.56,1184,0.7958984375,934,892,1045,1068,989,980,989,1064,1.0,0.6569425599276345,0.3315850815850816,yolo,6514,260.56
6140,245.6,1184,0.806640625,931,891,1044,1068,987,979,987,1064,1.0,0.6527655838454784,0.3275568181818182,yolo,6515,260.6
6141,245.64,1184,0.80419921875,929,891,1033,1068,981,979,981,1064,1.0,0.6207059938403222,0.3163138231631382,yolo,6516,260.64
6142,245.68,1184,0.82763671875,926,890,1034,1068,980,979,980,1064,1.0,0.6219457013574661,0.303030303030303,yolo,6517,260.68
6143,245.72,1184,0.8447265625,921,890,1029,1068,975,979,975,1064,1.0,0.610633484162896,0.2924242424242424,yolo,6518,260.72
6144,245.76,1184,0.8427734375,916,889,1023,1067,969,978,969,1063,1.0,0.6086856617647058,0.2656633906633907,yolo,6519,260.76
6145,245.8,1184,0.84716796875,911,888,1021,1068,966,978,966,1064,1.0,0.6154188948306596,0.2678210678210678,yolo,6520,260.8
6146,245.84,1184,0.83349609375,907,888,1018,1068,962,978,962,1064,1.0,0.6234402852049911,0.3017094017094017,yolo,6521,260.84
6147,245.88,1184,0.82568359375,903,887,1016,1068,959,977,959,1064,1.0,0.634515570934256,0.3638888888888889,yolo,6522,260.88
6148,245.92,1184,0.82421875,900,887,1014,1067,957,977,957,1063,1.0,0.6457800511508951,0.3909985935302391,yolo,6523,260.92
6149,245.96,1184,0.85498046875,897,886,1012,1067,954,976,954,1063,1.0,0.6557971014492754,0.4275,yolo,6524,260.96
6150,246.0,1184,0.845703125,894,886,1009,1068,951,977,951,1064,1.0,0.6599453896240286,0.4194444444444444,yolo,6525,261.0
6151,246.04,1184,0.85693359375,892,885,1010,1068,951,976,951,1064,1.0,0.6619718309859155,0.441231593038822,yolo,6526,261.04
6152,246.08,1184,0.83544921875,889,885,1010,1068,949,976,949,1064,1.0,0.6607142857142857,0.424074074074074,yolo,6527,261.08
6153,246.12,1184,0.83544921875,888,885,1010,1068,949,976,949,1064,1.0,0.663013698630137,0.421437908496732,yolo,6528,261.12
6154,246.16,1184,0.81884765625,887,885,1010,1068,948,976,948,1064,1.0,0.6621621621621622,0.4167958656330749,yolo,6529,261.16
6155,246.2,1184,0.81982421875,886,884,1010,1067,948,975,948,1063,1.0,0.66,0.4191570881226054,yolo,6530,261.2
6156,246.24,1184,0.83544921875,886,884,1011,1067,948,975,948,1063,1.0,0.6592380952380953,0.4204545454545454,yolo,6531,261.24
6157,246.28,1184,0.8388671875,887,884,1012,1067,949,975,949,1063,1.0,0.6617142857142857,0.4237373737373737,yolo,6532,261.28
6158,246.32,1184,0.83984375,887,884,1012,1068,949,976,949,1064,1.0,0.6592380952380953,0.4041501976284585,yolo,6533,261.32
6159,246.36,1184,0.84912109375,889,883,1011,1068,950,975,950,1064,1.0,0.6571428571428571,0.409462915601023,yolo,6534,261.36
6160,246.4,1184,0.85986328125,890,883,1012,1068,951,975,951,1064,1.0,0.6545988258317026,0.4025575447570332,yolo,6535,261.4
6161,246.44,1184,0.86865234375,892,884,1012,1068,952,976,952,1064,1.0,0.6496031746031746,0.3817287784679089,yolo,6536,261.44
6162,246.48,1184,0.85888671875,894,885,1013,1068,953,976,953,1064,1.0,0.6440476190476191,0.3552910052910052,yolo,6537,261.48
6163,246.52,1184,0.86328125,896,885,1014,1068,955,976,955,1064,1.0,0.6263581488933602,0.3317269076305221,yolo,6538,261.52
6164,246.56,1184,0.86083984375,898,886,1013,1068,955,977,955,1064,1.0,0.6133165301407267,0.305,yolo,6539,261.56
6165,246.6,1184,0.85986328125,901,887,1013,1068,957,977,957,1064,1.0,0.6046971027216856,0.2835443037974683,yolo,6540,261.6
6166,246.64,1184,0.84912109375,904,888,1014,1068,959,978,959,1064,1.0,0.5918003565062389,0.249062049062049,yolo,6541,261.64
6167,246.68,1184,0.85791015625,907,890,1017,1068,962,979,962,1064,1.0,0.5768716577540107,0.2252066115702479,yolo,6542,261.68
6168,246.72,1184,0.85302734375,910,892,1020,1068,965,980,965,1064,1.0,0.5565355042966983,0.2225501770956316,yolo,6543,261.72
6169,246.76,1184,0.85791015625,914,895,1023,1068,968,981,968,1064,1.0,0.5346648301193756,0.2493880048959608,yolo,6544,261.76
6170,246.8,1184,0.880859375,918,897,1027,1068,972,982,972,1064,1.0,0.5177156177156177,0.2822681704260651,yolo,6545,261.8
6171,246.84,1184,0.8662109375,922,900,1033,1068,977,984,977,1064,1.0,0.5213068181818182,0.3559218559218559,yolo,6546,261.84
6172,246.88,1184,0.85986328125,926,903,1037,1068,981,985,981,1064,1.0,0.5371456500488758,0.4043151969981238,yolo,6547,261.88
6173,246.92,1184,0.87060546875,931,906,1041,1067,986,986,986,1063,1.0,0.5541480377545951,0.4188311688311688,yolo,6548,261.92
6174,246.96,1184,0.84716796875,936,909,1046,1068,991,988,991,1064,1.0,0.5427223050173869,0.3852813852813853,yolo,6549,261.96
6175,247.0,1184,0.822265625,941,913,1051,1068,996,990,996,1064,1.0,0.5517241379310345,0.365686944634313,yolo,6550,262.0
6176,247.04,1184,0.75634765625,946,914,1055,1068,1000,991,1000,1064,1.0,0.517205957883924,0.3029778393351801,yolo,6551,262.04
6177,247.08,1184,0.85595703125,951,918,1059,1067,1005,992,1005,1064,1.0,0.5554655870445344,0.2547747747747748,yolo,6552,262.08
6178,247.12,1184,0.85791015625,956,922,1062,1067,1009,994,1009,1064,1.0,0.548051948051948,0.2166666666666666,yolo,6553,262.12
6179,247.16,1184,0.8427734375,959,924,1064,1067,1011,995,1011,1064,1.0,0.524103468547913,0.2092664092664092,yolo,6554,262.16
6180,247.2,1184,0.82080078125,963,926,1066,1067,1014,996,1014,1064,1.0,0.5033475349969568,0.201984126984127,yolo,6555,262.2
6181,247.24,1184,0.83349609375,966,928,1067,1068,1016,998,1016,1065,1.0,0.4959119496855346,0.2106122448979591,yolo,6556,262.24
6182,247.28,1184,0.82666015625,970,929,1068,1068,1019,998,1019,1065,1.0,0.46945954589063,0.2195225916453538,yolo,6557,262.28
6183,247.32,1184,0.8154296875,972,930,1070,1068,1021,999,1021,1065,1.0,0.4624240486088903,0.2144075021312873,yolo,6558,262.32
6184,247.36,1184,0.830078125,975,932,1072,1068,1023,1000,1023,1065,1.0,0.4577417173766058,0.1959342560553633,yolo,6559,262.36
6185,247.4,1184,0.8388671875,978,933,1074,1067,1026,1000,1026,1064,1.0,0.4602683178534572,0.1899592944369063,yolo,6560,262.4
6186,247.44,1184,0.83544921875,980,933,1076,1067,1028,1000,1028,1064,1.0,0.4616443068455452,0.2170963364993215,yolo,6561,262.44
6187,247.48,1184,0.8681640625,981,933,1078,1067,1029,1000,1029,1064,1.0,0.4702501690331305,0.2424242424242424,yolo,6562,262.48
6188,247.52,1184,0.8173828125,982,933,1082,1067,1032,1000,1032,1064,1.0,0.4617647058823529,0.2554112554112554,yolo,6563,262.52
6189,247.56,1184,0.8173828125,985,932,1084,1067,1034,999,1034,1064,1.0,0.4741830065359477,0.2861471861471861,yolo,6564,262.56
6190,247.6,1184,0.82080078125,989,932,1086,1068,1037,1000,1037,1065,1.0,0.4820824881676808,0.291522491349481,yolo,6565,262.6
6191,247.64,1184,0.83642578125,991,931,1088,1068,1039,999,1039,1065,1.0,0.4930371352785146,0.3161764705882353,yolo,6566,262.64
6192,247.68,1184,0.82568359375,992,930,1092,1067,1042,998,1042,1064,1.0,0.4849358974358974,0.3243697478991597,yolo,6567,262.68
6193,247.72,1184,0.8173828125,991,929,1094,1068,1042,998,1042,1065,1.0,0.4732197200243457,0.3508986928104575,yolo,6568,262.72
6194,247.76,1184,0.80322265625,992,928,1097,1068,1044,998,1044,1065,1.0,0.477088948787062,0.3575289575289575,yolo,6569,262.76
6195,247.8,1184,0.76904296875,998,926,1099,1067,1048,996,1048,1064,1.0,0.4830188679245283,0.343265306122449,yolo,6570,262.8
6196,247.84,1184,0.78271484375,1006,923,1102,1067,1054,995,1054,1064,1.0,0.50207336523126,0.3159203980099502,yolo,6571,262.84
6197,247.88,1184,0.75927734375,1015,921,1105,1067,1060,994,1060,1064,1.0,0.5350168350168351,0.2517636684303351,yolo,6572,262.88
6198,247.92,1184,0.75048828125,1021,918,1107,1067,1064,992,1064,1064,1.0,0.5486756105951153,0.232609658839167,yolo,6573,262.92
6199,247.96,1184,0.67724609375,1024,915,1109,1067,1066,991,1066,1063,1.0,0.5642325895875592,0.2421052631578947,yolo,6574,262.96
6200,248.0,1184,0.71875,1028,913,1111,1067,1069,990,1069,1063,1.0,0.584406779661017,0.2413793103448276,yolo,6575,263.0
6201,248.04,1184,0.7431640625,1031,910,1113,1067,1072,988,1072,1063,1.0,0.6051020408163266,0.3054430949167791,yolo,6576,263.04
6202,248.08,1184,0.79052734375,1034,908,1117,1068,1075,988,1075,1064,1.0,0.6163333333333333,0.3271551724137931,yolo,6577,263.08
6203,248.12,1184,0.80419921875,1036,907,1121,1067,1078,987,1078,1063,1.0,0.6124183006535948,0.33125,yolo,6578,263.12
6204,248.16,1184,0.806640625,1037,906,1123,1068,1080,987,1080,1064,1.0,0.6181292189006751,0.3471311475409836,yolo,6579,263.16
6205,248.2,1184,0.79931640625,1039,905,1127,1068,1083,986,1083,1064,1.0,0.6482045039561777,0.3651639344262295,yolo,6580,263.2
6206,248.24,1184,0.79443359375,1038,904,1130,1067,1084,985,1084,1063,1.0,0.6527859237536657,0.3865384615384615,yolo,6581,263.24
6207,248.28,1184,0.83740234375,1039,903,1133,1068,1086,985,1086,1064,1.0,0.6700622524052066,0.3913696060037523,yolo,6582,263.28
6208,248.32,1184,0.8310546875,1039,902,1135,1068,1087,985,1087,1064,1.0,0.6761347813979393,0.4226428831452493,yolo,6583,263.32
6209,248.36,1184,0.82568359375,1040,902,1137,1067,1088,984,1088,1063,1.0,0.685761957730812,0.4271879483500717,yolo,6584,263.36
6210,248.4,1184,0.8154296875,1041,902,1139,1067,1090,984,1090,1063,1.0,0.6943685073810826,0.4217037822552139,yolo,6585,263.4
6211,248.44,1184,0.8056640625,1043,901,1141,1067,1092,984,1092,1063,1.0,0.6986817325800376,0.4422057264050901,yolo,6586,263.44
6212,248.48,1184,0.79931640625,1044,901,1144,1068,1094,984,1094,1064,1.0,0.7031746031746032,0.4400696864111498,yolo,6587,263.48
6213,248.52,1184,0.8173828125,1053,901,1146,1068,1099,984,1099,1064,1.0,0.7145691609977324,0.3943089430894309,yolo,6588,263.52
6214,248.56,1184,0.83984375,1057,901,1150,1068,1103,984,1103,1064,1.0,0.7151360544217688,0.3614190687361419,yolo,6589,263.56
6215,248.6,1184,0.87060546875,1060,900,1153,1068,1106,984,1106,1064,1.0,0.7198660714285714,0.3755411255411255,yolo,6590,263.6
6216,248.64,1184,0.8671875,1062,899,1156,1068,1109,983,1109,1064,1.0,0.725506072874494,0.3838827838827839,yolo,6591,263.64
6217,248.68,1184,0.875,1063,898,1160,1068,1111,983,1111,1064,1.0,0.740301724137931,0.4044117647058823,yolo,6592,263.68
6218,248.72,1184,0.8818359375,1064,897,1164,1067,1114,982,1114,1063,1.0,0.75078125,0.4156462585034013,yolo,6593,263.72
6219,248.76,1184,0.87744140625,1065,896,1169,1068,1117,982,1117,1064,1.0,0.7477411477411477,0.4297546989487097,yolo,6594,263.76
6220,248.8,1184,0.89404296875,1066,895,1173,1068,1119,981,1119,1064,1.0,0.7488162878787878,0.4516027655562539,yolo,6595,263.8
6221,248.84,1184,0.89990234375,1068,894,1177,1067,1122,980,1122,1063,1.0,0.7539026629935721,0.4629742962056303,yolo,6596,263.84
6222,248.88,1184,0.896484375,1069,893,1180,1068,1124,980,1124,1064,1.0,0.7532139577594124,0.4654144305307096,yolo,6597,263.88
6223,248.92,1184,0.89697265625,1070,891,1183,1068,1126,979,1126,1064,1.0,0.7482440737489026,0.4772727272727273,yolo,6598,263.92
6224,248.96,1184,0.89697265625,1072,890,1186,1067,1129,978,1129,1063,1.0,0.7505948518278175,0.4700805523590334,yolo,6599,263.96
6225,249.0,1184,0.900390625,1073,888,1188,1068,1130,978,1130,1064,1.0,0.7423273657289002,0.4936111111111111,yolo,6600,264.0
6226,249.04,1184,0.90283203125,1074,888,1190,1068,1132,978,1132,1064,1.0,0.7459505541346974,0.4891632373113854,yolo,6601,264.04
6227,249.08,1184,0.90869140625,1074,886,1192,1068,1133,977,1133,1064,1.0,0.7517860787915901,0.5204819277108433,yolo,6602,264.08
6228,249.12,1184,0.89990234375,1074,886,1192,1068,1133,977,1133,1064,1.0,0.7658705858338436,0.5172690763052209,yolo,6603,264.12
6229,249.16,1184,0.90380859375,1073,885,1193,1068,1133,976,1133,1064,1.0,0.7759920634920635,0.5325396825396825,yolo,6604,264.16
6230,249.2,1184,0.90966796875,1071,884,1193,1067,1132,975,1132,1063,1.0,0.7821917808219178,0.5448366013071896,yolo,6605,264.2
6231,249.24,1184,0.916015625,1068,883,1193,1068,1130,975,1130,1064,1.0,0.795047619047619,0.571393280632411,yolo,6606,264.24
6232,249.28,1184,0.91064453125,1061,883,1191,1068,1126,975,1126,1064,1.0,0.8093406593406594,0.5998566650740563,yolo,6607,264.28
6233,249.32,1184,0.9072265625,1054,882,1190,1067,1122,974,1122,1063,1.0,0.8126984126984127,0.6377574370709382,yolo,6608,264.32
6234,249.36,1184,0.88623046875,1043,882,1189,1068,1116,975,1116,1064,1.0,0.8108374384236453,0.6747572815533981,yolo,6609,264.36
6235,249.4,1184,0.89306640625,1036,882,1187,1068,1111,975,1111,1064,1.0,0.8112698412698413,0.6927809680065627,yolo,6610,264.4
6236,249.44,1184,0.88330078125,1025,882,1185,1067,1105,974,1105,1063,1.0,0.8113095238095238,0.7142857142857143,yolo,6611,264.44
6237,249.48,1184,0.85595703125,1017,883,1183,1068,1100,975,1100,1064,1.0,0.8163059163059163,0.7107023411371237,yolo,6612,264.48
6238,249.52,1184,0.87646484375,1005,883,1181,1068,1093,975,1093,1064,1.0,0.7892517006802721,0.7050194414987628,yolo,6613,264.52
6239,249.56,1184,0.88427734375,994,883,1180,1068,1087,975,1087,1064,1.0,0.7846846846846847,0.7041154995021573,yolo,6614,264.56
6240,249.6,1184,0.89013671875,983,884,1179,1068,1081,976,1081,1064,1.0,0.7788766788766789,0.694224055855284,yolo,6615,264.6
6241,249.64,1184,0.86962890625,974,885,1177,1068,1075,976,1075,1064,1.0,0.7730679156908665,0.6851330203442879,yolo,6616,264.64
6242,249.68,1184,0.87890625,968,886,1176,1067,1072,976,1072,1063,1.0,0.7661176470588236,0.6686590038314176,yolo,6617,264.68
6243,249.72,1184,0.86962890625,969,887,1175,1067,1072,977,1072,1063,1.0,0.7538259206121473,0.6674329501915709,yolo,6618,264.72
6244,249.76,1184,0.88818359375,956,888,1174,1067,1065,977,1065,1063,1.0,0.704647507858105,0.6461675579322638,yolo,6619,264.76
6245,249.8,1184,0.845703125,953,888,1172,1068,1062,978,1062,1064,1.0,0.6722370766488414,0.6493506493506493,yolo,6620,264.8
6246,249.84,1184,0.466796875,982,889,1171,1067,1076,978,1076,1063,1.0,0.7075593395252838,0.675103305785124,yolo,6621,264.84
6247,249.88,1184,0.89501953125,951,890,1171,1068,1061,979,1061,1064,1.0,0.6336898395721925,0.6450708382526564,yolo,6622,264.88
6248,249.92,1184,0.900390625,938,891,1170,1067,1054,979,1054,1063,1.0,0.5769354665521315,0.6398494143892917,yolo,6623,264.92
6249,249.96,1184,0.875,930,891,1170,1068,1050,979,1050,1064,1.0,0.5610489220563848,0.6455627705627706,yolo,6624,264.96
6250,250.0,1184,0.87646484375,927,892,1169,1067,1048,979,1048,1063,1.0,0.5446185997910136,0.6452456309343608,yolo,6625,265.0
6251,250.04,1184,0.8916015625,927,892,1169,1068,1048,980,1048,1064,1.0,0.5384457025218734,0.6451048951048951,yolo,6626,265.04
6252,250.08,1184,0.89697265625,926,893,1170,1068,1048,980,1048,1064,1.0,0.5345289631003917,0.6417788657690738,yolo,6627,265.08
6253,250.12,1184,0.8955078125,926,894,1171,1067,1048,980,1048,1063,1.0,0.5356627499484642,0.6398053001622499,yolo,6628,265.12
6254,250.16,1184,0.884765625,926,895,1172,1068,1049,981,1049,1064,1.0,0.5323644609358895,0.6344938835865036,yolo,6629,265.16
6255,250.2,1184,0.8896484375,926,896,1173,1068,1049,982,1049,1064,1.0,0.5352390852390853,0.6265548945375878,yolo,6630,265.2
6256,250.24,1184,0.8955078125,927,896,1174,1068,1050,982,1050,1064,1.0,0.5400207900207901,0.6277717685235262,yolo,6631,265.24
6257,250.28,1184,0.90185546875,928,897,1175,1067,1051,982,1051,1063,1.0,0.5489864864864865,0.6272148394241418,yolo,6632,265.28
6258,250.32,1184,0.88623046875,931,898,1177,1067,1054,982,1054,1063,1.0,0.543171114599686,0.6208367740159648,yolo,6633,265.32
6259,250.36,1184,0.85888671875,933,898,1179,1067,1056,982,1056,1063,1.0,0.5582417582417583,0.6332232314891274,yolo,6634,265.36
6260,250.4,1184,0.8623046875,955,899,1182,1068,1068,983,1068,1064,1.0,0.5975113122171946,0.6377335744424352,yolo,6635,265.4
6261,250.44,1184,0.86962890625,947,899,1184,1068,1065,983,1065,1064,1.0,0.5736728060671723,0.6447217441193345,yolo,6636,265.44
6262,250.48,1184,0.873046875,947,899,1186,1067,1066,983,1066,1063,1.0,0.5764973958333334,0.6509353741496599,yolo,6637,265.48
6263,250.52,1184,0.90966796875,947,899,1188,1068,1067,983,1067,1064,1.0,0.5774572649572649,0.6617063492063492,yolo,6638,265.52
6264,250.56,1184,0.90869140625,950,900,1190,1067,1070,983,1070,1063,1.0,0.5910493827160493,0.6623112659698026,yolo,6639,265.56
6265,250.6,1184,0.88427734375,954,900,1193,1067,1073,983,1073,1063,1.0,0.6010802469135802,0.6672473867595818,yolo,6640,265.6
6266,250.64,1184,0.88720703125,956,900,1194,1067,1075,983,1075,1063,1.0,0.6031746031746031,0.6737257192931211,yolo,6641,265.64
6267,250.68,1184,0.8818359375,962,901,1196,1067,1079,984,1079,1063,1.0,0.6064392660137341,0.6850216968427353,yolo,6642,265.68
6268,250.72,1184,0.88623046875,977,900,1198,1067,1087,983,1087,1063,1.0,0.6256613756613757,0.710326259106747,yolo,6643,265.72
6269,250.76,1184,0.86962890625,969,901,1199,1068,1084,984,1084,1064,1.0,0.6120312859443294,0.7114073625208301,yolo,6644,265.76
6270,250.8,1184,0.89892578125,1040,877,1196,1067,1118,972,1118,1063,1.0,0.7450716845878136,0.667772789381222,yolo,6645,265.8
6271,250.84,1184,0.89990234375,1070,868,1194,1067,1132,967,1132,1063,1.0,0.7287719298245614,0.6091954022988506,yolo,6646,265.84
6272,250.88,1184,0.8974609375,1076,865,1192,1067,1134,966,1134,1062,1.0,0.7393186523621306,0.5982716049382716,yolo,6647,265.88
6273,250.92,1184,0.900390625,1077,864,1190,1067,1133,965,1133,1062,1.0,0.7408326967150497,0.59875,yolo,6648,265.92
6274,250.96,1184,0.89990234375,1075,862,1188,1067,1131,964,1131,1062,1.0,0.7387318563789153,0.6125,yolo,6649,265.96
6275,251.0,1184,0.9052734375,1073,862,1185,1067,1129,964,1129,1062,1.0,0.738709052141888,0.6078431372549019,yolo,6650,266.0
6276,251.04,1184,0.908203125,1072,862,1184,1067,1128,964,1128,1062,1.0,0.7420042643923241,0.6061057334326135,yolo,6651,266.04
6277,251.08,1184,0.90673828125,1071,861,1183,1067,1127,964,1127,1062,1.0,0.7420589360887868,0.6130553487217671,yolo,6652,266.08
6278,251.12,1184,0.908203125,1069,861,1182,1067,1125,964,1125,1062,1.0,0.7426470588235294,0.6134803921568628,yolo,6653,266.12
6279,251.16,1184,0.908203125,1068,861,1181,1067,1124,964,1124,1062,1.0,0.747737556561086,0.6125,yolo,6654,266.16
6280,251.2,1184,0.9052734375,1067,861,1180,1067,1123,964,1123,1062,1.0,0.7524509803921569,0.6127450980392157,yolo,6655,266.2
6281,251.24,1184,0.90478515625,1068,861,1179,1067,1123,964,1123,1062,1.0,0.7548562548562548,0.6045751633986928,yolo,6656,266.24
6282,251.28,1184,0.90478515625,1067,861,1178,1067,1122,964,1122,1062,1.0,0.7525252525252525,0.6018099547511312,yolo,6657,266.28
6283,251.32,1184,0.90185546875,1066,861,1178,1067,1122,964,1122,1062,1.0,0.7567929582854956,0.6053611317944899,yolo,6658,266.32
6284,251.36,1184,0.900390625,1066,861,1178,1067,1122,964,1122,1062,1.0,0.7621507845388442,0.6056093323405312,yolo,6659,266.36
6285,251.4,1184,0.8984375,1066,861,1178,1067,1122,964,1122,1062,1.0,0.7711442786069652,0.610325142715314,yolo,6660,266.4
6286,251.44,1184,0.8955078125,1065,861,1177,1067,1121,964,1121,1062,1.0,0.7696134711060084,0.6036237279722015,yolo,6661,266.44
6287,251.48,1184,0.89306640625,1065,860,1176,1067,1120,963,1120,1062,1.0,0.7694668200997314,0.6058320764203117,yolo,6662,266.48
6288,251.52,1184,0.89697265625,1063,859,1175,1067,1119,963,1119,1062,1.0,0.767617608161723,0.6119766309639727,yolo,6663,266.52
6289,251.56,1184,0.896484375,1063,859,1174,1067,1118,963,1118,1062,1.0,0.7698504027617952,0.6072485207100592,yolo,6664,266.56
6290,251.6,1184,0.8974609375,1061,859,1173,1067,1117,963,1117,1062,1.0,0.7710183260910637,0.6112463485881208,yolo,6665,266.6
6291,251.64,1184,0.900390625,1060,859,1172,1067,1116,963,1116,1062,1.0,0.7764972605327791,0.6141674780915287,yolo,6666,266.64
6292,251.68,1184,0.89501953125,1059,859,1171,1067,1115,963,1115,1062,1.0,0.7768751180804837,0.6119766309639727,yolo,6667,266.68
6293,251.72,1184,0.90185546875,1058,859,1169,1067,1113,963,1113,1062,1.0,0.7769466820099732,0.6057692307692307,yolo,6668,266.72
6294,251.76,1184,0.888671875,1057,858,1167,1067,1112,962,1112,1062,1.0,0.7753787878787879,0.6056443556443556,yolo,6669,266.76
6295,251.8,1184,0.88720703125,1056,858,1166,1067,1111,962,1111,1062,1.0,0.7803030303030303,0.6063936063936064,yolo,6670,266.8
6296,251.84,1184,0.88720703125,1055,858,1163,1067,1109,962,1109,1062,1.0,0.7744230769230769,0.5935897435897436,yolo,6671,266.84
6297,251.88,1184,0.888671875,1054,858,1161,1068,1107,963,1107,1063,1.0,0.7784810126582279,0.5875779625779626,yolo,6672,266.88
6298,251.92,1184,0.88720703125,1052,858,1160,1067,1106,962,1106,1062,1.0,0.775576923076923,0.5907692307692308,yolo,6673,266.92
6299,251.96,1184,0.880859375,1051,857,1158,1067,1104,962,1104,1062,1.0,0.7774920886075949,0.5940748440748441,yolo,6674,266.96
6300,252.0,1184,0.87255859375,1050,857,1157,1067,1103,962,1103,1062,1.0,0.7822389240506329,0.5932952182952183,yolo,6675,267.0
6301,252.04,1184,0.87158203125,1048,858,1155,1067,1101,962,1101,1062,1.0,0.784375,0.5854989604989606,yolo,6676,267.04
6302,252.08,1184,0.86962890625,1047,858,1153,1067,1100,962,1100,1062,1.0,0.7841269841269841,0.5894871794871794,yolo,6677,267.08
6303,252.12,1184,0.85791015625,1046,857,1152,1067,1099,962,1099,1062,1.0,0.7890295358649789,0.5987179487179487,yolo,6678,267.12
6304,252.16,1184,0.8662109375,1045,857,1151,1067,1098,962,1098,1062,1.0,0.7890295358649789,0.5951282051282051,yolo,6679,267.16
6305,252.2,1184,0.85205078125,1043,857,1149,1067,1096,962,1096,1062,1.0,0.7896323086196504,0.5971794871794872,yolo,6680,267.2
6306,252.24,1184,0.865234375,1043,857,1149,1067,1096,962,1096,1062,1.0,0.795258187663251,0.571025641025641,yolo,6681,267.24
6307,252.28,1184,0.87744140625,1042,856,1148,1067,1095,961,1095,1062,1.0,0.7936507936507936,0.5794871794871795,yolo,6682,267.28
6308,252.32,1184,0.8759765625,1041,856,1148,1068,1094,962,1094,1063,1.0,0.79609375,0.5741968383477818,yolo,6683,267.32
6309,252.36,1184,0.87890625,1039,857,1147,1067,1093,962,1093,1062,1.0,0.8005842259006816,0.5812820512820512,yolo,6684,267.36
6310,252.4,1184,0.8798828125,1039,856,1147,1067,1093,961,1093,1062,1.0,0.7988461538461539,0.5876923076923077,yolo,6685,267.4
6311,252.44,1184,0.88330078125,1037,857,1147,1067,1092,962,1092,1062,1.0,0.8045646336785577,0.5891608391608392,yolo,6686,267.44
6312,252.48,1184,0.89306640625,1037,857,1146,1067,1091,962,1091,1062,1.0,0.8016877637130801,0.5964068825910931,yolo,6687,267.48
6313,252.52,1184,0.89306640625,1037,857,1145,1067,1091,962,1091,1062,1.0,0.8031158714703018,0.591025641025641,yolo,6688,267.52
6314,252.56,1184,0.89306640625,1037,857,1145,1067,1091,962,1091,1062,1.0,0.8064264849074976,0.5897435897435898,yolo,6689,267.56
6315,252.6,1184,0.89111328125,1036,857,1145,1067,1090,962,1090,1062,1.0,0.805331799002685,0.5969129554655871,yolo,6690,267.6
6316,252.64,1184,0.89111328125,1036,857,1145,1067,1090,962,1090,1062,1.0,0.805331799002685,0.5959008097165992,yolo,6691,267.64
6317,252.68,1184,0.892578125,1036,857,1145,1067,1090,962,1090,1062,1.0,0.8080168776371308,0.597419028340081,yolo,6692,267.68
6318,252.72,1184,0.8916015625,1036,857,1145,1067,1090,962,1090,1062,1.0,0.8064825469888761,0.5996963562753036,yolo,6693,267.72
6319,252.76,1184,0.89404296875,1036,857,1144,1067,1090,962,1090,1062,1.0,0.8007789678675754,0.5964102564102564,yolo,6694,267.76
6320,252.8,1184,0.8984375,1036,857,1144,1067,1090,962,1090,1062,1.0,0.8007789678675754,0.5938461538461538,yolo,6695,267.8
6321,252.84,1184,0.8857421875,1036,857,1144,1067,1090,962,1090,1062,1.0,0.7986368062317429,0.5930769230769231,yolo,6696,267.84
6322,252.88,1184,0.884765625,1036,857,1144,1067,1090,962,1090,1062,1.0,0.797078870496592,0.5933333333333334,yolo,6697,267.88
6323,252.92,1184,0.88623046875,1036,857,1144,1067,1090,962,1090,1062,1.0,0.7974683544303798,0.5894871794871794,yolo,6698,267.92
6324,252.96,1184,0.88232421875,1035,857,1144,1067,1089,962,1089,1062,1.0,0.7976601457614115,0.5938765182186235,yolo,6699,267.96
6325,253.0,1184,0.88232421875,1035,857,1144,1067,1089,962,1089,1062,1.0,0.7951668584579977,0.5885627530364372,yolo,6700,268.0
6326,253.04,1184,0.88232421875,1035,857,1144,1067,1089,962,1089,1062,1.0,0.7928653624856157,0.583755060728745,yolo,6701,268.04
6327,253.08,1184,0.88330078125,1034,857,1144,1067,1089,962,1089,1062,1.0,0.7905638665132336,0.5841658341658341,yolo,6702,268.08
6328,253.12,1184,0.87890625,1034,857,1144,1067,1089,962,1089,1062,1.0,0.7953586497890295,0.5864135864135864,yolo,6703,268.12
6329,253.16,1184,0.880859375,1034,856,1144,1067,1089,961,1089,1062,1.0,0.7882575757575757,0.5911588411588412,yolo,6704,268.16
6330,253.2,1184,0.8798828125,1034,856,1144,1067,1089,961,1089,1062,1.0,0.7865530303030303,0.5916583416583416,yolo,6705,268.2
6331,253.24,1184,0.880859375,1034,856,1144,1067,1089,961,1089,1062,1.0,0.7886363636363637,0.5889110889110889,yolo,6706,268.24
6332,253.28,1184,0.8818359375,1034,856,1143,1067,1088,961,1088,1062,1.0,0.7875,0.5804655870445344,yolo,6707,268.28
6333,253.32,1184,0.88818359375,1034,856,1143,1067,1088,961,1088,1062,1.0,0.7884469696969697,0.583502024291498,yolo,6708,268.32
6334,253.36,1184,0.88427734375,1033,856,1143,1067,1088,961,1088,1062,1.0,0.7869318181818182,0.5844155844155844,yolo,6709,268.36
6335,253.4,1184,0.8857421875,1033,856,1143,1067,1088,961,1088,1062,1.0,0.7852272727272728,0.5849150849150849,yolo,6710,268.4
6336,253.44,1184,0.88818359375,1031,857,1142,1067,1086,962,1086,1062,1.0,0.7876869965477561,0.5769230769230769,yolo,6711,268.44
6337,253.48,1184,0.888671875,1030,856,1142,1066,1086,961,1086,1061,1.0,0.7848101265822784,0.5859298928919182,yolo,6712,268.48
6338,253.52,1184,0.89111328125,1029,856,1141,1067,1085,961,1085,1062,1.0,0.7826492537313433,0.5869036027263875,yolo,6713,268.52
6339,253.56,1184,0.88720703125,1028,857,1141,1067,1084,962,1084,1062,1.0,0.7883469843633656,0.5879807692307693,yolo,6714,268.56
6340,253.6,1184,0.89013671875,1029,857,1140,1067,1084,962,1084,1062,1.0,0.7779056386651323,0.5872781065088757,yolo,6715,268.6
6341,253.64,1184,0.89013671875,1029,859,1140,1067,1084,963,1084,1062,1.0,0.7727272727272727,0.5825936883629191,yolo,6716,268.64
6342,253.68,1184,0.89404296875,1029,859,1139,1067,1084,963,1084,1062,1.0,0.7702339854238588,0.5846653346653347,yolo,6717,268.68
6343,253.72,1184,0.89013671875,1029,860,1140,1066,1084,963,1084,1061,1.0,0.7694250194250194,0.596279537456008,yolo,6718,268.72
6344,253.76,1184,0.88818359375,1028,862,1140,1067,1084,964,1084,1062,1.0,0.7697228144989339,0.5922065028543063,yolo,6719,268.76
6345,253.8,1184,0.88427734375,1029,863,1141,1067,1085,965,1085,1062,1.0,0.7604286261002678,0.5989079175974187,yolo,6720,268.8
6346,253.84,1184,0.8798828125,1030,866,1143,1068,1086,967,1086,1063,1.0,0.7647058823529411,0.60275,yolo,6721,268.84
6347,253.88,1184,0.87841796875,1029,868,1145,1067,1087,967,1087,1063,1.0,0.7669717772692601,0.6099773242630385,yolo,6722,268.88
6348,253.92,1184,0.875,1029,871,1146,1067,1087,969,1087,1063,1.0,0.7723938223938224,0.6119960179193629,yolo,6723,268.92
6349,253.96,1184,0.85400390625,1031,874,1147,1067,1089,970,1089,1063,1.0,0.7726821520746476,0.6108539094650206,yolo,6724,268.96
6350,254.0,1184,0.85595703125,1031,876,1148,1068,1089,972,1089,1064,1.0,0.7741682974559687,0.614329268292683,yolo,6725,269.0
6351,254.04,1184,0.85888671875,1033,877,1149,1068,1091,972,1091,1064,1.0,0.7777777777777778,0.6238508011557657,yolo,6726,269.04
6352,254.08,1184,0.84912109375,1033,879,1149,1068,1091,973,1091,1064,1.0,0.7840177133655395,0.6149198844234305,yolo,6727,269.08
6353,254.12,1184,0.845703125,1035,881,1149,1068,1092,974,1092,1064,1.0,0.7905695039804042,0.6018161805173363,yolo,6728,269.12
6354,254.16,1184,0.85498046875,1036,882,1149,1068,1092,975,1092,1064,1.0,0.79390756302521,0.6097826086956522,yolo,6729,269.16
6355,254.2,1184,0.85791015625,1035,882,1149,1067,1092,974,1092,1063,1.0,0.7815734989648033,0.6169510181618052,yolo,6730,269.2
6356,254.24,1184,0.85791015625,1033,884,1148,1067,1090,975,1090,1063,1.0,0.7766045548654245,0.6183333333333333,yolo,6731,269.24
6357,254.28,1184,0.85888671875,1030,887,1146,1067,1088,977,1088,1063,1.0,0.7749360613810742,0.6104252400548696,yolo,6732,269.28
6358,254.32,1184,0.8408203125,1026,888,1144,1068,1085,978,1085,1064,1.0,0.7673985086992543,0.619277108433735,yolo,6733,269.32
6359,254.36,1184,0.84375,1020,890,1141,1068,1080,979,1080,1064,1.0,0.7420343137254902,0.6152597402597403,yolo,6734,269.36
6360,254.4,1184,0.85693359375,1014,891,1138,1068,1076,979,1076,1064,1.0,0.7012935323383085,0.6136363636363636,yolo,6735,269.4
6361,254.44,1184,0.865234375,1012,894,1136,1068,1074,981,1074,1064,1.0,0.6832323232323232,0.5816626570435712,yolo,6736,269.44
6362,254.48,1184,0.8740234375,1010,898,1131,1068,1070,983,1070,1064,1.0,0.6265190972222222,0.4917800453514739,yolo,6737,269.48
6363,254.52,1184,0.865234375,1009,900,1126,1068,1067,984,1067,1064,1.0,0.5729910714285714,0.4506387921022067,yolo,6738,269.52
6364,254.56,1184,0.880859375,1006,903,1121,1068,1063,985,1063,1064,1.0,0.5694249649368864,0.4393292682926829,yolo,6739,269.56
6365,254.6,1184,0.8818359375,1003,907,1116,1068,1059,987,1059,1064,1.0,0.5581002892960463,0.46125,yolo,6740,269.6
6366,254.64,1184,0.87158203125,997,910,1108,1068,1052,989,1052,1064,1.0,0.5401515151515152,0.4927679158448389,yolo,6741,269.64
6367,254.68,1184,0.8623046875,991,912,1101,1067,1046,989,1046,1063,1.0,0.5292580982236155,0.5235816814764184,yolo,6742,269.68
6368,254.72,1184,0.86328125,987,915,1095,1068,1041,991,1041,1064,1.0,0.503183023872679,0.5484210526315789,yolo,6743,269.72
6369,254.76,1184,0.85888671875,983,917,1088,1068,1035,992,1035,1064,1.0,0.4970760233918128,0.58327246165084,yolo,6744,269.76
6370,254.8,1184,0.830078125,978,919,1083,1068,1030,993,1030,1065,1.0,0.4711779448621553,0.5986121256391527,yolo,6745,269.8
6371,254.84,1184,0.85107421875,973,919,1077,1068,1025,993,1025,1065,1.0,0.4578111946532999,0.6034801925212884,yolo,6746,269.84
6372,254.88,1184,0.8154296875,968,919,1073,1068,1020,993,1020,1065,1.0,0.4497354497354497,0.6048210372534697,yolo,6747,269.88
6373,254.92,1184,0.85400390625,963,920,1070,1068,1016,994,1016,1065,1.0,0.4271763392857143,0.5766983199415632,yolo,6748,269.92
6374,254.96,1184,0.85595703125,958,920,1067,1068,1012,994,1012,1065,1.0,0.4185606060606061,0.5465860597439545,yolo,6749,269.96
6375,255.0,1184,0.85498046875,954,919,1066,1068,1010,993,1010,1065,1.0,0.4124116260801257,0.5299349982894287,yolo,6750,270.0
6376,255.04,1184,0.85400390625,951,919,1065,1068,1008,993,1008,1065,1.0,0.4093567251461988,0.522066370167636,yolo,6751,270.04
6377,255.08,1184,0.8310546875,948,919,1064,1068,1006,993,1006,1065,1.0,0.3981693363844393,0.5095095095095095,yolo,6752,270.08
6378,255.12,1184,0.8154296875,946,918,1064,1068,1005,993,1005,1065,1.0,0.3983197430195206,0.5210029306414848,yolo,6753,270.12
6379,255.16,1184,0.82568359375,944,918,1063,1067,1003,992,1003,1064,1.0,0.4098440545808967,0.5186615186615187,yolo,6754,270.16
6380,255.2,1184,0.83447265625,942,917,1062,1067,1002,992,1002,1064,1.0,0.408625730994152,0.5257400257400258,yolo,6755,270.2
6381,255.24,1184,0.8291015625,942,916,1062,1068,1002,992,1002,1064,1.0,0.4204980842911877,0.5266290726817042,yolo,6756,270.24
6382,255.28,1184,0.83984375,942,915,1060,1067,1001,991,1001,1063,1.0,0.4232637202525497,0.5104629042485732,yolo,6757,270.28
6383,255.32,1184,0.8623046875,941,914,1059,1067,1000,990,1000,1063,1.0,0.4397765905779505,0.4996829422954977,yolo,6758,270.32
6384,255.36,1184,0.86865234375,941,913,1057,1067,999,990,999,1063,1.0,0.4492753623188406,0.4857050032488629,yolo,6759,270.36
6385,255.4,1184,0.8642578125,941,912,1055,1067,998,989,998,1063,1.0,0.4707646176911544,0.4813457694870086,yolo,6760,270.4
6386,255.44,1184,0.87744140625,940,911,1053,1068,996,989,996,1064,1.0,0.4683823529411764,0.4762820512820512,yolo,6761,270.44
6387,255.48,1184,0.87744140625,938,910,1051,1068,994,989,994,1064,1.0,0.4958333333333333,0.4567307692307692,yolo,6762,270.48
6388,255.52,1184,0.87060546875,936,910,1049,1068,992,989,992,1064,1.0,0.5026960784313725,0.4525641025641025,yolo,6763,270.52
6389,255.56,1184,0.8671875,935,909,1047,1068,991,988,991,1064,1.0,0.5204306337166625,0.459915611814346,yolo,6764,270.56
6390,255.6,1184,0.8447265625,931,908,1046,1068,988,988,988,1064,1.0,0.5301932367149759,0.4521875,yolo,6765,270.6
6391,255.64,1184,0.84912109375,929,908,1046,1068,987,988,987,1064,1.0,0.5371428571428571,0.4484756097560975,yolo,6766,270.64
6392,255.68,1184,0.8681640625,925,908,1044,1068,984,988,984,1064,1.0,0.531712962962963,0.4449404761904761,yolo,6767,270.68
6393,255.72,1184,0.85888671875,923,907,1045,1068,984,987,984,1064,1.0,0.5488434763081069,0.4729411764705882,yolo,6768,270.72
6394,255.76,1184,0.8759765625,920,906,1046,1068,983,987,983,1064,1.0,0.5571584699453552,0.4533707865168539,yolo,6769,270.76
6395,255.8,1184,0.83642578125,917,905,1046,1068,981,986,981,1064,1.0,0.5589330024813896,0.4594444444444444,yolo,6770,270.8
6396,255.84,1184,0.85107421875,915,905,1046,1068,980,986,980,1064,1.0,0.5612076095947064,0.4570652173913043,yolo,6771,270.84
6397,255.88,1184,0.83203125,912,905,1046,1068,979,986,979,1064,1.0,0.5539625647152528,0.4559139784946237,yolo,6772,270.88
6398,255.92,1184,0.8232421875,910,906,1045,1068,977,987,977,1064,1.0,0.5472576401538151,0.4433510638297872,yolo,6773,270.92
6399,255.96,1184,0.80810546875,908,906,1044,1068,976,987,976,1064,1.0,0.5426027120016191,0.4223684210526315,yolo,6774,270.96
6400,256.0,1184,0.77587890625,906,906,1040,1068,973,987,973,1064,1.0,0.5308641975308642,0.3948924731182796,yolo,6775,271.0
6401,256.04,1184,0.77880859375,904,906,1039,1068,971,987,971,1064,1.0,0.5312689738919247,0.3888297872340425,yolo,6776,271.04
6402,256.08,1184,0.82763671875,903,905,1036,1067,969,986,969,1063,1.0,0.5180327868852459,0.3909574468085106,yolo,6777,271.08
6403,256.12,1184,0.841796875,902,905,1035,1068,968,986,968,1064,1.0,0.5106854838709678,0.4023936170212766,yolo,6778,271.12
6404,256.16,1184,0.8408203125,902,905,1034,1068,968,986,968,1064,1.0,0.5067374438546346,0.3962365591397849,yolo,6779,271.16
6405,256.2,1184,0.8388671875,902,905,1034,1067,968,986,968,1063,1.0,0.5225150446150654,0.4008064516129032,yolo,6780,271.2
6406,256.24,1184,0.80908203125,902,904,1033,1067,967,985,967,1063,1.0,0.511166253101737,0.3997282608695652,yolo,6781,271.24
6407,256.28,1184,0.8408203125,902,904,1033,1067,967,985,967,1063,1.0,0.5171629445822994,0.4084239130434782,yolo,6782,271.28
6408,256.32,1184,0.83447265625,903,904,1033,1067,968,985,968,1063,1.0,0.5165425971877585,0.4046703296703297,yolo,6783,271.32
6409,256.36,1184,0.8623046875,903,904,1034,1067,968,985,968,1063,1.0,0.5144747725392886,0.4051630434782609,yolo,6784,271.36
6410,256.4,1184,0.865234375,904,904,1036,1068,970,986,970,1064,1.0,0.501908780389793,0.4028324154209284,yolo,6785,271.4
6411,256.44,1184,0.85888671875,905,903,1036,1068,970,985,970,1064,1.0,0.5070306038047974,0.3894485683987275,yolo,6786,271.44
6412,256.48,1184,0.85986328125,907,903,1036,1068,971,985,971,1064,1.0,0.4977253928866832,0.3669376693766937,yolo,6787,271.48
6413,256.52,1184,0.86328125,909,903,1036,1068,972,985,972,1064,1.0,0.4887521222410866,0.3547671840354767,yolo,6788,271.52
6414,256.56,1184,0.8681640625,910,903,1037,1068,973,985,973,1064,1.0,0.466893039049236,0.335920177383592,yolo,6789,271.56
6415,256.6,1184,0.8740234375,912,903,1038,1068,975,985,975,1064,1.0,0.4556989247311828,0.3499588928473554,yolo,6790,271.6
6416,256.64,1184,0.8388671875,915,904,1039,1068,977,986,977,1064,1.0,0.4184126984126984,0.3434258480515839,yolo,6791,271.64
6417,256.68,1184,0.83544921875,917,904,1040,1067,978,985,978,1063,1.0,0.3816477768090671,0.3686046511627907,yolo,6792,271.68
6418,256.72,1184,0.8662109375,920,906,1042,1068,981,987,981,1064,1.0,0.3602066022905906,0.3776470588235294,yolo,6793,271.72
6419,256.76,1184,0.83740234375,923,907,1045,1068,984,987,984,1064,1.0,0.3168650348079946,0.4023529411764706,yolo,6794,271.76
6420,256.8,1184,0.8388671875,926,909,1048,1068,987,988,987,1064,1.0,0.2780148214686728,0.4180995475113122,yolo,6795,271.8
6421,256.84,1184,0.83203125,929,910,1050,1068,989,989,989,1064,1.0,0.2754629629629629,0.4255189255189255,yolo,6796,271.84
6422,256.88,1184,0.8388671875,931,911,1052,1068,991,989,991,1064,1.0,0.2863425925925926,0.427045177045177,yolo,6797,271.88
6423,256.92,1184,0.8427734375,932,911,1054,1068,993,989,993,1064,1.0,0.310958904109589,0.4358974358974359,yolo,6798,271.92
6424,256.96,1184,0.85302734375,933,911,1056,1068,994,989,994,1064,1.0,0.3355855855855856,0.4448419797257006,yolo,6799,271.96
6425,257.0,1184,0.86865234375,934,911,1058,1068,996,989,996,1064,1.0,0.3744444444444444,0.4612437371058061,yolo,6800,272.0
6426,257.04,1184,0.8681640625,933,912,1060,1068,996,990,996,1064,1.0,0.4005352363960749,0.4729020979020979,yolo,6801,272.04
6427,257.08,1184,0.87255859375,933,911,1060,1068,996,989,996,1064,1.0,0.4243421052631579,0.4868881118881119,yolo,6802,272.08
6428,257.12,1184,0.86962890625,932,912,1059,1068,995,990,995,1064,1.0,0.4475914362176628,0.4918414918414918,yolo,6803,272.12
6429,257.16,1184,0.86865234375,931,912,1059,1068,995,990,995,1064,1.0,0.460708782742681,0.5142610198789974,yolo,6804,272.16
6430,257.2,1184,0.8623046875,930,913,1058,1068,994,990,994,1064,1.0,0.4787281683833408,0.524541691306919,yolo,6805,272.2
6431,257.24,1184,0.85205078125,928,913,1057,1068,992,990,992,1064,1.0,0.4980106100795756,0.5295321637426901,yolo,6806,272.24
6432,257.28,1184,0.86328125,927,912,1055,1068,991,990,991,1064,1.0,0.5172793308386529,0.5387496398732354,yolo,6807,272.28
6433,257.32,1184,0.8623046875,924,912,1052,1067,988,989,988,1063,1.0,0.528884908195253,0.540508574807806,yolo,6808,272.32
6434,257.36,1184,0.8662109375,922,912,1050,1068,986,990,986,1064,1.0,0.5304864626898526,0.5318352059925093,yolo,6809,272.36
6435,257.4,1184,0.8671875,920,912,1048,1068,984,990,984,1064,1.0,0.5399515738498789,0.519158743877845,yolo,6810,272.4
6436,257.44,1184,0.87255859375,919,911,1046,1068,982,989,982,1064,1.0,0.5480263157894737,0.5198135198135199,yolo,6811,272.44
6437,257.48,1184,0.845703125,917,911,1046,1068,981,989,981,1064,1.0,0.5547008547008547,0.5113960113960114,yolo,6812,272.48
6438,257.52,1184,0.841796875,915,911,1045,1068,980,989,980,1064,1.0,0.5566239316239316,0.5116934347703579,yolo,6813,272.52
6439,257.56,1184,0.845703125,913,911,1044,1068,978,989,978,1064,1.0,0.5455128205128205,0.4888517279821627,yolo,6814,272.56
6440,257.6,1184,0.83447265625,913,911,1043,1068,978,989,978,1064,1.0,0.5467948717948717,0.4753451676528599,yolo,6815,272.6
6441,257.64,1184,0.845703125,912,911,1043,1068,977,989,977,1064,1.0,0.5305555555555556,0.4372909698996655,yolo,6816,272.64
6442,257.68,1184,0.84375,912,909,1044,1068,978,988,978,1064,1.0,0.533513177007678,0.4251447477253929,yolo,6817,272.68
6443,257.72,1184,0.83447265625,912,909,1045,1068,978,988,978,1064,1.0,0.5120901639344262,0.4154391707583197,yolo,6818,272.72
6444,257.76,1184,0.85107421875,914,909,1047,1068,980,988,980,1064,1.0,0.5094262295081967,0.4206219312602291,yolo,6819,272.76
6445,257.8,1184,0.86083984375,916,908,1049,1068,982,988,982,1064,1.0,0.4908333333333333,0.4095744680851064,yolo,6820,272.8
6446,257.84,1184,0.86328125,919,909,1053,1068,986,988,986,1064,1.0,0.460635498886865,0.4152191894127378,yolo,6821,272.84
6447,257.88,1184,0.8681640625,922,910,1056,1068,989,989,989,1064,1.0,0.4335390946502057,0.4262475875379101,yolo,6822,272.88
6448,257.92,1184,0.8740234375,926,909,1059,1068,992,988,992,1064,1.0,0.3891393442622951,0.4601745771958538,yolo,6823,272.92
6449,257.96,1184,0.87890625,931,910,1064,1068,997,989,997,1064,1.0,0.3789583333333333,0.5180032733224222,yolo,6824,272.96
6450,258.0,1184,0.85986328125,936,912,1069,1068,1002,990,1002,1064,1.0,0.3644067796610169,0.5460992907801419,yolo,6825,273.0
6451,258.04,1184,0.85693359375,941,914,1074,1067,1007,990,1007,1063,1.0,0.3980603448275862,0.5257558790593505,yolo,6826,273.04
6452,258.08,1184,0.85595703125,948,915,1079,1068,1013,991,1013,1064,1.0,0.4109195402298851,0.4794050343249428,yolo,6827,273.08
6453,258.12,1184,0.80419921875,957,916,1085,1068,1021,992,1021,1064,1.0,0.4180474697716077,0.4299231224127735,yolo,6828,273.12
6454,258.16,1184,0.80419921875,963,915,1091,1067,1027,991,1027,1063,1.0,0.3795342588446037,0.4107037256061502,yolo,6829,273.16
6455,258.2,1184,0.79443359375,970,914,1097,1068,1033,991,1033,1064,1.0,0.3392060660124888,0.3758971291866029,yolo,6830,273.2
6456,258.24,1184,0.87060546875,975,914,1102,1068,1038,991,1038,1064,1.0,0.3539250669045495,0.3696172248803828,yolo,6831,273.24
6457,258.28,1184,0.8681640625,981,913,1106,1068,1043,990,1043,1064,1.0,0.395632183908046,0.4246411483253589,yolo,6832,273.28
6458,258.32,1184,0.83740234375,987,913,1112,1067,1049,990,1049,1063,1.0,0.4341242937853107,0.4677033492822967,yolo,6833,273.32
6459,258.36,1184,0.85498046875,991,912,1116,1067,1053,989,1053,1063,1.0,0.4574712643678161,0.499401913875598,yolo,6834,273.36
6460,258.4,1184,0.8681640625,995,912,1120,1067,1057,989,1057,1063,1.0,0.4905747126436781,0.5251196172248804,yolo,6835,273.4
6461,258.44,1184,0.84814453125,998,911,1123,1068,1060,989,1060,1064,1.0,0.5168888888888888,0.5454545454545454,yolo,6836,273.44
6462,258.48,1184,0.85205078125,1000,910,1125,1068,1062,989,1062,1064,1.0,0.5437777777777778,0.5623543123543123,yolo,6837,273.48
6463,258.52,1184,0.80908203125,1001,910,1127,1068,1064,989,1064,1064,1.0,0.558,0.5626620570440796,yolo,6838,273.52
6464,258.56,1184,0.8154296875,1001,909,1128,1068,1064,988,1064,1064,1.0,0.567946505608283,0.5620629370629371,yolo,6839,273.56
6465,258.6,1184,0.80322265625,1001,908,1129,1068,1065,988,1065,1064,1.0,0.5848484848484848,0.5654494382022472,yolo,6840,273.6
6466,258.64,1184,0.8115234375,1001,907,1129,1067,1065,987,1065,1063,1.0,0.5967532467532467,0.5657303370786517,yolo,6841,273.64
6467,258.68,1184,0.81982421875,1000,906,1128,1068,1064,987,1064,1064,1.0,0.5939961677666595,0.5573033707865168,yolo,6842,273.68
6468,258.72,1184,0.84375,999,905,1127,1068,1063,986,1063,1064,1.0,0.5858818600754084,0.549438202247191,yolo,6843,273.72
6469,258.76,1184,0.873046875,998,904,1125,1068,1061,986,1061,1064,1.0,0.5766499582289056,0.5307649667405765,yolo,6844,273.76
6470,258.8,1184,0.8681640625,997,903,1125,1068,1061,985,1061,1064,1.0,0.5911185588604944,0.5289120306933407,yolo,6845,273.8
6471,258.84,1184,0.87255859375,997,903,1123,1068,1060,985,1060,1064,1.0,0.5961290322580645,0.5080844066867635,yolo,6846,273.84
6472,258.88,1184,0.8759765625,996,903,1121,1068,1058,985,1058,1064,1.0,0.6025806451612903,0.4842017738359201,yolo,6847,273.88
6473,258.92,1184,0.8759765625,994,902,1120,1067,1057,984,1057,1063,1.0,0.6004301075268818,0.4828720197314333,yolo,6848,273.92
6474,258.96,1184,0.8740234375,993,901,1120,1068,1056,984,1056,1064,1.0,0.5914786967418546,0.4581485587583148,yolo,6849,273.96
6475,259.0,1184,0.8662109375,991,900,1119,1068,1055,984,1055,1064,1.0,0.5864448051948052,0.4606741573033708,yolo,6850,274.0
6476,259.04,1184,0.8642578125,990,899,1120,1068,1055,983,1055,1064,1.0,0.590138067061144,0.4764521193092622,yolo,6851,274.04
6477,259.08,1184,0.85498046875,990,898,1120,1068,1055,983,1055,1064,1.0,0.5991586538461539,0.477760334903192,yolo,6852,274.08
6478,259.12,1184,0.85693359375,991,898,1121,1068,1056,983,1056,1064,1.0,0.6059695512820513,0.4801151229722658,yolo,6853,274.12
6479,259.16,1184,0.85498046875,992,897,1122,1068,1057,982,1057,1064,1.0,0.6112426035502958,0.4913657770800628,yolo,6854,274.16
6480,259.2,1184,0.85888671875,993,896,1123,1068,1058,982,1058,1064,1.0,0.6274161735700198,0.5049833887043189,yolo,6855,274.2
6481,259.24,1184,0.8447265625,994,896,1124,1068,1059,982,1059,1064,1.0,0.6307692307692307,0.5111167901865576,yolo,6856,274.24
6482,259.28,1184,0.83642578125,996,895,1125,1068,1060,981,1060,1064,1.0,0.6416083916083916,0.5222222222222223,yolo,6857,274.28
6483,259.32,1184,0.8017578125,998,894,1126,1068,1062,981,1062,1064,1.0,0.6544667453758363,0.5317481055657173,yolo,6858,274.32
6484,259.36,1184,0.80322265625,1000,893,1126,1068,1063,980,1063,1064,1.0,0.6595959595959596,0.5424614580611445,yolo,6859,274.36
6485,259.4,1184,0.8154296875,1001,893,1126,1068,1063,980,1063,1064,1.0,0.6668686868686868,0.5362050739957717,yolo,6860,274.4
6486,259.44,1184,0.82763671875,1001,893,1126,1068,1063,980,1063,1064,1.0,0.6713131313131313,0.5277484143763214,yolo,6861,274.44
6487,259.48,1184,0.82080078125,1000,892,1126,1068,1063,980,1063,1064,1.0,0.6581094527363184,0.5365168539325843,yolo,6862,274.48
6488,259.52,1184,0.8681640625,1001,892,1124,1068,1062,980,1062,1064,1.0,0.6508672851956434,0.5174418604651163,yolo,6863,274.52
6489,259.56,1184,0.8740234375,1000,892,1123,1068,1061,980,1061,1064,1.0,0.6300927793465106,0.5018498942917548,yolo,6864,274.56
6490,259.6,1184,0.8662109375,999,892,1121,1068,1060,980,1060,1064,1.0,0.6205274994888571,0.4826203208556149,yolo,6865,274.6
6491,259.64,1184,0.86865234375,997,893,1119,1068,1058,980,1058,1064,1.0,0.6075134910751349,0.4555403556771545,yolo,6866,274.64
6492,259.68,1184,0.87890625,994,894,1117,1067,1055,980,1055,1063,1.0,0.5900900900900901,0.4556517036235803,yolo,6867,274.68
6493,259.72,1184,0.89404296875,991,895,1113,1068,1052,981,1052,1064,1.0,0.5556247405562474,0.4508891928864569,yolo,6868,274.72
6494,259.76,1184,0.8818359375,987,896,1109,1068,1048,982,1048,1064,1.0,0.5247629083245522,0.4547195622435021,yolo,6869,274.76
6495,259.8,1184,0.89697265625,983,897,1105,1068,1044,982,1044,1064,1.0,0.4868282402528978,0.4450980392156862,yolo,6870,274.8
6496,259.84,1184,0.900390625,979,899,1100,1068,1039,983,1039,1064,1.0,0.4615384615384615,0.4223356009070295,yolo,6871,274.84
6497,259.88,1184,0.8798828125,974,902,1095,1068,1034,985,1034,1064,1.0,0.437389770723104,0.4340882694541231,yolo,6872,274.88
6498,259.92,1184,0.86328125,970,906,1090,1068,1030,987,1030,1064,1.0,0.4467213114754098,0.4401785714285714,yolo,6873,274.92
6499,259.96,1184,0.85400390625,964,908,1085,1068,1024,988,1024,1064,1.0,0.4636574074074074,0.4782738095238095,yolo,6874,274.96
6500,260.0,1184,0.86083984375,958,909,1079,1068,1018,988,1018,1064,1.0,0.4173497267759563,0.4749694749694749,yolo,6875,275.0
6501,260.04,1184,0.88330078125,954,909,1074,1068,1014,988,1014,1064,1.0,0.4364754098360656,0.4752747252747252,yolo,6876,275.04
6502,260.08,1184,0.89111328125,949,910,1069,1068,1009,989,1009,1064,1.0,0.4358796296296296,0.4633699633699634,yolo,6877,275.08
6503,260.12,1184,0.89013671875,944,910,1064,1068,1004,989,1004,1064,1.0,0.4081018518518518,0.4374236874236874,yolo,6878,275.12
6504,260.16,1184,0.87744140625,939,911,1059,1068,999,989,999,1064,1.0,0.3923611111111111,0.4352869352869353,yolo,6879,275.16
6505,260.2,1184,0.8740234375,936,911,1055,1068,995,989,995,1064,1.0,0.3925925925925926,0.4542124542124542,yolo,6880,275.2
6506,260.24,1184,0.85791015625,932,911,1051,1068,991,989,991,1064,1.0,0.3939814814814815,0.398046398046398,yolo,6881,275.24
6507,260.28,1184,0.85009765625,929,911,1048,1068,988,989,988,1064,1.0,0.3918981481481481,0.4001831501831502,yolo,6882,275.28
6508,260.32,1184,0.85693359375,927,910,1046,1068,986,989,986,1064,1.0,0.4087962962962962,0.3962148962148962,yolo,6883,275.32
6509,260.36,1184,0.85986328125,925,909,1045,1068,985,988,985,1064,1.0,0.4123406193078324,0.4032356532356532,yolo,6884,275.36
6510,260.4,1184,0.8642578125,924,909,1045,1068,984,988,984,1064,1.0,0.4207650273224044,0.3959096459096459,yolo,6885,275.4
6511,260.44,1184,0.8671875,923,908,1045,1068,984,988,984,1064,1.0,0.4205479452054794,0.3964705882352941,yolo,6886,275.44
6512,260.48,1184,0.8681640625,922,907,1045,1068,983,987,983,1064,1.0,0.4280017722640673,0.4011627906976744,yolo,6887,275.48
6513,260.52,1184,0.8671875,922,906,1045,1068,983,987,983,1064,1.0,0.4590163934426229,0.3595930232558139,yolo,6888,275.52
6514,260.56,1184,0.8662109375,922,906,1045,1068,983,987,983,1064,1.0,0.4534780682321666,0.3604651162790697,yolo,6889,275.56
6515,260.6,1184,0.8623046875,923,905,1044,1067,983,986,983,1063,1.0,0.4631147540983606,0.3654761904761904,yolo,6890,275.6
6516,260.64,1184,0.86865234375,923,904,1044,1068,983,986,983,1064,1.0,0.4457671957671957,0.3614982578397213,yolo,6891,275.64
6517,260.68,1184,0.8642578125,923,903,1044,1068,983,985,983,1064,1.0,0.4708781362007168,0.3632404181184669,yolo,6892,275.68
6518,260.72,1184,0.8662109375,923,902,1043,1068,983,985,983,1064,1.0,0.4733245149911816,0.367595818815331,yolo,6893,275.72
6519,260.76,1184,0.87158203125,922,902,1044,1068,983,985,983,1064,1.0,0.4816264405305501,0.3733142037302726,yolo,6894,275.76
6520,260.8,1184,0.8740234375,921,901,1044,1068,982,984,982,1064,1.0,0.4922779922779923,0.3723766307430516,yolo,6895,275.8
6521,260.84,1184,0.85986328125,919,901,1045,1068,982,984,982,1064,1.0,0.488042328042328,0.3647574677993971,yolo,6896,275.84
6522,260.88,1184,0.822265625,916,900,1041,1067,978,983,978,1063,1.0,0.4865608465608466,0.3614190687361419,yolo,6897,275.88
6523,260.92,1184,0.82421875,913,900,1038,1068,975,984,975,1064,1.0,0.4689583333333333,0.3311688311688311,yolo,6898,275.92
6524,260.96,1184,0.84912109375,909,900,1036,1068,972,984,972,1064,1.0,0.4594983552631579,0.3398268398268398,yolo,6899,275.96
6525,261.0,1184,0.82763671875,906,901,1038,1068,972,984,972,1064,1.0,0.4665461121157324,0.3522161028061893,yolo,6900,276.0
6526,261.04,1184,0.81982421875,902,901,1036,1068,969,984,969,1064,1.0,0.4544385655496766,0.3443482821924993,yolo,6901,276.04
6527,261.08,1184,0.8408203125,898,900,1032,1068,965,984,965,1064,1.0,0.4498456790123457,0.3284690220174091,yolo,6902,276.08
6528,261.12,1184,0.822265625,895,900,1028,1067,961,983,961,1063,1.0,0.4539682539682539,0.3126621691748832,yolo,6903,276.12
6529,261.16,1184,0.81640625,894,899,1025,1068,959,983,959,1064,1.0,0.4601577909270217,0.3027950310559006,yolo,6904,276.16
6530,261.2,1184,0.8056640625,892,899,1024,1068,958,983,958,1064,1.0,0.4508276533592989,0.2660010240655402,yolo,6905,276.2
6531,261.24,1184,0.78515625,891,899,1024,1067,957,983,957,1063,1.0,0.450390625,0.2532928064842958,yolo,6906,276.24
6532,261.28,1184,0.80908203125,891,899,1023,1068,957,983,957,1064,1.0,0.4426484907497566,0.2227342549923195,yolo,6907,276.28
6533,261.32,1184,0.7646484375,890,900,1026,1068,958,984,958,1064,1.0,0.4128086419753086,0.1919799498746867,yolo,6908,276.32
6534,261.36,1184,0.8408203125,892,901,1027,1068,959,984,959,1064,1.0,0.3723300019596315,0.1779968863518422,yolo,6909,276.36
6535,261.4,1184,0.873046875,894,902,1033,1068,963,985,963,1064,1.0,0.323318216175359,0.2135390741662518,yolo,6910,276.4
6536,261.44,1184,0.8759765625,897,905,1036,1068,966,986,966,1064,1.0,0.2763056835637481,0.1994897959183673,yolo,6911,276.44
6555,262.2,1184,0.88427734375,979,923,1096,1067,1037,995,1037,1064,1.0,0.2537662337662337,0.3397696476964769,yolo,6930,277.2
6556,262.24,1184,0.88232421875,978,922,1096,1067,1037,994,1037,1064,1.0,0.2532650448143406,0.3343373493975903,yolo,6931,277.24
6557,262.28,1184,0.87646484375,978,921,1095,1068,1036,994,1036,1065,1.0,0.2579081632653061,0.3336720867208672,yolo,6932,277.28
6558,262.32,1184,0.88330078125,978,921,1095,1068,1036,994,1036,1065,1.0,0.2612244897959184,0.3136856368563686,yolo,6933,277.32
6559,262.36,1184,0.88330078125,978,920,1095,1067,1036,993,1036,1064,1.0,0.2724489795918367,0.3045392953929539,yolo,6934,277.36
6560,262.4,1184,0.88330078125,978,918,1095,1067,1036,992,1036,1064,1.0,0.2636591478696742,0.3068556361239288,yolo,6935,277.4
6561,262.44,1184,0.89697265625,978,917,1097,1068,1037,992,1037,1064,1.0,0.3040935672514619,0.2905405405405405,yolo,6936,277.44
6562,262.48,1184,0.89501953125,979,914,1099,1068,1039,991,1039,1064,1.0,0.3403954802259887,0.2985588972431077,yolo,6937,277.48
6562,262.48,1414,0.55810546875,1613,776,1764,1034,1688,905,1688,1028,1.0,0.2526077097505669,0.1080483490566037,yolo,6937,277.48
6563,262.52,1184,0.89501953125,980,912,1101,1068,1040,990,1040,1064,1.0,0.3813559322033898,0.2957875457875458,yolo,6938,277.52
6563,262.52,1414,0.77880859375,1621,783,1766,1033,1693,908,1693,1028,1.0,0.266908650937689,0.0806451612903225,yolo,6938,277.52
6564,262.56,1184,0.88818359375,982,909,1104,1068,1043,988,1043,1064,1.0,0.4176959353245003,0.3182503770739064,yolo,6939,277.56
6565,262.6,1184,0.88720703125,983,907,1107,1068,1045,987,1045,1064,1.0,0.4614207650273224,0.3350574712643678,yolo,6940,277.6
6566,262.64,1184,0.8671875,984,904,1111,1068,1047,986,1047,1064,1.0,0.4901837928153718,0.3799889135254989,yolo,6941,277.64
6567,262.68,1184,0.87060546875,987,902,1116,1068,1051,985,1051,1064,1.0,0.5303215303215303,0.424390243902439,yolo,6942,277.68
6568,262.72,1184,0.8798828125,989,899,1119,1068,1054,983,1054,1064,1.0,0.5536489151873767,0.4683411826268969,yolo,6943,277.72
6569,262.76,1184,0.85693359375,992,896,1124,1068,1058,982,1058,1064,1.0,0.6021421616358326,0.5153788447111778,yolo,6944,277.76
6570,262.8,1184,0.89404296875,995,894,1130,1068,1062,981,1062,1064,1.0,0.6548821548821548,0.5432953983176645,yolo,6945,277.8
6571,262.84,1184,0.8408203125,1006,892,1135,1067,1070,979,1070,1063,1.0,0.710955710955711,0.5627906976744186,yolo,6946,277.84
6572,262.88,1184,0.82763671875,1011,890,1139,1067,1075,978,1075,1063,1.0,0.7363830199651095,0.5781409601634321,yolo,6947,277.88
6573,262.92,1184,0.88720703125,1008,888,1143,1068,1075,978,1075,1064,1.0,0.7485475671750181,0.5955082742316785,yolo,6948,277.92
6574,262.96,1184,0.8740234375,1009,886,1146,1068,1077,977,1077,1064,1.0,0.7520325203252033,0.6129629629629629,yolo,6949,277.96
6575,263.0,1184,0.85693359375,1011,884,1149,1067,1080,975,1080,1063,1.0,0.7526678141135973,0.6316151202749141,yolo,6950,278.0
6576,263.04,1184,0.86865234375,1011,883,1151,1068,1081,975,1081,1064,1.0,0.7559523809523809,0.6342058562555457,yolo,6951,278.04
6577,263.08,1184,0.873046875,1011,882,1153,1067,1082,974,1082,1063,1.0,0.7517647058823529,0.634826526130874,yolo,6952,278.08
6578,263.12,1184,0.875,1012,881,1154,1067,1083,974,1083,1063,1.0,0.7569747899159663,0.637461572244181,yolo,6953,278.12
6579,263.16,1184,0.865234375,1012,881,1155,1067,1083,974,1083,1063,1.0,0.7553156146179402,0.6389130434782608,yolo,6954,278.16
6580,263.2,1184,0.85498046875,1011,880,1154,1068,1082,974,1082,1064,1.0,0.7319121447028424,0.6361702127659574,yolo,6955,278.2
6581,263.24,1184,0.8642578125,1011,879,1154,1067,1082,973,1082,1063,1.0,0.7330426356589147,0.6365957446808511,yolo,6956,278.24
6582,263.28,1184,0.87158203125,1011,879,1154,1067,1082,973,1082,1063,1.0,0.7159237726098191,0.5982978723404255,yolo,6957,278.28
6583,263.32,1184,0.8798828125,1012,878,1153,1068,1082,973,1082,1064,1.0,0.7053571428571429,0.5914025184541902,yolo,6958,278.32
6584,263.36,1184,0.8759765625,1011,877,1152,1068,1081,972,1081,1064,1.0,0.7003968253968254,0.5981328701693444,yolo,6959,278.36
6585,263.4,1184,0.865234375,1011,877,1152,1067,1081,972,1081,1063,1.0,0.6929563492063492,0.5946591402518454,yolo,6960,278.4
6586,263.44,1184,0.86083984375,1011,876,1151,1068,1081,972,1081,1064,1.0,0.6881930854533594,0.5928996598639455,yolo,6961,278.44
6587,263.48,1184,0.8662109375,1011,875,1151,1068,1081,971,1081,1064,1.0,0.6937377690802349,0.5990646258503401,yolo,6962,278.48
6588,263.52,1184,0.865234375,1013,875,1151,1068,1082,971,1082,1064,1.0,0.6893876877372503,0.6003006872852233,yolo,6963,278.52
6589,263.56,1184,0.8740234375,1013,874,1151,1067,1082,970,1082,1063,1.0,0.6931836936788249,0.6099656357388317,yolo,6964,278.56
6590,263.6,1184,0.87060546875,1012,874,1151,1067,1081,970,1081,1063,1.0,0.6890084801043705,0.6116071428571429,yolo,6965,278.6
6591,263.64,1184,0.86962890625,1012,873,1151,1068,1081,970,1081,1064,1.0,0.6814671814671814,0.6160714285714286,yolo,6966,278.64
6592,263.68,1184,0.873046875,1012,873,1152,1068,1082,970,1082,1064,1.0,0.6842020592020592,0.6186224489795918,yolo,6967,278.68
6593,263.72,1184,0.873046875,1011,873,1151,1068,1081,970,1081,1064,1.0,0.6801801801801802,0.6167091836734694,yolo,6968,278.72
6594,263.76,1184,0.8798828125,1011,873,1151,1068,1081,970,1081,1064,1.0,0.675997425997426,0.6103316326530612,yolo,6969,278.76
6595,263.8,1184,0.88427734375,1011,873,1151,1068,1081,970,1081,1064,1.0,0.681949806949807,0.6130952380952381,yolo,6970,278.8
6596,263.84,1184,0.88427734375,1011,873,1151,1068,1081,970,1081,1064,1.0,0.6792149292149292,0.6139455782312925,yolo,6971,278.84
6597,263.88,1184,0.8798828125,1010,872,1151,1068,1080,970,1080,1064,1.0,0.6843629343629344,0.6170345689296126,yolo,6972,278.88
6598,263.92,1184,0.88232421875,1009,872,1151,1068,1080,970,1080,1064,1.0,0.682670906200318,0.6186353329210472,yolo,6973,278.92
6599,263.96,1184,0.880859375,1009,872,1150,1068,1079,970,1079,1064,1.0,0.6787323037323038,0.6241149521032903,yolo,6974,278.96
6600,264.0,1184,0.88427734375,1010,872,1151,1067,1080,969,1080,1063,1.0,0.6790540540540541,0.6237244897959183,yolo,6975,279.0
6601,264.04,1184,0.88720703125,1010,872,1150,1067,1080,969,1080,1063,1.0,0.6837194337194337,0.6237244897959183,yolo,6976,279.04
6602,264.08,1184,0.888671875,1010,872,1150,1068,1080,970,1080,1064,1.0,0.6832368082368082,0.6239067055393586,yolo,6977,279.08
6603,264.12,1184,0.884765625,1010,872,1150,1068,1080,970,1080,1064,1.0,0.6912805662805663,0.6159933361099542,yolo,6978,279.12
6604,264.16,1184,0.88720703125,1010,872,1149,1068,1079,970,1079,1064,1.0,0.6862934362934363,0.6203665139525197,yolo,6979,279.16
6605,264.2,1184,0.888671875,1010,873,1148,1068,1079,970,1079,1064,1.0,0.6812113318137415,0.6063144329896907,yolo,6980,279.2
6606,264.24,1184,0.8896484375,1010,873,1148,1068,1079,970,1079,1064,1.0,0.6784435037447085,0.6039518900343642,yolo,6981,279.24
6607,264.28,1184,0.8896484375,1010,873,1147,1068,1078,970,1078,1064,1.0,0.6883651944627555,0.6041666666666666,yolo,6982,279.28
6608,264.32,1184,0.8916015625,1010,873,1147,1068,1078,970,1078,1064,1.0,0.6873764007910349,0.6006944444444444,yolo,6983,279.32
6609,264.36,1184,0.8916015625,1010,873,1146,1068,1078,970,1078,1064,1.0,0.6841841841841841,0.6006578947368421,yolo,6984,279.36
6610,264.4,1184,0.8896484375,1010,873,1146,1068,1078,970,1078,1064,1.0,0.6838505171838505,0.5910087719298246,yolo,6985,279.4
6611,264.44,1184,0.8916015625,1010,873,1145,1068,1077,970,1077,1064,1.0,0.6856856856856857,0.5902039007092199,yolo,6986,279.44
6612,264.48,1184,0.89501953125,1010,873,1144,1068,1077,970,1077,1064,1.0,0.6659993326659993,0.5786290322580645,yolo,6987,279.48
6613,264.52,1184,0.892578125,1010,873,1144,1068,1077,970,1077,1064,1.0,0.6795128461795128,0.5902777777777778,yolo,6988,279.52
6614,264.56,1184,0.88818359375,1009,873,1144,1068,1076,970,1076,1064,1.0,0.678345011678345,0.5986258865248227,yolo,6989,279.56
6615,264.6,1184,0.888671875,1009,873,1144,1068,1076,970,1076,1064,1.0,0.6816816816816816,0.5972960992907801,yolo,6990,279.6
6616,264.64,1184,0.8896484375,1009,873,1143,1068,1076,970,1076,1064,1.0,0.6720053386720053,0.589605734767025,yolo,6991,279.64
6617,264.68,1184,0.888671875,1009,873,1142,1068,1075,970,1075,1064,1.0,0.6692567567567568,0.5897606382978723,yolo,6992,279.68
6618,264.72,1184,0.8896484375,1009,873,1142,1068,1075,970,1075,1064,1.0,0.6658783783783784,0.5893173758865248,yolo,6993,279.72
6619,264.76,1184,0.888671875,1009,873,1142,1068,1075,970,1075,1064,1.0,0.6665540540540541,0.5908687943262412,yolo,6994,279.76
6620,264.8,1184,0.89111328125,1009,873,1142,1068,1075,970,1075,1064,1.0,0.664527027027027,0.5899822695035462,yolo,6995,279.8
6621,264.84,1184,0.8916015625,1009,873,1142,1068,1075,970,1075,1064,1.0,0.6658783783783784,0.5826684397163121,yolo,6996,279.84
6622,264.88,1184,0.892578125,1009,873,1142,1068,1075,970,1075,1064,1.0,0.6582770270270271,0.5549645390070922,yolo,6997,279.88
6623,264.92,1184,0.8955078125,1009,873,1142,1068,1075,970,1075,1064,1.0,0.6619932432432433,0.5558510638297872,yolo,6998,279.92
6624,264.96,1184,0.89404296875,1009,873,1142,1068,1075,970,1075,1064,1.0,0.6609797297297297,0.5556294326241135,yolo,6999,279.96
6625,265.0,1184,0.89404296875,1010,873,1142,1068,1076,970,1076,1064,1.0,0.671228190215532,0.5640681003584229,yolo,7000,280.0
6626,265.04,1184,0.89306640625,1010,873,1142,1068,1076,970,1076,1064,1.0,0.6671228190215532,0.5607078853046595,yolo,7001,280.04
6627,265.08,1184,0.89404296875,1010,872,1142,1067,1076,969,1076,1063,1.0,0.6695176188847075,0.5723566308243727,yolo,7002,280.08
6628,265.12,1184,0.896484375,1010,873,1142,1068,1076,970,1076,1064,1.0,0.6618200478959972,0.5685483870967742,yolo,7003,280.12
6629,265.16,1184,0.89697265625,1009,874,1141,1068,1075,971,1075,1064,1.0,0.6647280191583989,0.5472670250896058,yolo,7004,280.16
6630,265.2,1184,0.89892578125,1009,875,1140,1068,1074,971,1074,1064,1.0,0.6693010186160872,0.5357789855072463,yolo,7005,280.2
6631,265.24,1184,0.9033203125,1008,877,1140,1068,1074,972,1074,1064,1.0,0.670182841068917,0.5081217112788835,yolo,7006,280.24
6632,265.28,1184,0.90185546875,1007,879,1138,1067,1072,973,1072,1063,1.0,0.6549145299145299,0.4909805735430157,yolo,7007,280.28
6633,265.32,1184,0.88427734375,1006,882,1136,1068,1071,975,1071,1064,1.0,0.6368131868131868,0.4546106067845198,yolo,7008,280.32
6634,265.36,1184,0.87158203125,1007,885,1134,1068,1070,976,1070,1064,1.0,0.606015037593985,0.4148989898989899,yolo,7009,280.36
6635,265.4,1184,0.8759765625,1005,889,1132,1068,1068,978,1068,1064,1.0,0.5948142414860681,0.3793904958677686,yolo,7010,280.4
6636,265.44,1184,0.84716796875,1006,893,1128,1068,1067,980,1067,1064,1.0,0.5668327106683271,0.360328317373461,yolo,7011,280.44
6637,265.48,1184,0.9013671875,997,896,1124,1067,1060,981,1060,1063,1.0,0.4981781376518218,0.3612012987012987,yolo,7012,280.48
6638,265.52,1184,0.90185546875,991,899,1120,1067,1055,983,1055,1063,1.0,0.4503205128205128,0.3584656084656085,yolo,7013,280.52
6639,265.56,1184,0.8974609375,987,903,1117,1068,1052,985,1052,1064,1.0,0.4162531017369727,0.3457518091664433,yolo,7014,280.56
6640,265.6,1184,0.900390625,983,905,1111,1068,1047,986,1047,1064,1.0,0.3540008378718056,0.3654494382022472,yolo,7015,280.6
6641,265.64,1184,0.8955078125,980,906,1106,1068,1043,987,1043,1064,1.0,0.3438251366120218,0.4033707865168539,yolo,7016,280.64
6642,265.68,1184,0.888671875,977,907,1101,1068,1039,987,1039,1064,1.0,0.3186885245901639,0.4109195402298851,yolo,7017,280.68
6643,265.72,1184,0.87890625,975,908,1097,1067,1036,987,1036,1063,1.0,0.3285425555805075,0.4295625942684766,yolo,7018,280.72
6644,265.76,1184,0.875,972,911,1093,1067,1032,989,1032,1063,1.0,0.3095574387947269,0.431013431013431,yolo,7019,280.76
6645,265.8,1184,0.861328125,969,913,1089,1068,1029,990,1029,1064,1.0,0.2950191570881226,0.4310776942355889,yolo,7020,280.8
6646,265.84,1184,0.85791015625,966,914,1086,1068,1026,991,1026,1064,1.0,0.2855461393596987,0.425438596491228,yolo,7021,280.84
6647,265.88,1184,0.8740234375,964,914,1083,1068,1023,991,1023,1064,1.0,0.278954802259887,0.4113408521303258,yolo,7022,280.88
6648,265.92,1184,0.85986328125,962,914,1080,1068,1021,991,1021,1064,1.0,0.2764382907615182,0.4017121116043119,yolo,7023,280.92
6649,265.96,1184,0.86865234375,961,913,1078,1067,1019,990,1019,1063,1.0,0.2854721549636804,0.3921694480102696,yolo,7024,280.96
6650,266.0,1184,0.88330078125,961,913,1076,1067,1018,990,1018,1063,1.0,0.2849422746253992,0.387828947368421,yolo,7025,281.0
6651,266.04,1184,0.88330078125,961,913,1075,1067,1018,990,1018,1063,1.0,0.2802751166789486,0.3820786142571619,yolo,7026,281.04
6652,266.08,1184,0.880859375,962,912,1073,1067,1017,989,1017,1063,1.0,0.2708986415882967,0.3677462887989203,yolo,7027,281.08
6653,266.12,1184,0.87841796875,963,912,1072,1068,1017,990,1017,1064,1.0,0.270929635336415,0.3582995951417004,yolo,7028,281.12
6654,266.16,1184,0.873046875,963,911,1070,1068,1016,989,1016,1064,1.0,0.26015625,0.341995841995842,yolo,7029,281.16
6655,266.2,1184,0.87060546875,963,911,1068,1068,1015,989,1015,1064,1.0,0.2582010582010582,0.3225918225918226,yolo,7030,281.2
6656,266.24,1184,0.8740234375,963,910,1066,1068,1014,989,1014,1064,1.0,0.2575268817204301,0.3116096866096866,yolo,7031,281.24
6657,266.28,1184,0.8623046875,962,908,1064,1068,1013,988,1013,1064,1.0,0.2505464480874317,0.2908450704225352,yolo,7032,281.28
6658,266.32,1184,0.875,962,907,1062,1067,1012,987,1012,1063,1.0,0.2580555555555555,0.3,yolo,7033,281.32
6659,266.36,1184,0.8759765625,960,907,1060,1067,1010,987,1010,1063,1.0,0.2622222222222222,0.3071428571428571,yolo,7034,281.36
6660,266.4,1184,0.87158203125,959,906,1058,1068,1008,987,1008,1064,1.0,0.2786885245901639,0.3125,yolo,7035,281.4
6661,266.44,1184,0.873046875,955,905,1056,1068,1005,986,1005,1064,1.0,0.2884408602150538,0.3164285714285714,yolo,7036,281.44
6662,266.48,1184,0.8916015625,950,905,1053,1067,1001,986,1001,1063,1.0,0.2863564251718667,0.2993055555555555,yolo,7037,281.48
6663,266.52,1184,0.861328125,944,904,1050,1067,997,985,997,1063,1.0,0.271121351766513,0.28,yolo,7038,281.52
6668,266.72,1184,0.81640625,918,900,1042,1068,980,984,980,1064,1.0,0.250625,0.2665571975916803,yolo,7043,281.72
6671,266.84,1184,0.83544921875,910,896,1035,1068,972,982,972,1064,1.0,0.2594871794871795,0.2135306553911205,yolo,7046,281.84
6672,266.88,1184,0.8291015625,909,895,1035,1068,972,981,972,1064,1.0,0.2642424242424242,0.2134831460674157,yolo,7047,281.88
6673,266.92,1184,0.81884765625,908,893,1036,1068,972,980,972,1064,1.0,0.2817788272333726,0.2221060883198327,yolo,7048,281.92
6674,266.96,1184,0.81982421875,909,892,1035,1068,972,980,972,1064,1.0,0.2925373134328358,0.2139938712972421,yolo,7049,281.96
6675,267.0,1184,0.85205078125,911,891,1034,1068,972,979,972,1064,1.0,0.3100040338846309,0.2093023255813953,yolo,7050,282.0
6676,267.04,1184,0.87060546875,913,890,1034,1068,973,979,973,1064,1.0,0.3133169934640523,0.2343073593073593,yolo,7051,282.04
6677,267.08,1184,0.87255859375,916,889,1036,1067,976,978,976,1063,1.0,0.3488562091503268,0.2740800865800866,yolo,7052,282.08
6678,267.12,1184,0.8759765625,919,888,1039,1068,979,978,979,1064,1.0,0.3839869281045752,0.2867724867724868,yolo,7053,282.12
6679,267.16,1184,0.8818359375,923,888,1041,1068,982,978,982,1064,1.0,0.4157000828500414,0.302008032128514,yolo,7054,282.16
6680,267.2,1184,0.89404296875,926,887,1045,1068,985,977,985,1064,1.0,0.4532271241830065,0.324074074074074,yolo,7055,282.2
6681,267.24,1184,0.89013671875,928,886,1046,1068,987,977,987,1064,1.0,0.4654011022657685,0.3392235609103079,yolo,7056,282.24
6682,267.28,1184,0.88623046875,931,885,1049,1068,990,976,990,1064,1.0,0.4951710261569416,0.3378848728246318,yolo,7057,282.28
6683,267.32,1184,0.888671875,932,885,1050,1068,991,976,991,1064,1.0,0.5072434607645875,0.3408299866131191,yolo,7058,282.32
6684,267.36,1184,0.89404296875,931,884,1051,1068,991,976,991,1064,1.0,0.5168650793650794,0.3478260869565217,yolo,7059,282.36
6685,267.4,1184,0.892578125,931,883,1051,1068,991,975,991,1064,1.0,0.5238095238095238,0.3465320910973085,yolo,7060,282.4
6686,267.44,1184,0.89013671875,929,883,1051,1068,990,975,990,1064,1.0,0.5242661448140901,0.3347826086956522,yolo,7061,282.44
6687,267.48,1184,0.884765625,927,882,1050,1067,988,974,988,1063,1.0,0.5235521235521235,0.339737108190091,yolo,7062,282.48
6688,267.52,1184,0.87841796875,926,881,1049,1068,987,974,987,1064,1.0,0.5148458317472402,0.3404954499494438,yolo,7063,282.52
6689,267.56,1184,0.88232421875,924,881,1047,1068,985,974,985,1064,1.0,0.5152264940997335,0.3286147623862487,yolo,7064,282.56
6690,267.6,1184,0.87890625,922,880,1044,1068,983,974,983,1064,1.0,0.5019025875190258,0.3531914893617021,yolo,7065,282.6
6691,267.64,1184,0.87890625,920,880,1043,1068,981,974,981,1064,1.0,0.4990615615615615,0.3560118753092528,yolo,7066,282.64
6692,267.68,1184,0.8759765625,919,880,1045,1068,982,974,982,1064,1.0,0.5053703703703704,0.3686349509921109,yolo,7067,282.68
6693,267.72,1184,0.8798828125,917,880,1044,1068,980,974,980,1064,1.0,0.5058479532163743,0.3583172147001934,yolo,7068,282.72
6694,267.76,1184,0.8798828125,916,880,1045,1068,980,974,980,1064,1.0,0.5131766381766382,0.3617021276595745,yolo,7069,282.76
6695,267.8,1184,0.8798828125,916,880,1045,1068,980,974,980,1064,1.0,0.5172720797720798,0.3640661938534279,yolo,7070,282.8
6696,267.84,1184,0.8818359375,916,880,1045,1068,980,974,980,1064,1.0,0.5153133903133903,0.3605200945626478,yolo,7071,282.84
6697,267.88,1184,0.884765625,915,880,1046,1068,980,974,980,1064,1.0,0.5186965811965812,0.3457446808510638,yolo,7072,282.88
6698,267.92,1184,0.88232421875,915,880,1045,1067,980,973,980,1063,1.0,0.522390754785121,0.3401815575728619,yolo,7073,282.92
6699,267.96,1184,0.88720703125,915,880,1045,1067,980,973,980,1063,1.0,0.5220296135789093,0.342809364548495,yolo,7074,282.96
6700,268.0,1184,0.88623046875,916,880,1045,1068,980,974,980,1064,1.0,0.5142450142450142,0.3465721040189125,yolo,7075,283.0
6701,268.04,1184,0.884765625,917,880,1045,1068,981,974,981,1064,1.0,0.5185786435786436,0.3516614869710734,yolo,7076,283.04
6702,268.08,1184,0.89111328125,918,880,1044,1068,981,974,981,1064,1.0,0.5164814814814814,0.353813052832895,yolo,7077,283.08
6703,268.12,1184,0.88818359375,918,880,1044,1068,981,974,981,1064,1.0,0.5153703703703704,0.3394692804207506,yolo,7078,283.12
6704,268.16,1184,0.888671875,918,880,1043,1068,980,974,980,1064,1.0,0.5166666666666667,0.3351063829787234,yolo,7079,283.16
6705,268.2,1184,0.884765625,918,880,1043,1068,980,974,980,1064,1.0,0.5205555555555555,0.3566247582205029,yolo,7080,283.2
6706,268.24,1184,0.8857421875,917,880,1043,1068,980,974,980,1064,1.0,0.5196296296296297,0.3585943103036098,yolo,7081,283.24
6707,268.28,1184,0.88427734375,917,880,1043,1068,980,974,980,1064,1.0,0.5203703703703704,0.3533349270858236,yolo,7082,283.28
6708,268.32,1184,0.8916015625,916,880,1043,1068,979,974,979,1064,1.0,0.5034722222222222,0.3251934235976789,yolo,7083,283.32
6709,268.36,1184,0.89111328125,916,881,1043,1068,979,974,979,1064,1.0,0.5202001482579689,0.3401679841897233,yolo,7084,283.36
6710,268.4,1184,0.892578125,915,881,1044,1068,979,974,979,1064,1.0,0.5157096424702059,0.3480676328502415,yolo,7085,283.4
6711,268.44,1184,0.89111328125,914,881,1045,1068,979,974,979,1064,1.0,0.5151679306608884,0.3575141776937618,yolo,7086,283.44
6712,268.48,1184,0.896484375,912,881,1045,1068,978,974,978,1064,1.0,0.5051056338028169,0.3635522664199815,yolo,7087,283.48
6713,268.52,1184,0.88720703125,911,882,1045,1067,978,974,978,1063,1.0,0.5007054673721341,0.3749415614773259,yolo,7088,283.52
6714,268.56,1184,0.880859375,909,883,1046,1068,977,975,977,1064,1.0,0.4933797909407665,0.3713768115942029,yolo,7089,283.56
6715,268.6,1184,0.87890625,908,883,1045,1068,976,975,976,1064,1.0,0.490766550522648,0.4037590579710144,yolo,7090,283.6
6716,268.64,1184,0.86962890625,906,883,1044,1068,975,975,975,1064,1.0,0.489328743545611,0.4204392649036306,yolo,7091,283.64
6717,268.68,1184,0.861328125,904,885,1043,1068,973,976,973,1064,1.0,0.4784013605442176,0.419047619047619,yolo,7092,283.68
6718,268.72,1184,0.751953125,902,886,1039,1067,970,976,970,1063,1.0,0.4704088952654232,0.4039351851851852,yolo,7093,283.72
6719,268.76,1184,0.7607421875,900,886,1036,1068,968,977,968,1064,1.0,0.455358740382895,0.4011695906432748,yolo,7094,283.76
6720,268.8,1184,0.77197265625,898,887,1036,1068,967,977,967,1064,1.0,0.4507441530829199,0.4006872852233677,yolo,7095,283.8
6721,268.84,1184,0.69287109375,896,887,1035,1067,965,977,965,1063,1.0,0.4473039215686274,0.4040816326530612,yolo,7096,283.84
6722,268.88,1184,0.82080078125,895,886,1035,1067,965,976,965,1063,1.0,0.4476540616246499,0.4356009070294784,yolo,7097,283.88
6723,268.92,1184,0.7216796875,894,887,1035,1067,964,977,964,1063,1.0,0.4373249299719888,0.4240362811791383,yolo,7098,283.92
6724,268.96,1184,0.7373046875,892,888,1036,1067,964,977,964,1063,1.0,0.4261325219743069,0.4138163816381638,yolo,7099,283.96
6725,269.0,1184,0.716796875,891,888,1036,1068,963,978,963,1064,1.0,0.4126098715348208,0.4056644880174292,yolo,7100,284.0
6726,269.04,1184,0.67919921875,889,889,1036,1067,962,978,962,1063,1.0,0.3925467914438502,0.3823529411764705,yolo,7101,284.04
6728,269.12,1184,0.74462890625,887,891,1036,1068,961,979,961,1064,1.0,0.3734660033167495,0.3848339160839161,yolo,7103,284.12
6729,269.16,1184,0.74755859375,885,892,1037,1068,961,980,961,1064,1.0,0.3716581925537149,0.3714953271028037,yolo,7104,284.16
6730,269.2,1184,0.7578125,884,893,1038,1068,961,980,961,1064,1.0,0.3667318344737699,0.3475331449684851,yolo,7105,284.2
6731,269.24,1184,0.76611328125,883,893,1038,1068,960,980,960,1064,1.0,0.3623330074942978,0.3475452196382429,yolo,7106,284.24
6732,269.28,1184,0.73876953125,882,893,1038,1068,960,980,960,1064,1.0,0.3554903877484522,0.3362491999146575,yolo,7107,284.28
6733,269.32,1184,0.69580078125,882,897,1037,1068,959,982,959,1064,1.0,0.3591397849462365,0.3139329805996472,yolo,7108,284.32
6734,269.36,1184,0.66015625,880,896,1037,1068,958,982,958,1064,1.0,0.3630114566284779,0.3088794926004228,yolo,7109,284.36
6735,269.4,1184,0.7294921875,879,895,1037,1068,958,981,958,1064,1.0,0.3607655502392344,0.3138487324533836,yolo,7110,284.4
6736,269.44,1184,0.7548828125,879,894,1037,1068,958,981,958,1064,1.0,0.3574162679425837,0.3172009218520846,yolo,7111,284.44
6737,269.48,1184,0.77197265625,878,894,1038,1068,958,981,958,1064,1.0,0.3581123737373737,0.3224667774086379,yolo,7112,284.48
6738,269.52,1184,0.751953125,878,893,1038,1068,958,980,958,1064,1.0,0.3678977272727273,0.3168604651162791,yolo,7113,284.52
6739,269.56,1184,0.7578125,878,893,1038,1068,958,980,958,1064,1.0,0.3707386363636363,0.3187292358803987,yolo,7114,284.56
6740,269.6,1184,0.75341796875,878,893,1038,1068,958,980,958,1064,1.0,0.3694760101010101,0.3133305647840531,yolo,7115,284.6
6741,269.64,1184,0.71533203125,878,894,1037,1068,957,981,957,1064,1.0,0.3745265151515151,0.324750830564784,yolo,7116,284.64
6742,269.68,1184,0.615234375,878,895,1036,1068,957,981,957,1064,1.0,0.3741626794258373,0.3159438508275717,yolo,7117,284.68
6743,269.72,1184,0.64794921875,878,896,1036,1068,957,982,957,1064,1.0,0.3807287449392713,0.3096584957050073,yolo,7118,284.72
6744,269.76,1184,0.5439453125,877,896,1035,1068,956,982,956,1064,1.0,0.3826720647773279,0.3029541169076052,yolo,7119,284.76
6745,269.8,1184,0.5078125,878,896,1034,1068,956,982,956,1064,1.0,0.3877584780810587,0.3031790057606144,yolo,7120,284.8
6746,269.84,1184,0.5908203125,878,896,1034,1068,956,982,956,1064,1.0,0.3857733664185277,0.3031790057606144,yolo,7121,284.84
6747,269.88,1184,0.544921875,878,896,1034,1068,956,982,956,1064,1.0,0.3894127377998346,0.3036057179432472,yolo,7122,284.88
6748,269.92,1184,0.62255859375,879,895,1034,1067,956,981,956,1063,1.0,0.3857733664185277,0.312015503875969,yolo,7123,284.92
6752,270.08,1184,0.57177734375,880,895,1035,1067,957,981,957,1063,1.0,0.3842845326716294,0.320198105081826,yolo,7127,285.08
6753,270.12,1184,0.546875,880,895,1036,1067,958,981,958,1063,1.0,0.3877584780810587,0.3398762534670365,yolo,7128,285.12
6754,270.16,1184,0.77587890625,881,895,1037,1067,959,981,959,1063,1.0,0.3788254755996691,0.3422231704715169,yolo,7129,285.16
6755,270.2,1184,0.642578125,883,895,1038,1068,960,981,960,1064,1.0,0.3695014662756598,0.3512058570198105,yolo,7130,285.2
6756,270.24,1184,0.71533203125,883,896,1039,1068,961,982,961,1064,1.0,0.3784946236559139,0.3486238532110092,yolo,7131,285.24
6757,270.28,1184,0.70263671875,884,896,1039,1068,961,982,961,1064,1.0,0.3765095119933829,0.3516365202411714,yolo,7132,285.28
6758,270.32,1184,0.716796875,886,896,1040,1068,963,982,963,1064,1.0,0.371712158808933,0.3436209519669637,yolo,7133,285.32
6759,270.36,1184,0.822265625,889,896,1040,1068,964,982,964,1064,1.0,0.3806837606837607,0.3541026766125493,yolo,7134,285.36
6760,270.4,1184,0.7431640625,892,896,1041,1068,966,982,966,1064,1.0,0.3817094017094017,0.3678443649373882,yolo,7135,285.4
6761,270.44,1184,0.763671875,897,897,1044,1067,970,982,970,1063,1.0,0.4044744318181818,0.3874883286647992,yolo,7136,285.44
6762,270.48,1184,0.83984375,901,898,1045,1068,973,983,973,1064,1.0,0.4019396551724138,0.3842527109853842,yolo,7137,285.48
6763,270.52,1184,0.85595703125,906,898,1049,1068,977,983,977,1064,1.0,0.3989825581395348,0.3895238095238095,yolo,7138,285.52
6764,270.56,1184,0.87060546875,909,900,1053,1068,981,984,981,1064,1.0,0.3938577586206896,0.3477133427628477,yolo,7139,285.56
6765,270.6,1184,0.87060546875,912,901,1058,1068,985,984,985,1064,1.0,0.3805874840357598,0.3303338858631304,yolo,7140,285.6
6767,270.68,1453,0.90673828125,1080,881,1192,1068,1136,974,1136,1064,1.0,0.5276434727769602,0.0,yolo,7142,285.68
6768,270.72,1453,0.89013671875,1077,881,1189,1068,1133,974,1133,1064,1.0,0.5230187092705487,0.0,yolo,7143,285.72
6769,270.76,1453,0.89404296875,1074,880,1185,1068,1129,974,1129,1064,1.0,0.5176767676767676,0.0,yolo,7144,285.76
6770,270.8,1453,0.89404296875,1071,880,1182,1067,1126,973,1126,1063,1.0,0.518992744344857,0.0,yolo,7145,285.8
6771,270.84,1453,0.90283203125,1068,879,1179,1067,1123,973,1123,1063,1.0,0.5166245791245792,0.0,yolo,7146,285.84
6772,270.88,1453,0.8955078125,1065,878,1177,1068,1121,973,1121,1064,1.0,0.5385572139303483,0.0,yolo,7147,285.88
6773,270.92,1453,0.89501953125,1063,879,1174,1068,1118,973,1118,1064,1.0,0.5471380471380471,0.0,yolo,7148,285.92
6774,270.96,1453,0.89697265625,1061,879,1172,1068,1116,973,1116,1064,1.0,0.5448232323232324,0.0,yolo,7149,285.96
6775,271.0,1453,0.9013671875,1060,878,1170,1068,1115,973,1115,1064,1.0,0.5486111111111112,0.0,yolo,7150,286.0
6776,271.04,1453,0.9033203125,1060,879,1170,1067,1115,973,1115,1063,1.0,0.5492424242424242,0.0,yolo,7151,286.04
6777,271.08,1453,0.90478515625,1060,879,1170,1067,1115,973,1115,1063,1.0,0.5488215488215489,0.0,yolo,7152,286.08
6778,271.12,1453,0.9033203125,1061,881,1171,1067,1116,974,1116,1063,1.0,0.5664502164502164,0.0,yolo,7153,286.12
6779,271.16,1453,0.90576171875,1061,882,1172,1068,1116,975,1116,1064,1.0,0.5651515151515152,0.0,yolo,7154,286.16
6780,271.2,1453,0.90283203125,1063,884,1173,1067,1118,975,1118,1063,1.0,0.5556277056277056,0.0,yolo,7155,286.2
6781,271.24,1453,0.89501953125,1065,886,1175,1067,1120,976,1120,1063,1.0,0.5724153297682709,0.0,yolo,7156,286.24
6782,271.28,1453,0.900390625,1067,888,1177,1067,1122,977,1122,1063,1.0,0.5675133689839572,0.0,yolo,7157,286.28
6783,271.32,1453,0.888671875,1070,889,1180,1067,1125,978,1125,1063,1.0,0.5561497326203209,0.0,yolo,7158,286.32
6784,271.36,1453,0.88720703125,1073,892,1183,1067,1128,979,1128,1063,1.0,0.5606060606060606,0.0,yolo,7159,286.36
6785,271.4,1453,0.89404296875,1077,894,1187,1068,1132,981,1132,1064,1.0,0.5486685032139578,0.0,yolo,7160,286.4
6786,271.44,1453,0.9052734375,1080,895,1190,1068,1135,981,1135,1064,1.0,0.5378787878787878,0.0,yolo,7161,286.44
6787,271.48,1453,0.908203125,1082,897,1192,1067,1137,982,1137,1063,1.0,0.5300662878787878,0.0,yolo,7162,286.48
6788,271.52,1453,0.908203125,1085,898,1194,1068,1139,983,1139,1064,1.0,0.5208333333333334,0.0,yolo,7163,286.52
6789,271.56,1453,0.9072265625,1086,899,1195,1067,1140,983,1140,1063,1.0,0.4985795454545454,0.0,yolo,7164,286.56
6790,271.6,1453,0.9052734375,1086,901,1196,1068,1141,984,1141,1064,1.0,0.5026455026455027,0.0,yolo,7165,286.6
6791,271.64,1453,0.8974609375,1086,903,1196,1068,1141,985,1141,1064,1.0,0.5029325513196481,0.0,yolo,7166,286.64
6792,271.68,1453,0.8955078125,1086,904,1196,1067,1141,985,1141,1063,1.0,0.4880254154447703,0.0,yolo,7167,286.68
6793,271.72,1453,0.89697265625,1085,906,1195,1068,1140,987,1140,1064,1.0,0.485096870342772,0.0,yolo,7168,286.72
6794,271.76,1453,0.89306640625,1083,907,1194,1067,1138,987,1138,1063,1.0,0.4707070707070707,0.0,yolo,7169,286.76
6795,271.8,1453,0.89306640625,1080,908,1192,1068,1136,988,1136,1064,1.0,0.4572139303482587,0.0,yolo,7170,286.8
6813,272.52,1453,0.810546875,989,943,1102,1068,1045,1005,1045,1065,1.0,0.3451188986232791,0.0798387096774193,yolo,7188,287.52
6814,272.56,1453,0.82666015625,988,943,1099,1068,1043,1005,1043,1065,1.0,0.3833010960670535,0.1062861869313482,yolo,7189,287.56
6815,272.6,1453,0.8232421875,986,943,1097,1067,1041,1005,1041,1064,1.0,0.3936170212765957,0.1215880893300248,yolo,7190,287.6
6816,272.64,1453,0.806640625,983,942,1093,1068,1038,1005,1038,1065,1.0,0.432449494949495,0.1374109761206535,yolo,7191,287.64
6817,272.68,1453,0.708984375,980,940,1090,1068,1035,1004,1035,1065,1.0,0.4347557204700061,0.161525974025974,yolo,7192,287.68
6818,272.72,1453,0.6943359375,978,938,1088,1068,1033,1003,1033,1065,1.0,0.4458874458874459,0.1919642857142857,yolo,7193,287.72
6819,272.76,1453,0.7041015625,976,935,1084,1068,1030,1001,1030,1065,1.0,0.4467571644042232,0.225050505050505,yolo,7194,287.76
6820,272.8,1453,0.70751953125,974,931,1082,1068,1028,999,1028,1065,1.0,0.4245562130177515,0.2674509803921568,yolo,7195,287.8
6821,272.84,1453,0.65478515625,971,928,1079,1068,1025,998,1025,1065,1.0,0.4281567489114659,0.3001904761904762,yolo,7196,287.84
6824,272.96,1453,0.75048828125,963,927,1070,1067,1016,997,1016,1064,1.0,0.4952830188679245,0.3289575289575289,yolo,7199,287.96
6825,273.0,1453,0.8056640625,960,926,1068,1067,1014,996,1014,1064,1.0,0.4992743105950653,0.328,yolo,7200,288.0
6826,273.04,1453,0.83642578125,957,926,1066,1067,1011,996,1011,1064,1.0,0.5068610634648371,0.3203007518796992,yolo,7201,288.04
6827,273.08,1453,0.85498046875,953,927,1063,1067,1008,997,1008,1064,1.0,0.5188679245283019,0.3072356215213358,yolo,7202,288.08
6828,273.12,1453,0.81640625,950,927,1060,1067,1005,997,1005,1064,1.0,0.516295025728988,0.2987012987012987,yolo,7203,288.12
6829,273.16,1453,0.7705078125,946,927,1056,1067,1001,997,1001,1064,1.0,0.5117209834190967,0.2742115027829313,yolo,7204,288.16
6830,273.2,1453,0.81640625,942,927,1052,1067,997,997,997,1064,1.0,0.5011435105774729,0.2371057513914656,yolo,7205,288.2
6831,273.24,1453,0.85400390625,938,927,1050,1067,994,997,994,1064,1.0,0.4976063080822303,0.2104882459312839,yolo,7206,288.24
6832,273.28,1453,0.82568359375,934,927,1047,1067,990,997,990,1064,1.0,0.4950055493895671,0.1757142857142857,yolo,7207,288.28
6833,273.32,1453,0.7548828125,930,927,1041,1067,985,997,985,1064,1.0,0.495997712978845,0.1161172161172161,yolo,7208,288.32
6834,273.36,1453,0.830078125,927,928,1041,1067,984,997,984,1064,1.0,0.4837298331966092,0.1031273268801191,yolo,7209,288.36
6835,273.4,1453,0.841796875,923,927,1039,1067,981,997,981,1064,1.0,0.4820891441071916,0.0843033509700176,yolo,7210,288.4
6836,273.44,1453,0.86865234375,920,927,1037,1068,978,997,978,1065,1.0,0.4757412398921833,0.0630662020905923,yolo,7211,288.44
6837,273.48,1453,0.84912109375,918,927,1035,1067,976,997,976,1064,1.0,0.4716981132075472,0.0393728222996515,yolo,7212,288.48
6838,273.52,1453,0.83984375,915,927,1035,1067,975,997,975,1064,1.0,0.4544025157232704,0.0374149659863945,yolo,7213,288.52
6839,273.56,1453,0.83203125,913,928,1035,1068,974,998,974,1065,1.0,0.4698888601705867,0.0272268907563025,yolo,7214,288.56
6840,273.6,1453,0.82763671875,911,928,1034,1068,972,998,972,1065,1.0,0.4574196838347781,0.0205980066445182,yolo,7215,288.6
6842,273.68,1453,0.7880859375,908,929,1029,1067,968,998,968,1064,1.0,0.4559748427672956,0.0,yolo,7217,288.68
6843,273.72,1453,0.7607421875,906,930,1025,1067,965,998,965,1064,1.0,0.4612713675213675,0.0,yolo,7218,288.72
6844,273.76,1453,0.7431640625,905,931,1017,1068,961,999,961,1065,1.0,0.4790470723306544,0.0,yolo,7219,288.76
6845,273.8,1453,0.79052734375,904,931,1018,1068,961,999,961,1065,1.0,0.4701783723522854,0.0,yolo,7220,288.8
6846,273.84,1453,0.8173828125,903,932,1018,1067,960,999,960,1064,1.0,0.4768400113668656,0.0,yolo,7221,288.84
6847,273.88,1453,0.7744140625,903,932,1017,1067,960,999,960,1064,1.0,0.4663256606990622,0.0,yolo,7222,288.88
6848,273.92,1453,0.77978515625,902,933,1015,1068,958,1000,958,1065,1.0,0.4780853517877739,0.0,yolo,7223,288.92
6849,273.96,1453,0.78515625,900,933,1014,1068,957,1000,957,1065,1.0,0.4697357203751066,0.0,yolo,7224,288.96
6850,274.0,1453,0.79296875,899,934,1014,1067,956,1000,956,1064,1.0,0.4668940039784029,0.0,yolo,7225,289.0
6851,274.04,1453,0.796875,899,935,1015,1068,957,1001,957,1065,1.0,0.4802500710429099,0.0,yolo,7226,289.04
6852,274.08,1453,0.80322265625,898,936,1017,1068,957,1002,957,1065,1.0,0.4697222222222222,0.0,yolo,7227,289.08
6853,274.12,1453,0.77734375,898,936,1016,1068,957,1002,957,1065,1.0,0.4746478873239436,0.0,yolo,7228,289.12
6854,274.16,1453,0.7607421875,897,937,1016,1067,956,1002,956,1064,1.0,0.4679705215419501,0.0,yolo,7229,289.16
6855,274.2,1453,0.79931640625,896,938,1016,1067,956,1002,956,1064,1.0,0.4662698412698413,0.0,yolo,7230,289.2
6856,274.24,1453,0.79443359375,894,939,1017,1068,955,1003,955,1065,1.0,0.4660783232211803,0.0,yolo,7231,289.24
6857,274.28,1453,0.78662109375,894,939,1017,1067,955,1003,955,1064,1.0,0.4572531715388858,0.0,yolo,7232,289.28
6858,274.32,1453,0.78125,894,940,1016,1067,955,1003,955,1064,1.0,0.4637557077625571,0.0,yolo,7233,289.32
6859,274.36,1453,0.7958984375,893,941,1016,1068,954,1004,954,1065,1.0,0.4718468468468468,0.0,yolo,7234,289.36
6860,274.4,1453,0.796875,892,941,1016,1068,954,1004,954,1065,1.0,0.46,0.0,yolo,7235,289.4
6861,274.44,1453,0.796875,892,942,1016,1067,954,1004,954,1064,1.0,0.4658156028368794,0.0,yolo,7236,289.44
6862,274.48,1453,0.81298828125,892,942,1016,1067,954,1004,954,1064,1.0,0.4502127659574468,0.0,yolo,7237,289.48
6864,274.56,1453,0.8017578125,890,943,1016,1068,953,1005,953,1065,1.0,0.4570212765957447,0.0,yolo,7239,289.56
6865,274.6,1453,0.79833984375,890,943,1016,1068,953,1005,953,1065,1.0,0.4539007092198581,0.0,yolo,7240,289.6
6866,274.64,1453,0.76904296875,890,943,1016,1068,953,1005,953,1065,1.0,0.4502127659574468,0.0,yolo,7241,289.64
6910,276.4,1453,0.85009765625,920,951,1056,1067,988,1009,988,1064,1.0,0.468013468013468,0.0312159709618874,yolo,7285,291.4
6911,276.44,1453,0.8681640625,924,947,1057,1068,990,1007,990,1065,1.0,0.4785326086956522,0.0620567375886524,yolo,7286,291.44
6912,276.48,1453,0.85986328125,929,943,1059,1067,994,1005,994,1064,1.0,0.4615384615384615,0.0950017724211272,yolo,7287,291.48
6913,276.52,1453,0.79833984375,937,939,1062,1067,999,1003,999,1064,1.0,0.4868027210884353,0.1356534090909091,yolo,7288,291.52
6914,276.56,1453,0.82080078125,944,937,1066,1068,1005,1002,1005,1065,1.0,0.4668716801789209,0.1588235294117647,yolo,7289,291.56
6915,276.6,1453,0.70751953125,950,937,1072,1068,1011,1002,1011,1065,1.0,0.4909141738887336,0.1588235294117647,yolo,7290,291.6
6916,276.64,1453,0.85400390625,958,932,1078,1068,1018,1000,1018,1065,1.0,0.4327342047930283,0.1925770308123249,yolo,7291,291.64
6917,276.68,1453,0.85986328125,966,930,1085,1068,1025,999,1025,1065,1.0,0.4040880503144654,0.1540616246498599,yolo,7292,291.68
6918,276.72,1453,0.8681640625,975,928,1094,1068,1034,998,1034,1065,1.0,0.3996331236897275,0.051360544217687,yolo,7293,291.72
6927,277.08,1453,0.85986328125,1015,913,1129,1068,1072,990,1072,1064,1.0,0.4517741129435282,0.0263157894736842,yolo,7302,292.08
6929,277.16,1453,0.8623046875,1017,911,1131,1068,1074,989,1074,1064,1.0,0.4596618357487922,0.0181759169100941,yolo,7304,292.16
6930,277.2,1453,0.8623046875,1017,910,1131,1068,1074,989,1074,1064,1.0,0.451207729468599,0.0191496267445634,yolo,7305,292.2
6932,277.28,1453,0.86865234375,1017,909,1130,1068,1073,988,1073,1064,1.0,0.4674541947926711,0.0256410256410256,yolo,7307,292.28
6933,277.32,1453,0.87255859375,1017,907,1129,1068,1073,987,1073,1064,1.0,0.467580132126254,0.0268987341772151,yolo,7308,292.32
6934,277.36,1453,0.86962890625,1017,907,1129,1067,1073,987,1073,1063,1.0,0.4746268656716418,0.0265822784810126,yolo,7309,292.36
6935,277.4,1453,0.8642578125,1016,906,1129,1068,1072,987,1072,1064,1.0,0.4766152362584378,0.029375,yolo,7310,292.4
6936,277.44,1453,0.87158203125,1017,905,1130,1068,1073,986,1073,1064,1.0,0.4793643263757116,0.02625,yolo,7311,292.44
6937,277.48,1453,0.85595703125,1017,904,1130,1067,1073,985,1073,1063,1.0,0.4791271347248577,0.0275,yolo,7312,292.48
6938,277.52,1453,0.85205078125,1018,903,1132,1068,1075,985,1075,1064,1.0,0.4869097709209911,0.0209941339919728,yolo,7313,292.52
6939,277.56,1453,0.8623046875,1021,902,1134,1068,1077,985,1077,1064,1.0,0.4932306255835668,0.0189024390243902,yolo,7314,292.56
6940,277.6,1453,0.880859375,1025,902,1136,1067,1080,984,1080,1063,1.0,0.4975562072336266,0.0090681676047529,yolo,7315,292.6
6941,277.64,1453,0.8916015625,1028,901,1138,1067,1083,984,1083,1063,1.0,0.5033670033670034,0.0003167564143173,yolo,7316,292.64
6942,277.68,1453,0.88720703125,1031,900,1140,1067,1085,983,1085,1063,1.0,0.5002405002405003,0.0,yolo,7317,292.68
6943,277.72,1453,0.88232421875,1033,899,1143,1067,1088,983,1088,1063,1.0,0.5028409090909091,0.0,yolo,7318,292.72
6944,277.76,1453,0.892578125,1036,899,1145,1067,1090,983,1090,1063,1.0,0.5073390151515151,0.0,yolo,7319,292.76
6945,277.8,1453,0.88818359375,1038,898,1147,1068,1092,983,1092,1064,1.0,0.5175189393939394,0.0,yolo,7320,292.8
6946,277.84,1453,0.88818359375,1040,898,1148,1067,1094,982,1094,1063,1.0,0.5159763313609468,0.0,yolo,7321,292.84
6947,277.88,1453,0.8857421875,1041,898,1148,1067,1094,982,1094,1063,1.0,0.5149038461538461,0.0,yolo,7322,292.88
6948,277.92,1453,0.88427734375,1042,898,1148,1068,1095,983,1095,1064,1.0,0.5200892857142857,0.0,yolo,7323,292.92
6949,277.96,1453,0.88330078125,1043,899,1147,1067,1095,983,1095,1063,1.0,0.5158730158730159,0.0,yolo,7324,292.96
6950,278.0,1453,0.8798828125,1043,900,1146,1068,1094,984,1094,1064,1.0,0.5206653225806451,0.0,yolo,7325,293.0
6951,278.04,1453,0.87841796875,1042,902,1144,1068,1093,985,1093,1064,1.0,0.5245901639344263,0.0,yolo,7326,293.04
6952,278.08,1453,0.875,1041,903,1142,1067,1091,985,1091,1063,1.0,0.5124338624338625,0.0,yolo,7327,293.08
6953,278.12,1453,0.89111328125,1039,906,1140,1067,1089,986,1089,1063,1.0,0.5289617486338798,0.0,yolo,7328,293.12
6954,278.16,1453,0.88427734375,1038,909,1136,1067,1087,988,1087,1063,1.0,0.5186440677966102,0.0,yolo,7329,293.16
6955,278.2,1453,0.8759765625,1034,913,1132,1067,1083,990,1083,1063,1.0,0.5259982763573686,0.0,yolo,7330,293.2
6956,278.24,1453,0.86962890625,1029,916,1127,1067,1078,991,1078,1063,1.0,0.5206660719595599,0.0,yolo,7331,293.24
6957,278.28,1453,0.87646484375,1023,920,1122,1067,1072,993,1072,1064,1.0,0.5104166666666666,0.0,yolo,7332,293.28
6958,278.32,1453,0.861328125,1014,923,1117,1067,1065,995,1065,1064,1.0,0.4780058651026393,0.0,yolo,7333,293.32
6959,278.36,1453,0.79833984375,1007,926,1110,1067,1058,996,1058,1064,1.0,0.4808277541083384,0.0007936507936507,yolo,7334,293.36
6960,278.4,1453,0.763671875,999,928,1104,1068,1051,998,1051,1065,1.0,0.4746930218628332,0.0096525096525096,yolo,7335,293.4
6962,278.48,1453,0.69580078125,990,928,1095,1068,1042,998,1042,1065,1.0,0.444743935309973,0.0521235521235521,yolo,7337,293.48
6963,278.52,1453,0.78662109375,986,931,1090,1068,1038,999,1038,1065,1.0,0.4523809523809524,0.1031426269137792,yolo,7338,293.52
6964,278.56,1453,0.82763671875,982,934,1087,1067,1034,1000,1034,1064,1.0,0.4786803610333022,0.1068796068796068,yolo,7339,293.56
6965,278.6,1453,0.80078125,978,935,1085,1068,1031,1001,1031,1065,1.0,0.4911151960784313,0.1474201474201474,yolo,7340,293.6
6966,278.64,1453,0.71044921875,973,935,1083,1068,1028,1001,1028,1065,1.0,0.4705882352941176,0.1629279811097992,yolo,7341,293.64
6967,278.68,1453,0.7958984375,970,935,1080,1068,1025,1001,1025,1065,1.0,0.4750445632798574,0.1597796143250688,yolo,7342,293.68
6968,278.72,1453,0.64599609375,966,933,1078,1067,1022,1000,1022,1064,1.0,0.4389815627743634,0.1795166858457997,yolo,7343,293.72
6969,278.76,1453,0.66015625,963,934,1075,1067,1019,1000,1019,1064,1.0,0.4618086040386304,0.1752972765630993,yolo,7344,293.76
6970,278.8,1453,0.71240234375,959,935,1071,1067,1015,1001,1015,1064,1.0,0.4832835820895522,0.1568853087840429,yolo,7345,293.8
6971,278.84,1453,0.78125,957,933,1068,1067,1012,1000,1012,1064,1.0,0.4756387403446227,0.1798756798756798,yolo,7346,293.84
6972,278.88,1453,0.8232421875,954,931,1065,1067,1009,999,1009,1064,1.0,0.4682115270350565,0.196078431372549,yolo,7347,293.88
6973,278.92,1453,0.85791015625,952,928,1061,1067,1006,997,1006,1064,1.0,0.4476843910806174,0.2321981424148606,yolo,7348,293.92
6974,278.96,1453,0.830078125,950,928,1058,1067,1004,997,1004,1064,1.0,0.471988388969521,0.2356862745098039,yolo,7349,293.96
6975,279.0,1453,0.80078125,949,925,1055,1068,1002,996,1002,1065,1.0,0.4894179894179894,0.238095238095238,yolo,7350,294.0
6976,279.04,1453,0.796875,947,922,1050,1068,998,995,998,1065,1.0,0.5043988269794721,0.2013888888888889,yolo,7351,294.04
6977,279.08,1453,0.83203125,945,919,1047,1068,996,993,996,1065,1.0,0.5182628702904803,0.1728207080319756,yolo,7352,294.08
6978,279.12,1453,0.8388671875,943,917,1046,1068,994,992,994,1064,1.0,0.5263157894736842,0.1531531531531531,yolo,7353,294.12
6979,279.16,1453,0.8388671875,941,914,1045,1068,993,991,993,1064,1.0,0.515469464622007,0.1398702235039653,yolo,7354,294.16
6980,279.2,1453,0.81396484375,938,913,1044,1068,991,990,991,1064,1.0,0.5210727969348659,0.1308771929824561,yolo,7355,294.2
6981,279.24,1453,0.81298828125,936,911,1044,1068,990,989,990,1064,1.0,0.5133333333333333,0.1237606837606837,yolo,7356,294.24
6982,279.28,1453,0.6259765625,932,911,1037,1068,984,989,984,1064,1.0,0.5201058201058201,0.0689535689535689,yolo,7357,294.28
6983,279.32,1453,0.5302734375,930,909,1038,1067,984,988,984,1063,1.0,0.5074358974358975,0.0625641025641025,yolo,7358,294.32
6984,279.36,1453,0.77880859375,927,909,1034,1067,980,988,980,1063,1.0,0.5145833333333333,0.0329175329175329,yolo,7359,294.36
6985,279.4,1453,0.85986328125,923,909,1033,1067,978,988,978,1063,1.0,0.5148989898989899,0.0273060273060273,yolo,7360,294.4
6986,279.44,1453,0.85107421875,920,908,1030,1068,975,988,975,1064,1.0,0.5207070707070707,0.0074675324675324,yolo,7361,294.44
6987,279.48,1453,0.86328125,916,908,1025,1068,970,988,970,1064,1.0,0.5303030303030303,0.0,yolo,7362,294.48
6988,279.52,1453,0.85302734375,912,908,1022,1068,967,988,967,1064,1.0,0.5303030303030303,0.0,yolo,7363,294.52
6989,279.56,1453,0.8662109375,908,908,1019,1068,963,988,963,1064,1.0,0.5351010101010101,0.0,yolo,7364,294.56
6990,279.6,1453,0.85986328125,905,908,1019,1068,962,988,962,1064,1.0,0.528743961352657,0.0,yolo,7365,294.6
6991,279.64,1453,0.8388671875,901,908,1014,1068,957,988,957,1064,1.0,0.5377450980392157,0.0,yolo,7366,294.64
6992,279.68,1453,0.8662109375,898,908,1013,1068,955,988,955,1064,1.0,0.543719806763285,0.0,yolo,7367,294.68
6993,279.72,1453,0.87841796875,896,908,1011,1068,953,988,953,1064,1.0,0.5514492753623188,0.0,yolo,7368,294.72
6994,279.76,1453,0.875,895,907,1010,1068,952,987,952,1064,1.0,0.5483487764314564,0.0,yolo,7369,294.76
6995,279.8,1453,0.87646484375,894,906,1009,1068,951,987,951,1064,1.0,0.5386077453076741,0.0,yolo,7370,294.8
6996,279.84,1453,0.87646484375,893,905,1009,1068,951,986,951,1064,1.0,0.5388031790556335,0.0,yolo,7371,294.84
6997,279.88,1453,0.87744140625,893,905,1008,1068,950,986,950,1064,1.0,0.544179523141655,0.0,yolo,7372,294.88
6998,279.92,1453,0.87646484375,893,904,1009,1068,951,986,951,1064,1.0,0.5387623648493214,0.0,yolo,7373,294.92
6999,279.96,1453,0.87744140625,894,903,1009,1068,951,985,951,1064,1.0,0.5359981299672745,0.0,yolo,7374,294.96
7000,280.0,1453,0.87744140625,896,903,1011,1068,953,985,953,1064,1.0,0.5434782608695652,0.0,yolo,7375,295.0
7001,280.04,1453,0.87158203125,897,902,1012,1068,954,985,954,1064,1.0,0.5415228893489763,0.0,yolo,7376,295.04
7002,280.08,1453,0.8759765625,898,902,1013,1067,955,984,955,1063,1.0,0.541374474053296,0.0,yolo,7377,295.08
7003,280.12,1453,0.8759765625,900,902,1014,1067,957,984,957,1063,1.0,0.5516596540439458,0.0,yolo,7378,295.12
7004,280.16,1453,0.88330078125,901,901,1016,1067,958,984,958,1063,1.0,0.5472739820565907,0.0,yolo,7379,295.16
7005,280.2,1453,0.88232421875,903,901,1017,1068,960,984,960,1064,1.0,0.5525649873475961,0.0,yolo,7380,295.2
7006,280.24,1453,0.884765625,905,901,1019,1068,962,984,962,1064,1.0,0.5573959052219922,0.0,yolo,7381,295.24
7007,280.28,1453,0.8818359375,906,901,1020,1068,963,984,963,1064,1.0,0.5606165171382562,0.0,yolo,7382,295.28
7008,280.32,1453,0.884765625,907,901,1021,1068,964,984,964,1064,1.0,0.5606165171382562,0.0,yolo,7383,295.32
7009,280.36,1453,0.8818359375,907,900,1022,1068,964,984,964,1064,1.0,0.5502717391304348,0.0,yolo,7384,295.36
7010,280.4,1453,0.884765625,907,900,1022,1068,964,984,964,1064,1.0,0.5498188405797102,0.0,yolo,7385,295.4
7011,280.44,1453,0.884765625,906,900,1021,1068,963,984,963,1064,1.0,0.5536684782608695,0.0,yolo,7386,295.44
7012,280.48,1453,0.88818359375,906,900,1020,1068,963,984,963,1064,1.0,0.5548007246376812,0.0,yolo,7387,295.48
7013,280.52,1453,0.884765625,905,901,1020,1068,962,984,962,1064,1.0,0.5642972164711295,0.0,yolo,7388,295.52
7014,280.56,1453,0.88232421875,904,900,1019,1068,961,984,961,1064,1.0,0.5566123188405797,0.0,yolo,7389,295.56
7015,280.6,1453,0.87744140625,903,900,1018,1068,960,984,960,1064,1.0,0.5557065217391305,0.0,yolo,7390,295.6
7016,280.64,1453,0.8818359375,901,900,1017,1068,959,984,959,1064,1.0,0.5604619565217391,0.0,yolo,7391,295.64
7017,280.68,1453,0.87646484375,900,900,1017,1068,958,984,958,1064,1.0,0.5584821428571428,0.0,yolo,7392,295.68
7018,280.72,1453,0.8671875,899,900,1016,1067,957,983,957,1063,1.0,0.5526077097505669,0.0,yolo,7393,295.72
7019,280.76,1453,0.8671875,898,899,1015,1067,956,983,956,1063,1.0,0.5446428571428571,0.0,yolo,7394,295.76
7020,280.8,1453,0.87060546875,897,899,1014,1067,955,983,955,1063,1.0,0.5441964285714286,0.0,yolo,7395,295.8
7021,280.84,1453,0.86962890625,895,899,1014,1067,954,983,954,1063,1.0,0.5423177083333334,0.0,yolo,7396,295.84
7022,280.88,1453,0.8671875,895,900,1012,1067,953,983,953,1063,1.0,0.5566893424036281,0.0,yolo,7397,295.88
7023,280.92,1453,0.8681640625,895,900,1010,1067,952,983,952,1063,1.0,0.5576259489302967,0.0,yolo,7398,295.92
7024,280.96,1453,0.875,893,900,1009,1067,951,983,951,1063,1.0,0.5576259489302967,0.0,yolo,7399,295.96
7025,281.0,1453,0.873046875,893,900,1009,1068,951,984,951,1064,1.0,0.5609148550724637,0.0,yolo,7400,296.0
7026,281.04,1453,0.87060546875,892,900,1009,1068,950,984,950,1064,1.0,0.5584821428571428,0.0,yolo,7401,296.04
7027,281.08,1453,0.87158203125,891,901,1008,1068,949,984,949,1064,1.0,0.5662131519274376,0.0,yolo,7402,296.08
7028,281.12,1453,0.875,891,901,1008,1068,949,984,949,1064,1.0,0.5614512471655329,0.0,yolo,7403,296.12
7029,281.16,1453,0.86865234375,890,901,1008,1068,949,984,949,1064,1.0,0.5577911915940085,0.0,yolo,7404,296.16
7030,281.2,1453,0.87646484375,889,902,1007,1067,948,984,948,1063,1.0,0.5661063153112221,0.0,yolo,7405,296.2
7031,281.24,1453,0.87890625,889,902,1007,1067,948,984,948,1063,1.0,0.5692866878691504,0.0,yolo,7406,296.24
7032,281.28,1453,0.8818359375,889,902,1007,1067,948,984,948,1063,1.0,0.5604270786006361,0.0,yolo,7407,296.28
7033,281.32,1453,0.87890625,888,902,1008,1067,948,984,948,1063,1.0,0.5593637992831542,0.0,yolo,7408,296.32
7034,281.36,1453,0.8798828125,888,902,1008,1067,948,984,948,1063,1.0,0.5551075268817204,0.0,yolo,7409,296.36
7035,281.4,1453,0.875,887,902,1009,1067,948,984,948,1063,1.0,0.568935041979673,0.0,yolo,7410,296.4
7036,281.44,1453,0.87744140625,887,903,1009,1068,948,985,948,1064,1.0,0.5773309765797614,0.0,yolo,7411,296.44
7037,281.48,1453,0.87255859375,887,903,1009,1068,948,985,948,1064,1.0,0.5810870525850641,0.0,yolo,7412,296.48
7038,281.52,1453,0.873046875,887,903,1009,1068,948,985,948,1064,1.0,0.5824127264692885,0.0,yolo,7413,296.52
7039,281.56,1453,0.8740234375,886,903,1009,1068,947,985,947,1064,1.0,0.5826068003487358,0.0,yolo,7414,296.56
7040,281.6,1453,0.87744140625,887,903,1009,1068,948,985,948,1064,1.0,0.586389748121962,0.0,yolo,7415,296.6
7041,281.64,1453,0.87060546875,886,903,1010,1068,948,985,948,1064,1.0,0.5860215053763441,0.0,yolo,7416,296.64
7042,281.68,1453,0.86865234375,886,903,1011,1068,948,985,948,1064,1.0,0.5862365591397849,0.0,yolo,7417,296.68
7043,281.72,1453,0.87060546875,886,902,1011,1067,948,984,948,1063,1.0,0.5750537634408602,0.0,yolo,7418,296.72
7044,281.76,1453,0.87158203125,886,902,1011,1067,948,984,948,1063,1.0,0.5716129032258065,0.0,yolo,7419,296.76
7045,281.8,1453,0.87158203125,886,902,1011,1067,948,984,948,1063,1.0,0.5744086021505377,0.0,yolo,7420,296.8
7046,281.84,1453,0.87255859375,886,902,1011,1067,948,984,948,1063,1.0,0.5750537634408602,0.0,yolo,7421,296.84
7047,281.88,1453,0.873046875,886,902,1011,1067,948,984,948,1063,1.0,0.5759139784946237,0.0,yolo,7422,296.88
7048,281.92,1453,0.87744140625,887,903,1012,1068,949,985,949,1064,1.0,0.5862365591397849,0.0,yolo,7423,296.92
7049,281.96,1453,0.8759765625,887,903,1010,1068,948,985,948,1064,1.0,0.6046207497820401,0.0,yolo,7424,296.96
7050,282.0,1453,0.87646484375,887,903,1010,1068,948,985,948,1064,1.0,0.6072362685265911,0.0,yolo,7425,297.0
7051,282.04,1453,0.88818359375,888,903,1009,1068,948,985,948,1064,1.0,0.6068548387096774,0.0,yolo,7426,297.04
7052,282.08,1453,0.88427734375,890,903,1008,1068,949,985,949,1064,1.0,0.6063153112221717,0.0,yolo,7427,297.08
7053,282.12,1453,0.880859375,892,903,1010,1067,951,985,951,1063,1.0,0.5879722781131231,0.0,yolo,7428,297.12
7054,282.16,1453,0.88818359375,896,903,1011,1068,953,985,953,1064,1.0,0.5904628330995793,0.0,yolo,7429,297.16
7055,282.2,1453,0.88330078125,898,904,1015,1067,956,985,956,1063,1.0,0.5785714285714286,0.0,yolo,7430,297.2
7056,282.24,1453,0.89013671875,903,905,1018,1068,960,986,960,1064,1.0,0.5778401122019635,0.0021875,yolo,7431,297.24
7057,282.28,1453,0.8818359375,908,907,1023,1067,965,987,965,1063,1.0,0.5722222222222222,0.01125,yolo,7432,297.28
7058,282.32,1453,0.8798828125,913,907,1028,1068,970,987,970,1064,1.0,0.5509622238061297,0.0425,yolo,7433,297.32
7059,282.36,1453,0.88232421875,920,909,1035,1067,977,988,977,1063,1.0,0.5427536231884058,0.0942307692307692,yolo,7434,297.36
7060,282.4,1453,0.88720703125,928,910,1041,1068,984,989,984,1064,1.0,0.5463235294117647,0.1557692307692307,yolo,7435,297.4
7061,282.44,1453,0.89697265625,937,911,1048,1068,992,989,992,1064,1.0,0.5659090909090909,0.2261669953977646,yolo,7436,297.44
7062,282.48,1453,0.8974609375,945,912,1056,1067,1000,989,1000,1063,1.0,0.5768025078369906,0.3026315789473684,yolo,7437,297.48
7063,282.52,1453,0.8916015625,952,912,1064,1068,1008,990,1008,1064,1.0,0.5871490007589173,0.3404738721194417,yolo,7438,297.52
7064,282.56,1453,0.8818359375,959,913,1071,1068,1015,990,1015,1064,1.0,0.5959855892949047,0.2894736842105263,yolo,7439,297.56
7065,282.6,1453,0.8916015625,966,914,1078,1068,1022,991,1022,1064,1.0,0.5810776625347837,0.2335109926715523,yolo,7440,297.6
7066,282.64,1453,0.88623046875,970,914,1084,1067,1027,990,1027,1063,1.0,0.5222388805597201,0.1695536309127248,yolo,7441,297.64
7067,282.68,1453,0.88330078125,974,916,1088,1067,1031,991,1031,1063,1.0,0.5031782354436817,0.1146082791652411,yolo,7442,297.68
7068,282.72,1453,0.87841796875,976,917,1093,1067,1034,992,1034,1064,1.0,0.4568922305764411,0.0728411338167435,yolo,7443,297.72
7069,282.76,1453,0.884765625,978,919,1096,1067,1037,993,1037,1064,1.0,0.3996478873239437,0.0560078150439596,yolo,7444,297.76
7070,282.8,1453,0.8896484375,978,921,1099,1068,1038,994,1038,1065,1.0,0.3893849206349206,0.0783730158730158,yolo,7445,297.8
7071,282.84,1453,0.884765625,978,923,1103,1068,1040,995,1040,1065,1.0,0.367030303030303,0.1268939393939394,yolo,7446,297.84
7072,282.88,1453,0.87158203125,979,926,1106,1068,1042,997,1042,1065,1.0,0.3321150097465887,0.1649350649350649,yolo,7447,297.88
7073,282.92,1453,0.8642578125,980,928,1108,1068,1044,998,1044,1065,1.0,0.2987012987012987,0.2089887640449438,yolo,7448,297.92
7082,283.28,1492,0.900390625,1086,868,1196,1068,1141,968,1141,1064,1.0,0.7751196172248804,0.5231168831168831,yolo,7457,298.28
7083,283.32,1492,0.9013671875,1086,868,1196,1068,1141,968,1141,1064,1.0,0.7755183413078149,0.5212987012987013,yolo,7458,298.32
7084,283.36,1492,0.89990234375,1086,868,1196,1068,1141,968,1141,1064,1.0,0.7751196172248804,0.5205194805194805,yolo,7459,298.36
7085,283.4,1492,0.8984375,1086,868,1196,1068,1141,968,1141,1064,1.0,0.7747208931419458,0.5168831168831168,yolo,7460,298.4
7086,283.44,1492,0.89892578125,1086,868,1196,1068,1141,968,1141,1064,1.0,0.7777113237639554,0.5171428571428571,yolo,7461,298.44
7087,283.48,1492,0.89990234375,1086,868,1196,1068,1141,968,1141,1064,1.0,0.7765151515151515,0.5150649350649351,yolo,7462,298.48
7088,283.52,1492,0.9033203125,1086,868,1196,1068,1141,968,1141,1064,1.0,0.7737240829346093,0.5098701298701299,yolo,7463,298.52
7089,283.56,1492,0.89990234375,1086,868,1196,1068,1141,968,1141,1064,1.0,0.77292663476874,0.5088311688311689,yolo,7464,298.56
7090,283.6,1492,0.900390625,1086,868,1196,1068,1141,968,1141,1064,1.0,0.7717304625199362,0.5046753246753247,yolo,7465,298.6
7091,283.64,1492,0.89892578125,1086,868,1196,1068,1141,968,1141,1064,1.0,0.7725279106858054,0.5046753246753247,yolo,7466,298.64
7092,283.68,1492,0.9013671875,1086,868,1196,1068,1141,968,1141,1064,1.0,0.7713317384370016,0.5033766233766234,yolo,7467,298.68
7093,283.72,1492,0.89990234375,1086,868,1196,1068,1141,968,1141,1064,1.0,0.7731259968102073,0.5038961038961038,yolo,7468,298.72
7094,283.76,1492,0.89990234375,1086,868,1196,1068,1141,968,1141,1064,1.0,0.7707336523125997,0.5033766233766234,yolo,7469,298.76
7095,283.8,1492,0.900390625,1086,868,1196,1068,1141,968,1141,1064,1.0,0.7713317384370016,0.5033766233766234,yolo,7470,298.8
7096,283.84,1492,0.900390625,1086,869,1196,1068,1141,968,1141,1064,1.0,0.7685406698564593,0.4895308772859793,yolo,7471,298.84
7097,283.88,1492,0.900390625,1086,869,1196,1068,1141,968,1141,1064,1.0,0.7681419457735247,0.487675589716406,yolo,7472,298.88
7098,283.92,1492,0.90185546875,1086,868,1196,1068,1141,968,1141,1064,1.0,0.7647527910685805,0.495064935064935,yolo,7473,298.92
7099,283.96,1492,0.9013671875,1086,869,1196,1068,1141,968,1141,1064,1.0,0.7627591706539075,0.4847601378213623,yolo,7474,298.96
7100,284.0,1492,0.90185546875,1086,869,1196,1067,1141,968,1141,1063,1.0,0.7591919191919192,0.4789292340312748,yolo,7475,299.0
7101,284.04,1492,0.90185546875,1086,870,1196,1067,1141,968,1141,1063,1.0,0.762020202020202,0.4614365226610125,yolo,7476,299.04
7102,284.08,1492,0.9013671875,1086,870,1196,1068,1141,969,1141,1064,1.0,0.7614141414141414,0.4640869334746886,yolo,7477,299.08
7103,284.12,1492,0.900390625,1086,870,1196,1068,1141,969,1141,1064,1.0,0.7595959595959596,0.4614365226610125,yolo,7478,299.12
7104,284.16,1492,0.8984375,1086,870,1196,1068,1141,969,1141,1064,1.0,0.7585858585858586,0.4606413994169096,yolo,7479,299.16
7105,284.2,1492,0.89892578125,1086,871,1196,1068,1141,969,1141,1064,1.0,0.7646464646464647,0.4479194275112642,yolo,7480,299.2
7106,284.24,1492,0.89892578125,1086,871,1196,1068,1141,969,1141,1064,1.0,0.7640404040404041,0.4495096739994699,yolo,7481,299.24
7107,284.28,1492,0.89892578125,1086,871,1196,1068,1141,969,1141,1064,1.0,0.7634343434343435,0.4455340577789557,yolo,7482,299.28
7108,284.32,1492,0.8984375,1086,871,1196,1068,1141,969,1141,1064,1.0,0.7648484848484849,0.4503047972435727,yolo,7483,299.32
7109,284.36,1492,0.8984375,1086,871,1196,1068,1141,969,1141,1064,1.0,0.7648484848484849,0.4492446329181023,yolo,7484,299.36
7110,284.4,1492,0.89990234375,1086,871,1196,1068,1141,969,1141,1064,1.0,0.7622222222222222,0.4508348794063079,yolo,7485,299.4
7111,284.44,1492,0.89892578125,1086,871,1196,1068,1141,969,1141,1064,1.0,0.7638383838383839,0.4566657831963954,yolo,7486,299.44
7112,284.48,1492,0.8984375,1086,872,1196,1067,1141,969,1141,1063,1.0,0.7696560196560197,0.4483225108225108,yolo,7487,299.48
7113,284.52,1492,0.89892578125,1086,872,1196,1067,1141,969,1141,1063,1.0,0.7686322686322686,0.4491341991341991,yolo,7488,299.52
7114,284.56,1492,0.89501953125,1086,872,1196,1067,1141,969,1141,1063,1.0,0.7631040131040131,0.4529220779220779,yolo,7489,299.56
7115,284.6,1492,0.89697265625,1086,872,1195,1067,1140,969,1140,1063,1.0,0.7616707616707616,0.453125,yolo,7490,299.6
7116,284.64,1492,0.89697265625,1086,872,1196,1067,1141,969,1141,1063,1.0,0.7561425061425061,0.4629329004329004,yolo,7491,299.64
7117,284.68,1492,0.8974609375,1086,871,1195,1068,1140,969,1140,1064,1.0,0.7444444444444445,0.4785177228786251,yolo,7492,299.68
7118,284.72,1492,0.89697265625,1087,871,1195,1068,1141,969,1141,1064,1.0,0.7423589743589744,0.4848979591836734,yolo,7493,299.72
7119,284.76,1492,0.8974609375,1086,871,1195,1068,1140,969,1140,1064,1.0,0.741010101010101,0.5123523093447906,yolo,7494,299.76
7120,284.8,1492,0.89501953125,1087,870,1196,1068,1141,969,1141,1064,1.0,0.7476767676767677,0.5383995703544576,yolo,7495,299.8
7121,284.84,1492,0.896484375,1087,870,1196,1067,1141,968,1141,1063,1.0,0.7559595959595959,0.5496777658431794,yolo,7496,299.84
7122,284.88,1492,0.896484375,1087,870,1197,1068,1142,969,1142,1064,1.0,0.7573737373737374,0.5595017227670289,yolo,7497,299.88
7123,284.92,1492,0.896484375,1087,870,1196,1068,1141,969,1141,1064,1.0,0.7531313131313131,0.5604189044038668,yolo,7498,299.92
7124,284.96,1492,0.89697265625,1087,870,1197,1068,1142,969,1142,1064,1.0,0.7577777777777778,0.5677179962894249,yolo,7499,299.96
7125,285.0,1492,0.89501953125,1087,869,1197,1068,1142,968,1142,1064,1.0,0.7488038277511961,0.5791147627882322,yolo,7500,300.0
7126,285.04,1492,0.89697265625,1087,869,1197,1067,1142,968,1142,1063,1.0,0.74989898989899,0.5862708719851577,yolo,7501,300.04
7127,285.08,1492,0.89990234375,1087,869,1197,1067,1142,968,1142,1063,1.0,0.7509090909090909,0.5878611184733634,yolo,7502,300.08
7128,285.12,1492,0.90185546875,1087,869,1197,1068,1142,968,1142,1064,1.0,0.7482057416267942,0.5883912006360986,yolo,7503,300.12
7129,285.16,1492,0.9013671875,1087,869,1197,1067,1142,968,1142,1063,1.0,0.7478787878787879,0.5926318579379803,yolo,7504,300.16
7130,285.2,1492,0.9013671875,1087,869,1197,1067,1142,968,1142,1063,1.0,0.7462626262626263,0.5868009541478929,yolo,7505,300.2
7131,285.24,1492,0.89990234375,1087,869,1197,1067,1142,968,1142,1063,1.0,0.7476767676767677,0.589451364961569,yolo,7506,300.24
7132,285.28,1492,0.8984375,1087,870,1197,1067,1142,968,1142,1063,1.0,0.7490909090909091,0.5812350914391731,yolo,7507,300.28
7133,285.32,1492,0.8974609375,1086,870,1196,1067,1141,968,1141,1063,1.0,0.7474747474747475,0.5844155844155844,yolo,7508,300.32
7134,285.36,1492,0.89697265625,1086,870,1196,1067,1141,968,1141,1063,1.0,0.7478787878787879,0.5849456665783196,yolo,7509,300.36
7135,285.4,1492,0.8974609375,1086,870,1196,1068,1141,969,1141,1064,1.0,0.7466666666666667,0.5860058309037901,yolo,7510,300.4
7136,285.44,1492,0.900390625,1086,870,1196,1068,1141,969,1141,1064,1.0,0.74989898989899,0.5865359130665253,yolo,7511,300.44
7137,285.48,1492,0.89892578125,1085,870,1195,1067,1140,968,1140,1063,1.0,0.7496969696969698,0.5883912006360986,yolo,7512,300.48
7138,285.52,1492,0.900390625,1085,870,1195,1067,1140,968,1140,1063,1.0,0.7478787878787879,0.5870659952292605,yolo,7513,300.52
7139,285.56,1492,0.89990234375,1085,870,1195,1067,1140,968,1140,1063,1.0,0.7488888888888889,0.5902464882056718,yolo,7514,300.56
7140,285.6,1492,0.90283203125,1084,870,1194,1067,1139,968,1139,1063,1.0,0.7523232323232323,0.5939570633448185,yolo,7515,300.6
7141,285.64,1492,0.8984375,1083,870,1193,1067,1138,968,1138,1063,1.0,0.7492929292929293,0.5934269811820833,yolo,7516,300.64
7142,285.68,1492,0.89697265625,1082,869,1192,1067,1137,968,1137,1063,1.0,0.7482828282828283,0.6034985422740525,yolo,7517,300.68
7143,285.72,1492,0.900390625,1082,869,1191,1067,1136,968,1136,1063,1.0,0.7470707070707071,0.59828141783029,yolo,7518,300.72
7144,285.76,1492,0.896484375,1080,869,1189,1067,1134,968,1134,1063,1.0,0.7492929292929293,0.6009667024704619,yolo,7519,300.76
7145,285.8,1492,0.89501953125,1079,869,1188,1067,1133,968,1133,1063,1.0,0.74989898989899,0.6017722878625135,yolo,7520,300.8
7146,285.84,1492,0.89697265625,1077,869,1185,1067,1131,968,1131,1063,1.0,0.744,0.5959183673469388,yolo,7521,300.84
7147,285.88,1492,0.90673828125,1074,869,1183,1067,1128,968,1128,1063,1.0,0.7515151515151515,0.5990870032223415,yolo,7522,300.88
7148,285.92,1492,0.89990234375,1072,869,1179,1067,1125,968,1125,1063,1.0,0.7475,0.5868725868725869,yolo,7523,300.92
7149,285.96,1492,0.89013671875,1069,869,1177,1067,1123,968,1123,1063,1.0,0.7528205128205128,0.5896598639455782,yolo,7524,300.96
7150,286.0,1492,0.892578125,1066,869,1173,1067,1119,968,1119,1063,1.0,0.75,0.5843905129619416,yolo,7525,301.0
7151,286.04,1492,0.888671875,1063,869,1170,1067,1116,968,1116,1063,1.0,0.75125,0.5843905129619416,yolo,7526,301.04
7152,286.08,1492,0.89404296875,1061,869,1166,1067,1113,968,1113,1063,1.0,0.7504761904761905,0.5819084390512962,yolo,7527,301.08
7153,286.12,1492,0.8896484375,1058,868,1163,1068,1110,968,1110,1064,1.0,0.7516708437761069,0.5935135135135136,yolo,7528,301.12
7154,286.16,1492,0.8916015625,1055,869,1160,1067,1107,968,1107,1063,1.0,0.7475132275132275,0.5805295091009377,yolo,7529,301.16
7155,286.2,1492,0.88427734375,1053,869,1158,1067,1105,968,1105,1063,1.0,0.7506878306878307,0.5791505791505791,yolo,7530,301.2
7156,286.24,1492,0.875,1049,869,1155,1067,1102,968,1102,1063,1.0,0.7458201058201058,0.5839455782312926,yolo,7531,301.24
7157,286.28,1492,0.8818359375,1046,868,1154,1067,1100,967,1100,1063,1.0,0.7504048582995951,0.5929251700680273,yolo,7532,301.28
7158,286.32,1492,0.880859375,1045,868,1152,1067,1098,967,1098,1063,1.0,0.7485608552631579,0.584942084942085,yolo,7533,301.32
7159,286.36,1492,0.88330078125,1045,868,1150,1067,1097,967,1097,1063,1.0,0.7497911445279867,0.5843905129619416,yolo,7534,301.36
7160,286.4,1492,0.8857421875,1045,868,1150,1067,1097,967,1097,1063,1.0,0.7558479532163743,0.5827357970215113,yolo,7535,301.4
7161,286.44,1492,0.89404296875,1044,868,1149,1067,1096,967,1096,1063,1.0,0.7579365079365079,0.580253723110866,yolo,7536,301.44
7162,286.48,1492,0.89501953125,1043,868,1148,1067,1095,967,1095,1063,1.0,0.7560568086883876,0.583011583011583,yolo,7537,301.48
7163,286.52,1492,0.88720703125,1042,868,1148,1067,1095,967,1095,1063,1.0,0.753968253968254,0.5880272108843537,yolo,7538,301.52
7164,286.56,1492,0.88720703125,1042,868,1148,1067,1095,967,1095,1063,1.0,0.7593984962406015,0.5904761904761905,yolo,7539,301.56
7165,286.6,1492,0.88818359375,1041,868,1147,1067,1094,967,1094,1063,1.0,0.7579365079365079,0.588843537414966,yolo,7540,301.6
7166,286.64,1492,0.88720703125,1041,867,1146,1067,1093,967,1093,1063,1.0,0.7596073517126148,0.5897297297297297,yolo,7541,301.64
7167,286.68,1492,0.88720703125,1039,868,1145,1067,1092,967,1092,1063,1.0,0.7527151211361738,0.5839455782312926,yolo,7542,301.68
7168,286.72,1492,0.888671875,1039,867,1145,1067,1092,967,1092,1063,1.0,0.7583542188805347,0.5952,yolo,7543,301.72
7169,286.76,1492,0.8916015625,1038,867,1145,1067,1091,967,1091,1063,1.0,0.7613075657894737,0.5891891891891892,yolo,7544,301.76
7170,286.8,1492,0.89013671875,1037,868,1144,1067,1090,967,1090,1063,1.0,0.755139802631579,0.5819084390512962,yolo,7545,301.8
7171,286.84,1492,0.8916015625,1036,868,1143,1067,1089,967,1089,1063,1.0,0.7522615131578947,0.5860452289023718,yolo,7546,301.84
7172,286.88,1492,0.888671875,1035,868,1143,1067,1089,967,1089,1063,1.0,0.751417004048583,0.5940136054421769,yolo,7547,301.88
7173,286.92,1492,0.88623046875,1034,869,1142,1067,1088,968,1088,1063,1.0,0.7511794871794871,0.5825850340136054,yolo,7548,301.92
7174,286.96,1492,0.88720703125,1034,869,1142,1067,1088,968,1088,1063,1.0,0.7466666666666667,0.5885714285714285,yolo,7549,301.96
7175,287.0,1492,0.892578125,1033,870,1142,1067,1087,968,1087,1063,1.0,0.75010101010101,0.5789473684210527,yolo,7550,302.0
7176,287.04,1492,0.8916015625,1033,870,1143,1067,1088,968,1088,1063,1.0,0.7494949494949495,0.5915716936125099,yolo,7551,302.04
7177,287.08,1492,0.89111328125,1033,872,1143,1067,1088,969,1088,1063,1.0,0.7508190008190008,0.582521645021645,yolo,7552,302.08
7178,287.12,1492,0.896484375,1034,872,1144,1067,1089,969,1089,1063,1.0,0.7436527436527437,0.5995670995670995,yolo,7553,302.12
7179,287.16,1492,0.8916015625,1034,874,1145,1067,1089,970,1089,1063,1.0,0.7424242424242424,0.5990918803418803,yolo,7554,302.16
7180,287.2,1492,0.892578125,1035,876,1145,1067,1090,971,1090,1063,1.0,0.7474747474747475,0.5943630837247859,yolo,7555,302.2
7181,287.24,1492,0.8896484375,1037,878,1146,1068,1091,973,1091,1064,1.0,0.7466329966329966,0.6005039193729004,yolo,7556,302.24
7182,287.28,1492,0.89306640625,1039,881,1148,1067,1093,974,1093,1063,1.0,0.7528138528138528,0.5975400457665904,yolo,7557,302.28
7183,287.32,1492,0.8818359375,1040,884,1149,1067,1094,975,1094,1063,1.0,0.7528138528138528,0.5935672514619883,yolo,7558,302.32
7184,287.36,1492,0.88330078125,1042,885,1149,1067,1095,976,1095,1063,1.0,0.745697463768116,0.5993993993993993,yolo,7559,302.36
7185,287.4,1492,0.8818359375,1043,888,1150,1067,1096,977,1096,1063,1.0,0.7564338235294118,0.5841523341523341,yolo,7560,302.4
7186,287.44,1492,0.88720703125,1043,889,1151,1067,1097,978,1097,1063,1.0,0.7597285067873303,0.5872727272727273,yolo,7561,302.44
7187,287.48,1492,0.8857421875,1044,891,1151,1067,1097,979,1097,1063,1.0,0.7607276119402985,0.5737100737100738,yolo,7562,302.48
7188,287.52,1492,0.87841796875,1044,892,1152,1067,1098,979,1098,1063,1.0,0.755011655011655,0.5823255813953488,yolo,7563,302.52
7189,287.56,1492,0.87744140625,1045,893,1152,1067,1098,980,1098,1063,1.0,0.7386363636363636,0.5769956002514142,yolo,7564,302.56
7190,287.6,1492,0.8671875,1045,894,1151,1067,1098,980,1098,1063,1.0,0.72991822991823,0.5875968992248062,yolo,7565,302.6
7191,287.64,1492,0.8623046875,1044,895,1150,1067,1097,981,1097,1063,1.0,0.7157509157509158,0.5906976744186047,yolo,7566,302.64
7192,287.68,1492,0.865234375,1043,897,1150,1067,1096,982,1096,1063,1.0,0.721435546875,0.5797940797940798,yolo,7567,302.68
7193,287.72,1492,0.87158203125,1041,898,1148,1067,1094,982,1094,1063,1.0,0.7120192307692308,0.5826898326898327,yolo,7568,302.72
7194,287.76,1492,0.87744140625,1039,900,1147,1067,1093,983,1093,1063,1.0,0.7064713064713065,0.5899186991869919,yolo,7569,302.76
7195,287.8,1492,0.87646484375,1037,902,1144,1067,1090,984,1090,1063,1.0,0.6970766129032258,0.575148319050758,yolo,7570,302.8
7196,287.84,1492,0.875,1034,903,1142,1068,1088,985,1088,1064,1.0,0.6940446650124069,0.5863414634146341,yolo,7571,302.84
7197,287.88,1492,0.88623046875,1031,905,1139,1068,1085,986,1085,1064,1.0,0.6838709677419355,0.5693333333333334,yolo,7572,302.88
7198,287.92,1492,0.888671875,1026,907,1136,1068,1081,987,1081,1064,1.0,0.6607054148037754,0.5441558441558442,yolo,7573,302.92
7199,287.96,1492,0.880859375,1023,910,1131,1068,1077,989,1077,1064,1.0,0.6228205128205129,0.5035897435897436,yolo,7574,302.96
7200,288.0,1492,0.8798828125,1018,913,1126,1068,1072,990,1072,1064,1.0,0.5994694960212201,0.5021052631578947,yolo,7575,303.0
7201,288.04,1492,0.87841796875,1012,917,1120,1068,1066,992,1066,1064,1.0,0.6089068825910932,0.534054054054054,yolo,7576,303.04
7202,288.08,1492,0.8681640625,1006,921,1114,1067,1060,994,1060,1064,1.0,0.6128671328671329,0.57,yolo,7577,303.08
7203,288.12,1492,0.86865234375,1000,925,1106,1068,1053,996,1053,1065,1.0,0.6222810111699001,0.5813333333333334,yolo,7578,303.12
7204,288.16,1492,0.85205078125,995,928,1098,1068,1046,998,1046,1065,1.0,0.6238587948874011,0.5757936507936507,yolo,7579,303.16
7205,288.2,1492,0.83984375,991,931,1092,1068,1041,999,1041,1065,1.0,0.617948717948718,0.5903361344537815,yolo,7580,303.2
7206,288.24,1492,0.72021484375,987,934,1088,1067,1037,1000,1037,1064,1.0,0.6013071895424836,0.5987012987012987,yolo,7581,303.24
7207,288.28,1492,0.83740234375,982,936,1083,1068,1032,1002,1032,1065,1.0,0.5826666666666667,0.5714285714285714,yolo,7582,303.28
7208,288.32,1492,0.80322265625,976,937,1080,1067,1028,1002,1028,1064,1.0,0.5471331389698737,0.543236301369863,yolo,7583,303.32
7209,288.36,1492,0.72021484375,972,938,1077,1067,1024,1002,1024,1064,1.0,0.5332037576935537,0.5054898648648649,yolo,7584,303.36
7215,288.6,1492,0.7373046875,955,943,1070,1068,1012,1005,1012,1065,1.0,0.6000616712920136,0.4383064516129032,yolo,7590,303.6
7216,288.64,1492,0.82080078125,952,943,1070,1067,1011,1005,1011,1064,1.0,0.5819598441714114,0.4473377380489701,yolo,7591,303.64
7217,288.68,1492,0.8154296875,948,942,1072,1068,1010,1005,1010,1065,1.0,0.5886111111111111,0.4742306266221728,yolo,7592,303.68
7218,288.72,1492,0.79052734375,944,941,1075,1067,1009,1004,1009,1064,1.0,0.5742521367521367,0.4922861150070126,yolo,7593,303.72
7219,288.76,1492,0.80908203125,941,939,1083,1068,1012,1003,1012,1065,1.0,0.5786314525810324,0.5309343434343434,yolo,7594,303.76
7220,288.8,1492,0.84375,938,938,1091,1068,1014,1003,1014,1065,1.0,0.6024844720496895,0.5708912037037037,yolo,7595,303.8
7221,288.84,1492,0.8623046875,935,936,1098,1067,1016,1001,1016,1064,1.0,0.5932944606413995,0.5956688596491229,yolo,7596,303.84
7222,288.88,1492,0.8798828125,932,934,1106,1068,1019,1001,1019,1065,1.0,0.6039215686274509,0.6163285750062609,yolo,7597,303.88
7223,288.92,1492,0.88330078125,928,932,1112,1067,1020,999,1020,1064,1.0,0.5887652358240594,0.6253229974160207,yolo,7598,303.92
7224,288.96,1492,0.90185546875,926,929,1117,1068,1021,998,1021,1065,1.0,0.5945051307514069,0.6406935908691835,yolo,7599,303.96
7225,289.0,1492,0.8984375,923,927,1125,1068,1024,997,1024,1065,1.0,0.5835022610322782,0.6616008105369807,yolo,7600,304.0
7226,289.04,1492,0.90673828125,920,925,1130,1068,1025,996,1025,1065,1.0,0.5952380952380952,0.6826044703595724,yolo,7601,304.04
7227,289.08,1492,0.9111328125,918,923,1134,1068,1026,995,1026,1065,1.0,0.6014094432699084,0.6942604856512141,yolo,7602,304.08
7228,289.12,1492,0.90576171875,916,922,1137,1068,1026,995,1026,1065,1.0,0.5898071625344352,0.6976911976911977,yolo,7603,304.12
7229,289.16,1492,0.90478515625,914,920,1138,1068,1026,994,1026,1065,1.0,0.5862433862433862,0.6994319159924256,yolo,7604,304.16
7230,289.2,1492,0.90478515625,911,919,1139,1067,1025,993,1025,1064,1.0,0.5762513034410844,0.6982831888492266,yolo,7605,304.2
7231,289.24,1492,0.89404296875,908,918,1139,1068,1023,993,1023,1065,1.0,0.5703025680142385,0.6911911911911912,yolo,7606,304.24
7232,289.28,1492,0.89306640625,906,917,1139,1068,1022,992,1022,1064,1.0,0.5679197994987468,0.6908371786420567,yolo,7607,304.28
7233,289.32,1492,0.896484375,903,916,1138,1068,1020,992,1020,1064,1.0,0.5711665443873808,0.6816431322207959,yolo,7608,304.32
7234,289.36,1492,0.89892578125,900,916,1135,1068,1017,992,1017,1064,1.0,0.5688432379554903,0.6707317073170732,yolo,7609,304.36
7235,289.4,1492,0.88720703125,896,914,1133,1068,1014,991,1014,1064,1.0,0.5698257340654094,0.651712111604312,yolo,7610,304.4
7236,289.44,1492,0.89306640625,892,914,1127,1068,1009,991,1009,1064,1.0,0.5801178026205073,0.6399229781771502,yolo,7611,304.44
7237,289.48,1492,0.89404296875,889,914,1119,1068,1004,991,1004,1064,1.0,0.5837632031441906,0.625040863027133,yolo,7612,304.48
7238,289.52,1492,0.88623046875,884,913,1107,1068,995,990,995,1064,1.0,0.5894235717961914,0.5909244264507423,yolo,7613,304.52
7239,289.56,1492,0.89404296875,880,913,1091,1068,985,990,985,1064,1.0,0.5706075533661741,0.5462304409672831,yolo,7614,304.56
7240,289.6,1492,0.89111328125,877,913,1072,1068,974,990,974,1064,1.0,0.560271146478043,0.5114164086687306,yolo,7615,304.6
7241,289.64,1492,0.84912109375,872,913,1047,1068,959,990,959,1064,1.0,0.5655172413793104,0.4460742018981881,yolo,7616,304.64
7242,289.68,1492,0.85302734375,868,913,1032,1068,950,990,950,1064,1.0,0.5900383141762452,0.4418764302059496,yolo,7617,304.68
7243,289.72,1492,0.8681640625,865,913,1018,1068,941,990,941,1064,1.0,0.5980134932533733,0.4753898635477583,yolo,7618,304.72
7244,289.76,1492,0.845703125,863,914,1010,1067,936,990,936,1063,1.0,0.5601489028213166,0.457688338493292,yolo,7619,304.76
7245,289.8,1492,0.82421875,860,915,1005,1068,932,991,932,1064,1.0,0.5057471264367817,0.3980908152734778,yolo,7620,304.8
7246,289.84,1492,0.8408203125,858,915,997,1068,927,991,927,1064,1.0,0.4825533661740558,0.3968850698174006,yolo,7621,304.84
7247,289.88,1492,0.8232421875,856,916,992,1067,924,991,924,1063,1.0,0.4717348927875243,0.4028449502133712,yolo,7622,304.88
7248,289.92,1492,0.80419921875,855,917,989,1067,922,992,922,1064,1.0,0.4797487546025558,0.3958151700087184,yolo,7623,304.92
7249,289.96,1492,0.80322265625,856,917,990,1067,923,992,923,1064,1.0,0.4682694390296729,0.3876780005812263,yolo,7624,304.96
7250,290.0,1492,0.841796875,858,918,989,1067,923,992,923,1064,1.0,0.4428699955015744,0.3736780258519389,yolo,7625,305.0
7251,290.04,1492,0.8115234375,858,919,990,1067,924,993,924,1064,1.0,0.4367088607594936,0.3403080499854693,yolo,7626,305.04
7252,290.08,1492,0.8056640625,860,920,994,1067,927,993,927,1064,1.0,0.4318783068783068,0.3410991636798088,yolo,7627,305.08
7253,290.12,1492,0.8232421875,861,921,996,1067,928,994,928,1064,1.0,0.4204264870931538,0.3235815602836879,yolo,7628,305.12
7254,290.16,1492,0.81396484375,862,921,996,1068,929,994,929,1065,1.0,0.3895502645502645,0.2302867383512545,yolo,7629,305.16
7255,290.2,1492,0.80078125,863,921,997,1068,930,994,930,1065,1.0,0.3840388007054673,0.2210274790919952,yolo,7630,305.2
7256,290.24,1492,0.8291015625,864,922,1001,1067,932,994,932,1064,1.0,0.358980044345898,0.1984953703703703,yolo,7631,305.24
7257,290.28,1492,0.83447265625,864,922,1005,1067,934,994,934,1064,1.0,0.3582251082251082,0.2202380952380952,yolo,7632,305.28
7258,290.32,1492,0.85498046875,865,922,1006,1068,935,995,935,1065,1.0,0.3508658008658009,0.1981292517006802,yolo,7633,305.32
7259,290.36,1492,0.84912109375,865,922,1007,1068,936,995,936,1065,1.0,0.3546524064171123,0.2087542087542087,yolo,7634,305.36
7260,290.4,1492,0.83740234375,864,922,1009,1068,936,995,936,1065,1.0,0.3573667711598746,0.1936274509803921,yolo,7635,305.4
7261,290.44,1492,0.822265625,863,921,1011,1068,937,994,937,1065,1.0,0.3639646869983948,0.2157497303128371,yolo,7636,305.44
7262,290.48,1492,0.80322265625,861,921,1012,1068,936,994,936,1065,1.0,0.3761904761904762,0.240566037735849,yolo,7637,305.48
7263,290.52,1492,0.64794921875,858,920,1012,1068,935,994,935,1065,1.0,0.3838325652841782,0.2616822429906542,yolo,7638,305.52
7264,290.56,1492,0.796875,856,920,1011,1067,933,993,933,1064,1.0,0.3878648233486943,0.272119341563786,yolo,7639,305.56
7265,290.6,1492,0.79443359375,853,919,1010,1068,931,993,931,1065,1.0,0.3992161254199328,0.2953316953316953,yolo,7640,305.6
7266,290.64,1492,0.82666015625,850,918,1008,1067,929,992,929,1064,1.0,0.4120036934441367,0.313854394935476,yolo,7641,305.64
7267,290.68,1492,0.77734375,850,916,1005,1068,927,992,927,1064,1.0,0.4249165739710789,0.3167641325536062,yolo,7642,305.68
7268,290.72,1492,0.85888671875,850,915,997,1067,923,991,923,1063,1.0,0.4273119122257053,0.3315273477812177,yolo,7643,305.72
7269,290.76,1492,0.85205078125,851,914,993,1068,922,991,922,1064,1.0,0.4354935194416749,0.333599149388623,yolo,7644,305.76
7270,290.8,1492,0.85302734375,852,913,989,1068,920,990,920,1064,1.0,0.432296047098402,0.3190789473684211,yolo,7645,305.8
7271,290.84,1492,0.83642578125,854,913,986,1068,920,990,920,1064,1.0,0.4434744652989961,0.3115449915110356,yolo,7646,305.84
7272,290.88,1492,0.80810546875,856,912,983,1067,919,989,919,1063,1.0,0.4369328493647912,0.2751196172248804,yolo,7647,305.88
7273,290.92,1492,0.78125,858,912,980,1067,919,989,919,1063,1.0,0.4076523382144544,0.1913312693498452,yolo,7648,305.92
7274,290.96,1492,0.716796875,860,912,978,1067,919,989,919,1063,1.0,0.4084507042253521,0.1772352568167406,yolo,7649,305.96
7275,291.0,1492,0.71875,862,912,977,1067,919,989,919,1063,1.0,0.4122938530734633,0.1384868421052631,yolo,7650,306.0
7276,291.04,1492,0.638671875,862,912,976,1067,919,989,919,1063,1.0,0.4117941029485257,0.1222518321119253,yolo,7651,306.04
7277,291.08,1492,0.67236328125,862,912,976,1067,919,989,919,1063,1.0,0.4102948525737131,0.1325782811459027,yolo,7652,306.08
7278,291.12,1492,0.7705078125,861,913,976,1068,918,990,918,1064,1.0,0.4207896051974013,0.1453947368421052,yolo,7653,306.12
7279,291.16,1492,0.7744140625,858,913,976,1068,917,990,917,1064,1.0,0.409422049538611,0.1724793912492073,yolo,7654,306.16
7280,291.2,1492,0.810546875,857,914,978,1068,917,991,917,1064,1.0,0.4107815442561205,0.1773182957393483,yolo,7655,306.2
7281,291.24,1492,0.8154296875,854,913,979,1068,916,990,916,1064,1.0,0.3836781609195402,0.2206937799043062,yolo,7656,306.24
7282,291.28,1492,0.83349609375,852,914,982,1067,917,990,917,1063,1.0,0.3664898320070734,0.2316367842683632,yolo,7657,306.28
7283,291.32,1492,0.8310546875,851,915,986,1068,918,991,918,1064,1.0,0.3801617709663686,0.2533594624860022,yolo,7658,306.32
7284,291.36,1492,0.83349609375,849,915,988,1068,918,991,918,1064,1.0,0.3676108374384236,0.271750805585392,yolo,7659,306.36
7285,291.4,1492,0.8173828125,847,916,991,1068,919,992,919,1064,1.0,0.3745541022592152,0.276706618030224,yolo,7660,306.4
7286,291.44,1492,0.84716796875,845,916,995,1068,920,992,920,1064,1.0,0.3777777777777777,0.2656641604010025,yolo,7661,306.44
7287,291.48,1492,0.8291015625,845,916,999,1068,922,992,922,1064,1.0,0.3737486095661846,0.2579931136251844,yolo,7662,306.48
7288,291.52,1492,0.82568359375,846,917,1005,1067,925,992,925,1064,1.0,0.3735380116959064,0.2362451737451737,yolo,7663,306.52
7289,291.56,1492,0.82568359375,849,917,1009,1067,929,992,929,1064,1.0,0.375,0.2089768339768339,yolo,7664,306.56
7290,291.6,1492,0.7958984375,854,917,1012,1067,933,992,933,1064,1.0,0.3885503231763619,0.1904066228390552,yolo,7665,306.6
7291,291.64,1492,0.77880859375,858,917,1010,1067,934,992,934,1064,1.0,0.4021592442645074,0.1667087648396059,yolo,7666,306.64
7292,291.68,1492,0.806640625,862,917,1009,1067,935,992,935,1064,1.0,0.4013157894736842,0.1346051934287228,yolo,7667,306.68
7293,291.72,1492,0.7841796875,863,916,1006,1068,934,992,934,1064,1.0,0.4009623095429029,0.1457894736842105,yolo,7668,306.72
7294,291.76,1492,0.81298828125,866,916,1003,1068,934,992,934,1064,1.0,0.4011774600504625,0.1203399122807017,yolo,7669,306.76
7295,291.8,1492,0.796875,869,916,1004,1068,936,992,936,1064,1.0,0.4018731375053214,0.1301791713325867,yolo,7670,306.8
7296,291.84,1492,0.7880859375,871,915,1003,1068,937,991,937,1064,1.0,0.390877346137058,0.1349745331069609,yolo,7671,306.84
7297,291.88,1492,0.78662109375,875,915,1000,1068,937,991,937,1064,1.0,0.3974712643678161,0.138456937799043,yolo,7672,306.88
7298,291.92,1492,0.82080078125,878,915,999,1067,938,991,938,1063,1.0,0.3991858237547893,0.1472431077694235,yolo,7673,306.92
7299,291.96,1492,0.8173828125,880,915,999,1067,939,991,939,1063,1.0,0.4061302681992337,0.1619674185463659,yolo,7674,306.96
7300,292.0,1492,0.79931640625,881,914,997,1067,939,990,939,1063,1.0,0.3940529735132433,0.1663417803768681,yolo,7675,307.0
7301,292.04,1492,0.77734375,881,914,996,1067,938,990,938,1063,1.0,0.396551724137931,0.1723684210526316,yolo,7676,307.04
7302,292.08,1492,0.78125,881,914,996,1067,938,990,938,1063,1.0,0.4007996001999001,0.1671052631578947,yolo,7677,307.08
7303,292.12,1492,0.81298828125,880,914,996,1067,938,990,938,1063,1.0,0.4025487256371814,0.1673164392462638,yolo,7678,307.12
7304,292.16,1492,0.81982421875,879,914,997,1067,938,990,938,1063,1.0,0.4069936862554638,0.1655041217501585,yolo,7679,307.16
7305,292.2,1492,0.83544921875,877,914,998,1068,937,991,937,1064,1.0,0.4051318267419962,0.1607142857142857,yolo,7680,307.2
7306,292.24,1492,0.83740234375,876,914,998,1067,937,990,937,1063,1.0,0.3930089749645725,0.1569659442724458,yolo,7681,307.24
7307,292.28,1492,0.845703125,875,914,999,1068,937,991,937,1064,1.0,0.3986440677966101,0.1591046581972171,yolo,7682,307.28
7308,292.32,1492,0.85986328125,874,914,999,1068,936,991,936,1064,1.0,0.392090395480226,0.1492224880382775,yolo,7683,307.32
7309,292.36,1492,0.8662109375,874,914,998,1068,936,991,936,1064,1.0,0.3970621468926553,0.1500302480338778,yolo,7684,307.36
7310,292.4,1492,0.86962890625,872,915,998,1068,935,991,935,1064,1.0,0.4059770114942528,0.1392667060910703,yolo,7685,307.4
7311,292.44,1492,0.87255859375,869,916,999,1068,934,992,934,1064,1.0,0.4140141467727675,0.1474840948525159,yolo,7686,307.44
7312,292.48,1492,0.880859375,866,916,999,1068,932,992,932,1064,1.0,0.4127155172413793,0.1578947368421052,yolo,7687,307.48
7313,292.52,1492,0.87890625,864,916,999,1068,931,992,931,1064,1.0,0.414218816517667,0.1651735722284434,yolo,7688,307.52
7314,292.56,1492,0.84814453125,862,916,998,1068,930,992,930,1064,1.0,0.4093231162196679,0.1825484764542936,yolo,7689,307.56
7315,292.6,1492,0.88232421875,862,916,996,1068,929,992,929,1064,1.0,0.4086845466155811,0.1898698358800226,yolo,7690,307.6
7316,292.64,1492,0.8857421875,863,916,995,1068,929,992,929,1064,1.0,0.402226102138804,0.1898698358800226,yolo,7691,307.64
7317,292.68,1492,0.85791015625,865,916,994,1068,929,992,929,1064,1.0,0.4029619805481874,0.1818713450292397,yolo,7692,307.68
7318,292.72,1492,0.82666015625,867,916,993,1068,930,992,930,1064,1.0,0.3944827586206896,0.1646954464813719,yolo,7693,307.72
7319,292.76,1492,0.81396484375,869,916,993,1068,931,992,931,1064,1.0,0.3963218390804597,0.1512401693889897,yolo,7694,307.76
7320,292.8,1492,0.73583984375,871,917,992,1067,931,992,931,1064,1.0,0.4005847953216374,0.1383526383526383,yolo,7695,307.8
7321,292.84,1492,0.7919921875,874,917,993,1067,933,992,933,1064,1.0,0.3927875243664717,0.1322393822393822,yolo,7696,307.84
7322,292.88,1492,0.77197265625,876,917,993,1067,934,992,934,1064,1.0,0.3927318295739348,0.1265655899802241,yolo,7697,307.88
7323,292.92,1492,0.7138671875,876,917,993,1067,934,992,934,1064,1.0,0.3884711779448621,0.1262359920896506,yolo,7698,307.92
7324,292.96,1492,0.75048828125,876,917,993,1067,934,992,934,1064,1.0,0.3779448621553885,0.1156888595912986,yolo,7699,307.96
7325,293.0,1492,0.75048828125,876,917,993,1067,934,992,934,1064,1.0,0.3593984962406015,0.1110744891232696,yolo,7700,308.0
7326,293.04,1492,0.7548828125,876,918,996,1068,936,993,936,1065,1.0,0.3672027290448343,0.083011583011583,yolo,7701,308.04
7327,293.08,1492,0.7373046875,876,918,996,1068,936,993,936,1065,1.0,0.3416179337231969,0.0814028314028314,yolo,7702,308.08
7328,293.12,1492,0.708984375,877,919,997,1068,937,993,937,1065,1.0,0.314083820662768,0.064993564993565,yolo,7703,308.12
7329,293.16,1492,0.73388671875,877,920,1001,1068,939,994,939,1065,1.0,0.2988095238095238,0.0730040385212799,yolo,7704,308.16
7330,293.2,1492,0.75634765625,877,921,1003,1067,940,994,940,1064,1.0,0.293090909090909,0.0792759051186017,yolo,7705,308.2
7331,293.24,1492,0.763671875,879,922,1009,1067,944,994,944,1064,1.0,0.3291375291375291,0.0769230769230769,yolo,7706,308.24
7332,293.28,1492,0.77734375,880,921,1010,1068,945,994,945,1065,1.0,0.3262362637362637,0.0857753357753357,yolo,7707,308.28
7333,293.32,1492,0.830078125,882,921,1011,1068,946,994,946,1065,1.0,0.3298992673992674,0.0774691358024691,yolo,7708,308.32
7334,293.36,1492,0.861328125,886,921,1015,1068,950,994,950,1065,1.0,0.3534798534798535,0.0808641975308642,yolo,7709,308.36
7335,293.4,1492,0.841796875,888,922,1023,1068,955,995,955,1065,1.0,0.3705948372615039,0.0691489361702127,yolo,7710,308.4
7336,293.44,1492,0.85400390625,891,923,1033,1068,962,995,962,1065,1.0,0.3636363636363636,0.0852974186307519,yolo,7711,308.44
7337,293.48,1492,0.81396484375,894,923,1036,1068,965,995,965,1065,1.0,0.3407486631016043,0.1091470258136924,yolo,7712,308.48
7338,293.52,1492,0.7705078125,898,925,1038,1068,968,996,968,1065,1.0,0.3137125220458553,0.1306122448979592,yolo,7713,308.52
7339,293.56,1492,0.6689453125,902,926,1039,1067,970,996,970,1064,1.0,0.2701334560515416,0.1401785714285714,yolo,7714,308.56
7401,296.04,1492,0.82421875,1078,958,1171,1067,1124,1012,1124,1064,1.0,0.2708333333333333,0.4562289562289562,yolo,7776,311.04
7402,296.08,1492,0.806640625,1081,958,1174,1068,1127,1013,1127,1065,1.0,0.2787456445993031,0.4730639730639731,yolo,7777,311.08
7403,296.12,1492,0.77880859375,1083,958,1177,1067,1130,1012,1130,1064,1.0,0.3082706766917293,0.4883190883190883,yolo,7778,311.12
7404,296.16,1492,0.77197265625,1085,958,1181,1067,1133,1012,1133,1064,1.0,0.3287385129490393,0.498065229408513,yolo,7779,311.16
7405,296.2,1492,0.7646484375,1088,957,1185,1067,1136,1012,1136,1064,1.0,0.3338940285954583,0.5326797385620915,yolo,7780,311.2
7406,296.24,1492,0.763671875,1090,957,1189,1067,1139,1012,1139,1064,1.0,0.3556910569105691,0.5470899470899471,yolo,7781,311.24
7407,296.28,1492,0.732421875,1092,957,1195,1067,1143,1012,1143,1064,1.0,0.3599527930763178,0.5560699588477366,yolo,7782,311.28
7408,296.32,1492,0.70263671875,1094,957,1200,1067,1147,1012,1147,1064,1.0,0.3697251258226868,0.571358024691358,yolo,7783,311.32
7409,296.36,1492,0.7265625,1096,957,1205,1067,1150,1012,1150,1064,1.0,0.3798965262379896,0.5833333333333334,yolo,7784,311.36
7410,296.4,1492,0.75634765625,1097,957,1210,1067,1153,1012,1153,1064,1.0,0.4045911047345767,0.5879629629629629,yolo,7785,311.4
7411,296.44,1492,0.79443359375,1099,957,1214,1067,1156,1012,1156,1064,1.0,0.3881230116648992,0.5842592592592593,yolo,7786,311.44
7412,296.48,1492,0.72509765625,1100,956,1217,1067,1158,1011,1158,1064,1.0,0.3880952380952381,0.6106594399277326,yolo,7787,311.48
7413,296.52,1492,0.732421875,1101,955,1219,1067,1160,1011,1160,1064,1.0,0.3963782696177062,0.6230636833046471,yolo,7788,311.52
7414,296.56,1492,0.73388671875,1102,953,1223,1067,1162,1010,1162,1064,1.0,0.4081439393939394,0.6369047619047619,yolo,7789,311.56
7415,296.6,1492,0.76904296875,1103,952,1225,1068,1164,1010,1164,1065,1.0,0.4106475716064757,0.6320486815415821,yolo,7790,311.6
7416,296.64,1492,0.78271484375,1104,951,1226,1068,1165,1009,1165,1065,1.0,0.4134495641344956,0.6324543610547667,yolo,7791,311.64
7417,296.68,1492,0.77880859375,1105,950,1226,1067,1165,1008,1165,1064,1.0,0.4100378787878788,0.6280788177339901,yolo,7792,311.68
7418,296.72,1492,0.77197265625,1105,949,1226,1067,1165,1008,1165,1064,1.0,0.4179012345679012,0.6280788177339901,yolo,7793,311.72
7419,296.76,1492,0.74609375,1104,949,1226,1067,1165,1008,1165,1064,1.0,0.430441400304414,0.6166328600405679,yolo,7794,311.76
7420,296.8,1492,0.763671875,1104,950,1227,1067,1165,1008,1165,1064,1.0,0.4075552825552825,0.5801924619085806,yolo,7795,311.8
7421,296.84,1492,0.77978515625,1103,951,1226,1067,1164,1009,1164,1064,1.0,0.4253685503685503,0.5545308740978349,yolo,7796,311.84
7422,296.88,1492,0.7646484375,1102,952,1226,1067,1164,1009,1164,1064,1.0,0.4421705426356589,0.5299671592775042,yolo,7797,311.88
7423,296.92,1492,0.80322265625,1101,952,1224,1067,1162,1009,1162,1064,1.0,0.4443746071653048,0.5282392026578073,yolo,7798,311.92
7424,296.96,1492,0.796875,1099,951,1221,1067,1160,1009,1160,1064,1.0,0.4557907845579078,0.5363083164300203,yolo,7799,311.96
7425,297.0,1492,0.80078125,1098,951,1218,1068,1158,1009,1158,1065,1.0,0.4441287878787879,0.5147783251231527,yolo,7800,312.0
7426,297.04,1492,0.82568359375,1096,950,1216,1067,1156,1008,1156,1064,1.0,0.4400252525252525,0.506568144499179,yolo,7801,312.04
7427,297.08,1492,0.81982421875,1094,949,1213,1067,1153,1008,1153,1064,1.0,0.4444444444444444,0.5077996715927751,yolo,7802,312.08
7428,297.12,1492,0.7958984375,1093,947,1211,1067,1152,1007,1152,1064,1.0,0.4187793427230047,0.5032128514056224,yolo,7803,312.12
7429,297.16,1492,0.7744140625,1090,947,1208,1067,1149,1007,1149,1064,1.0,0.428169014084507,0.4742971887550201,yolo,7804,312.16
7430,297.2,1492,0.806640625,1088,946,1207,1068,1147,1007,1147,1065,1.0,0.4178743961352657,0.4706349206349206,yolo,7805,312.2
7431,297.24,1492,0.84814453125,1085,945,1204,1067,1144,1006,1144,1064,1.0,0.4088164251207729,0.471031746031746,yolo,7806,312.24
7432,297.28,1492,0.85302734375,1084,944,1201,1067,1142,1005,1142,1064,1.0,0.3887537993920972,0.4617886178861788,yolo,7807,312.28
7433,297.32,1492,0.8447265625,1081,941,1199,1068,1140,1004,1140,1065,1.0,0.3758802816901408,0.5180722891566265,yolo,7808,312.32
7434,297.36,1492,0.85009765625,1079,939,1197,1068,1138,1003,1138,1065,1.0,0.4001149755676919,0.5553463855421686,yolo,7809,312.36
7435,297.4,1492,0.85009765625,1077,937,1195,1067,1136,1002,1136,1064,1.0,0.3978154642138545,0.6050451807228916,yolo,7810,312.4
7436,297.44,1492,0.830078125,1074,935,1194,1067,1134,1001,1134,1064,1.0,0.3747222222222222,0.6536796536796536,yolo,7811,312.44
7437,297.48,1492,0.8232421875,1072,934,1192,1067,1132,1000,1132,1064,1.0,0.3927015250544662,0.6518759018759018,yolo,7812,312.48
7438,297.52,1492,0.8310546875,1070,935,1192,1068,1131,1001,1131,1065,1.0,0.4037066881547139,0.6135472370766488,yolo,7813,312.52
7439,297.56,1492,0.845703125,1068,936,1191,1067,1129,1001,1129,1064,1.0,0.3830667402095973,0.581031976744186,yolo,7814,312.56
7440,297.6,1492,0.841796875,1066,937,1190,1068,1128,1002,1128,1065,1.0,0.3910204081632653,0.5607040229885057,yolo,7815,312.6
7441,297.64,1492,0.84716796875,1065,938,1189,1068,1127,1003,1127,1065,1.0,0.393469387755102,0.5387931034482759,yolo,7816,312.64
7442,297.68,1492,0.83984375,1065,939,1188,1067,1126,1003,1126,1064,1.0,0.4012686155543298,0.5218023255813954,yolo,7817,312.68
7443,297.72,1492,0.8408203125,1065,940,1188,1068,1126,1004,1126,1065,1.0,0.4222283507997794,0.5007267441860465,yolo,7818,312.72
7444,297.76,1492,0.85009765625,1065,940,1187,1068,1126,1004,1126,1065,1.0,0.4324853228962818,0.4886029411764706,yolo,7819,312.76
7445,297.8,1492,0.85400390625,1066,940,1186,1068,1126,1004,1126,1065,1.0,0.4464285714285714,0.4832589285714285,yolo,7820,312.8
7446,297.84,1492,0.85498046875,1066,940,1185,1068,1125,1004,1125,1065,1.0,0.4489795918367347,0.4765625,yolo,7821,312.84
7447,297.88,1492,0.85791015625,1067,940,1183,1068,1125,1004,1125,1065,1.0,0.4608104111209701,0.4571759259259259,yolo,7822,312.88
7448,297.92,1492,0.85986328125,1069,940,1182,1068,1125,1004,1125,1065,1.0,0.4651860744297719,0.46171875,yolo,7823,312.92
7449,297.96,1492,0.8662109375,1070,941,1180,1068,1125,1004,1125,1065,1.0,0.459280303030303,0.4365312107247591,yolo,7824,312.96
7450,298.0,1492,0.86328125,1071,941,1178,1068,1124,1004,1124,1065,1.0,0.447265625,0.4219703574542284,yolo,7825,313.0
7451,298.04,1492,0.85302734375,1073,940,1176,1068,1124,1004,1124,1065,1.0,0.4522712310730744,0.4270833333333333,yolo,7826,313.04
7452,298.08,1492,0.85986328125,1074,940,1175,1068,1124,1004,1124,1065,1.0,0.4435374149659864,0.4066964285714285,yolo,7827,313.08
7453,298.12,1492,0.85009765625,1075,940,1173,1067,1124,1003,1124,1064,1.0,0.4314971751412429,0.3875642823749415,yolo,7828,313.12
7454,298.16,1492,0.8408203125,1076,939,1172,1067,1124,1003,1124,1064,1.0,0.4389545291800931,0.3763992537313433,yolo,7829,313.16
7455,298.2,1492,0.8115234375,1077,939,1172,1067,1124,1003,1124,1064,1.0,0.4507697815968493,0.3617424242424242,yolo,7830,313.2
7456,298.24,1492,0.8115234375,1077,938,1171,1067,1124,1002,1124,1064,1.0,0.4235588972431077,0.3697115384615385,yolo,7831,313.24
7457,298.28,1492,0.8056640625,1078,938,1172,1067,1125,1002,1125,1064,1.0,0.439312567132116,0.3701923076923077,yolo,7832,313.28
7458,298.32,1492,0.8017578125,1078,937,1173,1067,1125,1002,1125,1064,1.0,0.4500537056928034,0.3953598484848485,yolo,7833,313.32
7459,298.36,1492,0.79833984375,1078,937,1173,1067,1125,1002,1125,1064,1.0,0.4489795918367347,0.3939393939393939,yolo,7834,313.36
7460,298.4,1492,0.80078125,1079,937,1172,1067,1125,1002,1125,1064,1.0,0.4446064139941691,0.3944128787878788,yolo,7835,313.4
7461,298.44,1492,0.80908203125,1079,937,1172,1067,1125,1002,1125,1064,1.0,0.4493440233236151,0.3934659090909091,yolo,7836,313.44
7462,298.48,1492,0.80810546875,1080,937,1172,1067,1126,1002,1126,1064,1.0,0.4530612244897959,0.3942307692307692,yolo,7837,313.48
7463,298.52,1492,0.7958984375,1079,937,1172,1067,1125,1002,1125,1064,1.0,0.4482507288629737,0.3882575757575757,yolo,7838,313.52
7464,298.56,1492,0.80322265625,1079,937,1171,1067,1125,1002,1125,1064,1.0,0.4322820037105751,0.379326923076923,yolo,7839,313.56
7465,298.6,1492,0.8056640625,1078,938,1171,1067,1124,1002,1124,1064,1.0,0.4187317784256559,0.359375,yolo,7840,313.6
7466,298.64,1492,0.82568359375,1077,938,1172,1067,1124,1002,1124,1064,1.0,0.4095954171142141,0.3598484848484848,yolo,7841,313.64
7467,298.68,1492,0.8291015625,1077,938,1172,1067,1124,1002,1124,1064,1.0,0.3992123165055496,0.3645833333333333,yolo,7842,313.68
7468,298.72,1492,0.845703125,1077,938,1172,1067,1124,1002,1124,1064,1.0,0.3924095954171142,0.3731060606060606,yolo,7843,313.72
7469,298.76,1492,0.845703125,1076,939,1173,1067,1124,1003,1124,1064,1.0,0.3961998592540464,0.3690257352941176,yolo,7844,313.76
7470,298.8,1492,0.85302734375,1075,939,1174,1067,1124,1003,1124,1064,1.0,0.3884353741496598,0.3839285714285714,yolo,7845,313.8
7471,298.84,1492,0.85595703125,1075,939,1175,1067,1125,1003,1125,1064,1.0,0.3816326530612245,0.396875,yolo,7846,313.84
7472,298.88,1492,0.85400390625,1074,940,1177,1067,1125,1003,1125,1064,1.0,0.3874327956989247,0.392921146953405,yolo,7847,313.88
7473,298.92,1492,0.83349609375,1073,940,1178,1067,1125,1003,1125,1064,1.0,0.3918650793650793,0.4054054054054054,yolo,7848,313.92
7474,298.96,1492,0.84912109375,1072,940,1179,1067,1125,1003,1125,1064,1.0,0.3863932291666667,0.4145597210113339,yolo,7849,313.96
7475,299.0,1492,0.84912109375,1071,940,1179,1067,1125,1003,1125,1064,1.0,0.3826923076923076,0.4154838709677419,yolo,7850,314.0
7476,299.04,1492,0.845703125,1072,940,1180,1067,1126,1003,1126,1064,1.0,0.3916666666666666,0.4318279569892473,yolo,7851,314.04
7477,299.08,1492,0.85595703125,1071,941,1180,1067,1125,1004,1125,1064,1.0,0.4005681818181818,0.416383701188455,yolo,7852,314.08
7478,299.12,1492,0.85595703125,1071,941,1180,1067,1125,1004,1125,1064,1.0,0.398989898989899,0.4210526315789473,yolo,7853,314.12
7479,299.16,1492,0.85498046875,1071,942,1179,1067,1125,1004,1125,1064,1.0,0.3846153846153846,0.4004301075268817,yolo,7854,314.16
7480,299.2,1492,0.85693359375,1071,942,1179,1067,1125,1004,1125,1064,1.0,0.3852700490998363,0.4051612903225806,yolo,7855,314.2
7481,299.24,1492,0.85400390625,1071,942,1178,1067,1124,1004,1124,1064,1.0,0.3783244680851064,0.3988666085440279,yolo,7856,314.24
7482,299.28,1492,0.85498046875,1071,942,1178,1067,1124,1004,1124,1064,1.0,0.3746675531914893,0.4006102877070619,yolo,7857,314.28
7483,299.32,1492,0.85888671875,1071,942,1178,1067,1124,1004,1124,1064,1.0,0.375,0.4080209241499564,yolo,7858,314.32
7484,299.36,1492,0.85791015625,1071,942,1178,1067,1124,1004,1124,1064,1.0,0.375,0.4258936355710549,yolo,7859,314.36
7485,299.4,1492,0.861328125,1071,942,1178,1067,1124,1004,1124,1064,1.0,0.3733377659574468,0.4263295553618134,yolo,7860,314.4
7486,299.44,1492,0.85595703125,1072,942,1177,1067,1124,1004,1124,1064,1.0,0.3765619723066531,0.4346120313862249,yolo,7861,314.44
7487,299.48,1492,0.85107421875,1071,943,1177,1068,1124,1005,1124,1065,1.0,0.3789260385005066,0.4275268817204301,yolo,7862,314.48
7488,299.52,1492,0.85302734375,1072,943,1176,1068,1124,1005,1124,1065,1.0,0.3779128672745694,0.412726469288555,yolo,7863,314.52
7489,299.56,1492,0.84912109375,1072,943,1176,1068,1124,1005,1124,1065,1.0,0.3782505910165484,0.4175872735307114,yolo,7864,314.56
7490,299.6,1492,0.85888671875,1073,944,1176,1068,1124,1006,1124,1065,1.0,0.381949210706932,0.4009856630824372,yolo,7865,314.6
7491,299.64,1492,0.85205078125,1073,944,1175,1068,1124,1006,1124,1065,1.0,0.3812347401464946,0.392548841435711,yolo,7866,314.64
7492,299.68,1492,0.84814453125,1072,944,1175,1068,1123,1006,1123,1065,1.0,0.3915579958819492,0.3915770609318996,yolo,7867,314.68
7493,299.72,1492,0.85205078125,1073,943,1174,1068,1123,1005,1123,1065,1.0,0.3929078014184397,0.4,yolo,7868,314.72
7494,299.76,1492,0.85302734375,1074,943,1173,1068,1123,1005,1123,1065,1.0,0.4333333333333333,0.4032258064516129,yolo,7869,314.76
7495,299.8,1492,0.85791015625,1075,944,1172,1068,1123,1006,1123,1065,1.0,0.4416727806309611,0.3927893738140417,yolo,7870,314.8
7496,299.84,1492,0.85791015625,1077,944,1171,1067,1124,1005,1124,1064,1.0,0.4430757745427398,0.4230769230769231,yolo,7871,314.84
7497,299.88,1492,0.85986328125,1075,945,1169,1068,1122,1006,1122,1065,1.0,0.4229189996267264,0.3825641025641025,yolo,7872,314.88
7498,299.92,1492,0.86083984375,1074,946,1167,1068,1120,1007,1120,1065,1.0,0.4153726708074534,0.3505050505050505,yolo,7873,314.92
7499,299.96,1492,0.86962890625,1073,946,1166,1068,1119,1007,1119,1065,1.0,0.3994565217391304,0.355050505050505,yolo,7874,314.96
7500,300.0,1492,0.8681640625,1072,946,1165,1068,1118,1007,1118,1065,1.0,0.3944099378881988,0.3661616161616162,yolo,7875,315.0
7501,300.04,1492,0.8671875,1071,947,1165,1068,1118,1007,1118,1065,1.0,0.3916857360793288,0.3779487179487179,yolo,7876,315.04
7502,300.08,1492,0.83203125,1066,949,1164,1067,1115,1008,1115,1064,1.0,0.35969868173258,0.3718140929535232,yolo,7877,315.08
7503,300.12,1492,0.78271484375,1058,952,1164,1067,1111,1009,1111,1064,1.0,0.3514211886304909,0.4338095238095238,yolo,7878,315.12
7504,300.16,1492,0.78662109375,1050,955,1162,1067,1106,1011,1106,1064,1.0,0.2778962331201137,0.4642857142857143,yolo,7879,315.16
7725,309.0,1566,0.78662109375,975,940,1096,1067,1035,1003,1035,1064,1.0,0.5081018518518519,0.5203533026113671,yolo,8100,324.0
7726,309.04,1566,0.7607421875,978,938,1104,1068,1041,1003,1041,1065,1.0,0.5425850340136055,0.5470505617977528,yolo,8101,324.04
7727,309.08,1566,0.81298828125,981,937,1112,1068,1046,1002,1046,1065,1.0,0.5588697017268446,0.5771059782608695,yolo,8102,324.08
7728,309.12,1566,0.841796875,982,937,1118,1067,1050,1002,1050,1064,1.0,0.563114134542706,0.5753289473684211,yolo,8103,324.12
7729,309.16,1566,0.84375,983,937,1123,1068,1053,1002,1053,1065,1.0,0.575801749271137,0.5825892857142857,yolo,8104,324.16
7730,309.2,1566,0.85400390625,984,935,1126,1067,1055,1001,1055,1064,1.0,0.524,0.5824915824915825,yolo,8105,324.2
7731,309.24,1566,0.86328125,985,935,1129,1068,1057,1001,1057,1065,1.0,0.4983096686950642,0.5439543954395439,yolo,8106,324.24
7732,309.28,1566,0.86328125,989,935,1131,1067,1060,1001,1060,1064,1.0,0.4623529411764706,0.5016835016835017,yolo,8107,324.28
7733,309.32,1566,0.8662109375,992,934,1134,1067,1063,1000,1063,1064,1.0,0.4302191464821223,0.4597490052035506,yolo,8108,324.32
7734,309.36,1566,0.85791015625,995,933,1137,1068,1066,1000,1066,1065,1.0,0.4108419838523645,0.4453627180899908,yolo,8109,324.36
7735,309.4,1566,0.80908203125,1001,931,1139,1068,1070,999,1070,1065,1.0,0.3943466172381835,0.4881746513038205,yolo,8110,324.4
7736,309.44,1566,0.84814453125,1016,931,1141,1068,1078,999,1078,1065,1.0,0.4764102564102564,0.46524064171123,yolo,8111,324.44
7737,309.48,1566,0.8955078125,1065,892,1182,1068,1123,980,1123,1064,1.0,0.6880597014925374,0.5986696230598669,yolo,8112,324.48
7738,309.52,1566,0.89404296875,1082,878,1196,1067,1139,972,1139,1063,1.0,0.7294685990338164,0.5731214651225425,yolo,8113,324.52
7739,309.56,1566,0.8955078125,1087,872,1200,1067,1143,969,1143,1063,1.0,0.7408585055643879,0.6182291666666667,yolo,8114,324.56
7740,309.6,1566,0.8955078125,1089,870,1201,1067,1145,968,1145,1063,1.0,0.7416915422885572,0.6277447687935934,yolo,8115,324.6
7741,309.64,1566,0.89501953125,1089,869,1200,1067,1144,968,1144,1063,1.0,0.7387878787878788,0.6355311355311355,yolo,8116,324.64
7742,309.68,1566,0.89404296875,1089,869,1199,1067,1144,968,1144,1063,1.0,0.742020202020202,0.628412403922608,yolo,8117,324.68
7743,309.72,1566,0.89501953125,1088,870,1198,1067,1143,968,1143,1063,1.0,0.7371717171717171,0.6183408428306387,yolo,8118,324.72
7744,309.76,1566,0.89013671875,1088,870,1197,1067,1142,968,1142,1063,1.0,0.7365656565656565,0.6149301825993555,yolo,8119,324.76
7745,309.8,1566,0.892578125,1087,870,1197,1067,1142,968,1142,1063,1.0,0.7377777777777778,0.6241717466207262,yolo,8120,324.8
7746,309.84,1566,0.888671875,1086,870,1196,1067,1141,968,1141,1063,1.0,0.7347474747474747,0.6220514179697854,yolo,8121,324.84
7747,309.88,1566,0.88818359375,1085,870,1196,1067,1140,968,1140,1063,1.0,0.7347474747474747,0.6282051282051282,yolo,8122,324.88
7748,309.92,1566,0.88818359375,1084,870,1194,1067,1139,968,1139,1063,1.0,0.7357575757575757,0.623641664457991,yolo,8123,324.92
7749,309.96,1566,0.88330078125,1083,871,1193,1067,1138,969,1138,1063,1.0,0.7364864864864865,0.6133050622846541,yolo,8124,324.96
7750,310.0,1566,0.88623046875,1082,871,1193,1067,1137,969,1137,1063,1.0,0.7366912366912367,0.6177394034536892,yolo,8125,325.0
7751,310.04,1566,0.888671875,1081,870,1192,1067,1136,968,1136,1063,1.0,0.7317171717171718,0.6336996336996337,yolo,8126,325.04
7752,310.08,1566,0.8896484375,1081,870,1190,1067,1135,968,1135,1063,1.0,0.7298989898989899,0.6192266380236305,yolo,8127,325.08
7753,310.12,1566,0.88427734375,1081,870,1189,1067,1135,968,1135,1063,1.0,0.7277948717948718,0.6160544217687075,yolo,8128,325.12
7754,310.16,1566,0.8896484375,1079,870,1188,1068,1133,969,1133,1064,1.0,0.7278787878787879,0.6178839957035446,yolo,8129,325.16
7755,310.2,1566,0.8916015625,1079,870,1188,1068,1133,969,1133,1064,1.0,0.7325252525252526,0.621374865735768,yolo,8130,325.2
7756,310.24,1566,0.89306640625,1078,870,1187,1068,1132,969,1132,1064,1.0,0.7274747474747475,0.6205692803437164,yolo,8131,325.24
7757,310.28,1566,0.89697265625,1078,870,1186,1067,1132,968,1132,1063,1.0,0.7253333333333334,0.6168707482993198,yolo,8132,325.28
7758,310.32,1566,0.89404296875,1077,871,1186,1068,1131,969,1131,1064,1.0,0.7307070707070707,0.6103651987110634,yolo,8133,325.32
7759,310.36,1566,0.89306640625,1076,870,1186,1068,1131,969,1131,1064,1.0,0.7331313131313131,0.6228465412138882,yolo,8134,325.36
7760,310.4,1566,0.8955078125,1076,870,1185,1068,1130,969,1130,1064,1.0,0.7274747474747475,0.6151987110633728,yolo,8135,325.4
7761,310.44,1566,0.89697265625,1076,870,1186,1068,1131,969,1131,1064,1.0,0.7349494949494949,0.6178107606679035,yolo,8136,325.44
7762,310.48,1566,0.89697265625,1076,870,1186,1068,1131,969,1131,1064,1.0,0.7353535353535353,0.6199310893188444,yolo,8137,325.48
7763,310.52,1566,0.896484375,1076,870,1186,1068,1131,969,1131,1064,1.0,0.738989898989899,0.6194010071561092,yolo,8138,325.52
7764,310.56,1566,0.8955078125,1076,870,1186,1067,1131,968,1131,1063,1.0,0.7357575757575757,0.6199310893188444,yolo,8139,325.56
7765,310.6,1566,0.896484375,1076,869,1186,1067,1131,968,1131,1063,1.0,0.7329292929292929,0.6286774450039756,yolo,8140,325.6
7766,310.64,1566,0.89404296875,1076,869,1186,1067,1131,968,1131,1063,1.0,0.7307070707070707,0.6276172806785052,yolo,8141,325.64
7767,310.68,1566,0.89697265625,1076,870,1186,1067,1131,968,1131,1063,1.0,0.7335353535353535,0.6199310893188444,yolo,8142,325.68
7768,310.72,1566,0.89697265625,1075,870,1185,1068,1130,969,1130,1064,1.0,0.7301010101010101,0.6209912536443148,yolo,8143,325.72
7769,310.76,1566,0.8974609375,1075,871,1185,1068,1130,969,1130,1064,1.0,0.7331313131313131,0.6162205141796978,yolo,8144,325.76
7770,310.8,1566,0.8974609375,1075,871,1185,1068,1130,969,1130,1064,1.0,0.7315151515151516,0.6135701033660217,yolo,8145,325.8
7771,310.84,1566,0.8974609375,1075,871,1184,1068,1129,969,1129,1064,1.0,0.7329292929292929,0.6143931256713212,yolo,8146,325.84
7772,310.88,1566,0.8974609375,1073,871,1184,1068,1128,969,1128,1064,1.0,0.7258585858585859,0.6279434850863422,yolo,8147,325.88
7773,310.92,1566,0.8974609375,1072,872,1183,1067,1127,969,1127,1063,1.0,0.7266584766584766,0.6233974358974359,yolo,8148,325.92
7774,310.96,1566,0.89892578125,1072,872,1183,1067,1127,969,1127,1063,1.0,0.7274774774774775,0.624465811965812,yolo,8149,325.96
7775,311.0,1566,0.900390625,1071,873,1183,1068,1127,970,1127,1064,1.0,0.727511093182735,0.6255274261603375,yolo,8150,326.0
7776,311.04,1566,0.8974609375,1071,873,1184,1068,1127,970,1127,1064,1.0,0.7253577106518283,0.63515625,yolo,8151,326.04
7777,311.08,1566,0.8955078125,1071,874,1184,1067,1127,970,1127,1063,1.0,0.7268331990330379,0.6309895833333333,yolo,8152,326.08
7778,311.12,1566,0.89501953125,1072,876,1184,1068,1128,972,1128,1064,1.0,0.7194847679411164,0.6136603375527426,yolo,8153,326.12
7779,311.16,1566,0.89306640625,1071,877,1185,1068,1128,972,1128,1064,1.0,0.7200080515297906,0.6151360086183679,yolo,8154,326.16
7780,311.2,1566,0.88623046875,1072,878,1187,1068,1129,973,1129,1064,1.0,0.711352657004831,0.6210106382978723,yolo,8155,326.2
7781,311.24,1566,0.88427734375,1072,881,1188,1067,1130,974,1130,1063,1.0,0.7178053830227743,0.6084272678475577,yolo,8156,326.24
7782,311.28,1566,0.87158203125,1075,884,1189,1067,1132,975,1132,1063,1.0,0.6989648033126294,0.5817158931082982,yolo,8157,326.28
7783,311.32,1566,0.87255859375,1078,887,1191,1068,1134,977,1134,1064,1.0,0.6913927335640139,0.5705555555555556,yolo,8158,326.32
7784,311.36,1566,0.88720703125,1081,891,1192,1067,1136,979,1136,1063,1.0,0.6813658977838082,0.5451631701631702,yolo,8159,326.36
7785,311.4,1566,0.888671875,1084,895,1192,1068,1138,981,1138,1064,1.0,0.6855477855477855,0.5051162790697674,yolo,8160,326.4
7786,311.44,1566,0.8955078125,1086,897,1192,1068,1139,982,1139,1064,1.0,0.6852258852258852,0.506984126984127,yolo,8161,326.44
7787,311.48,1566,0.8896484375,1089,900,1192,1067,1140,983,1140,1063,1.0,0.7035330261136713,0.4827235772357723,yolo,8162,326.48
7788,311.52,1566,0.8818359375,1090,903,1192,1067,1141,985,1141,1063,1.0,0.6757741347905283,0.4792167639986259,yolo,8163,326.52
7789,311.56,1566,0.87060546875,1091,905,1192,1067,1141,986,1141,1063,1.0,0.6603825136612022,0.5182142857142857,yolo,8164,326.56
7790,311.6,1566,0.861328125,1091,909,1191,1067,1141,988,1141,1063,1.0,0.6508333333333334,0.5336996336996337,yolo,8165,326.6
7791,311.64,1566,0.85693359375,1091,913,1189,1067,1140,990,1140,1063,1.0,0.6202240735420856,0.5411899313501144,yolo,8166,326.64
7792,311.68,1566,0.8623046875,1090,917,1188,1068,1139,992,1139,1064,1.0,0.6060065417781743,0.5660007833920877,yolo,8167,326.68
7793,311.72,1566,0.8662109375,1086,921,1185,1067,1135,994,1135,1064,1.0,0.5681818181818182,0.5591269841269841,yolo,8168,326.72
7794,311.76,1566,0.875,1084,925,1183,1068,1133,996,1133,1065,1.0,0.5493827160493827,0.5828571428571429,yolo,8169,326.76
7795,311.8,1566,0.865234375,1079,929,1180,1067,1129,998,1129,1064,1.0,0.4883647798742138,0.5861344537815126,yolo,8170,326.8
7796,311.84,1566,0.85205078125,1074,933,1178,1067,1126,1000,1126,1064,1.0,0.4684095860566449,0.6023246160232462,yolo,8171,326.84
7797,311.88,1566,0.73095703125,1069,937,1174,1067,1121,1002,1121,1064,1.0,0.4677680596047943,0.6081081081081081,yolo,8172,326.88
7798,311.92,1566,0.7890625,1064,941,1168,1067,1116,1004,1116,1064,1.0,0.433531746031746,0.6142288996906761,yolo,8173,326.92
7799,311.96,1566,0.73876953125,1057,944,1161,1068,1109,1006,1109,1065,1.0,0.3877068557919622,0.6124613345117101,yolo,8174,326.96
7800,312.0,1566,0.74755859375,1050,947,1154,1067,1102,1007,1102,1064,1.0,0.4,0.5995433789954338,yolo,8175,327.0
7801,312.04,1566,0.7646484375,1042,950,1148,1067,1095,1008,1095,1064,1.0,0.3726551226551226,0.5728735632183908,yolo,8176,327.04
7802,312.08,1566,0.78515625,1037,951,1142,1068,1089,1009,1089,1065,1.0,0.3791486291486291,0.5801491146318732,yolo,8177,327.08
7803,312.12,1566,0.7431640625,1033,952,1137,1068,1085,1010,1085,1065,1.0,0.3762626262626262,0.5895134624468588,yolo,8178,327.12
7804,312.16,1566,0.77734375,1028,953,1133,1067,1080,1010,1080,1064,1.0,0.3755411255411255,0.5955598455598455,yolo,8179,327.16
7805,312.2,1566,0.7548828125,1024,954,1129,1067,1076,1010,1076,1064,1.0,0.3831672203765227,0.6003861003861004,yolo,8180,327.2
7806,312.24,1566,0.73388671875,1019,954,1126,1068,1072,1011,1072,1065,1.0,0.3611505681818182,0.6076254826254827,yolo,8181,327.24
7807,312.28,1566,0.71875,1013,954,1122,1068,1067,1011,1067,1065,1.0,0.3612258953168044,0.6029135338345865,yolo,8182,327.28
7808,312.32,1566,0.65673828125,1004,955,1119,1068,1061,1011,1061,1065,1.0,0.3141220087630603,0.55625,yolo,8183,327.32
7809,312.36,1566,0.60400390625,999,955,1116,1068,1057,1011,1057,1065,1.0,0.3003322259136212,0.544425087108014,yolo,8184,327.36
7810,312.4,1566,0.5546875,995,957,1113,1068,1054,1012,1054,1065,1.0,0.2551978537894031,0.5305667112896029,yolo,8185,327.4
7811,312.44,1566,0.6533203125,993,957,1110,1068,1051,1012,1051,1065,1.0,0.2894557823129252,0.5302619692863595,yolo,8186,327.44
7812,312.48,1566,0.501953125,992,955,1107,1068,1049,1011,1049,1065,1.0,0.3006403774856758,0.5299107142857142,yolo,8187,327.48
7815,312.6,1566,0.57373046875,989,950,1095,1068,1042,1009,1042,1065,1.0,0.3188712522045855,0.4358620689655172,yolo,8190,327.6
7817,312.68,1566,0.5,985,944,1088,1068,1036,1006,1036,1065,1.0,0.3551818805765271,0.3897849462365591,yolo,8192,327.68
7822,312.88,1566,0.46875,972,933,1075,1067,1023,1000,1023,1064,1.0,0.3181530676786844,0.3316498316498316,yolo,8197,327.88
7825,313.0,1566,0.73876953125,962,930,1069,1067,1015,998,1015,1064,1.0,0.2782451923076923,0.2655007949125596,yolo,8200,328.0
7826,313.04,1566,0.69921875,959,930,1067,1067,1013,998,1013,1064,1.0,0.2982248520710059,0.236078431372549,yolo,8201,328.04
7827,313.08,1566,0.79931640625,955,929,1065,1067,1010,998,1010,1064,1.0,0.2953116066323613,0.2276546982429335,yolo,8202,328.08
7828,313.12,1566,0.80908203125,952,928,1062,1067,1007,997,1007,1064,1.0,0.3027444253859348,0.2322383498854087,yolo,8203,328.12
7829,313.16,1566,0.74462890625,949,928,1059,1068,1004,998,1004,1065,1.0,0.3173241852487135,0.223747680890538,yolo,8204,328.16
7830,313.2,1566,0.77978515625,945,928,1057,1068,1001,998,1001,1065,1.0,0.3246972683751056,0.2314647377938517,yolo,8205,328.2
7831,313.24,1566,0.79296875,941,928,1054,1068,997,998,997,1065,1.0,0.3490566037735849,0.2357142857142857,yolo,8206,328.24
7832,313.28,1566,0.7646484375,938,927,1049,1068,993,997,993,1065,1.0,0.3862206975414523,0.2688644688644688,yolo,8207,328.28
7833,313.32,1566,0.8056640625,935,926,1045,1068,990,997,990,1065,1.0,0.3804713804713804,0.2805194805194805,yolo,8208,328.32
7834,313.36,1566,0.75927734375,931,925,1042,1067,986,996,986,1064,1.0,0.3874859708193041,0.2978021978021978,yolo,8209,328.36
7835,313.4,1566,0.658203125,928,924,1036,1067,982,995,982,1064,1.0,0.4056980056980057,0.2956190476190476,yolo,8210,328.4
7836,313.44,1566,0.70751953125,925,923,1027,1067,976,995,976,1064,1.0,0.4128166915052161,0.2797339593114241,yolo,8211,328.44
7837,313.48,1566,0.70556640625,924,922,1022,1067,973,994,973,1064,1.0,0.4206471494607088,0.2946859903381642,yolo,8212,328.48
7838,313.52,1566,0.67236328125,921,920,1020,1068,970,994,970,1065,1.0,0.4044642857142857,0.3038610038610038,yolo,8213,328.52
7839,313.56,1566,0.740234375,918,919,1023,1068,970,993,970,1065,1.0,0.4118629908103592,0.2943754565376187,yolo,8214,328.56
7840,313.6,1566,0.81640625,916,917,1029,1068,972,992,972,1064,1.0,0.4156346749226006,0.3,yolo,8215,328.6
7841,313.64,1566,0.7744140625,916,916,1032,1068,974,992,974,1064,1.0,0.4170414792603698,0.3040935672514619,yolo,8216,328.64
7842,313.68,1566,0.7841796875,916,914,1033,1068,974,991,974,1064,1.0,0.4094430992736077,0.3042362002567394,yolo,8217,328.68
7843,313.72,1566,0.80078125,915,913,1033,1068,974,990,974,1064,1.0,0.4074793589120932,0.284717818642993,yolo,8218,328.72
7844,313.76,1566,0.80078125,915,912,1034,1068,974,990,974,1064,1.0,0.3862994350282486,0.2902930402930403,yolo,8219,328.76
7845,313.8,1566,0.8017578125,917,910,1032,1068,974,989,974,1064,1.0,0.3664251207729468,0.3112179487179487,yolo,8220,328.8
7846,313.84,1566,0.78515625,918,909,1032,1068,975,988,975,1064,1.0,0.3373722974578285,0.3076923076923077,yolo,8221,328.84
7847,313.88,1566,0.8291015625,919,908,1034,1068,976,988,976,1064,1.0,0.3253623188405797,0.3046875,yolo,8222,328.88
7848,313.92,1566,0.84375,922,907,1036,1067,979,987,979,1063,1.0,0.28743961352657,0.3158227848101266,yolo,8223,328.92
8651,346.04,1775,0.79443359375,769,899,848,1068,808,983,808,1064,1.0,0.3522435897435897,0.0625,yolo,9126,365.04
8652,346.08,1775,0.78125,767,896,845,1068,806,982,806,1064,1.0,0.3950900163666121,0.0562367864693446,yolo,9127,365.08
8653,346.12,1775,0.74462890625,764,894,843,1068,803,981,803,1064,1.0,0.4299242424242424,0.1158637873754152,yolo,9128,365.12
8654,346.16,1775,0.7548828125,761,891,843,1068,802,979,802,1064,1.0,0.4450197989643619,0.069377990430622,yolo,9129,365.16
8655,346.2,1775,0.73583984375,759,890,843,1068,801,979,801,1064,1.0,0.4524221453287197,0.1105546995377503,yolo,9130,365.2
8656,346.24,1775,0.63330078125,757,888,843,1068,800,978,800,1064,1.0,0.4702998846597462,0.1260473588342441,yolo,9131,365.24
8657,346.28,1775,0.70068359375,757,886,845,1068,801,977,801,1064,1.0,0.4634946677604594,0.1708561020036429,yolo,9132,365.28
8658,346.32,1775,0.7216796875,756,885,847,1068,801,976,801,1064,1.0,0.4529100529100529,0.153125,yolo,9133,365.32
8659,346.36,1775,0.60205078125,756,884,850,1069,803,976,803,1065,1.0,0.4325814536340852,0.1551839464882943,yolo,9134,365.36
8660,346.4,1775,0.59619140625,756,884,854,1069,805,976,805,1065,1.0,0.4067796610169492,0.1474480151228733,yolo,9135,365.4
8661,346.44,1775,0.751953125,757,884,856,1070,806,977,806,1066,1.0,0.4007142857142857,0.1608695652173913,yolo,9136,365.44
8662,346.48,1775,0.7890625,758,884,856,1069,807,976,807,1065,1.0,0.4,0.1515437933207309,yolo,9137,365.48
8663,346.52,1775,0.80078125,759,885,858,1069,808,977,808,1065,1.0,0.3911904761904762,0.1667701863354037,yolo,9138,365.52
8664,346.56,1775,0.740234375,761,885,858,1068,809,976,809,1064,1.0,0.3901477832512315,0.1879084967320261,yolo,9139,365.56
8665,346.6,1775,0.74169921875,763,887,859,1068,811,977,811,1064,1.0,0.391124871001032,0.2185737976782752,yolo,9140,365.6
8666,346.64,1775,0.673828125,766,889,857,1069,811,979,811,1065,1.0,0.3956971677559913,0.2006944444444444,yolo,9141,365.64
8667,346.68,1775,0.70556640625,770,891,855,1069,812,980,812,1065,1.0,0.3745674740484429,0.1731060606060606,yolo,9142,365.68
8668,346.72,1775,0.69580078125,774,893,856,1069,815,981,815,1065,1.0,0.347547974413646,0.1606858054226475,yolo,9143,365.72
